"","date","series_id","value","realtime_start","realtime_end","level","title","observation_start","observation_end","units_short","seasonal_adjustment_short","last_updated","frequency","corr_units_short","corr_value","sid1"
"1",1971-01-08,"ANFCI",0.57169,2024-10-31,2024-10-31,0.57169,"Chicago Fed Adjusted National Financial Conditions Index","1971-01-08","2024-10-25","Index","NSA",2024-10-30,"Weekly"," points",NA,"ANFCI"
"2",1971-01-15,"ANFCI",0.59685,2024-10-31,2024-10-31,0.59685,"Chicago Fed Adjusted National Financial Conditions Index","1971-01-08","2024-10-25","Index","NSA",2024-10-30,"Weekly"," points",NA,"ANFCI"
"3",1971-01-22,"ANFCI",0.64401,2024-10-31,2024-10-31,0.64401,"Chicago Fed Adjusted National Financial Conditions Index","1971-01-08","2024-10-25","Index","NSA",2024-10-30,"Weekly"," points",NA,"ANFCI"
"4",1971-01-29,"ANFCI",0.71132,2024-10-31,2024-10-31,0.71132,"Chicago Fed Adjusted National Financial Conditions Index","1971-01-08","2024-10-25","Index","NSA",2024-10-30,"Weekly"," points",NA,"ANFCI"
"5",1971-02-05,"ANFCI",0.79342,2024-10-31,2024-10-31,0.79342,"Chicago Fed Adjusted National Financial Conditions Index","1971-01-08","2024-10-25","Index","NSA",2024-10-30,"Weekly"," points",NA,"ANFCI"
"6",1971-02-12,"ANFCI",0.87907,2024-10-31,2024-10-31,0.87907,"Chicago Fed Adjusted National Financial Conditions Index","1971-01-08","2024-10-25","Index","NSA",2024-10-30,"Weekly"," points",NA,"ANFCI"
"7",1971-02-19,"ANFCI",0.95667,2024-10-31,2024-10-31,0.95667,"Chicago Fed Adjusted National Financial Conditions Index","1971-01-08","2024-10-25","Index","NSA",2024-10-30,"Weekly"," points",NA,"ANFCI"
"8",1971-02-26,"ANFCI",1.01848,2024-10-31,2024-10-31,1.01848,"Chicago Fed Adjusted National Financial Conditions Index","1971-01-08","2024-10-25","Index","NSA",2024-10-30,"Weekly"," points",NA,"ANFCI"
"9",1971-03-05,"ANFCI",1.06148,2024-10-31,2024-10-31,1.06148,"Chicago Fed Adjusted National Financial Conditions Index","1971-01-08","2024-10-25","Index","NSA",2024-10-30,"Weekly"," points",NA,"ANFCI"
"10",1971-03-12,"ANFCI",1.08735,2024-10-31,2024-10-31,1.08735,"Chicago Fed Adjusted National Financial Conditions Index","1971-01-08","2024-10-25","Index","NSA",2024-10-30,"Weekly"," points",NA,"ANFCI"
"11",1971-03-19,"ANFCI",1.10433,2024-10-31,2024-10-31,1.10433,"Chicago Fed Adjusted National Financial Conditions Index","1971-01-08","2024-10-25","Index","NSA",2024-10-30,"Weekly"," points",NA,"ANFCI"
"12",1971-03-26,"ANFCI",1.128,2024-10-31,2024-10-31,1.128,"Chicago Fed Adjusted National Financial Conditions Index","1971-01-08","2024-10-25","Index","NSA",2024-10-30,"Weekly"," points",NA,"ANFCI"
"13",1971-04-02,"ANFCI",1.17401,2024-10-31,2024-10-31,1.17401,"Chicago Fed Adjusted National Financial Conditions Index","1971-01-08","2024-10-25","Index","NSA",2024-10-30,"Weekly"," points",NA,"ANFCI"
"14",1971-04-09,"ANFCI",1.25728,2024-10-31,2024-10-31,1.25728,"Chicago Fed Adjusted National Financial Conditions Index","1971-01-08","2024-10-25","Index","NSA",2024-10-30,"Weekly"," points",NA,"ANFCI"
"15",1971-04-16,"ANFCI",1.38345,2024-10-31,2024-10-31,1.38345,"Chicago Fed Adjusted National Financial Conditions Index","1971-01-08","2024-10-25","Index","NSA",2024-10-30,"Weekly"," points",NA,"ANFCI"
"16",1971-04-23,"ANFCI",1.54684,2024-10-31,2024-10-31,1.54684,"Chicago Fed Adjusted National Financial Conditions Index","1971-01-08","2024-10-25","Index","NSA",2024-10-30,"Weekly"," points",NA,"ANFCI"
"17",1971-04-30,"ANFCI",1.72968,2024-10-31,2024-10-31,1.72968,"Chicago Fed Adjusted National Financial Conditions Index","1971-01-08","2024-10-25","Index","NSA",2024-10-30,"Weekly"," points",NA,"ANFCI"
"18",1971-05-07,"ANFCI",1.90346,2024-10-31,2024-10-31,1.90346,"Chicago Fed Adjusted National Financial Conditions Index","1971-01-08","2024-10-25","Index","NSA",2024-10-30,"Weekly"," points",NA,"ANFCI"
"19",1971-05-14,"ANFCI",2.03021,2024-10-31,2024-10-31,2.03021,"Chicago Fed Adjusted National Financial Conditions Index","1971-01-08","2024-10-25","Index","NSA",2024-10-30,"Weekly"," points",NA,"ANFCI"
"20",1971-05-21,"ANFCI",2.07727,2024-10-31,2024-10-31,2.07727,"Chicago Fed Adjusted National Financial Conditions Index","1971-01-08","2024-10-25","Index","NSA",2024-10-30,"Weekly"," points",NA,"ANFCI"
"21",1971-05-28,"ANFCI",2.02516,2024-10-31,2024-10-31,2.02516,"Chicago Fed Adjusted National Financial Conditions Index","1971-01-08","2024-10-25","Index","NSA",2024-10-30,"Weekly"," points",NA,"ANFCI"
"22",1971-06-04,"ANFCI",1.8648,2024-10-31,2024-10-31,1.8648,"Chicago Fed Adjusted National Financial Conditions Index","1971-01-08","2024-10-25","Index","NSA",2024-10-30,"Weekly"," points",NA,"ANFCI"
"23",1971-06-11,"ANFCI",1.60157,2024-10-31,2024-10-31,1.60157,"Chicago Fed Adjusted National Financial Conditions Index","1971-01-08","2024-10-25","Index","NSA",2024-10-30,"Weekly"," points",NA,"ANFCI"
"24",1971-06-18,"ANFCI",1.26932,2024-10-31,2024-10-31,1.26932,"Chicago Fed Adjusted National Financial Conditions Index","1971-01-08","2024-10-25","Index","NSA",2024-10-30,"Weekly"," points",NA,"ANFCI"
"25",1971-06-25,"ANFCI",0.91502,2024-10-31,2024-10-31,0.91502,"Chicago Fed Adjusted National Financial Conditions Index","1971-01-08","2024-10-25","Index","NSA",2024-10-30,"Weekly"," points",NA,"ANFCI"
"26",1971-07-02,"ANFCI",0.59705,2024-10-31,2024-10-31,0.59705,"Chicago Fed Adjusted National Financial Conditions Index","1971-01-08","2024-10-25","Index","NSA",2024-10-30,"Weekly"," points",NA,"ANFCI"
"27",1971-07-09,"ANFCI",0.38175,2024-10-31,2024-10-31,0.38175,"Chicago Fed Adjusted National Financial Conditions Index","1971-01-08","2024-10-25","Index","NSA",2024-10-30,"Weekly"," points",NA,"ANFCI"
"28",1971-07-16,"ANFCI",0.32592,2024-10-31,2024-10-31,0.32592,"Chicago Fed Adjusted National Financial Conditions Index","1971-01-08","2024-10-25","Index","NSA",2024-10-30,"Weekly"," points",NA,"ANFCI"
"29",1971-07-23,"ANFCI",0.4623,2024-10-31,2024-10-31,0.4623,"Chicago Fed Adjusted National Financial Conditions Index","1971-01-08","2024-10-25","Index","NSA",2024-10-30,"Weekly"," points",NA,"ANFCI"
"30",1971-07-30,"ANFCI",0.78939,2024-10-31,2024-10-31,0.78939,"Chicago Fed Adjusted National Financial Conditions Index","1971-01-08","2024-10-25","Index","NSA",2024-10-30,"Weekly"," points",NA,"ANFCI"
"31",1971-08-06,"ANFCI",1.26347,2024-10-31,2024-10-31,1.26347,"Chicago Fed Adjusted National Financial Conditions Index","1971-01-08","2024-10-25","Index","NSA",2024-10-30,"Weekly"," points",NA,"ANFCI"
"32",1971-08-13,"ANFCI",1.80901,2024-10-31,2024-10-31,1.80901,"Chicago Fed Adjusted National Financial Conditions Index","1971-01-08","2024-10-25","Index","NSA",2024-10-30,"Weekly"," points",NA,"ANFCI"
"33",1971-08-20,"ANFCI",2.33715,2024-10-31,2024-10-31,2.33715,"Chicago Fed Adjusted National Financial Conditions Index","1971-01-08","2024-10-25","Index","NSA",2024-10-30,"Weekly"," points",NA,"ANFCI"
"34",1971-08-27,"ANFCI",2.75829,2024-10-31,2024-10-31,2.75829,"Chicago Fed Adjusted National Financial Conditions Index","1971-01-08","2024-10-25","Index","NSA",2024-10-30,"Weekly"," points",NA,"ANFCI"
"35",1971-09-03,"ANFCI",3.02095,2024-10-31,2024-10-31,3.02095,"Chicago Fed Adjusted National Financial Conditions Index","1971-01-08","2024-10-25","Index","NSA",2024-10-30,"Weekly"," points",NA,"ANFCI"
"36",1971-09-10,"ANFCI",3.09816,2024-10-31,2024-10-31,3.09816,"Chicago Fed Adjusted National Financial Conditions Index","1971-01-08","2024-10-25","Index","NSA",2024-10-30,"Weekly"," points",NA,"ANFCI"
"37",1971-09-17,"ANFCI",3.00733,2024-10-31,2024-10-31,3.00733,"Chicago Fed Adjusted National Financial Conditions Index","1971-01-08","2024-10-25","Index","NSA",2024-10-30,"Weekly"," points",NA,"ANFCI"
"38",1971-09-24,"ANFCI",2.78596,2024-10-31,2024-10-31,2.78596,"Chicago Fed Adjusted National Financial Conditions Index","1971-01-08","2024-10-25","Index","NSA",2024-10-30,"Weekly"," points",NA,"ANFCI"
"39",1971-10-01,"ANFCI",2.48529,2024-10-31,2024-10-31,2.48529,"Chicago Fed Adjusted National Financial Conditions Index","1971-01-08","2024-10-25","Index","NSA",2024-10-30,"Weekly"," points",NA,"ANFCI"
"40",1971-10-08,"ANFCI",2.15817,2024-10-31,2024-10-31,2.15817,"Chicago Fed Adjusted National Financial Conditions Index","1971-01-08","2024-10-25","Index","NSA",2024-10-30,"Weekly"," points",NA,"ANFCI"
"41",1971-10-15,"ANFCI",1.85492,2024-10-31,2024-10-31,1.85492,"Chicago Fed Adjusted National Financial Conditions Index","1971-01-08","2024-10-25","Index","NSA",2024-10-30,"Weekly"," points",NA,"ANFCI"
"42",1971-10-22,"ANFCI",1.61202,2024-10-31,2024-10-31,1.61202,"Chicago Fed Adjusted National Financial Conditions Index","1971-01-08","2024-10-25","Index","NSA",2024-10-30,"Weekly"," points",NA,"ANFCI"
"43",1971-10-29,"ANFCI",1.45378,2024-10-31,2024-10-31,1.45378,"Chicago Fed Adjusted National Financial Conditions Index","1971-01-08","2024-10-25","Index","NSA",2024-10-30,"Weekly"," points",NA,"ANFCI"
"44",1971-11-05,"ANFCI",1.38733,2024-10-31,2024-10-31,1.38733,"Chicago Fed Adjusted National Financial Conditions Index","1971-01-08","2024-10-25","Index","NSA",2024-10-30,"Weekly"," points",NA,"ANFCI"
"45",1971-11-12,"ANFCI",1.40326,2024-10-31,2024-10-31,1.40326,"Chicago Fed Adjusted National Financial Conditions Index","1971-01-08","2024-10-25","Index","NSA",2024-10-30,"Weekly"," points",NA,"ANFCI"
"46",1971-11-19,"ANFCI",1.48459,2024-10-31,2024-10-31,1.48459,"Chicago Fed Adjusted National Financial Conditions Index","1971-01-08","2024-10-25","Index","NSA",2024-10-30,"Weekly"," points",NA,"ANFCI"
"47",1971-11-26,"ANFCI",1.60266,2024-10-31,2024-10-31,1.60266,"Chicago Fed Adjusted National Financial Conditions Index","1971-01-08","2024-10-25","Index","NSA",2024-10-30,"Weekly"," points",NA,"ANFCI"
"48",1971-12-03,"ANFCI",1.73108,2024-10-31,2024-10-31,1.73108,"Chicago Fed Adjusted National Financial Conditions Index","1971-01-08","2024-10-25","Index","NSA",2024-10-30,"Weekly"," points",NA,"ANFCI"
"49",1971-12-10,"ANFCI",1.84401,2024-10-31,2024-10-31,1.84401,"Chicago Fed Adjusted National Financial Conditions Index","1971-01-08","2024-10-25","Index","NSA",2024-10-30,"Weekly"," points",NA,"ANFCI"
"50",1971-12-17,"ANFCI",1.91611,2024-10-31,2024-10-31,1.91611,"Chicago Fed Adjusted National Financial Conditions Index","1971-01-08","2024-10-25","Index","NSA",2024-10-30,"Weekly"," points",NA,"ANFCI"
"51",1971-12-24,"ANFCI",1.93033,2024-10-31,2024-10-31,1.93033,"Chicago Fed Adjusted National Financial Conditions Index","1971-01-08","2024-10-25","Index","NSA",2024-10-30,"Weekly"," points",NA,"ANFCI"
"52",1971-12-31,"ANFCI",1.88332,2024-10-31,2024-10-31,1.88332,"Chicago Fed Adjusted National Financial Conditions Index","1971-01-08","2024-10-25","Index","NSA",2024-10-30,"Weekly"," points",NA,"ANFCI"
"53",1972-01-07,"ANFCI",1.76385,2024-10-31,2024-10-31,1.76385,"Chicago Fed Adjusted National Financial Conditions Index","1971-01-08","2024-10-25","Index","NSA",2024-10-30,"Weekly"," points",1.19216,"ANFCI"
"54",1972-01-14,"ANFCI",1.60269,2024-10-31,2024-10-31,1.60269,"Chicago Fed Adjusted National Financial Conditions Index","1971-01-08","2024-10-25","Index","NSA",2024-10-30,"Weekly"," points",1.00584,"ANFCI"
"55",1972-01-21,"ANFCI",1.41583,2024-10-31,2024-10-31,1.41583,"Chicago Fed Adjusted National Financial Conditions Index","1971-01-08","2024-10-25","Index","NSA",2024-10-30,"Weekly"," points",0.77182,"ANFCI"
"56",1972-01-28,"ANFCI",1.22781,2024-10-31,2024-10-31,1.22781,"Chicago Fed Adjusted National Financial Conditions Index","1971-01-08","2024-10-25","Index","NSA",2024-10-30,"Weekly"," points",0.51649,"ANFCI"
"57",1972-02-04,"ANFCI",1.05851,2024-10-31,2024-10-31,1.05851,"Chicago Fed Adjusted National Financial Conditions Index","1971-01-08","2024-10-25","Index","NSA",2024-10-30,"Weekly"," points",0.26509,"ANFCI"
"58",1972-02-11,"ANFCI",0.91483,2024-10-31,2024-10-31,0.91483,"Chicago Fed Adjusted National Financial Conditions Index","1971-01-08","2024-10-25","Index","NSA",2024-10-30,"Weekly"," points",0.03576,"ANFCI"
"59",1972-02-18,"ANFCI",0.79658,2024-10-31,2024-10-31,0.79658,"Chicago Fed Adjusted National Financial Conditions Index","1971-01-08","2024-10-25","Index","NSA",2024-10-30,"Weekly"," points",-0.16009,"ANFCI"
"60",1972-02-25,"ANFCI",0.7029,2024-10-31,2024-10-31,0.7029,"Chicago Fed Adjusted National Financial Conditions Index","1971-01-08","2024-10-25","Index","NSA",2024-10-30,"Weekly"," points",-0.31558,"ANFCI"
"61",1972-03-03,"ANFCI",0.6329,2024-10-31,2024-10-31,0.6329,"Chicago Fed Adjusted National Financial Conditions Index","1971-01-08","2024-10-25","Index","NSA",2024-10-30,"Weekly"," points",-0.42858,"ANFCI"
"62",1972-03-10,"ANFCI",0.58806,2024-10-31,2024-10-31,0.58806,"Chicago Fed Adjusted National Financial Conditions Index","1971-01-08","2024-10-25","Index","NSA",2024-10-30,"Weekly"," points",-0.49929,"ANFCI"
"63",1972-03-17,"ANFCI",0.56731,2024-10-31,2024-10-31,0.56731,"Chicago Fed Adjusted National Financial Conditions Index","1971-01-08","2024-10-25","Index","NSA",2024-10-30,"Weekly"," points",-0.53702,"ANFCI"
"64",1972-03-24,"ANFCI",0.56472,2024-10-31,2024-10-31,0.56472,"Chicago Fed Adjusted National Financial Conditions Index","1971-01-08","2024-10-25","Index","NSA",2024-10-30,"Weekly"," points",-0.56328,"ANFCI"
"65",1972-03-31,"ANFCI",0.56814,2024-10-31,2024-10-31,0.56814,"Chicago Fed Adjusted National Financial Conditions Index","1971-01-08","2024-10-25","Index","NSA",2024-10-30,"Weekly"," points",-0.60587,"ANFCI"
"66",1972-04-07,"ANFCI",0.56341,2024-10-31,2024-10-31,0.56341,"Chicago Fed Adjusted National Financial Conditions Index","1971-01-08","2024-10-25","Index","NSA",2024-10-30,"Weekly"," points",-0.69387,"ANFCI"
"67",1972-04-14,"ANFCI",0.5394,2024-10-31,2024-10-31,0.5394,"Chicago Fed Adjusted National Financial Conditions Index","1971-01-08","2024-10-25","Index","NSA",2024-10-30,"Weekly"," points",-0.84405,"ANFCI"
"68",1972-04-21,"ANFCI",0.48842,2024-10-31,2024-10-31,0.48842,"Chicago Fed Adjusted National Financial Conditions Index","1971-01-08","2024-10-25","Index","NSA",2024-10-30,"Weekly"," points",-1.05842,"ANFCI"
"69",1972-04-28,"ANFCI",0.4139,2024-10-31,2024-10-31,0.4139,"Chicago Fed Adjusted National Financial Conditions Index","1971-01-08","2024-10-25","Index","NSA",2024-10-30,"Weekly"," points",-1.31578,"ANFCI"
"70",1972-05-05,"ANFCI",0.32354,2024-10-31,2024-10-31,0.32354,"Chicago Fed Adjusted National Financial Conditions Index","1971-01-08","2024-10-25","Index","NSA",2024-10-30,"Weekly"," points",-1.57992,"ANFCI"
"71",1972-05-12,"ANFCI",0.23274,2024-10-31,2024-10-31,0.23274,"Chicago Fed Adjusted National Financial Conditions Index","1971-01-08","2024-10-25","Index","NSA",2024-10-30,"Weekly"," points",-1.79747,"ANFCI"
"72",1972-05-19,"ANFCI",0.15697,2024-10-31,2024-10-31,0.15697,"Chicago Fed Adjusted National Financial Conditions Index","1971-01-08","2024-10-25","Index","NSA",2024-10-30,"Weekly"," points",-1.9203,"ANFCI"
"73",1972-05-26,"ANFCI",0.11312,2024-10-31,2024-10-31,0.11312,"Chicago Fed Adjusted National Financial Conditions Index","1971-01-08","2024-10-25","Index","NSA",2024-10-30,"Weekly"," points",-1.91204,"ANFCI"
"74",1972-06-02,"ANFCI",0.11185,2024-10-31,2024-10-31,0.11185,"Chicago Fed Adjusted National Financial Conditions Index","1971-01-08","2024-10-25","Index","NSA",2024-10-30,"Weekly"," points",-1.75295,"ANFCI"
"75",1972-06-09,"ANFCI",0.15893,2024-10-31,2024-10-31,0.15893,"Chicago Fed Adjusted National Financial Conditions Index","1971-01-08","2024-10-25","Index","NSA",2024-10-30,"Weekly"," points",-1.44264,"ANFCI"
"76",1972-06-16,"ANFCI",0.2496,2024-10-31,2024-10-31,0.2496,"Chicago Fed Adjusted National Financial Conditions Index","1971-01-08","2024-10-25","Index","NSA",2024-10-30,"Weekly"," points",-1.01972,"ANFCI"
"77",1972-06-23,"ANFCI",0.37262,2024-10-31,2024-10-31,0.37262,"Chicago Fed Adjusted National Financial Conditions Index","1971-01-08","2024-10-25","Index","NSA",2024-10-30,"Weekly"," points",-0.5424,"ANFCI"
"78",1972-06-30,"ANFCI",0.50891,2024-10-31,2024-10-31,0.50891,"Chicago Fed Adjusted National Financial Conditions Index","1971-01-08","2024-10-25","Index","NSA",2024-10-30,"Weekly"," points",-0.08814,"ANFCI"
"79",1972-07-07,"ANFCI",0.63585,2024-10-31,2024-10-31,0.63585,"Chicago Fed Adjusted National Financial Conditions Index","1971-01-08","2024-10-25","Index","NSA",2024-10-30,"Weekly"," points",0.2541,"ANFCI"
"80",1972-07-14,"ANFCI",0.734,2024-10-31,2024-10-31,0.734,"Chicago Fed Adjusted National Financial Conditions Index","1971-01-08","2024-10-25","Index","NSA",2024-10-30,"Weekly"," points",0.40808,"ANFCI"
"81",1972-07-21,"ANFCI",0.78593,2024-10-31,2024-10-31,0.78593,"Chicago Fed Adjusted National Financial Conditions Index","1971-01-08","2024-10-25","Index","NSA",2024-10-30,"Weekly"," points",0.32363,"ANFCI"
"82",1972-07-28,"ANFCI",0.77851,2024-10-31,2024-10-31,0.77851,"Chicago Fed Adjusted National Financial Conditions Index","1971-01-08","2024-10-25","Index","NSA",2024-10-30,"Weekly"," points",-0.01088,"ANFCI"
"83",1972-08-04,"ANFCI",0.70781,2024-10-31,2024-10-31,0.70781,"Chicago Fed Adjusted National Financial Conditions Index","1971-01-08","2024-10-25","Index","NSA",2024-10-30,"Weekly"," points",-0.55566,"ANFCI"
"84",1972-08-11,"ANFCI",0.57844,2024-10-31,2024-10-31,0.57844,"Chicago Fed Adjusted National Financial Conditions Index","1971-01-08","2024-10-25","Index","NSA",2024-10-30,"Weekly"," points",-1.23057,"ANFCI"
"85",1972-08-18,"ANFCI",0.4037,2024-10-31,2024-10-31,0.4037,"Chicago Fed Adjusted National Financial Conditions Index","1971-01-08","2024-10-25","Index","NSA",2024-10-30,"Weekly"," points",-1.93345,"ANFCI"
"86",1972-08-25,"ANFCI",0.20463,2024-10-31,2024-10-31,0.20463,"Chicago Fed Adjusted National Financial Conditions Index","1971-01-08","2024-10-25","Index","NSA",2024-10-30,"Weekly"," points",-2.55366,"ANFCI"
"87",1972-09-01,"ANFCI",0.00815,2024-10-31,2024-10-31,0.00815,"Chicago Fed Adjusted National Financial Conditions Index","1971-01-08","2024-10-25","Index","NSA",2024-10-30,"Weekly"," points",-3.0128,"ANFCI"
"88",1972-09-08,"ANFCI",-0.15848,2024-10-31,2024-10-31,-0.15848,"Chicago Fed Adjusted National Financial Conditions Index","1971-01-08","2024-10-25","Index","NSA",2024-10-30,"Weekly"," points",-3.25664,"ANFCI"
"89",1972-09-15,"ANFCI",-0.27757,2024-10-31,2024-10-31,-0.27757,"Chicago Fed Adjusted National Financial Conditions Index","1971-01-08","2024-10-25","Index","NSA",2024-10-30,"Weekly"," points",-3.2849,"ANFCI"
"90",1972-09-22,"ANFCI",-0.34324,2024-10-31,2024-10-31,-0.34324,"Chicago Fed Adjusted National Financial Conditions Index","1971-01-08","2024-10-25","Index","NSA",2024-10-30,"Weekly"," points",-3.1292,"ANFCI"
"91",1972-09-29,"ANFCI",-0.36136,2024-10-31,2024-10-31,-0.36136,"Chicago Fed Adjusted National Financial Conditions Index","1971-01-08","2024-10-25","Index","NSA",2024-10-30,"Weekly"," points",-2.84665,"ANFCI"
"92",1972-10-06,"ANFCI",-0.34804,2024-10-31,2024-10-31,-0.34804,"Chicago Fed Adjusted National Financial Conditions Index","1971-01-08","2024-10-25","Index","NSA",2024-10-30,"Weekly"," points",-2.50621,"ANFCI"
"93",1972-10-13,"ANFCI",-0.32234,2024-10-31,2024-10-31,-0.32234,"Chicago Fed Adjusted National Financial Conditions Index","1971-01-08","2024-10-25","Index","NSA",2024-10-30,"Weekly"," points",-2.17726,"ANFCI"
"94",1972-10-20,"ANFCI",-0.29883,2024-10-31,2024-10-31,-0.29883,"Chicago Fed Adjusted National Financial Conditions Index","1971-01-08","2024-10-25","Index","NSA",2024-10-30,"Weekly"," points",-1.91085,"ANFCI"
"95",1972-10-27,"ANFCI",-0.28735,2024-10-31,2024-10-31,-0.28735,"Chicago Fed Adjusted National Financial Conditions Index","1971-01-08","2024-10-25","Index","NSA",2024-10-30,"Weekly"," points",-1.74113,"ANFCI"
"96",1972-11-03,"ANFCI",-0.29204,2024-10-31,2024-10-31,-0.29204,"Chicago Fed Adjusted National Financial Conditions Index","1971-01-08","2024-10-25","Index","NSA",2024-10-30,"Weekly"," points",-1.67937,"ANFCI"
"97",1972-11-10,"ANFCI",-0.31173,2024-10-31,2024-10-31,-0.31173,"Chicago Fed Adjusted National Financial Conditions Index","1971-01-08","2024-10-25","Index","NSA",2024-10-30,"Weekly"," points",-1.71499,"ANFCI"
"98",1972-11-17,"ANFCI",-0.34623,2024-10-31,2024-10-31,-0.34623,"Chicago Fed Adjusted National Financial Conditions Index","1971-01-08","2024-10-25","Index","NSA",2024-10-30,"Weekly"," points",-1.83082,"ANFCI"
"99",1972-11-24,"ANFCI",-0.39447,2024-10-31,2024-10-31,-0.39447,"Chicago Fed Adjusted National Financial Conditions Index","1971-01-08","2024-10-25","Index","NSA",2024-10-30,"Weekly"," points",-1.99713,"ANFCI"
"100",1972-12-01,"ANFCI",-0.45236,2024-10-31,2024-10-31,-0.45236,"Chicago Fed Adjusted National Financial Conditions Index","1971-01-08","2024-10-25","Index","NSA",2024-10-30,"Weekly"," points",-2.18344,"ANFCI"
"101",1972-12-08,"ANFCI",-0.51608,2024-10-31,2024-10-31,-0.51608,"Chicago Fed Adjusted National Financial Conditions Index","1971-01-08","2024-10-25","Index","NSA",2024-10-30,"Weekly"," points",-2.36009,"ANFCI"
"102",1972-12-15,"ANFCI",-0.57881,2024-10-31,2024-10-31,-0.57881,"Chicago Fed Adjusted National Financial Conditions Index","1971-01-08","2024-10-25","Index","NSA",2024-10-30,"Weekly"," points",-2.49492,"ANFCI"
"103",1972-12-22,"ANFCI",-0.62799,2024-10-31,2024-10-31,-0.62799,"Chicago Fed Adjusted National Financial Conditions Index","1971-01-08","2024-10-25","Index","NSA",2024-10-30,"Weekly"," points",-2.55832,"ANFCI"
"104",1972-12-29,"ANFCI",-0.64953,2024-10-31,2024-10-31,-0.64953,"Chicago Fed Adjusted National Financial Conditions Index","1971-01-08","2024-10-25","Index","NSA",2024-10-30,"Weekly"," points",-2.53285,"ANFCI"
"105",1973-01-05,"ANFCI",-0.62799,2024-10-31,2024-10-31,-0.62799,"Chicago Fed Adjusted National Financial Conditions Index","1971-01-08","2024-10-25","Index","NSA",2024-10-30,"Weekly"," points",-2.39184,"ANFCI"
"106",1973-01-12,"ANFCI",-0.54823,2024-10-31,2024-10-31,-0.54823,"Chicago Fed Adjusted National Financial Conditions Index","1971-01-08","2024-10-25","Index","NSA",2024-10-30,"Weekly"," points",-2.15092,"ANFCI"
"107",1973-01-19,"ANFCI",-0.40034,2024-10-31,2024-10-31,-0.40034,"Chicago Fed Adjusted National Financial Conditions Index","1971-01-08","2024-10-25","Index","NSA",2024-10-30,"Weekly"," points",-1.81617,"ANFCI"
"108",1973-01-26,"ANFCI",-0.18213,2024-10-31,2024-10-31,-0.18213,"Chicago Fed Adjusted National Financial Conditions Index","1971-01-08","2024-10-25","Index","NSA",2024-10-30,"Weekly"," points",-1.40994,"ANFCI"
"109",1973-02-02,"ANFCI",0.09623,2024-10-31,2024-10-31,0.09623,"Chicago Fed Adjusted National Financial Conditions Index","1971-01-08","2024-10-25","Index","NSA",2024-10-30,"Weekly"," points",-0.96228,"ANFCI"
"110",1973-02-09,"ANFCI",0.40973,2024-10-31,2024-10-31,0.40973,"Chicago Fed Adjusted National Financial Conditions Index","1971-01-08","2024-10-25","Index","NSA",2024-10-30,"Weekly"," points",-0.5051,"ANFCI"
"111",1973-02-16,"ANFCI",0.72141,2024-10-31,2024-10-31,0.72141,"Chicago Fed Adjusted National Financial Conditions Index","1971-01-08","2024-10-25","Index","NSA",2024-10-30,"Weekly"," points",-0.07517,"ANFCI"
"112",1973-02-23,"ANFCI",0.99457,2024-10-31,2024-10-31,0.99457,"Chicago Fed Adjusted National Financial Conditions Index","1971-01-08","2024-10-25","Index","NSA",2024-10-30,"Weekly"," points",0.29167,"ANFCI"
"113",1973-03-02,"ANFCI",1.19631,2024-10-31,2024-10-31,1.19631,"Chicago Fed Adjusted National Financial Conditions Index","1971-01-08","2024-10-25","Index","NSA",2024-10-30,"Weekly"," points",0.56341,"ANFCI"
"114",1973-03-09,"ANFCI",1.31059,2024-10-31,2024-10-31,1.31059,"Chicago Fed Adjusted National Financial Conditions Index","1971-01-08","2024-10-25","Index","NSA",2024-10-30,"Weekly"," points",0.72253,"ANFCI"
"115",1973-03-16,"ANFCI",1.33847,2024-10-31,2024-10-31,1.33847,"Chicago Fed Adjusted National Financial Conditions Index","1971-01-08","2024-10-25","Index","NSA",2024-10-30,"Weekly"," points",0.77116,"ANFCI"
"116",1973-03-23,"ANFCI",1.30215,2024-10-31,2024-10-31,1.30215,"Chicago Fed Adjusted National Financial Conditions Index","1971-01-08","2024-10-25","Index","NSA",2024-10-30,"Weekly"," points",0.73743,"ANFCI"
"117",1973-03-30,"ANFCI",1.22984,2024-10-31,2024-10-31,1.22984,"Chicago Fed Adjusted National Financial Conditions Index","1971-01-08","2024-10-25","Index","NSA",2024-10-30,"Weekly"," points",0.6617,"ANFCI"
"118",1973-04-06,"ANFCI",1.14707,2024-10-31,2024-10-31,1.14707,"Chicago Fed Adjusted National Financial Conditions Index","1971-01-08","2024-10-25","Index","NSA",2024-10-30,"Weekly"," points",0.58366,"ANFCI"
"119",1973-04-13,"ANFCI",1.07623,2024-10-31,2024-10-31,1.07623,"Chicago Fed Adjusted National Financial Conditions Index","1971-01-08","2024-10-25","Index","NSA",2024-10-30,"Weekly"," points",0.53683,"ANFCI"
"120",1973-04-20,"ANFCI",1.02381,2024-10-31,2024-10-31,1.02381,"Chicago Fed Adjusted National Financial Conditions Index","1971-01-08","2024-10-25","Index","NSA",2024-10-30,"Weekly"," points",0.53539,"ANFCI"
"121",1973-04-27,"ANFCI",0.98538,2024-10-31,2024-10-31,0.98538,"Chicago Fed Adjusted National Financial Conditions Index","1971-01-08","2024-10-25","Index","NSA",2024-10-30,"Weekly"," points",0.57148,"ANFCI"
"122",1973-05-04,"ANFCI",0.94694,2024-10-31,2024-10-31,0.94694,"Chicago Fed Adjusted National Financial Conditions Index","1971-01-08","2024-10-25","Index","NSA",2024-10-30,"Weekly"," points",0.6234,"ANFCI"
"123",1973-05-11,"ANFCI",0.8968,2024-10-31,2024-10-31,0.8968,"Chicago Fed Adjusted National Financial Conditions Index","1971-01-08","2024-10-25","Index","NSA",2024-10-30,"Weekly"," points",0.66406,"ANFCI"
"124",1973-05-18,"ANFCI",0.82511,2024-10-31,2024-10-31,0.82511,"Chicago Fed Adjusted National Financial Conditions Index","1971-01-08","2024-10-25","Index","NSA",2024-10-30,"Weekly"," points",0.66814,"ANFCI"
"125",1973-05-25,"ANFCI",0.73419,2024-10-31,2024-10-31,0.73419,"Chicago Fed Adjusted National Financial Conditions Index","1971-01-08","2024-10-25","Index","NSA",2024-10-30,"Weekly"," points",0.62107,"ANFCI"
"126",1973-06-01,"ANFCI",0.63769,2024-10-31,2024-10-31,0.63769,"Chicago Fed Adjusted National Financial Conditions Index","1971-01-08","2024-10-25","Index","NSA",2024-10-30,"Weekly"," points",0.52584,"ANFCI"
"127",1973-06-08,"ANFCI",0.55661,2024-10-31,2024-10-31,0.55661,"Chicago Fed Adjusted National Financial Conditions Index","1971-01-08","2024-10-25","Index","NSA",2024-10-30,"Weekly"," points",0.39768,"ANFCI"
"128",1973-06-15,"ANFCI",0.51351,2024-10-31,2024-10-31,0.51351,"Chicago Fed Adjusted National Financial Conditions Index","1971-01-08","2024-10-25","Index","NSA",2024-10-30,"Weekly"," points",0.26391,"ANFCI"
"129",1973-06-22,"ANFCI",0.52637,2024-10-31,2024-10-31,0.52637,"Chicago Fed Adjusted National Financial Conditions Index","1971-01-08","2024-10-25","Index","NSA",2024-10-30,"Weekly"," points",0.15375,"ANFCI"
"130",1973-06-29,"ANFCI",0.60434,2024-10-31,2024-10-31,0.60434,"Chicago Fed Adjusted National Financial Conditions Index","1971-01-08","2024-10-25","Index","NSA",2024-10-30,"Weekly"," points",0.09543,"ANFCI"
"131",1973-07-06,"ANFCI",0.74214,2024-10-31,2024-10-31,0.74214,"Chicago Fed Adjusted National Financial Conditions Index","1971-01-08","2024-10-25","Index","NSA",2024-10-30,"Weekly"," points",0.10629,"ANFCI"
"132",1973-07-13,"ANFCI",0.92682,2024-10-31,2024-10-31,0.92682,"Chicago Fed Adjusted National Financial Conditions Index","1971-01-08","2024-10-25","Index","NSA",2024-10-30,"Weekly"," points",0.19282,"ANFCI"
"133",1973-07-20,"ANFCI",1.13385,2024-10-31,2024-10-31,1.13385,"Chicago Fed Adjusted National Financial Conditions Index","1971-01-08","2024-10-25","Index","NSA",2024-10-30,"Weekly"," points",0.34792,"ANFCI"
"134",1973-07-27,"ANFCI",1.34135,2024-10-31,2024-10-31,1.34135,"Chicago Fed Adjusted National Financial Conditions Index","1971-01-08","2024-10-25","Index","NSA",2024-10-30,"Weekly"," points",0.56284,"ANFCI"
"135",1973-08-03,"ANFCI",1.52803,2024-10-31,2024-10-31,1.52803,"Chicago Fed Adjusted National Financial Conditions Index","1971-01-08","2024-10-25","Index","NSA",2024-10-30,"Weekly"," points",0.82022,"ANFCI"
"136",1973-08-10,"ANFCI",1.68337,2024-10-31,2024-10-31,1.68337,"Chicago Fed Adjusted National Financial Conditions Index","1971-01-08","2024-10-25","Index","NSA",2024-10-30,"Weekly"," points",1.10493,"ANFCI"
"137",1973-08-17,"ANFCI",1.80629,2024-10-31,2024-10-31,1.80629,"Chicago Fed Adjusted National Financial Conditions Index","1971-01-08","2024-10-25","Index","NSA",2024-10-30,"Weekly"," points",1.40259,"ANFCI"
"138",1973-08-24,"ANFCI",1.90592,2024-10-31,2024-10-31,1.90592,"Chicago Fed Adjusted National Financial Conditions Index","1971-01-08","2024-10-25","Index","NSA",2024-10-30,"Weekly"," points",1.70129,"ANFCI"
"139",1973-08-31,"ANFCI",1.98947,2024-10-31,2024-10-31,1.98947,"Chicago Fed Adjusted National Financial Conditions Index","1971-01-08","2024-10-25","Index","NSA",2024-10-30,"Weekly"," points",1.98132,"ANFCI"
"140",1973-09-07,"ANFCI",2.0603,2024-10-31,2024-10-31,2.0603,"Chicago Fed Adjusted National Financial Conditions Index","1971-01-08","2024-10-25","Index","NSA",2024-10-30,"Weekly"," points",2.21878,"ANFCI"
"141",1973-09-14,"ANFCI",2.11623,2024-10-31,2024-10-31,2.11623,"Chicago Fed Adjusted National Financial Conditions Index","1971-01-08","2024-10-25","Index","NSA",2024-10-30,"Weekly"," points",2.3938,"ANFCI"
"142",1973-09-21,"ANFCI",2.14355,2024-10-31,2024-10-31,2.14355,"Chicago Fed Adjusted National Financial Conditions Index","1971-01-08","2024-10-25","Index","NSA",2024-10-30,"Weekly"," points",2.48679,"ANFCI"
"143",1973-09-28,"ANFCI",2.11966,2024-10-31,2024-10-31,2.11966,"Chicago Fed Adjusted National Financial Conditions Index","1971-01-08","2024-10-25","Index","NSA",2024-10-30,"Weekly"," points",2.48102,"ANFCI"
"144",1973-10-05,"ANFCI",2.0226,2024-10-31,2024-10-31,2.0226,"Chicago Fed Adjusted National Financial Conditions Index","1971-01-08","2024-10-25","Index","NSA",2024-10-30,"Weekly"," points",2.37064,"ANFCI"
"145",1973-10-12,"ANFCI",1.85399,2024-10-31,2024-10-31,1.85399,"Chicago Fed Adjusted National Financial Conditions Index","1971-01-08","2024-10-25","Index","NSA",2024-10-30,"Weekly"," points",2.17633,"ANFCI"
"146",1973-10-19,"ANFCI",1.6302,2024-10-31,2024-10-31,1.6302,"Chicago Fed Adjusted National Financial Conditions Index","1971-01-08","2024-10-25","Index","NSA",2024-10-30,"Weekly"," points",1.92903,"ANFCI"
"147",1973-10-26,"ANFCI",1.39858,2024-10-31,2024-10-31,1.39858,"Chicago Fed Adjusted National Financial Conditions Index","1971-01-08","2024-10-25","Index","NSA",2024-10-30,"Weekly"," points",1.68593,"ANFCI"
"148",1973-11-02,"ANFCI",1.21312,2024-10-31,2024-10-31,1.21312,"Chicago Fed Adjusted National Financial Conditions Index","1971-01-08","2024-10-25","Index","NSA",2024-10-30,"Weekly"," points",1.50516,"ANFCI"
"149",1973-11-09,"ANFCI",1.1242,2024-10-31,2024-10-31,1.1242,"Chicago Fed Adjusted National Financial Conditions Index","1971-01-08","2024-10-25","Index","NSA",2024-10-30,"Weekly"," points",1.43593,"ANFCI"
"150",1973-11-16,"ANFCI",1.15661,2024-10-31,2024-10-31,1.15661,"Chicago Fed Adjusted National Financial Conditions Index","1971-01-08","2024-10-25","Index","NSA",2024-10-30,"Weekly"," points",1.50284,"ANFCI"
"151",1973-11-23,"ANFCI",1.29252,2024-10-31,2024-10-31,1.29252,"Chicago Fed Adjusted National Financial Conditions Index","1971-01-08","2024-10-25","Index","NSA",2024-10-30,"Weekly"," points",1.68699,"ANFCI"
"152",1973-11-30,"ANFCI",1.48093,2024-10-31,2024-10-31,1.48093,"Chicago Fed Adjusted National Financial Conditions Index","1971-01-08","2024-10-25","Index","NSA",2024-10-30,"Weekly"," points",1.93329,"ANFCI"
"153",1973-12-07,"ANFCI",1.65203,2024-10-31,2024-10-31,1.65203,"Chicago Fed Adjusted National Financial Conditions Index","1971-01-08","2024-10-25","Index","NSA",2024-10-30,"Weekly"," points",2.16811,"ANFCI"
"154",1973-12-14,"ANFCI",1.74208,2024-10-31,2024-10-31,1.74208,"Chicago Fed Adjusted National Financial Conditions Index","1971-01-08","2024-10-25","Index","NSA",2024-10-30,"Weekly"," points",2.32089,"ANFCI"
"155",1973-12-21,"ANFCI",1.71236,2024-10-31,2024-10-31,1.71236,"Chicago Fed Adjusted National Financial Conditions Index","1971-01-08","2024-10-25","Index","NSA",2024-10-30,"Weekly"," points",2.34035,"ANFCI"
"156",1973-12-28,"ANFCI",1.55819,2024-10-31,2024-10-31,1.55819,"Chicago Fed Adjusted National Financial Conditions Index","1971-01-08","2024-10-25","Index","NSA",2024-10-30,"Weekly"," points",2.20772,"ANFCI"
"157",1974-01-04,"ANFCI",1.30209,2024-10-31,2024-10-31,1.30209,"Chicago Fed Adjusted National Financial Conditions Index","1971-01-08","2024-10-25","Index","NSA",2024-10-30,"Weekly"," points",1.93008,"ANFCI"
"158",1974-01-11,"ANFCI",0.99262,2024-10-31,2024-10-31,0.99262,"Chicago Fed Adjusted National Financial Conditions Index","1971-01-08","2024-10-25","Index","NSA",2024-10-30,"Weekly"," points",1.54085,"ANFCI"
"159",1974-01-18,"ANFCI",0.67151,2024-10-31,2024-10-31,0.67151,"Chicago Fed Adjusted National Financial Conditions Index","1971-01-08","2024-10-25","Index","NSA",2024-10-30,"Weekly"," points",1.07185,"ANFCI"
"160",1974-01-25,"ANFCI",0.36897,2024-10-31,2024-10-31,0.36897,"Chicago Fed Adjusted National Financial Conditions Index","1971-01-08","2024-10-25","Index","NSA",2024-10-30,"Weekly"," points",0.5511,"ANFCI"
"161",1974-02-01,"ANFCI",0.10305,2024-10-31,2024-10-31,0.10305,"Chicago Fed Adjusted National Financial Conditions Index","1971-01-08","2024-10-25","Index","NSA",2024-10-30,"Weekly"," points",0.00682000000000001,"ANFCI"
"162",1974-02-08,"ANFCI",-0.12167,2024-10-31,2024-10-31,-0.12167,"Chicago Fed Adjusted National Financial Conditions Index","1971-01-08","2024-10-25","Index","NSA",2024-10-30,"Weekly"," points",-0.5314,"ANFCI"
"163",1974-02-15,"ANFCI",-0.30423,2024-10-31,2024-10-31,-0.30423,"Chicago Fed Adjusted National Financial Conditions Index","1971-01-08","2024-10-25","Index","NSA",2024-10-30,"Weekly"," points",-1.02564,"ANFCI"
"164",1974-02-22,"ANFCI",-0.43936,2024-10-31,2024-10-31,-0.43936,"Chicago Fed Adjusted National Financial Conditions Index","1971-01-08","2024-10-25","Index","NSA",2024-10-30,"Weekly"," points",-1.43393,"ANFCI"
"165",1974-03-01,"ANFCI",-0.52091,2024-10-31,2024-10-31,-0.52091,"Chicago Fed Adjusted National Financial Conditions Index","1971-01-08","2024-10-25","Index","NSA",2024-10-30,"Weekly"," points",-1.71722,"ANFCI"
"166",1974-03-08,"ANFCI",-0.5398,2024-10-31,2024-10-31,-0.5398,"Chicago Fed Adjusted National Financial Conditions Index","1971-01-08","2024-10-25","Index","NSA",2024-10-30,"Weekly"," points",-1.85039,"ANFCI"
"167",1974-03-15,"ANFCI",-0.48901,2024-10-31,2024-10-31,-0.48901,"Chicago Fed Adjusted National Financial Conditions Index","1971-01-08","2024-10-25","Index","NSA",2024-10-30,"Weekly"," points",-1.82748,"ANFCI"
"168",1974-03-22,"ANFCI",-0.36888,2024-10-31,2024-10-31,-0.36888,"Chicago Fed Adjusted National Financial Conditions Index","1971-01-08","2024-10-25","Index","NSA",2024-10-30,"Weekly"," points",-1.67103,"ANFCI"
"169",1974-03-29,"ANFCI",-0.18402,2024-10-31,2024-10-31,-0.18402,"Chicago Fed Adjusted National Financial Conditions Index","1971-01-08","2024-10-25","Index","NSA",2024-10-30,"Weekly"," points",-1.41386,"ANFCI"
"170",1974-04-05,"ANFCI",0.05901,2024-10-31,2024-10-31,0.05901,"Chicago Fed Adjusted National Financial Conditions Index","1971-01-08","2024-10-25","Index","NSA",2024-10-30,"Weekly"," points",-1.08806,"ANFCI"
"171",1974-04-12,"ANFCI",0.35458,2024-10-31,2024-10-31,0.35458,"Chicago Fed Adjusted National Financial Conditions Index","1971-01-08","2024-10-25","Index","NSA",2024-10-30,"Weekly"," points",-0.72165,"ANFCI"
"172",1974-04-19,"ANFCI",0.69147,2024-10-31,2024-10-31,0.69147,"Chicago Fed Adjusted National Financial Conditions Index","1971-01-08","2024-10-25","Index","NSA",2024-10-30,"Weekly"," points",-0.33234,"ANFCI"
"173",1974-04-26,"ANFCI",1.05748,2024-10-31,2024-10-31,1.05748,"Chicago Fed Adjusted National Financial Conditions Index","1971-01-08","2024-10-25","Index","NSA",2024-10-30,"Weekly"," points",0.0720999999999999,"ANFCI"
"174",1974-05-03,"ANFCI",1.43558,2024-10-31,2024-10-31,1.43558,"Chicago Fed Adjusted National Financial Conditions Index","1971-01-08","2024-10-25","Index","NSA",2024-10-30,"Weekly"," points",0.48864,"ANFCI"
"175",1974-05-10,"ANFCI",1.81738,2024-10-31,2024-10-31,1.81738,"Chicago Fed Adjusted National Financial Conditions Index","1971-01-08","2024-10-25","Index","NSA",2024-10-30,"Weekly"," points",0.92058,"ANFCI"
"176",1974-05-17,"ANFCI",2.19666,2024-10-31,2024-10-31,2.19666,"Chicago Fed Adjusted National Financial Conditions Index","1971-01-08","2024-10-25","Index","NSA",2024-10-30,"Weekly"," points",1.37155,"ANFCI"
"177",1974-05-24,"ANFCI",2.57571,2024-10-31,2024-10-31,2.57571,"Chicago Fed Adjusted National Financial Conditions Index","1971-01-08","2024-10-25","Index","NSA",2024-10-30,"Weekly"," points",1.84152,"ANFCI"
"178",1974-05-31,"ANFCI",2.97192,2024-10-31,2024-10-31,2.97192,"Chicago Fed Adjusted National Financial Conditions Index","1971-01-08","2024-10-25","Index","NSA",2024-10-30,"Weekly"," points",2.33423,"ANFCI"
"179",1974-06-07,"ANFCI",3.39911,2024-10-31,2024-10-31,3.39911,"Chicago Fed Adjusted National Financial Conditions Index","1971-01-08","2024-10-25","Index","NSA",2024-10-30,"Weekly"," points",2.8425,"ANFCI"
"180",1974-06-14,"ANFCI",3.85623,2024-10-31,2024-10-31,3.85623,"Chicago Fed Adjusted National Financial Conditions Index","1971-01-08","2024-10-25","Index","NSA",2024-10-30,"Weekly"," points",3.34272,"ANFCI"
"181",1974-06-21,"ANFCI",4.32162,2024-10-31,2024-10-31,4.32162,"Chicago Fed Adjusted National Financial Conditions Index","1971-01-08","2024-10-25","Index","NSA",2024-10-30,"Weekly"," points",3.79525,"ANFCI"
"182",1974-06-28,"ANFCI",4.74742,2024-10-31,2024-10-31,4.74742,"Chicago Fed Adjusted National Financial Conditions Index","1971-01-08","2024-10-25","Index","NSA",2024-10-30,"Weekly"," points",4.14308,"ANFCI"
"183",1974-07-05,"ANFCI",5.07303,2024-10-31,2024-10-31,5.07303,"Chicago Fed Adjusted National Financial Conditions Index","1971-01-08","2024-10-25","Index","NSA",2024-10-30,"Weekly"," points",4.33089,"ANFCI"
"184",1974-07-12,"ANFCI",5.2495,2024-10-31,2024-10-31,5.2495,"Chicago Fed Adjusted National Financial Conditions Index","1971-01-08","2024-10-25","Index","NSA",2024-10-30,"Weekly"," points",4.32268,"ANFCI"
"185",1974-07-19,"ANFCI",5.25422,2024-10-31,2024-10-31,5.25422,"Chicago Fed Adjusted National Financial Conditions Index","1971-01-08","2024-10-25","Index","NSA",2024-10-30,"Weekly"," points",4.12037,"ANFCI"
"186",1974-07-26,"ANFCI",5.10229,2024-10-31,2024-10-31,5.10229,"Chicago Fed Adjusted National Financial Conditions Index","1971-01-08","2024-10-25","Index","NSA",2024-10-30,"Weekly"," points",3.76094,"ANFCI"
"187",1974-08-02,"ANFCI",4.84039,2024-10-31,2024-10-31,4.84039,"Chicago Fed Adjusted National Financial Conditions Index","1971-01-08","2024-10-25","Index","NSA",2024-10-30,"Weekly"," points",3.31236,"ANFCI"
"188",1974-08-09,"ANFCI",4.52885,2024-10-31,2024-10-31,4.52885,"Chicago Fed Adjusted National Financial Conditions Index","1971-01-08","2024-10-25","Index","NSA",2024-10-30,"Weekly"," points",2.84548,"ANFCI"
"189",1974-08-16,"ANFCI",4.24038,2024-10-31,2024-10-31,4.24038,"Chicago Fed Adjusted National Financial Conditions Index","1971-01-08","2024-10-25","Index","NSA",2024-10-30,"Weekly"," points",2.43409,"ANFCI"
"190",1974-08-23,"ANFCI",4.02466,2024-10-31,2024-10-31,4.02466,"Chicago Fed Adjusted National Financial Conditions Index","1971-01-08","2024-10-25","Index","NSA",2024-10-30,"Weekly"," points",2.11874,"ANFCI"
"191",1974-08-30,"ANFCI",3.90995,2024-10-31,2024-10-31,3.90995,"Chicago Fed Adjusted National Financial Conditions Index","1971-01-08","2024-10-25","Index","NSA",2024-10-30,"Weekly"," points",1.92048,"ANFCI"
"192",1974-09-06,"ANFCI",3.88706,2024-10-31,2024-10-31,3.88706,"Chicago Fed Adjusted National Financial Conditions Index","1971-01-08","2024-10-25","Index","NSA",2024-10-30,"Weekly"," points",1.82676,"ANFCI"
"193",1974-09-13,"ANFCI",3.91825,2024-10-31,2024-10-31,3.91825,"Chicago Fed Adjusted National Financial Conditions Index","1971-01-08","2024-10-25","Index","NSA",2024-10-30,"Weekly"," points",1.80202,"ANFCI"
"194",1974-09-20,"ANFCI",3.94516,2024-10-31,2024-10-31,3.94516,"Chicago Fed Adjusted National Financial Conditions Index","1971-01-08","2024-10-25","Index","NSA",2024-10-30,"Weekly"," points",1.80161,"ANFCI"
"195",1974-09-27,"ANFCI",3.89907,2024-10-31,2024-10-31,3.89907,"Chicago Fed Adjusted National Financial Conditions Index","1971-01-08","2024-10-25","Index","NSA",2024-10-30,"Weekly"," points",1.77941,"ANFCI"
"196",1974-10-04,"ANFCI",3.73657,2024-10-31,2024-10-31,3.73657,"Chicago Fed Adjusted National Financial Conditions Index","1971-01-08","2024-10-25","Index","NSA",2024-10-30,"Weekly"," points",1.71397,"ANFCI"
"197",1974-10-11,"ANFCI",3.44765,2024-10-31,2024-10-31,3.44765,"Chicago Fed Adjusted National Financial Conditions Index","1971-01-08","2024-10-25","Index","NSA",2024-10-30,"Weekly"," points",1.59366,"ANFCI"
"198",1974-10-18,"ANFCI",3.07376,2024-10-31,2024-10-31,3.07376,"Chicago Fed Adjusted National Financial Conditions Index","1971-01-08","2024-10-25","Index","NSA",2024-10-30,"Weekly"," points",1.44356,"ANFCI"
"199",1974-10-25,"ANFCI",2.67915,2024-10-31,2024-10-31,2.67915,"Chicago Fed Adjusted National Financial Conditions Index","1971-01-08","2024-10-25","Index","NSA",2024-10-30,"Weekly"," points",1.28057,"ANFCI"
"200",1974-11-01,"ANFCI",2.33439,2024-10-31,2024-10-31,2.33439,"Chicago Fed Adjusted National Financial Conditions Index","1971-01-08","2024-10-25","Index","NSA",2024-10-30,"Weekly"," points",1.12127,"ANFCI"
"201",1974-11-08,"ANFCI",2.09741,2024-10-31,2024-10-31,2.09741,"Chicago Fed Adjusted National Financial Conditions Index","1971-01-08","2024-10-25","Index","NSA",2024-10-30,"Weekly"," points",0.97321,"ANFCI"
"202",1974-11-15,"ANFCI",1.99007,2024-10-31,2024-10-31,1.99007,"Chicago Fed Adjusted National Financial Conditions Index","1971-01-08","2024-10-25","Index","NSA",2024-10-30,"Weekly"," points",0.83346,"ANFCI"
"203",1974-11-22,"ANFCI",1.99713,2024-10-31,2024-10-31,1.99713,"Chicago Fed Adjusted National Financial Conditions Index","1971-01-08","2024-10-25","Index","NSA",2024-10-30,"Weekly"," points",0.70461,"ANFCI"
"204",1974-11-29,"ANFCI",2.0838,2024-10-31,2024-10-31,2.0838,"Chicago Fed Adjusted National Financial Conditions Index","1971-01-08","2024-10-25","Index","NSA",2024-10-30,"Weekly"," points",0.60287,"ANFCI"
"205",1974-12-06,"ANFCI",2.19724,2024-10-31,2024-10-31,2.19724,"Chicago Fed Adjusted National Financial Conditions Index","1971-01-08","2024-10-25","Index","NSA",2024-10-30,"Weekly"," points",0.54521,"ANFCI"
"206",1974-12-13,"ANFCI",2.28556,2024-10-31,2024-10-31,2.28556,"Chicago Fed Adjusted National Financial Conditions Index","1971-01-08","2024-10-25","Index","NSA",2024-10-30,"Weekly"," points",0.54348,"ANFCI"
"207",1974-12-20,"ANFCI",2.31102,2024-10-31,2024-10-31,2.31102,"Chicago Fed Adjusted National Financial Conditions Index","1971-01-08","2024-10-25","Index","NSA",2024-10-30,"Weekly"," points",0.59866,"ANFCI"
"208",1974-12-27,"ANFCI",2.24499,2024-10-31,2024-10-31,2.24499,"Chicago Fed Adjusted National Financial Conditions Index","1971-01-08","2024-10-25","Index","NSA",2024-10-30,"Weekly"," points",0.6868,"ANFCI"
"209",1975-01-03,"ANFCI",2.08471,2024-10-31,2024-10-31,2.08471,"Chicago Fed Adjusted National Financial Conditions Index","1971-01-08","2024-10-25","Index","NSA",2024-10-30,"Weekly"," points",0.78262,"ANFCI"
"210",1975-01-10,"ANFCI",1.84409,2024-10-31,2024-10-31,1.84409,"Chicago Fed Adjusted National Financial Conditions Index","1971-01-08","2024-10-25","Index","NSA",2024-10-30,"Weekly"," points",0.85147,"ANFCI"
"211",1975-01-17,"ANFCI",1.55611,2024-10-31,2024-10-31,1.55611,"Chicago Fed Adjusted National Financial Conditions Index","1971-01-08","2024-10-25","Index","NSA",2024-10-30,"Weekly"," points",0.8846,"ANFCI"
"212",1975-01-24,"ANFCI",1.26075,2024-10-31,2024-10-31,1.26075,"Chicago Fed Adjusted National Financial Conditions Index","1971-01-08","2024-10-25","Index","NSA",2024-10-30,"Weekly"," points",0.89178,"ANFCI"
"213",1975-01-31,"ANFCI",0.99134,2024-10-31,2024-10-31,0.99134,"Chicago Fed Adjusted National Financial Conditions Index","1971-01-08","2024-10-25","Index","NSA",2024-10-30,"Weekly"," points",0.88829,"ANFCI"
"214",1975-02-07,"ANFCI",0.76639,2024-10-31,2024-10-31,0.76639,"Chicago Fed Adjusted National Financial Conditions Index","1971-01-08","2024-10-25","Index","NSA",2024-10-30,"Weekly"," points",0.88806,"ANFCI"
"215",1975-02-14,"ANFCI",0.59193,2024-10-31,2024-10-31,0.59193,"Chicago Fed Adjusted National Financial Conditions Index","1971-01-08","2024-10-25","Index","NSA",2024-10-30,"Weekly"," points",0.89616,"ANFCI"
"216",1975-02-21,"ANFCI",0.45492,2024-10-31,2024-10-31,0.45492,"Chicago Fed Adjusted National Financial Conditions Index","1971-01-08","2024-10-25","Index","NSA",2024-10-30,"Weekly"," points",0.89428,"ANFCI"
"217",1975-02-28,"ANFCI",0.33855,2024-10-31,2024-10-31,0.33855,"Chicago Fed Adjusted National Financial Conditions Index","1971-01-08","2024-10-25","Index","NSA",2024-10-30,"Weekly"," points",0.85946,"ANFCI"
"218",1975-03-07,"ANFCI",0.23293,2024-10-31,2024-10-31,0.23293,"Chicago Fed Adjusted National Financial Conditions Index","1971-01-08","2024-10-25","Index","NSA",2024-10-30,"Weekly"," points",0.77273,"ANFCI"
"219",1975-03-14,"ANFCI",0.13409,2024-10-31,2024-10-31,0.13409,"Chicago Fed Adjusted National Financial Conditions Index","1971-01-08","2024-10-25","Index","NSA",2024-10-30,"Weekly"," points",0.6231,"ANFCI"
"220",1975-03-21,"ANFCI",0.04511,2024-10-31,2024-10-31,0.04511,"Chicago Fed Adjusted National Financial Conditions Index","1971-01-08","2024-10-25","Index","NSA",2024-10-30,"Weekly"," points",0.41399,"ANFCI"
"221",1975-03-28,"ANFCI",-0.03055,2024-10-31,2024-10-31,-0.03055,"Chicago Fed Adjusted National Financial Conditions Index","1971-01-08","2024-10-25","Index","NSA",2024-10-30,"Weekly"," points",0.15347,"ANFCI"
"222",1975-04-04,"ANFCI",-0.0933,2024-10-31,2024-10-31,-0.0933,"Chicago Fed Adjusted National Financial Conditions Index","1971-01-08","2024-10-25","Index","NSA",2024-10-30,"Weekly"," points",-0.15231,"ANFCI"
"223",1975-04-11,"ANFCI",-0.14872,2024-10-31,2024-10-31,-0.14872,"Chicago Fed Adjusted National Financial Conditions Index","1971-01-08","2024-10-25","Index","NSA",2024-10-30,"Weekly"," points",-0.5033,"ANFCI"
"224",1975-04-18,"ANFCI",-0.20494,2024-10-31,2024-10-31,-0.20494,"Chicago Fed Adjusted National Financial Conditions Index","1971-01-08","2024-10-25","Index","NSA",2024-10-30,"Weekly"," points",-0.89641,"ANFCI"
"225",1975-04-25,"ANFCI",-0.27089,2024-10-31,2024-10-31,-0.27089,"Chicago Fed Adjusted National Financial Conditions Index","1971-01-08","2024-10-25","Index","NSA",2024-10-30,"Weekly"," points",-1.32837,"ANFCI"
"226",1975-05-02,"ANFCI",-0.34758,2024-10-31,2024-10-31,-0.34758,"Chicago Fed Adjusted National Financial Conditions Index","1971-01-08","2024-10-25","Index","NSA",2024-10-30,"Weekly"," points",-1.78316,"ANFCI"
"227",1975-05-09,"ANFCI",-0.4342,2024-10-31,2024-10-31,-0.4342,"Chicago Fed Adjusted National Financial Conditions Index","1971-01-08","2024-10-25","Index","NSA",2024-10-30,"Weekly"," points",-2.25158,"ANFCI"
"228",1975-05-16,"ANFCI",-0.52243,2024-10-31,2024-10-31,-0.52243,"Chicago Fed Adjusted National Financial Conditions Index","1971-01-08","2024-10-25","Index","NSA",2024-10-30,"Weekly"," points",-2.71909,"ANFCI"
"229",1975-05-23,"ANFCI",-0.60521,2024-10-31,2024-10-31,-0.60521,"Chicago Fed Adjusted National Financial Conditions Index","1971-01-08","2024-10-25","Index","NSA",2024-10-30,"Weekly"," points",-3.18092,"ANFCI"
"230",1975-05-30,"ANFCI",-0.67136,2024-10-31,2024-10-31,-0.67136,"Chicago Fed Adjusted National Financial Conditions Index","1971-01-08","2024-10-25","Index","NSA",2024-10-30,"Weekly"," points",-3.64328,"ANFCI"
"231",1975-06-06,"ANFCI",-0.71589,2024-10-31,2024-10-31,-0.71589,"Chicago Fed Adjusted National Financial Conditions Index","1971-01-08","2024-10-25","Index","NSA",2024-10-30,"Weekly"," points",-4.115,"ANFCI"
"232",1975-06-13,"ANFCI",-0.73865,2024-10-31,2024-10-31,-0.73865,"Chicago Fed Adjusted National Financial Conditions Index","1971-01-08","2024-10-25","Index","NSA",2024-10-30,"Weekly"," points",-4.59488,"ANFCI"
"233",1975-06-20,"ANFCI",-0.74503,2024-10-31,2024-10-31,-0.74503,"Chicago Fed Adjusted National Financial Conditions Index","1971-01-08","2024-10-25","Index","NSA",2024-10-30,"Weekly"," points",-5.06665,"ANFCI"
"234",1975-06-27,"ANFCI",-0.74165,2024-10-31,2024-10-31,-0.74165,"Chicago Fed Adjusted National Financial Conditions Index","1971-01-08","2024-10-25","Index","NSA",2024-10-30,"Weekly"," points",-5.48907,"ANFCI"
"235",1975-07-04,"ANFCI",-0.73801,2024-10-31,2024-10-31,-0.73801,"Chicago Fed Adjusted National Financial Conditions Index","1971-01-08","2024-10-25","Index","NSA",2024-10-30,"Weekly"," points",-5.81104,"ANFCI"
"236",1975-07-11,"ANFCI",-0.74326,2024-10-31,2024-10-31,-0.74326,"Chicago Fed Adjusted National Financial Conditions Index","1971-01-08","2024-10-25","Index","NSA",2024-10-30,"Weekly"," points",-5.99276,"ANFCI"
"237",1975-07-18,"ANFCI",-0.76136,2024-10-31,2024-10-31,-0.76136,"Chicago Fed Adjusted National Financial Conditions Index","1971-01-08","2024-10-25","Index","NSA",2024-10-30,"Weekly"," points",-6.01558,"ANFCI"
"238",1975-07-25,"ANFCI",-0.78904,2024-10-31,2024-10-31,-0.78904,"Chicago Fed Adjusted National Financial Conditions Index","1971-01-08","2024-10-25","Index","NSA",2024-10-30,"Weekly"," points",-5.89133,"ANFCI"
"239",1975-08-01,"ANFCI",-0.82031,2024-10-31,2024-10-31,-0.82031,"Chicago Fed Adjusted National Financial Conditions Index","1971-01-08","2024-10-25","Index","NSA",2024-10-30,"Weekly"," points",-5.6607,"ANFCI"
"240",1975-08-08,"ANFCI",-0.84576,2024-10-31,2024-10-31,-0.84576,"Chicago Fed Adjusted National Financial Conditions Index","1971-01-08","2024-10-25","Index","NSA",2024-10-30,"Weekly"," points",-5.37461,"ANFCI"
"241",1975-08-15,"ANFCI",-0.85691,2024-10-31,2024-10-31,-0.85691,"Chicago Fed Adjusted National Financial Conditions Index","1971-01-08","2024-10-25","Index","NSA",2024-10-30,"Weekly"," points",-5.09729,"ANFCI"
"242",1975-08-22,"ANFCI",-0.84766,2024-10-31,2024-10-31,-0.84766,"Chicago Fed Adjusted National Financial Conditions Index","1971-01-08","2024-10-25","Index","NSA",2024-10-30,"Weekly"," points",-4.87232,"ANFCI"
"243",1975-08-29,"ANFCI",-0.81578,2024-10-31,2024-10-31,-0.81578,"Chicago Fed Adjusted National Financial Conditions Index","1971-01-08","2024-10-25","Index","NSA",2024-10-30,"Weekly"," points",-4.72573,"ANFCI"
"244",1975-09-05,"ANFCI",-0.76458,2024-10-31,2024-10-31,-0.76458,"Chicago Fed Adjusted National Financial Conditions Index","1971-01-08","2024-10-25","Index","NSA",2024-10-30,"Weekly"," points",-4.65164,"ANFCI"
"245",1975-09-12,"ANFCI",-0.69923,2024-10-31,2024-10-31,-0.69923,"Chicago Fed Adjusted National Financial Conditions Index","1971-01-08","2024-10-25","Index","NSA",2024-10-30,"Weekly"," points",-4.61748,"ANFCI"
"246",1975-09-19,"ANFCI",-0.62818,2024-10-31,2024-10-31,-0.62818,"Chicago Fed Adjusted National Financial Conditions Index","1971-01-08","2024-10-25","Index","NSA",2024-10-30,"Weekly"," points",-4.57334,"ANFCI"
"247",1975-09-26,"ANFCI",-0.56221,2024-10-31,2024-10-31,-0.56221,"Chicago Fed Adjusted National Financial Conditions Index","1971-01-08","2024-10-25","Index","NSA",2024-10-30,"Weekly"," points",-4.46128,"ANFCI"
"248",1975-10-03,"ANFCI",-0.50796,2024-10-31,2024-10-31,-0.50796,"Chicago Fed Adjusted National Financial Conditions Index","1971-01-08","2024-10-25","Index","NSA",2024-10-30,"Weekly"," points",-4.24453,"ANFCI"
"249",1975-10-10,"ANFCI",-0.47063,2024-10-31,2024-10-31,-0.47063,"Chicago Fed Adjusted National Financial Conditions Index","1971-01-08","2024-10-25","Index","NSA",2024-10-30,"Weekly"," points",-3.91828,"ANFCI"
"250",1975-10-17,"ANFCI",-0.44899,2024-10-31,2024-10-31,-0.44899,"Chicago Fed Adjusted National Financial Conditions Index","1971-01-08","2024-10-25","Index","NSA",2024-10-30,"Weekly"," points",-3.52275,"ANFCI"
"251",1975-10-24,"ANFCI",-0.43712,2024-10-31,2024-10-31,-0.43712,"Chicago Fed Adjusted National Financial Conditions Index","1971-01-08","2024-10-25","Index","NSA",2024-10-30,"Weekly"," points",-3.11627,"ANFCI"
"252",1975-10-31,"ANFCI",-0.42925,2024-10-31,2024-10-31,-0.42925,"Chicago Fed Adjusted National Financial Conditions Index","1971-01-08","2024-10-25","Index","NSA",2024-10-30,"Weekly"," points",-2.76364,"ANFCI"
"253",1975-11-07,"ANFCI",-0.42306,2024-10-31,2024-10-31,-0.42306,"Chicago Fed Adjusted National Financial Conditions Index","1971-01-08","2024-10-25","Index","NSA",2024-10-30,"Weekly"," points",-2.52047,"ANFCI"
"254",1975-11-14,"ANFCI",-0.41822,2024-10-31,2024-10-31,-0.41822,"Chicago Fed Adjusted National Financial Conditions Index","1971-01-08","2024-10-25","Index","NSA",2024-10-30,"Weekly"," points",-2.40829,"ANFCI"
"255",1975-11-21,"ANFCI",-0.41772,2024-10-31,2024-10-31,-0.41772,"Chicago Fed Adjusted National Financial Conditions Index","1971-01-08","2024-10-25","Index","NSA",2024-10-30,"Weekly"," points",-2.41485,"ANFCI"
"256",1975-11-28,"ANFCI",-0.42782,2024-10-31,2024-10-31,-0.42782,"Chicago Fed Adjusted National Financial Conditions Index","1971-01-08","2024-10-25","Index","NSA",2024-10-30,"Weekly"," points",-2.51162,"ANFCI"
"257",1975-12-05,"ANFCI",-0.45403,2024-10-31,2024-10-31,-0.45403,"Chicago Fed Adjusted National Financial Conditions Index","1971-01-08","2024-10-25","Index","NSA",2024-10-30,"Weekly"," points",-2.65127,"ANFCI"
"258",1975-12-12,"ANFCI",-0.50027,2024-10-31,2024-10-31,-0.50027,"Chicago Fed Adjusted National Financial Conditions Index","1971-01-08","2024-10-25","Index","NSA",2024-10-30,"Weekly"," points",-2.78583,"ANFCI"
"259",1975-12-19,"ANFCI",-0.56657,2024-10-31,2024-10-31,-0.56657,"Chicago Fed Adjusted National Financial Conditions Index","1971-01-08","2024-10-25","Index","NSA",2024-10-30,"Weekly"," points",-2.87759,"ANFCI"
"260",1975-12-26,"ANFCI",-0.65215,2024-10-31,2024-10-31,-0.65215,"Chicago Fed Adjusted National Financial Conditions Index","1971-01-08","2024-10-25","Index","NSA",2024-10-30,"Weekly"," points",-2.89714,"ANFCI"
"261",1976-01-02,"ANFCI",-0.7523,2024-10-31,2024-10-31,-0.7523,"Chicago Fed Adjusted National Financial Conditions Index","1971-01-08","2024-10-25","Index","NSA",2024-10-30,"Weekly"," points",-2.83701,"ANFCI"
"262",1976-01-09,"ANFCI",-0.85899,2024-10-31,2024-10-31,-0.85899,"Chicago Fed Adjusted National Financial Conditions Index","1971-01-08","2024-10-25","Index","NSA",2024-10-30,"Weekly"," points",-2.70308,"ANFCI"
"263",1976-01-16,"ANFCI",-0.96224,2024-10-31,2024-10-31,-0.96224,"Chicago Fed Adjusted National Financial Conditions Index","1971-01-08","2024-10-25","Index","NSA",2024-10-30,"Weekly"," points",-2.51835,"ANFCI"
"264",1976-01-23,"ANFCI",-1.05307,2024-10-31,2024-10-31,-1.05307,"Chicago Fed Adjusted National Financial Conditions Index","1971-01-08","2024-10-25","Index","NSA",2024-10-30,"Weekly"," points",-2.31382,"ANFCI"
"265",1976-01-30,"ANFCI",-1.12446,2024-10-31,2024-10-31,-1.12446,"Chicago Fed Adjusted National Financial Conditions Index","1971-01-08","2024-10-25","Index","NSA",2024-10-30,"Weekly"," points",-2.1158,"ANFCI"
"266",1976-02-06,"ANFCI",-1.17184,2024-10-31,2024-10-31,-1.17184,"Chicago Fed Adjusted National Financial Conditions Index","1971-01-08","2024-10-25","Index","NSA",2024-10-30,"Weekly"," points",-1.93823,"ANFCI"
"267",1976-02-13,"ANFCI",-1.19311,2024-10-31,2024-10-31,-1.19311,"Chicago Fed Adjusted National Financial Conditions Index","1971-01-08","2024-10-25","Index","NSA",2024-10-30,"Weekly"," points",-1.78504,"ANFCI"
"268",1976-02-20,"ANFCI",-1.19418,2024-10-31,2024-10-31,-1.19418,"Chicago Fed Adjusted National Financial Conditions Index","1971-01-08","2024-10-25","Index","NSA",2024-10-30,"Weekly"," points",-1.6491,"ANFCI"
"269",1976-02-27,"ANFCI",-1.18087,2024-10-31,2024-10-31,-1.18087,"Chicago Fed Adjusted National Financial Conditions Index","1971-01-08","2024-10-25","Index","NSA",2024-10-30,"Weekly"," points",-1.51942,"ANFCI"
"270",1976-03-05,"ANFCI",-1.15985,2024-10-31,2024-10-31,-1.15985,"Chicago Fed Adjusted National Financial Conditions Index","1971-01-08","2024-10-25","Index","NSA",2024-10-30,"Weekly"," points",-1.39278,"ANFCI"
"271",1976-03-12,"ANFCI",-1.1354,2024-10-31,2024-10-31,-1.1354,"Chicago Fed Adjusted National Financial Conditions Index","1971-01-08","2024-10-25","Index","NSA",2024-10-30,"Weekly"," points",-1.26949,"ANFCI"
"272",1976-03-19,"ANFCI",-1.1108,2024-10-31,2024-10-31,-1.1108,"Chicago Fed Adjusted National Financial Conditions Index","1971-01-08","2024-10-25","Index","NSA",2024-10-30,"Weekly"," points",-1.15591,"ANFCI"
"273",1976-03-26,"ANFCI",-1.08482,2024-10-31,2024-10-31,-1.08482,"Chicago Fed Adjusted National Financial Conditions Index","1971-01-08","2024-10-25","Index","NSA",2024-10-30,"Weekly"," points",-1.05427,"ANFCI"
"274",1976-04-02,"ANFCI",-1.05501,2024-10-31,2024-10-31,-1.05501,"Chicago Fed Adjusted National Financial Conditions Index","1971-01-08","2024-10-25","Index","NSA",2024-10-30,"Weekly"," points",-0.96171,"ANFCI"
"275",1976-04-09,"ANFCI",-1.01658,2024-10-31,2024-10-31,-1.01658,"Chicago Fed Adjusted National Financial Conditions Index","1971-01-08","2024-10-25","Index","NSA",2024-10-30,"Weekly"," points",-0.86786,"ANFCI"
"276",1976-04-16,"ANFCI",-0.96638,2024-10-31,2024-10-31,-0.96638,"Chicago Fed Adjusted National Financial Conditions Index","1971-01-08","2024-10-25","Index","NSA",2024-10-30,"Weekly"," points",-0.76144,"ANFCI"
"277",1976-04-23,"ANFCI",-0.90284,2024-10-31,2024-10-31,-0.90284,"Chicago Fed Adjusted National Financial Conditions Index","1971-01-08","2024-10-25","Index","NSA",2024-10-30,"Weekly"," points",-0.63195,"ANFCI"
"278",1976-04-30,"ANFCI",-0.8251,2024-10-31,2024-10-31,-0.8251,"Chicago Fed Adjusted National Financial Conditions Index","1971-01-08","2024-10-25","Index","NSA",2024-10-30,"Weekly"," points",-0.47752,"ANFCI"
"279",1976-05-07,"ANFCI",-0.73584,2024-10-31,2024-10-31,-0.73584,"Chicago Fed Adjusted National Financial Conditions Index","1971-01-08","2024-10-25","Index","NSA",2024-10-30,"Weekly"," points",-0.30164,"ANFCI"
"280",1976-05-14,"ANFCI",-0.64256,2024-10-31,2024-10-31,-0.64256,"Chicago Fed Adjusted National Financial Conditions Index","1971-01-08","2024-10-25","Index","NSA",2024-10-30,"Weekly"," points",-0.12013,"ANFCI"
"281",1976-05-21,"ANFCI",-0.5542,2024-10-31,2024-10-31,-0.5542,"Chicago Fed Adjusted National Financial Conditions Index","1971-01-08","2024-10-25","Index","NSA",2024-10-30,"Weekly"," points",0.05101,"ANFCI"
"282",1976-05-28,"ANFCI",-0.48121,2024-10-31,2024-10-31,-0.48121,"Chicago Fed Adjusted National Financial Conditions Index","1971-01-08","2024-10-25","Index","NSA",2024-10-30,"Weekly"," points",0.19015,"ANFCI"
"283",1976-06-04,"ANFCI",-0.43403,2024-10-31,2024-10-31,-0.43403,"Chicago Fed Adjusted National Financial Conditions Index","1971-01-08","2024-10-25","Index","NSA",2024-10-30,"Weekly"," points",0.28186,"ANFCI"
"284",1976-06-11,"ANFCI",-0.41862,2024-10-31,2024-10-31,-0.41862,"Chicago Fed Adjusted National Financial Conditions Index","1971-01-08","2024-10-25","Index","NSA",2024-10-30,"Weekly"," points",0.32003,"ANFCI"
"285",1976-06-18,"ANFCI",-0.43517,2024-10-31,2024-10-31,-0.43517,"Chicago Fed Adjusted National Financial Conditions Index","1971-01-08","2024-10-25","Index","NSA",2024-10-30,"Weekly"," points",0.30986,"ANFCI"
"286",1976-06-25,"ANFCI",-0.48065,2024-10-31,2024-10-31,-0.48065,"Chicago Fed Adjusted National Financial Conditions Index","1971-01-08","2024-10-25","Index","NSA",2024-10-30,"Weekly"," points",0.261,"ANFCI"
"287",1976-07-02,"ANFCI",-0.54698,2024-10-31,2024-10-31,-0.54698,"Chicago Fed Adjusted National Financial Conditions Index","1971-01-08","2024-10-25","Index","NSA",2024-10-30,"Weekly"," points",0.19103,"ANFCI"
"288",1976-07-09,"ANFCI",-0.62574,2024-10-31,2024-10-31,-0.62574,"Chicago Fed Adjusted National Financial Conditions Index","1971-01-08","2024-10-25","Index","NSA",2024-10-30,"Weekly"," points",0.11752,"ANFCI"
"289",1976-07-16,"ANFCI",-0.7096,2024-10-31,2024-10-31,-0.7096,"Chicago Fed Adjusted National Financial Conditions Index","1971-01-08","2024-10-25","Index","NSA",2024-10-30,"Weekly"," points",0.05176,"ANFCI"
"290",1976-07-23,"ANFCI",-0.79319,2024-10-31,2024-10-31,-0.79319,"Chicago Fed Adjusted National Financial Conditions Index","1971-01-08","2024-10-25","Index","NSA",2024-10-30,"Weekly"," points",-0.00414999999999999,"ANFCI"
"291",1976-07-30,"ANFCI",-0.87183,2024-10-31,2024-10-31,-0.87183,"Chicago Fed Adjusted National Financial Conditions Index","1971-01-08","2024-10-25","Index","NSA",2024-10-30,"Weekly"," points",-0.05152,"ANFCI"
"292",1976-08-06,"ANFCI",-0.94412,2024-10-31,2024-10-31,-0.94412,"Chicago Fed Adjusted National Financial Conditions Index","1971-01-08","2024-10-25","Index","NSA",2024-10-30,"Weekly"," points",-0.09836,"ANFCI"
"293",1976-08-13,"ANFCI",-1.0077,2024-10-31,2024-10-31,-1.0077,"Chicago Fed Adjusted National Financial Conditions Index","1971-01-08","2024-10-25","Index","NSA",2024-10-30,"Weekly"," points",-0.15079,"ANFCI"
"294",1976-08-20,"ANFCI",-1.06207,2024-10-31,2024-10-31,-1.06207,"Chicago Fed Adjusted National Financial Conditions Index","1971-01-08","2024-10-25","Index","NSA",2024-10-30,"Weekly"," points",-0.21441,"ANFCI"
"295",1976-08-27,"ANFCI",-1.10683,2024-10-31,2024-10-31,-1.10683,"Chicago Fed Adjusted National Financial Conditions Index","1971-01-08","2024-10-25","Index","NSA",2024-10-30,"Weekly"," points",-0.29105,"ANFCI"
"296",1976-09-03,"ANFCI",-1.14326,2024-10-31,2024-10-31,-1.14326,"Chicago Fed Adjusted National Financial Conditions Index","1971-01-08","2024-10-25","Index","NSA",2024-10-30,"Weekly"," points",-0.37868,"ANFCI"
"297",1976-09-10,"ANFCI",-1.17309,2024-10-31,2024-10-31,-1.17309,"Chicago Fed Adjusted National Financial Conditions Index","1971-01-08","2024-10-25","Index","NSA",2024-10-30,"Weekly"," points",-0.47386,"ANFCI"
"298",1976-09-17,"ANFCI",-1.19916,2024-10-31,2024-10-31,-1.19916,"Chicago Fed Adjusted National Financial Conditions Index","1971-01-08","2024-10-25","Index","NSA",2024-10-30,"Weekly"," points",-0.57098,"ANFCI"
"299",1976-09-24,"ANFCI",-1.22464,2024-10-31,2024-10-31,-1.22464,"Chicago Fed Adjusted National Financial Conditions Index","1971-01-08","2024-10-25","Index","NSA",2024-10-30,"Weekly"," points",-0.66243,"ANFCI"
"300",1976-10-01,"ANFCI",-1.2505,2024-10-31,2024-10-31,-1.2505,"Chicago Fed Adjusted National Financial Conditions Index","1971-01-08","2024-10-25","Index","NSA",2024-10-30,"Weekly"," points",-0.74254,"ANFCI"
"301",1976-10-08,"ANFCI",-1.27784,2024-10-31,2024-10-31,-1.27784,"Chicago Fed Adjusted National Financial Conditions Index","1971-01-08","2024-10-25","Index","NSA",2024-10-30,"Weekly"," points",-0.80721,"ANFCI"
"302",1976-10-15,"ANFCI",-1.30343,2024-10-31,2024-10-31,-1.30343,"Chicago Fed Adjusted National Financial Conditions Index","1971-01-08","2024-10-25","Index","NSA",2024-10-30,"Weekly"," points",-0.85444,"ANFCI"
"303",1976-10-22,"ANFCI",-1.3226,2024-10-31,2024-10-31,-1.3226,"Chicago Fed Adjusted National Financial Conditions Index","1971-01-08","2024-10-25","Index","NSA",2024-10-30,"Weekly"," points",-0.88548,"ANFCI"
"304",1976-10-29,"ANFCI",-1.32941,2024-10-31,2024-10-31,-1.32941,"Chicago Fed Adjusted National Financial Conditions Index","1971-01-08","2024-10-25","Index","NSA",2024-10-30,"Weekly"," points",-0.90016,"ANFCI"
"305",1976-11-05,"ANFCI",-1.32045,2024-10-31,2024-10-31,-1.32045,"Chicago Fed Adjusted National Financial Conditions Index","1971-01-08","2024-10-25","Index","NSA",2024-10-30,"Weekly"," points",-0.89739,"ANFCI"
"306",1976-11-12,"ANFCI",-1.29353,2024-10-31,2024-10-31,-1.29353,"Chicago Fed Adjusted National Financial Conditions Index","1971-01-08","2024-10-25","Index","NSA",2024-10-30,"Weekly"," points",-0.87531,"ANFCI"
"307",1976-11-19,"ANFCI",-1.25157,2024-10-31,2024-10-31,-1.25157,"Chicago Fed Adjusted National Financial Conditions Index","1971-01-08","2024-10-25","Index","NSA",2024-10-30,"Weekly"," points",-0.83385,"ANFCI"
"308",1976-11-26,"ANFCI",-1.20302,2024-10-31,2024-10-31,-1.20302,"Chicago Fed Adjusted National Financial Conditions Index","1971-01-08","2024-10-25","Index","NSA",2024-10-30,"Weekly"," points",-0.7752,"ANFCI"
"309",1976-12-03,"ANFCI",-1.15696,2024-10-31,2024-10-31,-1.15696,"Chicago Fed Adjusted National Financial Conditions Index","1971-01-08","2024-10-25","Index","NSA",2024-10-30,"Weekly"," points",-0.70293,"ANFCI"
"310",1976-12-10,"ANFCI",-1.12531,2024-10-31,2024-10-31,-1.12531,"Chicago Fed Adjusted National Financial Conditions Index","1971-01-08","2024-10-25","Index","NSA",2024-10-30,"Weekly"," points",-0.62504,"ANFCI"
"311",1976-12-17,"ANFCI",-1.11417,2024-10-31,2024-10-31,-1.11417,"Chicago Fed Adjusted National Financial Conditions Index","1971-01-08","2024-10-25","Index","NSA",2024-10-30,"Weekly"," points",-0.5476,"ANFCI"
"312",1976-12-24,"ANFCI",-1.12793,2024-10-31,2024-10-31,-1.12793,"Chicago Fed Adjusted National Financial Conditions Index","1971-01-08","2024-10-25","Index","NSA",2024-10-30,"Weekly"," points",-0.47578,"ANFCI"
"313",1976-12-31,"ANFCI",-1.16443,2024-10-31,2024-10-31,-1.16443,"Chicago Fed Adjusted National Financial Conditions Index","1971-01-08","2024-10-25","Index","NSA",2024-10-30,"Weekly"," points",-0.41213,"ANFCI"
"314",1977-01-07,"ANFCI",-1.21741,2024-10-31,2024-10-31,-1.21741,"Chicago Fed Adjusted National Financial Conditions Index","1971-01-08","2024-10-25","Index","NSA",2024-10-30,"Weekly"," points",-0.35842,"ANFCI"
"315",1977-01-14,"ANFCI",-1.27558,2024-10-31,2024-10-31,-1.27558,"Chicago Fed Adjusted National Financial Conditions Index","1971-01-08","2024-10-25","Index","NSA",2024-10-30,"Weekly"," points",-0.31334,"ANFCI"
"316",1977-01-21,"ANFCI",-1.33044,2024-10-31,2024-10-31,-1.33044,"Chicago Fed Adjusted National Financial Conditions Index","1971-01-08","2024-10-25","Index","NSA",2024-10-30,"Weekly"," points",-0.27737,"ANFCI"
"317",1977-01-28,"ANFCI",-1.37486,2024-10-31,2024-10-31,-1.37486,"Chicago Fed Adjusted National Financial Conditions Index","1971-01-08","2024-10-25","Index","NSA",2024-10-30,"Weekly"," points",-0.2504,"ANFCI"
"318",1977-02-04,"ANFCI",-1.40425,2024-10-31,2024-10-31,-1.40425,"Chicago Fed Adjusted National Financial Conditions Index","1971-01-08","2024-10-25","Index","NSA",2024-10-30,"Weekly"," points",-0.23241,"ANFCI"
"319",1977-02-11,"ANFCI",-1.41744,2024-10-31,2024-10-31,-1.41744,"Chicago Fed Adjusted National Financial Conditions Index","1971-01-08","2024-10-25","Index","NSA",2024-10-30,"Weekly"," points",-0.22433,"ANFCI"
"320",1977-02-18,"ANFCI",-1.41604,2024-10-31,2024-10-31,-1.41604,"Chicago Fed Adjusted National Financial Conditions Index","1971-01-08","2024-10-25","Index","NSA",2024-10-30,"Weekly"," points",-0.22186,"ANFCI"
"321",1977-02-25,"ANFCI",-1.40242,2024-10-31,2024-10-31,-1.40242,"Chicago Fed Adjusted National Financial Conditions Index","1971-01-08","2024-10-25","Index","NSA",2024-10-30,"Weekly"," points",-0.22155,"ANFCI"
"322",1977-03-04,"ANFCI",-1.37932,2024-10-31,2024-10-31,-1.37932,"Chicago Fed Adjusted National Financial Conditions Index","1971-01-08","2024-10-25","Index","NSA",2024-10-30,"Weekly"," points",-0.21947,"ANFCI"
"323",1977-03-11,"ANFCI",-1.35132,2024-10-31,2024-10-31,-1.35132,"Chicago Fed Adjusted National Financial Conditions Index","1971-01-08","2024-10-25","Index","NSA",2024-10-30,"Weekly"," points",-0.21592,"ANFCI"
"324",1977-03-18,"ANFCI",-1.32245,2024-10-31,2024-10-31,-1.32245,"Chicago Fed Adjusted National Financial Conditions Index","1971-01-08","2024-10-25","Index","NSA",2024-10-30,"Weekly"," points",-0.21165,"ANFCI"
"325",1977-03-25,"ANFCI",-1.29661,2024-10-31,2024-10-31,-1.29661,"Chicago Fed Adjusted National Financial Conditions Index","1971-01-08","2024-10-25","Index","NSA",2024-10-30,"Weekly"," points",-0.21179,"ANFCI"
"326",1977-04-01,"ANFCI",-1.27535,2024-10-31,2024-10-31,-1.27535,"Chicago Fed Adjusted National Financial Conditions Index","1971-01-08","2024-10-25","Index","NSA",2024-10-30,"Weekly"," points",-0.22034,"ANFCI"
"327",1977-04-08,"ANFCI",-1.25837,2024-10-31,2024-10-31,-1.25837,"Chicago Fed Adjusted National Financial Conditions Index","1971-01-08","2024-10-25","Index","NSA",2024-10-30,"Weekly"," points",-0.24179,"ANFCI"
"328",1977-04-15,"ANFCI",-1.24076,2024-10-31,2024-10-31,-1.24076,"Chicago Fed Adjusted National Financial Conditions Index","1971-01-08","2024-10-25","Index","NSA",2024-10-30,"Weekly"," points",-0.27438,"ANFCI"
"329",1977-04-22,"ANFCI",-1.21868,2024-10-31,2024-10-31,-1.21868,"Chicago Fed Adjusted National Financial Conditions Index","1971-01-08","2024-10-25","Index","NSA",2024-10-30,"Weekly"," points",-0.31584,"ANFCI"
"330",1977-04-29,"ANFCI",-1.188,2024-10-31,2024-10-31,-1.188,"Chicago Fed Adjusted National Financial Conditions Index","1971-01-08","2024-10-25","Index","NSA",2024-10-30,"Weekly"," points",-0.3629,"ANFCI"
"331",1977-05-06,"ANFCI",-1.14971,2024-10-31,2024-10-31,-1.14971,"Chicago Fed Adjusted National Financial Conditions Index","1971-01-08","2024-10-25","Index","NSA",2024-10-30,"Weekly"," points",-0.41387,"ANFCI"
"332",1977-05-13,"ANFCI",-1.10674,2024-10-31,2024-10-31,-1.10674,"Chicago Fed Adjusted National Financial Conditions Index","1971-01-08","2024-10-25","Index","NSA",2024-10-30,"Weekly"," points",-0.46418,"ANFCI"
"333",1977-05-20,"ANFCI",-1.06764,2024-10-31,2024-10-31,-1.06764,"Chicago Fed Adjusted National Financial Conditions Index","1971-01-08","2024-10-25","Index","NSA",2024-10-30,"Weekly"," points",-0.51344,"ANFCI"
"334",1977-05-27,"ANFCI",-1.03863,2024-10-31,2024-10-31,-1.03863,"Chicago Fed Adjusted National Financial Conditions Index","1971-01-08","2024-10-25","Index","NSA",2024-10-30,"Weekly"," points",-0.55742,"ANFCI"
"335",1977-06-03,"ANFCI",-1.02609,2024-10-31,2024-10-31,-1.02609,"Chicago Fed Adjusted National Financial Conditions Index","1971-01-08","2024-10-25","Index","NSA",2024-10-30,"Weekly"," points",-0.59206,"ANFCI"
"336",1977-06-10,"ANFCI",-1.03244,2024-10-31,2024-10-31,-1.03244,"Chicago Fed Adjusted National Financial Conditions Index","1971-01-08","2024-10-25","Index","NSA",2024-10-30,"Weekly"," points",-0.61382,"ANFCI"
"337",1977-06-17,"ANFCI",-1.05526,2024-10-31,2024-10-31,-1.05526,"Chicago Fed Adjusted National Financial Conditions Index","1971-01-08","2024-10-25","Index","NSA",2024-10-30,"Weekly"," points",-0.62009,"ANFCI"
"338",1977-06-24,"ANFCI",-1.09121,2024-10-31,2024-10-31,-1.09121,"Chicago Fed Adjusted National Financial Conditions Index","1971-01-08","2024-10-25","Index","NSA",2024-10-30,"Weekly"," points",-0.61056,"ANFCI"
"339",1977-07-01,"ANFCI",-1.13442,2024-10-31,2024-10-31,-1.13442,"Chicago Fed Adjusted National Financial Conditions Index","1971-01-08","2024-10-25","Index","NSA",2024-10-30,"Weekly"," points",-0.58744,"ANFCI"
"340",1977-07-08,"ANFCI",-1.17749,2024-10-31,2024-10-31,-1.17749,"Chicago Fed Adjusted National Financial Conditions Index","1971-01-08","2024-10-25","Index","NSA",2024-10-30,"Weekly"," points",-0.55175,"ANFCI"
"341",1977-07-15,"ANFCI",-1.21139,2024-10-31,2024-10-31,-1.21139,"Chicago Fed Adjusted National Financial Conditions Index","1971-01-08","2024-10-25","Index","NSA",2024-10-30,"Weekly"," points",-0.50179,"ANFCI"
"342",1977-07-22,"ANFCI",-1.22972,2024-10-31,2024-10-31,-1.22972,"Chicago Fed Adjusted National Financial Conditions Index","1971-01-08","2024-10-25","Index","NSA",2024-10-30,"Weekly"," points",-0.43653,"ANFCI"
"343",1977-07-29,"ANFCI",-1.22851,2024-10-31,2024-10-31,-1.22851,"Chicago Fed Adjusted National Financial Conditions Index","1971-01-08","2024-10-25","Index","NSA",2024-10-30,"Weekly"," points",-0.35668,"ANFCI"
"344",1977-08-05,"ANFCI",-1.20895,2024-10-31,2024-10-31,-1.20895,"Chicago Fed Adjusted National Financial Conditions Index","1971-01-08","2024-10-25","Index","NSA",2024-10-30,"Weekly"," points",-0.26483,"ANFCI"
"345",1977-08-12,"ANFCI",-1.17609,2024-10-31,2024-10-31,-1.17609,"Chicago Fed Adjusted National Financial Conditions Index","1971-01-08","2024-10-25","Index","NSA",2024-10-30,"Weekly"," points",-0.16839,"ANFCI"
"346",1977-08-19,"ANFCI",-1.13706,2024-10-31,2024-10-31,-1.13706,"Chicago Fed Adjusted National Financial Conditions Index","1971-01-08","2024-10-25","Index","NSA",2024-10-30,"Weekly"," points",-0.0749899999999999,"ANFCI"
"347",1977-08-26,"ANFCI",-1.09835,2024-10-31,2024-10-31,-1.09835,"Chicago Fed Adjusted National Financial Conditions Index","1971-01-08","2024-10-25","Index","NSA",2024-10-30,"Weekly"," points",0.00848000000000004,"ANFCI"
"348",1977-09-02,"ANFCI",-1.06262,2024-10-31,2024-10-31,-1.06262,"Chicago Fed Adjusted National Financial Conditions Index","1971-01-08","2024-10-25","Index","NSA",2024-10-30,"Weekly"," points",0.08064,"ANFCI"
"349",1977-09-09,"ANFCI",-1.0286,2024-10-31,2024-10-31,-1.0286,"Chicago Fed Adjusted National Financial Conditions Index","1971-01-08","2024-10-25","Index","NSA",2024-10-30,"Weekly"," points",0.14449,"ANFCI"
"350",1977-09-16,"ANFCI",-0.99244,2024-10-31,2024-10-31,-0.99244,"Chicago Fed Adjusted National Financial Conditions Index","1971-01-08","2024-10-25","Index","NSA",2024-10-30,"Weekly"," points",0.20672,"ANFCI"
"351",1977-09-23,"ANFCI",-0.95194,2024-10-31,2024-10-31,-0.95194,"Chicago Fed Adjusted National Financial Conditions Index","1971-01-08","2024-10-25","Index","NSA",2024-10-30,"Weekly"," points",0.2727,"ANFCI"
"352",1977-09-30,"ANFCI",-0.90546,2024-10-31,2024-10-31,-0.90546,"Chicago Fed Adjusted National Financial Conditions Index","1971-01-08","2024-10-25","Index","NSA",2024-10-30,"Weekly"," points",0.34504,"ANFCI"
"353",1977-10-07,"ANFCI",-0.85585,2024-10-31,2024-10-31,-0.85585,"Chicago Fed Adjusted National Financial Conditions Index","1971-01-08","2024-10-25","Index","NSA",2024-10-30,"Weekly"," points",0.42199,"ANFCI"
"354",1977-10-14,"ANFCI",-0.80613,2024-10-31,2024-10-31,-0.80613,"Chicago Fed Adjusted National Financial Conditions Index","1971-01-08","2024-10-25","Index","NSA",2024-10-30,"Weekly"," points",0.4973,"ANFCI"
"355",1977-10-21,"ANFCI",-0.75898,2024-10-31,2024-10-31,-0.75898,"Chicago Fed Adjusted National Financial Conditions Index","1971-01-08","2024-10-25","Index","NSA",2024-10-30,"Weekly"," points",0.56362,"ANFCI"
"356",1977-10-28,"ANFCI",-0.71625,2024-10-31,2024-10-31,-0.71625,"Chicago Fed Adjusted National Financial Conditions Index","1971-01-08","2024-10-25","Index","NSA",2024-10-30,"Weekly"," points",0.61316,"ANFCI"
"357",1977-11-04,"ANFCI",-0.67708,2024-10-31,2024-10-31,-0.67708,"Chicago Fed Adjusted National Financial Conditions Index","1971-01-08","2024-10-25","Index","NSA",2024-10-30,"Weekly"," points",0.64337,"ANFCI"
"358",1977-11-11,"ANFCI",-0.64016,2024-10-31,2024-10-31,-0.64016,"Chicago Fed Adjusted National Financial Conditions Index","1971-01-08","2024-10-25","Index","NSA",2024-10-30,"Weekly"," points",0.65337,"ANFCI"
"359",1977-11-18,"ANFCI",-0.60482,2024-10-31,2024-10-31,-0.60482,"Chicago Fed Adjusted National Financial Conditions Index","1971-01-08","2024-10-25","Index","NSA",2024-10-30,"Weekly"," points",0.64675,"ANFCI"
"360",1977-11-25,"ANFCI",-0.57221,2024-10-31,2024-10-31,-0.57221,"Chicago Fed Adjusted National Financial Conditions Index","1971-01-08","2024-10-25","Index","NSA",2024-10-30,"Weekly"," points",0.63081,"ANFCI"
"361",1977-12-02,"ANFCI",-0.54457,2024-10-31,2024-10-31,-0.54457,"Chicago Fed Adjusted National Financial Conditions Index","1971-01-08","2024-10-25","Index","NSA",2024-10-30,"Weekly"," points",0.61239,"ANFCI"
"362",1977-12-09,"ANFCI",-0.52617,2024-10-31,2024-10-31,-0.52617,"Chicago Fed Adjusted National Financial Conditions Index","1971-01-08","2024-10-25","Index","NSA",2024-10-30,"Weekly"," points",0.59914,"ANFCI"
"363",1977-12-16,"ANFCI",-0.52012,2024-10-31,2024-10-31,-0.52012,"Chicago Fed Adjusted National Financial Conditions Index","1971-01-08","2024-10-25","Index","NSA",2024-10-30,"Weekly"," points",0.59405,"ANFCI"
"364",1977-12-23,"ANFCI",-0.52814,2024-10-31,2024-10-31,-0.52814,"Chicago Fed Adjusted National Financial Conditions Index","1971-01-08","2024-10-25","Index","NSA",2024-10-30,"Weekly"," points",0.59979,"ANFCI"
"365",1977-12-30,"ANFCI",-0.54828,2024-10-31,2024-10-31,-0.54828,"Chicago Fed Adjusted National Financial Conditions Index","1971-01-08","2024-10-25","Index","NSA",2024-10-30,"Weekly"," points",0.61615,"ANFCI"
"366",1978-01-06,"ANFCI",-0.5777,2024-10-31,2024-10-31,-0.5777,"Chicago Fed Adjusted National Financial Conditions Index","1971-01-08","2024-10-25","Index","NSA",2024-10-30,"Weekly"," points",0.63971,"ANFCI"
"367",1978-01-13,"ANFCI",-0.61086,2024-10-31,2024-10-31,-0.61086,"Chicago Fed Adjusted National Financial Conditions Index","1971-01-08","2024-10-25","Index","NSA",2024-10-30,"Weekly"," points",0.66472,"ANFCI"
"368",1978-01-20,"ANFCI",-0.6418,2024-10-31,2024-10-31,-0.6418,"Chicago Fed Adjusted National Financial Conditions Index","1971-01-08","2024-10-25","Index","NSA",2024-10-30,"Weekly"," points",0.68864,"ANFCI"
"369",1978-01-27,"ANFCI",-0.66678,2024-10-31,2024-10-31,-0.66678,"Chicago Fed Adjusted National Financial Conditions Index","1971-01-08","2024-10-25","Index","NSA",2024-10-30,"Weekly"," points",0.70808,"ANFCI"
"370",1978-02-03,"ANFCI",-0.68201,2024-10-31,2024-10-31,-0.68201,"Chicago Fed Adjusted National Financial Conditions Index","1971-01-08","2024-10-25","Index","NSA",2024-10-30,"Weekly"," points",0.72224,"ANFCI"
"371",1978-02-10,"ANFCI",-0.68495,2024-10-31,2024-10-31,-0.68495,"Chicago Fed Adjusted National Financial Conditions Index","1971-01-08","2024-10-25","Index","NSA",2024-10-30,"Weekly"," points",0.73249,"ANFCI"
"372",1978-02-17,"ANFCI",-0.67426,2024-10-31,2024-10-31,-0.67426,"Chicago Fed Adjusted National Financial Conditions Index","1971-01-08","2024-10-25","Index","NSA",2024-10-30,"Weekly"," points",0.74178,"ANFCI"
"373",1978-02-24,"ANFCI",-0.65098,2024-10-31,2024-10-31,-0.65098,"Chicago Fed Adjusted National Financial Conditions Index","1971-01-08","2024-10-25","Index","NSA",2024-10-30,"Weekly"," points",0.75144,"ANFCI"
"374",1978-03-03,"ANFCI",-0.61903,2024-10-31,2024-10-31,-0.61903,"Chicago Fed Adjusted National Financial Conditions Index","1971-01-08","2024-10-25","Index","NSA",2024-10-30,"Weekly"," points",0.76029,"ANFCI"
"375",1978-03-10,"ANFCI",-0.583,2024-10-31,2024-10-31,-0.583,"Chicago Fed Adjusted National Financial Conditions Index","1971-01-08","2024-10-25","Index","NSA",2024-10-30,"Weekly"," points",0.76832,"ANFCI"
"376",1978-03-17,"ANFCI",-0.54713,2024-10-31,2024-10-31,-0.54713,"Chicago Fed Adjusted National Financial Conditions Index","1971-01-08","2024-10-25","Index","NSA",2024-10-30,"Weekly"," points",0.77532,"ANFCI"
"377",1978-03-24,"ANFCI",-0.51268,2024-10-31,2024-10-31,-0.51268,"Chicago Fed Adjusted National Financial Conditions Index","1971-01-08","2024-10-25","Index","NSA",2024-10-30,"Weekly"," points",0.78393,"ANFCI"
"378",1978-03-31,"ANFCI",-0.47882,2024-10-31,2024-10-31,-0.47882,"Chicago Fed Adjusted National Financial Conditions Index","1971-01-08","2024-10-25","Index","NSA",2024-10-30,"Weekly"," points",0.79653,"ANFCI"
"379",1978-04-07,"ANFCI",-0.44088,2024-10-31,2024-10-31,-0.44088,"Chicago Fed Adjusted National Financial Conditions Index","1971-01-08","2024-10-25","Index","NSA",2024-10-30,"Weekly"," points",0.81749,"ANFCI"
"380",1978-04-14,"ANFCI",-0.3938,2024-10-31,2024-10-31,-0.3938,"Chicago Fed Adjusted National Financial Conditions Index","1971-01-08","2024-10-25","Index","NSA",2024-10-30,"Weekly"," points",0.84696,"ANFCI"
"381",1978-04-21,"ANFCI",-0.33613,2024-10-31,2024-10-31,-0.33613,"Chicago Fed Adjusted National Financial Conditions Index","1971-01-08","2024-10-25","Index","NSA",2024-10-30,"Weekly"," points",0.88255,"ANFCI"
"382",1978-04-28,"ANFCI",-0.26984,2024-10-31,2024-10-31,-0.26984,"Chicago Fed Adjusted National Financial Conditions Index","1971-01-08","2024-10-25","Index","NSA",2024-10-30,"Weekly"," points",0.91816,"ANFCI"
"383",1978-05-05,"ANFCI",-0.20045,2024-10-31,2024-10-31,-0.20045,"Chicago Fed Adjusted National Financial Conditions Index","1971-01-08","2024-10-25","Index","NSA",2024-10-30,"Weekly"," points",0.94926,"ANFCI"
"384",1978-05-12,"ANFCI",-0.13418,2024-10-31,2024-10-31,-0.13418,"Chicago Fed Adjusted National Financial Conditions Index","1971-01-08","2024-10-25","Index","NSA",2024-10-30,"Weekly"," points",0.97256,"ANFCI"
"385",1978-05-19,"ANFCI",-0.07778,2024-10-31,2024-10-31,-0.07778,"Chicago Fed Adjusted National Financial Conditions Index","1971-01-08","2024-10-25","Index","NSA",2024-10-30,"Weekly"," points",0.98986,"ANFCI"
"386",1978-05-26,"ANFCI",-0.03518,2024-10-31,2024-10-31,-0.03518,"Chicago Fed Adjusted National Financial Conditions Index","1971-01-08","2024-10-25","Index","NSA",2024-10-30,"Weekly"," points",1.00345,"ANFCI"
"387",1978-06-02,"ANFCI",-0.00677,2024-10-31,2024-10-31,-0.00677,"Chicago Fed Adjusted National Financial Conditions Index","1971-01-08","2024-10-25","Index","NSA",2024-10-30,"Weekly"," points",1.01932,"ANFCI"
"388",1978-06-09,"ANFCI",0.00787,2024-10-31,2024-10-31,0.00787,"Chicago Fed Adjusted National Financial Conditions Index","1971-01-08","2024-10-25","Index","NSA",2024-10-30,"Weekly"," points",1.04031,"ANFCI"
"389",1978-06-16,"ANFCI",0.01249,2024-10-31,2024-10-31,0.01249,"Chicago Fed Adjusted National Financial Conditions Index","1971-01-08","2024-10-25","Index","NSA",2024-10-30,"Weekly"," points",1.06775,"ANFCI"
"390",1978-06-23,"ANFCI",0.00953,2024-10-31,2024-10-31,0.00953,"Chicago Fed Adjusted National Financial Conditions Index","1971-01-08","2024-10-25","Index","NSA",2024-10-30,"Weekly"," points",1.10074,"ANFCI"
"391",1978-06-30,"ANFCI",0.00288,2024-10-31,2024-10-31,0.00288,"Chicago Fed Adjusted National Financial Conditions Index","1971-01-08","2024-10-25","Index","NSA",2024-10-30,"Weekly"," points",1.1373,"ANFCI"
"392",1978-07-07,"ANFCI",-0.00427,2024-10-31,2024-10-31,-0.00427,"Chicago Fed Adjusted National Financial Conditions Index","1971-01-08","2024-10-25","Index","NSA",2024-10-30,"Weekly"," points",1.17322,"ANFCI"
"393",1978-07-14,"ANFCI",-0.01191,2024-10-31,2024-10-31,-0.01191,"Chicago Fed Adjusted National Financial Conditions Index","1971-01-08","2024-10-25","Index","NSA",2024-10-30,"Weekly"," points",1.19948,"ANFCI"
"394",1978-07-21,"ANFCI",-0.02236,2024-10-31,2024-10-31,-0.02236,"Chicago Fed Adjusted National Financial Conditions Index","1971-01-08","2024-10-25","Index","NSA",2024-10-30,"Weekly"," points",1.20736,"ANFCI"
"395",1978-07-28,"ANFCI",-0.04126,2024-10-31,2024-10-31,-0.04126,"Chicago Fed Adjusted National Financial Conditions Index","1971-01-08","2024-10-25","Index","NSA",2024-10-30,"Weekly"," points",1.18725,"ANFCI"
"396",1978-08-04,"ANFCI",-0.07499,2024-10-31,2024-10-31,-0.07499,"Chicago Fed Adjusted National Financial Conditions Index","1971-01-08","2024-10-25","Index","NSA",2024-10-30,"Weekly"," points",1.13396,"ANFCI"
"397",1978-08-11,"ANFCI",-0.12499,2024-10-31,2024-10-31,-0.12499,"Chicago Fed Adjusted National Financial Conditions Index","1971-01-08","2024-10-25","Index","NSA",2024-10-30,"Weekly"," points",1.0511,"ANFCI"
"398",1978-08-18,"ANFCI",-0.18471,2024-10-31,2024-10-31,-0.18471,"Chicago Fed Adjusted National Financial Conditions Index","1971-01-08","2024-10-25","Index","NSA",2024-10-30,"Weekly"," points",0.95235,"ANFCI"
"399",1978-08-25,"ANFCI",-0.24017,2024-10-31,2024-10-31,-0.24017,"Chicago Fed Adjusted National Financial Conditions Index","1971-01-08","2024-10-25","Index","NSA",2024-10-30,"Weekly"," points",0.85818,"ANFCI"
"400",1978-09-01,"ANFCI",-0.27378,2024-10-31,2024-10-31,-0.27378,"Chicago Fed Adjusted National Financial Conditions Index","1971-01-08","2024-10-25","Index","NSA",2024-10-30,"Weekly"," points",0.78884,"ANFCI"
"401",1978-09-08,"ANFCI",-0.26346,2024-10-31,2024-10-31,-0.26346,"Chicago Fed Adjusted National Financial Conditions Index","1971-01-08","2024-10-25","Index","NSA",2024-10-30,"Weekly"," points",0.76514,"ANFCI"
"402",1978-09-15,"ANFCI",-0.19241,2024-10-31,2024-10-31,-0.19241,"Chicago Fed Adjusted National Financial Conditions Index","1971-01-08","2024-10-25","Index","NSA",2024-10-30,"Weekly"," points",0.80003,"ANFCI"
"403",1978-09-22,"ANFCI",-0.05163,2024-10-31,2024-10-31,-0.05163,"Chicago Fed Adjusted National Financial Conditions Index","1971-01-08","2024-10-25","Index","NSA",2024-10-30,"Weekly"," points",0.90031,"ANFCI"
"404",1978-09-29,"ANFCI",0.16163,2024-10-31,2024-10-31,0.16163,"Chicago Fed Adjusted National Financial Conditions Index","1971-01-08","2024-10-25","Index","NSA",2024-10-30,"Weekly"," points",1.06709,"ANFCI"
"405",1978-10-06,"ANFCI",0.43466,2024-10-31,2024-10-31,0.43466,"Chicago Fed Adjusted National Financial Conditions Index","1971-01-08","2024-10-25","Index","NSA",2024-10-30,"Weekly"," points",1.29051,"ANFCI"
"406",1978-10-13,"ANFCI",0.74856,2024-10-31,2024-10-31,0.74856,"Chicago Fed Adjusted National Financial Conditions Index","1971-01-08","2024-10-25","Index","NSA",2024-10-30,"Weekly"," points",1.55469,"ANFCI"
"407",1978-10-20,"ANFCI",1.07426,2024-10-31,2024-10-31,1.07426,"Chicago Fed Adjusted National Financial Conditions Index","1971-01-08","2024-10-25","Index","NSA",2024-10-30,"Weekly"," points",1.83324,"ANFCI"
"408",1978-10-27,"ANFCI",1.37995,2024-10-31,2024-10-31,1.37995,"Chicago Fed Adjusted National Financial Conditions Index","1971-01-08","2024-10-25","Index","NSA",2024-10-30,"Weekly"," points",2.0962,"ANFCI"
"409",1978-11-03,"ANFCI",1.6298,2024-10-31,2024-10-31,1.6298,"Chicago Fed Adjusted National Financial Conditions Index","1971-01-08","2024-10-25","Index","NSA",2024-10-30,"Weekly"," points",2.30688,"ANFCI"
"410",1978-11-10,"ANFCI",1.80523,2024-10-31,2024-10-31,1.80523,"Chicago Fed Adjusted National Financial Conditions Index","1971-01-08","2024-10-25","Index","NSA",2024-10-30,"Weekly"," points",2.44539,"ANFCI"
"411",1978-11-17,"ANFCI",1.89505,2024-10-31,2024-10-31,1.89505,"Chicago Fed Adjusted National Financial Conditions Index","1971-01-08","2024-10-25","Index","NSA",2024-10-30,"Weekly"," points",2.49987,"ANFCI"
"412",1978-11-24,"ANFCI",1.8972,2024-10-31,2024-10-31,1.8972,"Chicago Fed Adjusted National Financial Conditions Index","1971-01-08","2024-10-25","Index","NSA",2024-10-30,"Weekly"," points",2.46941,"ANFCI"
"413",1978-12-01,"ANFCI",1.83438,2024-10-31,2024-10-31,1.83438,"Chicago Fed Adjusted National Financial Conditions Index","1971-01-08","2024-10-25","Index","NSA",2024-10-30,"Weekly"," points",2.37895,"ANFCI"
"414",1978-12-08,"ANFCI",1.72607,2024-10-31,2024-10-31,1.72607,"Chicago Fed Adjusted National Financial Conditions Index","1971-01-08","2024-10-25","Index","NSA",2024-10-30,"Weekly"," points",2.25224,"ANFCI"
"415",1978-12-15,"ANFCI",1.5907,2024-10-31,2024-10-31,1.5907,"Chicago Fed Adjusted National Financial Conditions Index","1971-01-08","2024-10-25","Index","NSA",2024-10-30,"Weekly"," points",2.11082,"ANFCI"
"416",1978-12-22,"ANFCI",1.44177,2024-10-31,2024-10-31,1.44177,"Chicago Fed Adjusted National Financial Conditions Index","1971-01-08","2024-10-25","Index","NSA",2024-10-30,"Weekly"," points",1.96991,"ANFCI"
"417",1978-12-29,"ANFCI",1.2827,2024-10-31,2024-10-31,1.2827,"Chicago Fed Adjusted National Financial Conditions Index","1971-01-08","2024-10-25","Index","NSA",2024-10-30,"Weekly"," points",1.83098,"ANFCI"
"418",1979-01-05,"ANFCI",1.11251,2024-10-31,2024-10-31,1.11251,"Chicago Fed Adjusted National Financial Conditions Index","1971-01-08","2024-10-25","Index","NSA",2024-10-30,"Weekly"," points",1.69021,"ANFCI"
"419",1979-01-12,"ANFCI",0.93271,2024-10-31,2024-10-31,0.93271,"Chicago Fed Adjusted National Financial Conditions Index","1971-01-08","2024-10-25","Index","NSA",2024-10-30,"Weekly"," points",1.54357,"ANFCI"
"420",1979-01-19,"ANFCI",0.74766,2024-10-31,2024-10-31,0.74766,"Chicago Fed Adjusted National Financial Conditions Index","1971-01-08","2024-10-25","Index","NSA",2024-10-30,"Weekly"," points",1.38946,"ANFCI"
"421",1979-01-26,"ANFCI",0.56604,2024-10-31,2024-10-31,0.56604,"Chicago Fed Adjusted National Financial Conditions Index","1971-01-08","2024-10-25","Index","NSA",2024-10-30,"Weekly"," points",1.23282,"ANFCI"
"422",1979-02-02,"ANFCI",0.39652,2024-10-31,2024-10-31,0.39652,"Chicago Fed Adjusted National Financial Conditions Index","1971-01-08","2024-10-25","Index","NSA",2024-10-30,"Weekly"," points",1.07853,"ANFCI"
"423",1979-02-09,"ANFCI",0.24512,2024-10-31,2024-10-31,0.24512,"Chicago Fed Adjusted National Financial Conditions Index","1971-01-08","2024-10-25","Index","NSA",2024-10-30,"Weekly"," points",0.93007,"ANFCI"
"424",1979-02-16,"ANFCI",0.11161,2024-10-31,2024-10-31,0.11161,"Chicago Fed Adjusted National Financial Conditions Index","1971-01-08","2024-10-25","Index","NSA",2024-10-30,"Weekly"," points",0.78587,"ANFCI"
"425",1979-02-23,"ANFCI",-0.007,2024-10-31,2024-10-31,-0.007,"Chicago Fed Adjusted National Financial Conditions Index","1971-01-08","2024-10-25","Index","NSA",2024-10-30,"Weekly"," points",0.64398,"ANFCI"
"426",1979-03-02,"ANFCI",-0.11269,2024-10-31,2024-10-31,-0.11269,"Chicago Fed Adjusted National Financial Conditions Index","1971-01-08","2024-10-25","Index","NSA",2024-10-30,"Weekly"," points",0.50634,"ANFCI"
"427",1979-03-09,"ANFCI",-0.20786,2024-10-31,2024-10-31,-0.20786,"Chicago Fed Adjusted National Financial Conditions Index","1971-01-08","2024-10-25","Index","NSA",2024-10-30,"Weekly"," points",0.37514,"ANFCI"
"428",1979-03-16,"ANFCI",-0.28974,2024-10-31,2024-10-31,-0.28974,"Chicago Fed Adjusted National Financial Conditions Index","1971-01-08","2024-10-25","Index","NSA",2024-10-30,"Weekly"," points",0.25739,"ANFCI"
"429",1979-03-23,"ANFCI",-0.35465,2024-10-31,2024-10-31,-0.35465,"Chicago Fed Adjusted National Financial Conditions Index","1971-01-08","2024-10-25","Index","NSA",2024-10-30,"Weekly"," points",0.15803,"ANFCI"
"430",1979-03-30,"ANFCI",-0.39928,2024-10-31,2024-10-31,-0.39928,"Chicago Fed Adjusted National Financial Conditions Index","1971-01-08","2024-10-25","Index","NSA",2024-10-30,"Weekly"," points",0.07954,"ANFCI"
"431",1979-04-06,"ANFCI",-0.425,2024-10-31,2024-10-31,-0.425,"Chicago Fed Adjusted National Financial Conditions Index","1971-01-08","2024-10-25","Index","NSA",2024-10-30,"Weekly"," points",0.01588,"ANFCI"
"432",1979-04-13,"ANFCI",-0.43629,2024-10-31,2024-10-31,-0.43629,"Chicago Fed Adjusted National Financial Conditions Index","1971-01-08","2024-10-25","Index","NSA",2024-10-30,"Weekly"," points",-0.04249,"ANFCI"
"433",1979-04-20,"ANFCI",-0.44002,2024-10-31,2024-10-31,-0.44002,"Chicago Fed Adjusted National Financial Conditions Index","1971-01-08","2024-10-25","Index","NSA",2024-10-30,"Weekly"," points",-0.10389,"ANFCI"
"434",1979-04-27,"ANFCI",-0.44276,2024-10-31,2024-10-31,-0.44276,"Chicago Fed Adjusted National Financial Conditions Index","1971-01-08","2024-10-25","Index","NSA",2024-10-30,"Weekly"," points",-0.17292,"ANFCI"
"435",1979-05-04,"ANFCI",-0.44584,2024-10-31,2024-10-31,-0.44584,"Chicago Fed Adjusted National Financial Conditions Index","1971-01-08","2024-10-25","Index","NSA",2024-10-30,"Weekly"," points",-0.24539,"ANFCI"
"436",1979-05-11,"ANFCI",-0.44449,2024-10-31,2024-10-31,-0.44449,"Chicago Fed Adjusted National Financial Conditions Index","1971-01-08","2024-10-25","Index","NSA",2024-10-30,"Weekly"," points",-0.31031,"ANFCI"
"437",1979-05-18,"ANFCI",-0.43102,2024-10-31,2024-10-31,-0.43102,"Chicago Fed Adjusted National Financial Conditions Index","1971-01-08","2024-10-25","Index","NSA",2024-10-30,"Weekly"," points",-0.35324,"ANFCI"
"438",1979-05-25,"ANFCI",-0.39917,2024-10-31,2024-10-31,-0.39917,"Chicago Fed Adjusted National Financial Conditions Index","1971-01-08","2024-10-25","Index","NSA",2024-10-30,"Weekly"," points",-0.36399,"ANFCI"
"439",1979-06-01,"ANFCI",-0.34764,2024-10-31,2024-10-31,-0.34764,"Chicago Fed Adjusted National Financial Conditions Index","1971-01-08","2024-10-25","Index","NSA",2024-10-30,"Weekly"," points",-0.34087,"ANFCI"
"440",1979-06-08,"ANFCI",-0.28342,2024-10-31,2024-10-31,-0.28342,"Chicago Fed Adjusted National Financial Conditions Index","1971-01-08","2024-10-25","Index","NSA",2024-10-30,"Weekly"," points",-0.29129,"ANFCI"
"441",1979-06-15,"ANFCI",-0.21617,2024-10-31,2024-10-31,-0.21617,"Chicago Fed Adjusted National Financial Conditions Index","1971-01-08","2024-10-25","Index","NSA",2024-10-30,"Weekly"," points",-0.22866,"ANFCI"
"442",1979-06-22,"ANFCI",-0.15625,2024-10-31,2024-10-31,-0.15625,"Chicago Fed Adjusted National Financial Conditions Index","1971-01-08","2024-10-25","Index","NSA",2024-10-30,"Weekly"," points",-0.16578,"ANFCI"
"443",1979-06-29,"ANFCI",-0.10713,2024-10-31,2024-10-31,-0.10713,"Chicago Fed Adjusted National Financial Conditions Index","1971-01-08","2024-10-25","Index","NSA",2024-10-30,"Weekly"," points",-0.11001,"ANFCI"
"444",1979-07-06,"ANFCI",-0.06795,2024-10-31,2024-10-31,-0.06795,"Chicago Fed Adjusted National Financial Conditions Index","1971-01-08","2024-10-25","Index","NSA",2024-10-30,"Weekly"," points",-0.06368,"ANFCI"
"445",1979-07-13,"ANFCI",-0.02948,2024-10-31,2024-10-31,-0.02948,"Chicago Fed Adjusted National Financial Conditions Index","1971-01-08","2024-10-25","Index","NSA",2024-10-30,"Weekly"," points",-0.01757,"ANFCI"
"446",1979-07-20,"ANFCI",0.01792,2024-10-31,2024-10-31,0.01792,"Chicago Fed Adjusted National Financial Conditions Index","1971-01-08","2024-10-25","Index","NSA",2024-10-30,"Weekly"," points",0.04028,"ANFCI"
"447",1979-07-27,"ANFCI",0.07857,2024-10-31,2024-10-31,0.07857,"Chicago Fed Adjusted National Financial Conditions Index","1971-01-08","2024-10-25","Index","NSA",2024-10-30,"Weekly"," points",0.11983,"ANFCI"
"448",1979-08-03,"ANFCI",0.15337,2024-10-31,2024-10-31,0.15337,"Chicago Fed Adjusted National Financial Conditions Index","1971-01-08","2024-10-25","Index","NSA",2024-10-30,"Weekly"," points",0.22836,"ANFCI"
"449",1979-08-10,"ANFCI",0.2406,2024-10-31,2024-10-31,0.2406,"Chicago Fed Adjusted National Financial Conditions Index","1971-01-08","2024-10-25","Index","NSA",2024-10-30,"Weekly"," points",0.36559,"ANFCI"
"450",1979-08-17,"ANFCI",0.34002,2024-10-31,2024-10-31,0.34002,"Chicago Fed Adjusted National Financial Conditions Index","1971-01-08","2024-10-25","Index","NSA",2024-10-30,"Weekly"," points",0.52473,"ANFCI"
"451",1979-08-24,"ANFCI",0.45145,2024-10-31,2024-10-31,0.45145,"Chicago Fed Adjusted National Financial Conditions Index","1971-01-08","2024-10-25","Index","NSA",2024-10-30,"Weekly"," points",0.69162,"ANFCI"
"452",1979-08-31,"ANFCI",0.57624,2024-10-31,2024-10-31,0.57624,"Chicago Fed Adjusted National Financial Conditions Index","1971-01-08","2024-10-25","Index","NSA",2024-10-30,"Weekly"," points",0.85002,"ANFCI"
"453",1979-09-07,"ANFCI",0.71452,2024-10-31,2024-10-31,0.71452,"Chicago Fed Adjusted National Financial Conditions Index","1971-01-08","2024-10-25","Index","NSA",2024-10-30,"Weekly"," points",0.97798,"ANFCI"
"454",1979-09-14,"ANFCI",0.86854,2024-10-31,2024-10-31,0.86854,"Chicago Fed Adjusted National Financial Conditions Index","1971-01-08","2024-10-25","Index","NSA",2024-10-30,"Weekly"," points",1.06095,"ANFCI"
"455",1979-09-21,"ANFCI",1.03516,2024-10-31,2024-10-31,1.03516,"Chicago Fed Adjusted National Financial Conditions Index","1971-01-08","2024-10-25","Index","NSA",2024-10-30,"Weekly"," points",1.08679,"ANFCI"
"456",1979-09-28,"ANFCI",1.20956,2024-10-31,2024-10-31,1.20956,"Chicago Fed Adjusted National Financial Conditions Index","1971-01-08","2024-10-25","Index","NSA",2024-10-30,"Weekly"," points",1.04793,"ANFCI"
"457",1979-10-05,"ANFCI",1.38931,2024-10-31,2024-10-31,1.38931,"Chicago Fed Adjusted National Financial Conditions Index","1971-01-08","2024-10-25","Index","NSA",2024-10-30,"Weekly"," points",0.95465,"ANFCI"
"458",1979-10-12,"ANFCI",1.56757,2024-10-31,2024-10-31,1.56757,"Chicago Fed Adjusted National Financial Conditions Index","1971-01-08","2024-10-25","Index","NSA",2024-10-30,"Weekly"," points",0.81901,"ANFCI"
"459",1979-10-19,"ANFCI",1.7315,2024-10-31,2024-10-31,1.7315,"Chicago Fed Adjusted National Financial Conditions Index","1971-01-08","2024-10-25","Index","NSA",2024-10-30,"Weekly"," points",0.65724,"ANFCI"
"460",1979-10-26,"ANFCI",1.86372,2024-10-31,2024-10-31,1.86372,"Chicago Fed Adjusted National Financial Conditions Index","1971-01-08","2024-10-25","Index","NSA",2024-10-30,"Weekly"," points",0.48377,"ANFCI"
"461",1979-11-02,"ANFCI",1.94509,2024-10-31,2024-10-31,1.94509,"Chicago Fed Adjusted National Financial Conditions Index","1971-01-08","2024-10-25","Index","NSA",2024-10-30,"Weekly"," points",0.31529,"ANFCI"
"462",1979-11-09,"ANFCI",1.95201,2024-10-31,2024-10-31,1.95201,"Chicago Fed Adjusted National Financial Conditions Index","1971-01-08","2024-10-25","Index","NSA",2024-10-30,"Weekly"," points",0.14678,"ANFCI"
"463",1979-11-16,"ANFCI",1.88291,2024-10-31,2024-10-31,1.88291,"Chicago Fed Adjusted National Financial Conditions Index","1971-01-08","2024-10-25","Index","NSA",2024-10-30,"Weekly"," points",-0.0121399999999998,"ANFCI"
"464",1979-11-23,"ANFCI",1.74861,2024-10-31,2024-10-31,1.74861,"Chicago Fed Adjusted National Financial Conditions Index","1971-01-08","2024-10-25","Index","NSA",2024-10-30,"Weekly"," points",-0.14859,"ANFCI"
"465",1979-11-30,"ANFCI",1.57767,2024-10-31,2024-10-31,1.57767,"Chicago Fed Adjusted National Financial Conditions Index","1971-01-08","2024-10-25","Index","NSA",2024-10-30,"Weekly"," points",-0.25671,"ANFCI"
"466",1979-12-07,"ANFCI",1.40429,2024-10-31,2024-10-31,1.40429,"Chicago Fed Adjusted National Financial Conditions Index","1971-01-08","2024-10-25","Index","NSA",2024-10-30,"Weekly"," points",-0.32178,"ANFCI"
"467",1979-12-14,"ANFCI",1.25559,2024-10-31,2024-10-31,1.25559,"Chicago Fed Adjusted National Financial Conditions Index","1971-01-08","2024-10-25","Index","NSA",2024-10-30,"Weekly"," points",-0.33511,"ANFCI"
"468",1979-12-21,"ANFCI",1.14565,2024-10-31,2024-10-31,1.14565,"Chicago Fed Adjusted National Financial Conditions Index","1971-01-08","2024-10-25","Index","NSA",2024-10-30,"Weekly"," points",-0.29612,"ANFCI"
"469",1979-12-28,"ANFCI",1.06388,2024-10-31,2024-10-31,1.06388,"Chicago Fed Adjusted National Financial Conditions Index","1971-01-08","2024-10-25","Index","NSA",2024-10-30,"Weekly"," points",-0.21882,"ANFCI"
"470",1980-01-04,"ANFCI",0.99268,2024-10-31,2024-10-31,0.99268,"Chicago Fed Adjusted National Financial Conditions Index","1971-01-08","2024-10-25","Index","NSA",2024-10-30,"Weekly"," points",-0.11983,"ANFCI"
"471",1980-01-11,"ANFCI",0.91989,2024-10-31,2024-10-31,0.91989,"Chicago Fed Adjusted National Financial Conditions Index","1971-01-08","2024-10-25","Index","NSA",2024-10-30,"Weekly"," points",-0.0128200000000001,"ANFCI"
"472",1980-01-18,"ANFCI",0.83885,2024-10-31,2024-10-31,0.83885,"Chicago Fed Adjusted National Financial Conditions Index","1971-01-08","2024-10-25","Index","NSA",2024-10-30,"Weekly"," points",0.09119,"ANFCI"
"473",1980-01-25,"ANFCI",0.76434,2024-10-31,2024-10-31,0.76434,"Chicago Fed Adjusted National Financial Conditions Index","1971-01-08","2024-10-25","Index","NSA",2024-10-30,"Weekly"," points",0.1983,"ANFCI"
"474",1980-02-01,"ANFCI",0.72536,2024-10-31,2024-10-31,0.72536,"Chicago Fed Adjusted National Financial Conditions Index","1971-01-08","2024-10-25","Index","NSA",2024-10-30,"Weekly"," points",0.32884,"ANFCI"
"475",1980-02-08,"ANFCI",0.75096,2024-10-31,2024-10-31,0.75096,"Chicago Fed Adjusted National Financial Conditions Index","1971-01-08","2024-10-25","Index","NSA",2024-10-30,"Weekly"," points",0.50584,"ANFCI"
"476",1980-02-15,"ANFCI",0.86811,2024-10-31,2024-10-31,0.86811,"Chicago Fed Adjusted National Financial Conditions Index","1971-01-08","2024-10-25","Index","NSA",2024-10-30,"Weekly"," points",0.7565,"ANFCI"
"477",1980-02-22,"ANFCI",1.09304,2024-10-31,2024-10-31,1.09304,"Chicago Fed Adjusted National Financial Conditions Index","1971-01-08","2024-10-25","Index","NSA",2024-10-30,"Weekly"," points",1.10004,"ANFCI"
"478",1980-02-29,"ANFCI",1.42476,2024-10-31,2024-10-31,1.42476,"Chicago Fed Adjusted National Financial Conditions Index","1971-01-08","2024-10-25","Index","NSA",2024-10-30,"Weekly"," points",1.53745,"ANFCI"
"479",1980-03-07,"ANFCI",1.83999,2024-10-31,2024-10-31,1.83999,"Chicago Fed Adjusted National Financial Conditions Index","1971-01-08","2024-10-25","Index","NSA",2024-10-30,"Weekly"," points",2.04785,"ANFCI"
"480",1980-03-14,"ANFCI",2.31273,2024-10-31,2024-10-31,2.31273,"Chicago Fed Adjusted National Financial Conditions Index","1971-01-08","2024-10-25","Index","NSA",2024-10-30,"Weekly"," points",2.60247,"ANFCI"
"481",1980-03-21,"ANFCI",2.79008,2024-10-31,2024-10-31,2.79008,"Chicago Fed Adjusted National Financial Conditions Index","1971-01-08","2024-10-25","Index","NSA",2024-10-30,"Weekly"," points",3.14473,"ANFCI"
"482",1980-03-28,"ANFCI",3.21086,2024-10-31,2024-10-31,3.21086,"Chicago Fed Adjusted National Financial Conditions Index","1971-01-08","2024-10-25","Index","NSA",2024-10-30,"Weekly"," points",3.61014,"ANFCI"
"483",1980-04-04,"ANFCI",3.52856,2024-10-31,2024-10-31,3.52856,"Chicago Fed Adjusted National Financial Conditions Index","1971-01-08","2024-10-25","Index","NSA",2024-10-30,"Weekly"," points",3.95356,"ANFCI"
"484",1980-04-11,"ANFCI",3.68659,2024-10-31,2024-10-31,3.68659,"Chicago Fed Adjusted National Financial Conditions Index","1971-01-08","2024-10-25","Index","NSA",2024-10-30,"Weekly"," points",4.12288,"ANFCI"
"485",1980-04-18,"ANFCI",3.66416,2024-10-31,2024-10-31,3.66416,"Chicago Fed Adjusted National Financial Conditions Index","1971-01-08","2024-10-25","Index","NSA",2024-10-30,"Weekly"," points",4.10418,"ANFCI"
"486",1980-04-25,"ANFCI",3.47624,2024-10-31,2024-10-31,3.47624,"Chicago Fed Adjusted National Financial Conditions Index","1971-01-08","2024-10-25","Index","NSA",2024-10-30,"Weekly"," points",3.919,"ANFCI"
"487",1980-05-02,"ANFCI",3.16739,2024-10-31,2024-10-31,3.16739,"Chicago Fed Adjusted National Financial Conditions Index","1971-01-08","2024-10-25","Index","NSA",2024-10-30,"Weekly"," points",3.61323,"ANFCI"
"488",1980-05-09,"ANFCI",2.80392,2024-10-31,2024-10-31,2.80392,"Chicago Fed Adjusted National Financial Conditions Index","1971-01-08","2024-10-25","Index","NSA",2024-10-30,"Weekly"," points",3.24841,"ANFCI"
"489",1980-05-16,"ANFCI",2.45902,2024-10-31,2024-10-31,2.45902,"Chicago Fed Adjusted National Financial Conditions Index","1971-01-08","2024-10-25","Index","NSA",2024-10-30,"Weekly"," points",2.89004,"ANFCI"
"490",1980-05-23,"ANFCI",2.17412,2024-10-31,2024-10-31,2.17412,"Chicago Fed Adjusted National Financial Conditions Index","1971-01-08","2024-10-25","Index","NSA",2024-10-30,"Weekly"," points",2.57329,"ANFCI"
"491",1980-05-30,"ANFCI",1.9516,2024-10-31,2024-10-31,1.9516,"Chicago Fed Adjusted National Financial Conditions Index","1971-01-08","2024-10-25","Index","NSA",2024-10-30,"Weekly"," points",2.29924,"ANFCI"
"492",1980-06-06,"ANFCI",1.77153,2024-10-31,2024-10-31,1.77153,"Chicago Fed Adjusted National Financial Conditions Index","1971-01-08","2024-10-25","Index","NSA",2024-10-30,"Weekly"," points",2.05495,"ANFCI"
"493",1980-06-13,"ANFCI",1.58909,2024-10-31,2024-10-31,1.58909,"Chicago Fed Adjusted National Financial Conditions Index","1971-01-08","2024-10-25","Index","NSA",2024-10-30,"Weekly"," points",1.80526,"ANFCI"
"494",1980-06-20,"ANFCI",1.36897,2024-10-31,2024-10-31,1.36897,"Chicago Fed Adjusted National Financial Conditions Index","1971-01-08","2024-10-25","Index","NSA",2024-10-30,"Weekly"," points",1.52522,"ANFCI"
"495",1980-06-27,"ANFCI",1.11466,2024-10-31,2024-10-31,1.11466,"Chicago Fed Adjusted National Financial Conditions Index","1971-01-08","2024-10-25","Index","NSA",2024-10-30,"Weekly"," points",1.22179,"ANFCI"
"496",1980-07-04,"ANFCI",0.85629,2024-10-31,2024-10-31,0.85629,"Chicago Fed Adjusted National Financial Conditions Index","1971-01-08","2024-10-25","Index","NSA",2024-10-30,"Weekly"," points",0.92424,"ANFCI"
"497",1980-07-11,"ANFCI",0.6278,2024-10-31,2024-10-31,0.6278,"Chicago Fed Adjusted National Financial Conditions Index","1971-01-08","2024-10-25","Index","NSA",2024-10-30,"Weekly"," points",0.65728,"ANFCI"
"498",1980-07-18,"ANFCI",0.473,2024-10-31,2024-10-31,0.473,"Chicago Fed Adjusted National Financial Conditions Index","1971-01-08","2024-10-25","Index","NSA",2024-10-30,"Weekly"," points",0.45508,"ANFCI"
"499",1980-07-25,"ANFCI",0.39848,2024-10-31,2024-10-31,0.39848,"Chicago Fed Adjusted National Financial Conditions Index","1971-01-08","2024-10-25","Index","NSA",2024-10-30,"Weekly"," points",0.31991,"ANFCI"
"500",1980-08-01,"ANFCI",0.39845,2024-10-31,2024-10-31,0.39845,"Chicago Fed Adjusted National Financial Conditions Index","1971-01-08","2024-10-25","Index","NSA",2024-10-30,"Weekly"," points",0.24508,"ANFCI"
"501",1980-08-08,"ANFCI",0.45317,2024-10-31,2024-10-31,0.45317,"Chicago Fed Adjusted National Financial Conditions Index","1971-01-08","2024-10-25","Index","NSA",2024-10-30,"Weekly"," points",0.21257,"ANFCI"
"502",1980-08-15,"ANFCI",0.53268,2024-10-31,2024-10-31,0.53268,"Chicago Fed Adjusted National Financial Conditions Index","1971-01-08","2024-10-25","Index","NSA",2024-10-30,"Weekly"," points",0.19266,"ANFCI"
"503",1980-08-22,"ANFCI",0.61243,2024-10-31,2024-10-31,0.61243,"Chicago Fed Adjusted National Financial Conditions Index","1971-01-08","2024-10-25","Index","NSA",2024-10-30,"Weekly"," points",0.16098,"ANFCI"
"504",1980-08-29,"ANFCI",0.68974,2024-10-31,2024-10-31,0.68974,"Chicago Fed Adjusted National Financial Conditions Index","1971-01-08","2024-10-25","Index","NSA",2024-10-30,"Weekly"," points",0.1135,"ANFCI"
"505",1980-09-05,"ANFCI",0.756,2024-10-31,2024-10-31,0.756,"Chicago Fed Adjusted National Financial Conditions Index","1971-01-08","2024-10-25","Index","NSA",2024-10-30,"Weekly"," points",0.04148,"ANFCI"
"506",1980-09-12,"ANFCI",0.79868,2024-10-31,2024-10-31,0.79868,"Chicago Fed Adjusted National Financial Conditions Index","1971-01-08","2024-10-25","Index","NSA",2024-10-30,"Weekly"," points",-0.06986,"ANFCI"
"507",1980-09-19,"ANFCI",0.82603,2024-10-31,2024-10-31,0.82603,"Chicago Fed Adjusted National Financial Conditions Index","1971-01-08","2024-10-25","Index","NSA",2024-10-30,"Weekly"," points",-0.20913,"ANFCI"
"508",1980-09-26,"ANFCI",0.83766,2024-10-31,2024-10-31,0.83766,"Chicago Fed Adjusted National Financial Conditions Index","1971-01-08","2024-10-25","Index","NSA",2024-10-30,"Weekly"," points",-0.3719,"ANFCI"
"509",1980-10-03,"ANFCI",0.8415,2024-10-31,2024-10-31,0.8415,"Chicago Fed Adjusted National Financial Conditions Index","1971-01-08","2024-10-25","Index","NSA",2024-10-30,"Weekly"," points",-0.54781,"ANFCI"
"510",1980-10-10,"ANFCI",0.84819,2024-10-31,2024-10-31,0.84819,"Chicago Fed Adjusted National Financial Conditions Index","1971-01-08","2024-10-25","Index","NSA",2024-10-30,"Weekly"," points",-0.71938,"ANFCI"
"511",1980-10-17,"ANFCI",0.88933,2024-10-31,2024-10-31,0.88933,"Chicago Fed Adjusted National Financial Conditions Index","1971-01-08","2024-10-25","Index","NSA",2024-10-30,"Weekly"," points",-0.84217,"ANFCI"
"512",1980-10-24,"ANFCI",0.9677,2024-10-31,2024-10-31,0.9677,"Chicago Fed Adjusted National Financial Conditions Index","1971-01-08","2024-10-25","Index","NSA",2024-10-30,"Weekly"," points",-0.89602,"ANFCI"
"513",1980-10-31,"ANFCI",1.1013,2024-10-31,2024-10-31,1.1013,"Chicago Fed Adjusted National Financial Conditions Index","1971-01-08","2024-10-25","Index","NSA",2024-10-30,"Weekly"," points",-0.84379,"ANFCI"
"514",1980-11-07,"ANFCI",1.29149,2024-10-31,2024-10-31,1.29149,"Chicago Fed Adjusted National Financial Conditions Index","1971-01-08","2024-10-25","Index","NSA",2024-10-30,"Weekly"," points",-0.66052,"ANFCI"
"515",1980-11-14,"ANFCI",1.5261,2024-10-31,2024-10-31,1.5261,"Chicago Fed Adjusted National Financial Conditions Index","1971-01-08","2024-10-25","Index","NSA",2024-10-30,"Weekly"," points",-0.35681,"ANFCI"
"516",1980-11-21,"ANFCI",1.80294,2024-10-31,2024-10-31,1.80294,"Chicago Fed Adjusted National Financial Conditions Index","1971-01-08","2024-10-25","Index","NSA",2024-10-30,"Weekly"," points",0.05433,"ANFCI"
"517",1980-11-28,"ANFCI",2.10886,2024-10-31,2024-10-31,2.10886,"Chicago Fed Adjusted National Financial Conditions Index","1971-01-08","2024-10-25","Index","NSA",2024-10-30,"Weekly"," points",0.53119,"ANFCI"
"518",1980-12-05,"ANFCI",2.39549,2024-10-31,2024-10-31,2.39549,"Chicago Fed Adjusted National Financial Conditions Index","1971-01-08","2024-10-25","Index","NSA",2024-10-30,"Weekly"," points",0.9912,"ANFCI"
"519",1980-12-12,"ANFCI",2.62885,2024-10-31,2024-10-31,2.62885,"Chicago Fed Adjusted National Financial Conditions Index","1971-01-08","2024-10-25","Index","NSA",2024-10-30,"Weekly"," points",1.37326,"ANFCI"
"520",1980-12-19,"ANFCI",2.79185,2024-10-31,2024-10-31,2.79185,"Chicago Fed Adjusted National Financial Conditions Index","1971-01-08","2024-10-25","Index","NSA",2024-10-30,"Weekly"," points",1.6462,"ANFCI"
"521",1980-12-26,"ANFCI",2.82049,2024-10-31,2024-10-31,2.82049,"Chicago Fed Adjusted National Financial Conditions Index","1971-01-08","2024-10-25","Index","NSA",2024-10-30,"Weekly"," points",1.75661,"ANFCI"
"522",1981-01-02,"ANFCI",2.73039,2024-10-31,2024-10-31,2.73039,"Chicago Fed Adjusted National Financial Conditions Index","1971-01-08","2024-10-25","Index","NSA",2024-10-30,"Weekly"," points",1.73771,"ANFCI"
"523",1981-01-09,"ANFCI",2.5343,2024-10-31,2024-10-31,2.5343,"Chicago Fed Adjusted National Financial Conditions Index","1971-01-08","2024-10-25","Index","NSA",2024-10-30,"Weekly"," points",1.61441,"ANFCI"
"524",1981-01-16,"ANFCI",2.27433,2024-10-31,2024-10-31,2.27433,"Chicago Fed Adjusted National Financial Conditions Index","1971-01-08","2024-10-25","Index","NSA",2024-10-30,"Weekly"," points",1.43548,"ANFCI"
"525",1981-01-23,"ANFCI",1.99147,2024-10-31,2024-10-31,1.99147,"Chicago Fed Adjusted National Financial Conditions Index","1971-01-08","2024-10-25","Index","NSA",2024-10-30,"Weekly"," points",1.22713,"ANFCI"
"526",1981-01-30,"ANFCI",1.7315,2024-10-31,2024-10-31,1.7315,"Chicago Fed Adjusted National Financial Conditions Index","1971-01-08","2024-10-25","Index","NSA",2024-10-30,"Weekly"," points",1.00614,"ANFCI"
"527",1981-02-06,"ANFCI",1.50509,2024-10-31,2024-10-31,1.50509,"Chicago Fed Adjusted National Financial Conditions Index","1971-01-08","2024-10-25","Index","NSA",2024-10-30,"Weekly"," points",0.75413,"ANFCI"
"528",1981-02-13,"ANFCI",1.32645,2024-10-31,2024-10-31,1.32645,"Chicago Fed Adjusted National Financial Conditions Index","1971-01-08","2024-10-25","Index","NSA",2024-10-30,"Weekly"," points",0.45834,"ANFCI"
"529",1981-02-20,"ANFCI",1.18758,2024-10-31,2024-10-31,1.18758,"Chicago Fed Adjusted National Financial Conditions Index","1971-01-08","2024-10-25","Index","NSA",2024-10-30,"Weekly"," points",0.0945400000000001,"ANFCI"
"530",1981-02-27,"ANFCI",1.05363,2024-10-31,2024-10-31,1.05363,"Chicago Fed Adjusted National Financial Conditions Index","1971-01-08","2024-10-25","Index","NSA",2024-10-30,"Weekly"," points",-0.37113,"ANFCI"
"531",1981-03-06,"ANFCI",0.93622,2024-10-31,2024-10-31,0.93622,"Chicago Fed Adjusted National Financial Conditions Index","1971-01-08","2024-10-25","Index","NSA",2024-10-30,"Weekly"," points",-0.90377,"ANFCI"
"532",1981-03-13,"ANFCI",0.83937,2024-10-31,2024-10-31,0.83937,"Chicago Fed Adjusted National Financial Conditions Index","1971-01-08","2024-10-25","Index","NSA",2024-10-30,"Weekly"," points",-1.47336,"ANFCI"
"533",1981-03-20,"ANFCI",0.78053,2024-10-31,2024-10-31,0.78053,"Chicago Fed Adjusted National Financial Conditions Index","1971-01-08","2024-10-25","Index","NSA",2024-10-30,"Weekly"," points",-2.00955,"ANFCI"
"534",1981-03-27,"ANFCI",0.7797,2024-10-31,2024-10-31,0.7797,"Chicago Fed Adjusted National Financial Conditions Index","1971-01-08","2024-10-25","Index","NSA",2024-10-30,"Weekly"," points",-2.43116,"ANFCI"
"535",1981-04-03,"ANFCI",0.84257,2024-10-31,2024-10-31,0.84257,"Chicago Fed Adjusted National Financial Conditions Index","1971-01-08","2024-10-25","Index","NSA",2024-10-30,"Weekly"," points",-2.68599,"ANFCI"
"536",1981-04-10,"ANFCI",0.95003,2024-10-31,2024-10-31,0.95003,"Chicago Fed Adjusted National Financial Conditions Index","1971-01-08","2024-10-25","Index","NSA",2024-10-30,"Weekly"," points",-2.73656,"ANFCI"
"537",1981-04-17,"ANFCI",1.08929,2024-10-31,2024-10-31,1.08929,"Chicago Fed Adjusted National Financial Conditions Index","1971-01-08","2024-10-25","Index","NSA",2024-10-30,"Weekly"," points",-2.57487,"ANFCI"
"538",1981-04-24,"ANFCI",1.21973,2024-10-31,2024-10-31,1.21973,"Chicago Fed Adjusted National Financial Conditions Index","1971-01-08","2024-10-25","Index","NSA",2024-10-30,"Weekly"," points",-2.25651,"ANFCI"
"539",1981-05-01,"ANFCI",1.33588,2024-10-31,2024-10-31,1.33588,"Chicago Fed Adjusted National Financial Conditions Index","1971-01-08","2024-10-25","Index","NSA",2024-10-30,"Weekly"," points",-1.83151,"ANFCI"
"540",1981-05-08,"ANFCI",1.45235,2024-10-31,2024-10-31,1.45235,"Chicago Fed Adjusted National Financial Conditions Index","1971-01-08","2024-10-25","Index","NSA",2024-10-30,"Weekly"," points",-1.35157,"ANFCI"
"541",1981-05-15,"ANFCI",1.5822,2024-10-31,2024-10-31,1.5822,"Chicago Fed Adjusted National Financial Conditions Index","1971-01-08","2024-10-25","Index","NSA",2024-10-30,"Weekly"," points",-0.87682,"ANFCI"
"542",1981-05-22,"ANFCI",1.74337,2024-10-31,2024-10-31,1.74337,"Chicago Fed Adjusted National Financial Conditions Index","1971-01-08","2024-10-25","Index","NSA",2024-10-30,"Weekly"," points",-0.43075,"ANFCI"
"543",1981-05-29,"ANFCI",1.96151,2024-10-31,2024-10-31,1.96151,"Chicago Fed Adjusted National Financial Conditions Index","1971-01-08","2024-10-25","Index","NSA",2024-10-30,"Weekly"," points",0.00991000000000009,"ANFCI"
"544",1981-06-05,"ANFCI",2.21565,2024-10-31,2024-10-31,2.21565,"Chicago Fed Adjusted National Financial Conditions Index","1971-01-08","2024-10-25","Index","NSA",2024-10-30,"Weekly"," points",0.44412,"ANFCI"
"545",1981-06-12,"ANFCI",2.50111,2024-10-31,2024-10-31,2.50111,"Chicago Fed Adjusted National Financial Conditions Index","1971-01-08","2024-10-25","Index","NSA",2024-10-30,"Weekly"," points",0.91202,"ANFCI"
"546",1981-06-19,"ANFCI",2.78593,2024-10-31,2024-10-31,2.78593,"Chicago Fed Adjusted National Financial Conditions Index","1971-01-08","2024-10-25","Index","NSA",2024-10-30,"Weekly"," points",1.41696,"ANFCI"
"547",1981-06-26,"ANFCI",3.04754,2024-10-31,2024-10-31,3.04754,"Chicago Fed Adjusted National Financial Conditions Index","1971-01-08","2024-10-25","Index","NSA",2024-10-30,"Weekly"," points",1.93288,"ANFCI"
"548",1981-07-03,"ANFCI",3.26717,2024-10-31,2024-10-31,3.26717,"Chicago Fed Adjusted National Financial Conditions Index","1971-01-08","2024-10-25","Index","NSA",2024-10-30,"Weekly"," points",2.41088,"ANFCI"
"549",1981-07-10,"ANFCI",3.43386,2024-10-31,2024-10-31,3.43386,"Chicago Fed Adjusted National Financial Conditions Index","1971-01-08","2024-10-25","Index","NSA",2024-10-30,"Weekly"," points",2.80606,"ANFCI"
"550",1981-07-17,"ANFCI",3.54041,2024-10-31,2024-10-31,3.54041,"Chicago Fed Adjusted National Financial Conditions Index","1971-01-08","2024-10-25","Index","NSA",2024-10-30,"Weekly"," points",3.06741,"ANFCI"
"551",1981-07-24,"ANFCI",3.57615,2024-10-31,2024-10-31,3.57615,"Chicago Fed Adjusted National Financial Conditions Index","1971-01-08","2024-10-25","Index","NSA",2024-10-30,"Weekly"," points",3.17767,"ANFCI"
"552",1981-07-31,"ANFCI",3.55501,2024-10-31,2024-10-31,3.55501,"Chicago Fed Adjusted National Financial Conditions Index","1971-01-08","2024-10-25","Index","NSA",2024-10-30,"Weekly"," points",3.15656,"ANFCI"
"553",1981-08-07,"ANFCI",3.47918,2024-10-31,2024-10-31,3.47918,"Chicago Fed Adjusted National Financial Conditions Index","1971-01-08","2024-10-25","Index","NSA",2024-10-30,"Weekly"," points",3.02601,"ANFCI"
"554",1981-08-14,"ANFCI",3.37432,2024-10-31,2024-10-31,3.37432,"Chicago Fed Adjusted National Financial Conditions Index","1971-01-08","2024-10-25","Index","NSA",2024-10-30,"Weekly"," points",2.84164,"ANFCI"
"555",1981-08-21,"ANFCI",3.26608,2024-10-31,2024-10-31,3.26608,"Chicago Fed Adjusted National Financial Conditions Index","1971-01-08","2024-10-25","Index","NSA",2024-10-30,"Weekly"," points",2.65365,"ANFCI"
"556",1981-08-28,"ANFCI",3.17664,2024-10-31,2024-10-31,3.17664,"Chicago Fed Adjusted National Financial Conditions Index","1971-01-08","2024-10-25","Index","NSA",2024-10-30,"Weekly"," points",2.4869,"ANFCI"
"557",1981-09-04,"ANFCI",3.10623,2024-10-31,2024-10-31,3.10623,"Chicago Fed Adjusted National Financial Conditions Index","1971-01-08","2024-10-25","Index","NSA",2024-10-30,"Weekly"," points",2.35023,"ANFCI"
"558",1981-09-11,"ANFCI",3.05453,2024-10-31,2024-10-31,3.05453,"Chicago Fed Adjusted National Financial Conditions Index","1971-01-08","2024-10-25","Index","NSA",2024-10-30,"Weekly"," points",2.25585,"ANFCI"
"559",1981-09-18,"ANFCI",2.99954,2024-10-31,2024-10-31,2.99954,"Chicago Fed Adjusted National Financial Conditions Index","1971-01-08","2024-10-25","Index","NSA",2024-10-30,"Weekly"," points",2.17351,"ANFCI"
"560",1981-09-25,"ANFCI",2.93722,2024-10-31,2024-10-31,2.93722,"Chicago Fed Adjusted National Financial Conditions Index","1971-01-08","2024-10-25","Index","NSA",2024-10-30,"Weekly"," points",2.09956,"ANFCI"
"561",1981-10-02,"ANFCI",2.88416,2024-10-31,2024-10-31,2.88416,"Chicago Fed Adjusted National Financial Conditions Index","1971-01-08","2024-10-25","Index","NSA",2024-10-30,"Weekly"," points",2.04266,"ANFCI"
"562",1981-10-09,"ANFCI",2.83826,2024-10-31,2024-10-31,2.83826,"Chicago Fed Adjusted National Financial Conditions Index","1971-01-08","2024-10-25","Index","NSA",2024-10-30,"Weekly"," points",1.99007,"ANFCI"
"563",1981-10-16,"ANFCI",2.81733,2024-10-31,2024-10-31,2.81733,"Chicago Fed Adjusted National Financial Conditions Index","1971-01-08","2024-10-25","Index","NSA",2024-10-30,"Weekly"," points",1.928,"ANFCI"
"564",1981-10-23,"ANFCI",2.81138,2024-10-31,2024-10-31,2.81138,"Chicago Fed Adjusted National Financial Conditions Index","1971-01-08","2024-10-25","Index","NSA",2024-10-30,"Weekly"," points",1.84368,"ANFCI"
"565",1981-10-30,"ANFCI",2.7924,2024-10-31,2024-10-31,2.7924,"Chicago Fed Adjusted National Financial Conditions Index","1971-01-08","2024-10-25","Index","NSA",2024-10-30,"Weekly"," points",1.6911,"ANFCI"
"566",1981-11-06,"ANFCI",2.73241,2024-10-31,2024-10-31,2.73241,"Chicago Fed Adjusted National Financial Conditions Index","1971-01-08","2024-10-25","Index","NSA",2024-10-30,"Weekly"," points",1.44092,"ANFCI"
"567",1981-11-13,"ANFCI",2.6278,2024-10-31,2024-10-31,2.6278,"Chicago Fed Adjusted National Financial Conditions Index","1971-01-08","2024-10-25","Index","NSA",2024-10-30,"Weekly"," points",1.1017,"ANFCI"
"568",1981-11-20,"ANFCI",2.49106,2024-10-31,2024-10-31,2.49106,"Chicago Fed Adjusted National Financial Conditions Index","1971-01-08","2024-10-25","Index","NSA",2024-10-30,"Weekly"," points",0.68812,"ANFCI"
"569",1981-11-27,"ANFCI",2.36191,2024-10-31,2024-10-31,2.36191,"Chicago Fed Adjusted National Financial Conditions Index","1971-01-08","2024-10-25","Index","NSA",2024-10-30,"Weekly"," points",0.25305,"ANFCI"
"570",1981-12-04,"ANFCI",2.27776,2024-10-31,2024-10-31,2.27776,"Chicago Fed Adjusted National Financial Conditions Index","1971-01-08","2024-10-25","Index","NSA",2024-10-30,"Weekly"," points",-0.11773,"ANFCI"
"571",1981-12-11,"ANFCI",2.24369,2024-10-31,2024-10-31,2.24369,"Chicago Fed Adjusted National Financial Conditions Index","1971-01-08","2024-10-25","Index","NSA",2024-10-30,"Weekly"," points",-0.38516,"ANFCI"
"572",1981-12-18,"ANFCI",2.2418,2024-10-31,2024-10-31,2.2418,"Chicago Fed Adjusted National Financial Conditions Index","1971-01-08","2024-10-25","Index","NSA",2024-10-30,"Weekly"," points",-0.55005,"ANFCI"
"573",1981-12-25,"ANFCI",2.24172,2024-10-31,2024-10-31,2.24172,"Chicago Fed Adjusted National Financial Conditions Index","1971-01-08","2024-10-25","Index","NSA",2024-10-30,"Weekly"," points",-0.57877,"ANFCI"
"574",1982-01-01,"ANFCI",2.20711,2024-10-31,2024-10-31,2.20711,"Chicago Fed Adjusted National Financial Conditions Index","1971-01-08","2024-10-25","Index","NSA",2024-10-30,"Weekly"," points",-0.52328,"ANFCI"
"575",1982-01-08,"ANFCI",2.13362,2024-10-31,2024-10-31,2.13362,"Chicago Fed Adjusted National Financial Conditions Index","1971-01-08","2024-10-25","Index","NSA",2024-10-30,"Weekly"," points",-0.40068,"ANFCI"
"576",1982-01-15,"ANFCI",2.04749,2024-10-31,2024-10-31,2.04749,"Chicago Fed Adjusted National Financial Conditions Index","1971-01-08","2024-10-25","Index","NSA",2024-10-30,"Weekly"," points",-0.22684,"ANFCI"
"577",1982-01-22,"ANFCI",1.97715,2024-10-31,2024-10-31,1.97715,"Chicago Fed Adjusted National Financial Conditions Index","1971-01-08","2024-10-25","Index","NSA",2024-10-30,"Weekly"," points",-0.0143200000000001,"ANFCI"
"578",1982-01-29,"ANFCI",1.95921,2024-10-31,2024-10-31,1.95921,"Chicago Fed Adjusted National Financial Conditions Index","1971-01-08","2024-10-25","Index","NSA",2024-10-30,"Weekly"," points",0.22771,"ANFCI"
"579",1982-02-05,"ANFCI",1.98884,2024-10-31,2024-10-31,1.98884,"Chicago Fed Adjusted National Financial Conditions Index","1971-01-08","2024-10-25","Index","NSA",2024-10-30,"Weekly"," points",0.48375,"ANFCI"
"580",1982-02-12,"ANFCI",2.05773,2024-10-31,2024-10-31,2.05773,"Chicago Fed Adjusted National Financial Conditions Index","1971-01-08","2024-10-25","Index","NSA",2024-10-30,"Weekly"," points",0.73128,"ANFCI"
"581",1982-02-19,"ANFCI",2.13537,2024-10-31,2024-10-31,2.13537,"Chicago Fed Adjusted National Financial Conditions Index","1971-01-08","2024-10-25","Index","NSA",2024-10-30,"Weekly"," points",0.94779,"ANFCI"
"582",1982-02-26,"ANFCI",2.19232,2024-10-31,2024-10-31,2.19232,"Chicago Fed Adjusted National Financial Conditions Index","1971-01-08","2024-10-25","Index","NSA",2024-10-30,"Weekly"," points",1.13869,"ANFCI"
"583",1982-03-05,"ANFCI",2.21097,2024-10-31,2024-10-31,2.21097,"Chicago Fed Adjusted National Financial Conditions Index","1971-01-08","2024-10-25","Index","NSA",2024-10-30,"Weekly"," points",1.27475,"ANFCI"
"584",1982-03-12,"ANFCI",2.20193,2024-10-31,2024-10-31,2.20193,"Chicago Fed Adjusted National Financial Conditions Index","1971-01-08","2024-10-25","Index","NSA",2024-10-30,"Weekly"," points",1.36256,"ANFCI"
"585",1982-03-19,"ANFCI",2.19102,2024-10-31,2024-10-31,2.19102,"Chicago Fed Adjusted National Financial Conditions Index","1971-01-08","2024-10-25","Index","NSA",2024-10-30,"Weekly"," points",1.41049,"ANFCI"
"586",1982-03-26,"ANFCI",2.19322,2024-10-31,2024-10-31,2.19322,"Chicago Fed Adjusted National Financial Conditions Index","1971-01-08","2024-10-25","Index","NSA",2024-10-30,"Weekly"," points",1.41352,"ANFCI"
"587",1982-04-02,"ANFCI",2.21512,2024-10-31,2024-10-31,2.21512,"Chicago Fed Adjusted National Financial Conditions Index","1971-01-08","2024-10-25","Index","NSA",2024-10-30,"Weekly"," points",1.37255,"ANFCI"
"588",1982-04-09,"ANFCI",2.26027,2024-10-31,2024-10-31,2.26027,"Chicago Fed Adjusted National Financial Conditions Index","1971-01-08","2024-10-25","Index","NSA",2024-10-30,"Weekly"," points",1.31024,"ANFCI"
"589",1982-04-16,"ANFCI",2.31496,2024-10-31,2024-10-31,2.31496,"Chicago Fed Adjusted National Financial Conditions Index","1971-01-08","2024-10-25","Index","NSA",2024-10-30,"Weekly"," points",1.22567,"ANFCI"
"590",1982-04-23,"ANFCI",2.36707,2024-10-31,2024-10-31,2.36707,"Chicago Fed Adjusted National Financial Conditions Index","1971-01-08","2024-10-25","Index","NSA",2024-10-30,"Weekly"," points",1.14734,"ANFCI"
"591",1982-04-30,"ANFCI",2.42001,2024-10-31,2024-10-31,2.42001,"Chicago Fed Adjusted National Financial Conditions Index","1971-01-08","2024-10-25","Index","NSA",2024-10-30,"Weekly"," points",1.08413,"ANFCI"
"592",1982-05-07,"ANFCI",2.48735,2024-10-31,2024-10-31,2.48735,"Chicago Fed Adjusted National Financial Conditions Index","1971-01-08","2024-10-25","Index","NSA",2024-10-30,"Weekly"," points",1.035,"ANFCI"
"593",1982-05-14,"ANFCI",2.58332,2024-10-31,2024-10-31,2.58332,"Chicago Fed Adjusted National Financial Conditions Index","1971-01-08","2024-10-25","Index","NSA",2024-10-30,"Weekly"," points",1.00112,"ANFCI"
"594",1982-05-21,"ANFCI",2.72647,2024-10-31,2024-10-31,2.72647,"Chicago Fed Adjusted National Financial Conditions Index","1971-01-08","2024-10-25","Index","NSA",2024-10-30,"Weekly"," points",0.9831,"ANFCI"
"595",1982-05-28,"ANFCI",2.90891,2024-10-31,2024-10-31,2.90891,"Chicago Fed Adjusted National Financial Conditions Index","1971-01-08","2024-10-25","Index","NSA",2024-10-30,"Weekly"," points",0.9474,"ANFCI"
"596",1982-06-04,"ANFCI",3.11482,2024-10-31,2024-10-31,3.11482,"Chicago Fed Adjusted National Financial Conditions Index","1971-01-08","2024-10-25","Index","NSA",2024-10-30,"Weekly"," points",0.89917,"ANFCI"
"597",1982-06-11,"ANFCI",3.32618,2024-10-31,2024-10-31,3.32618,"Chicago Fed Adjusted National Financial Conditions Index","1971-01-08","2024-10-25","Index","NSA",2024-10-30,"Weekly"," points",0.82507,"ANFCI"
"598",1982-06-18,"ANFCI",3.50171,2024-10-31,2024-10-31,3.50171,"Chicago Fed Adjusted National Financial Conditions Index","1971-01-08","2024-10-25","Index","NSA",2024-10-30,"Weekly"," points",0.71578,"ANFCI"
"599",1982-06-25,"ANFCI",3.60853,2024-10-31,2024-10-31,3.60853,"Chicago Fed Adjusted National Financial Conditions Index","1971-01-08","2024-10-25","Index","NSA",2024-10-30,"Weekly"," points",0.56099,"ANFCI"
"600",1982-07-02,"ANFCI",3.62993,2024-10-31,2024-10-31,3.62993,"Chicago Fed Adjusted National Financial Conditions Index","1971-01-08","2024-10-25","Index","NSA",2024-10-30,"Weekly"," points",0.36276,"ANFCI"
"601",1982-07-09,"ANFCI",3.56855,2024-10-31,2024-10-31,3.56855,"Chicago Fed Adjusted National Financial Conditions Index","1971-01-08","2024-10-25","Index","NSA",2024-10-30,"Weekly"," points",0.13469,"ANFCI"
"602",1982-07-16,"ANFCI",3.44285,2024-10-31,2024-10-31,3.44285,"Chicago Fed Adjusted National Financial Conditions Index","1971-01-08","2024-10-25","Index","NSA",2024-10-30,"Weekly"," points",-0.0975600000000001,"ANFCI"
"603",1982-07-23,"ANFCI",3.2981,2024-10-31,2024-10-31,3.2981,"Chicago Fed Adjusted National Financial Conditions Index","1971-01-08","2024-10-25","Index","NSA",2024-10-30,"Weekly"," points",-0.27805,"ANFCI"
"604",1982-07-30,"ANFCI",3.17666,2024-10-31,2024-10-31,3.17666,"Chicago Fed Adjusted National Financial Conditions Index","1971-01-08","2024-10-25","Index","NSA",2024-10-30,"Weekly"," points",-0.37835,"ANFCI"
"605",1982-08-06,"ANFCI",3.12397,2024-10-31,2024-10-31,3.12397,"Chicago Fed Adjusted National Financial Conditions Index","1971-01-08","2024-10-25","Index","NSA",2024-10-30,"Weekly"," points",-0.35521,"ANFCI"
"606",1982-08-13,"ANFCI",3.16965,2024-10-31,2024-10-31,3.16965,"Chicago Fed Adjusted National Financial Conditions Index","1971-01-08","2024-10-25","Index","NSA",2024-10-30,"Weekly"," points",-0.20467,"ANFCI"
"607",1982-08-20,"ANFCI",3.31787,2024-10-31,2024-10-31,3.31787,"Chicago Fed Adjusted National Financial Conditions Index","1971-01-08","2024-10-25","Index","NSA",2024-10-30,"Weekly"," points",0.05179,"ANFCI"
"608",1982-08-27,"ANFCI",3.55912,2024-10-31,2024-10-31,3.55912,"Chicago Fed Adjusted National Financial Conditions Index","1971-01-08","2024-10-25","Index","NSA",2024-10-30,"Weekly"," points",0.38248,"ANFCI"
"609",1982-09-03,"ANFCI",3.85078,2024-10-31,2024-10-31,3.85078,"Chicago Fed Adjusted National Financial Conditions Index","1971-01-08","2024-10-25","Index","NSA",2024-10-30,"Weekly"," points",0.74455,"ANFCI"
"610",1982-09-10,"ANFCI",4.1281,2024-10-31,2024-10-31,4.1281,"Chicago Fed Adjusted National Financial Conditions Index","1971-01-08","2024-10-25","Index","NSA",2024-10-30,"Weekly"," points",1.07357,"ANFCI"
"611",1982-09-17,"ANFCI",4.31613,2024-10-31,2024-10-31,4.31613,"Chicago Fed Adjusted National Financial Conditions Index","1971-01-08","2024-10-25","Index","NSA",2024-10-30,"Weekly"," points",1.31659,"ANFCI"
"612",1982-09-24,"ANFCI",4.33827,2024-10-31,2024-10-31,4.33827,"Chicago Fed Adjusted National Financial Conditions Index","1971-01-08","2024-10-25","Index","NSA",2024-10-30,"Weekly"," points",1.40105,"ANFCI"
"613",1982-10-01,"ANFCI",4.15579,2024-10-31,2024-10-31,4.15579,"Chicago Fed Adjusted National Financial Conditions Index","1971-01-08","2024-10-25","Index","NSA",2024-10-30,"Weekly"," points",1.27163,"ANFCI"
"614",1982-10-08,"ANFCI",3.77758,2024-10-31,2024-10-31,3.77758,"Chicago Fed Adjusted National Financial Conditions Index","1971-01-08","2024-10-25","Index","NSA",2024-10-30,"Weekly"," points",0.93932,"ANFCI"
"615",1982-10-15,"ANFCI",3.25868,2024-10-31,2024-10-31,3.25868,"Chicago Fed Adjusted National Financial Conditions Index","1971-01-08","2024-10-25","Index","NSA",2024-10-30,"Weekly"," points",0.44135,"ANFCI"
"616",1982-10-22,"ANFCI",2.68823,2024-10-31,2024-10-31,2.68823,"Chicago Fed Adjusted National Financial Conditions Index","1971-01-08","2024-10-25","Index","NSA",2024-10-30,"Weekly"," points",-0.12315,"ANFCI"
"617",1982-10-29,"ANFCI",2.15394,2024-10-31,2024-10-31,2.15394,"Chicago Fed Adjusted National Financial Conditions Index","1971-01-08","2024-10-25","Index","NSA",2024-10-30,"Weekly"," points",-0.63846,"ANFCI"
"618",1982-11-05,"ANFCI",1.72293,2024-10-31,2024-10-31,1.72293,"Chicago Fed Adjusted National Financial Conditions Index","1971-01-08","2024-10-25","Index","NSA",2024-10-30,"Weekly"," points",-1.00948,"ANFCI"
"619",1982-11-12,"ANFCI",1.42462,2024-10-31,2024-10-31,1.42462,"Chicago Fed Adjusted National Financial Conditions Index","1971-01-08","2024-10-25","Index","NSA",2024-10-30,"Weekly"," points",-1.20318,"ANFCI"
"620",1982-11-19,"ANFCI",1.25415,2024-10-31,2024-10-31,1.25415,"Chicago Fed Adjusted National Financial Conditions Index","1971-01-08","2024-10-25","Index","NSA",2024-10-30,"Weekly"," points",-1.23691,"ANFCI"
"621",1982-11-26,"ANFCI",1.17945,2024-10-31,2024-10-31,1.17945,"Chicago Fed Adjusted National Financial Conditions Index","1971-01-08","2024-10-25","Index","NSA",2024-10-30,"Weekly"," points",-1.18246,"ANFCI"
"622",1982-12-03,"ANFCI",1.15416,2024-10-31,2024-10-31,1.15416,"Chicago Fed Adjusted National Financial Conditions Index","1971-01-08","2024-10-25","Index","NSA",2024-10-30,"Weekly"," points",-1.1236,"ANFCI"
"623",1982-12-10,"ANFCI",1.13418,2024-10-31,2024-10-31,1.13418,"Chicago Fed Adjusted National Financial Conditions Index","1971-01-08","2024-10-25","Index","NSA",2024-10-30,"Weekly"," points",-1.10951,"ANFCI"
"624",1982-12-17,"ANFCI",1.0907,2024-10-31,2024-10-31,1.0907,"Chicago Fed Adjusted National Financial Conditions Index","1971-01-08","2024-10-25","Index","NSA",2024-10-30,"Weekly"," points",-1.1511,"ANFCI"
"625",1982-12-24,"ANFCI",1.0045,2024-10-31,2024-10-31,1.0045,"Chicago Fed Adjusted National Financial Conditions Index","1971-01-08","2024-10-25","Index","NSA",2024-10-30,"Weekly"," points",-1.23722,"ANFCI"
"626",1982-12-31,"ANFCI",0.88146,2024-10-31,2024-10-31,0.88146,"Chicago Fed Adjusted National Financial Conditions Index","1971-01-08","2024-10-25","Index","NSA",2024-10-30,"Weekly"," points",-1.32565,"ANFCI"
"627",1983-01-07,"ANFCI",0.74011,2024-10-31,2024-10-31,0.74011,"Chicago Fed Adjusted National Financial Conditions Index","1971-01-08","2024-10-25","Index","NSA",2024-10-30,"Weekly"," points",-1.39351,"ANFCI"
"628",1983-01-14,"ANFCI",0.60575,2024-10-31,2024-10-31,0.60575,"Chicago Fed Adjusted National Financial Conditions Index","1971-01-08","2024-10-25","Index","NSA",2024-10-30,"Weekly"," points",-1.44174,"ANFCI"
"629",1983-01-21,"ANFCI",0.49488,2024-10-31,2024-10-31,0.49488,"Chicago Fed Adjusted National Financial Conditions Index","1971-01-08","2024-10-25","Index","NSA",2024-10-30,"Weekly"," points",-1.48227,"ANFCI"
"630",1983-01-28,"ANFCI",0.41747,2024-10-31,2024-10-31,0.41747,"Chicago Fed Adjusted National Financial Conditions Index","1971-01-08","2024-10-25","Index","NSA",2024-10-30,"Weekly"," points",-1.54174,"ANFCI"
"631",1983-02-04,"ANFCI",0.36845,2024-10-31,2024-10-31,0.36845,"Chicago Fed Adjusted National Financial Conditions Index","1971-01-08","2024-10-25","Index","NSA",2024-10-30,"Weekly"," points",-1.62039,"ANFCI"
"632",1983-02-11,"ANFCI",0.334,2024-10-31,2024-10-31,0.334,"Chicago Fed Adjusted National Financial Conditions Index","1971-01-08","2024-10-25","Index","NSA",2024-10-30,"Weekly"," points",-1.72373,"ANFCI"
"633",1983-02-18,"ANFCI",0.30628,2024-10-31,2024-10-31,0.30628,"Chicago Fed Adjusted National Financial Conditions Index","1971-01-08","2024-10-25","Index","NSA",2024-10-30,"Weekly"," points",-1.82909,"ANFCI"
"634",1983-02-25,"ANFCI",0.28002,2024-10-31,2024-10-31,0.28002,"Chicago Fed Adjusted National Financial Conditions Index","1971-01-08","2024-10-25","Index","NSA",2024-10-30,"Weekly"," points",-1.9123,"ANFCI"
"635",1983-03-04,"ANFCI",0.25366,2024-10-31,2024-10-31,0.25366,"Chicago Fed Adjusted National Financial Conditions Index","1971-01-08","2024-10-25","Index","NSA",2024-10-30,"Weekly"," points",-1.95731,"ANFCI"
"636",1983-03-11,"ANFCI",0.23853,2024-10-31,2024-10-31,0.23853,"Chicago Fed Adjusted National Financial Conditions Index","1971-01-08","2024-10-25","Index","NSA",2024-10-30,"Weekly"," points",-1.9634,"ANFCI"
"637",1983-03-18,"ANFCI",0.2386,2024-10-31,2024-10-31,0.2386,"Chicago Fed Adjusted National Financial Conditions Index","1971-01-08","2024-10-25","Index","NSA",2024-10-30,"Weekly"," points",-1.95242,"ANFCI"
"638",1983-03-25,"ANFCI",0.24657,2024-10-31,2024-10-31,0.24657,"Chicago Fed Adjusted National Financial Conditions Index","1971-01-08","2024-10-25","Index","NSA",2024-10-30,"Weekly"," points",-1.94665,"ANFCI"
"639",1983-04-01,"ANFCI",0.25412,2024-10-31,2024-10-31,0.25412,"Chicago Fed Adjusted National Financial Conditions Index","1971-01-08","2024-10-25","Index","NSA",2024-10-30,"Weekly"," points",-1.961,"ANFCI"
"640",1983-04-08,"ANFCI",0.24646,2024-10-31,2024-10-31,0.24646,"Chicago Fed Adjusted National Financial Conditions Index","1971-01-08","2024-10-25","Index","NSA",2024-10-30,"Weekly"," points",-2.01381,"ANFCI"
"641",1983-04-15,"ANFCI",0.21207,2024-10-31,2024-10-31,0.21207,"Chicago Fed Adjusted National Financial Conditions Index","1971-01-08","2024-10-25","Index","NSA",2024-10-30,"Weekly"," points",-2.10289,"ANFCI"
"642",1983-04-22,"ANFCI",0.15053,2024-10-31,2024-10-31,0.15053,"Chicago Fed Adjusted National Financial Conditions Index","1971-01-08","2024-10-25","Index","NSA",2024-10-30,"Weekly"," points",-2.21654,"ANFCI"
"643",1983-04-29,"ANFCI",0.07008,2024-10-31,2024-10-31,0.07008,"Chicago Fed Adjusted National Financial Conditions Index","1971-01-08","2024-10-25","Index","NSA",2024-10-30,"Weekly"," points",-2.34993,"ANFCI"
"644",1983-05-06,"ANFCI",-0.01483,2024-10-31,2024-10-31,-0.01483,"Chicago Fed Adjusted National Financial Conditions Index","1971-01-08","2024-10-25","Index","NSA",2024-10-30,"Weekly"," points",-2.50218,"ANFCI"
"645",1983-05-13,"ANFCI",-0.08871,2024-10-31,2024-10-31,-0.08871,"Chicago Fed Adjusted National Financial Conditions Index","1971-01-08","2024-10-25","Index","NSA",2024-10-30,"Weekly"," points",-2.67203,"ANFCI"
"646",1983-05-20,"ANFCI",-0.1426,2024-10-31,2024-10-31,-0.1426,"Chicago Fed Adjusted National Financial Conditions Index","1971-01-08","2024-10-25","Index","NSA",2024-10-30,"Weekly"," points",-2.86907,"ANFCI"
"647",1983-05-27,"ANFCI",-0.17936,2024-10-31,2024-10-31,-0.17936,"Chicago Fed Adjusted National Financial Conditions Index","1971-01-08","2024-10-25","Index","NSA",2024-10-30,"Weekly"," points",-3.08827,"ANFCI"
"648",1983-06-03,"ANFCI",-0.19954,2024-10-31,2024-10-31,-0.19954,"Chicago Fed Adjusted National Financial Conditions Index","1971-01-08","2024-10-25","Index","NSA",2024-10-30,"Weekly"," points",-3.31436,"ANFCI"
"649",1983-06-10,"ANFCI",-0.20861,2024-10-31,2024-10-31,-0.20861,"Chicago Fed Adjusted National Financial Conditions Index","1971-01-08","2024-10-25","Index","NSA",2024-10-30,"Weekly"," points",-3.53479,"ANFCI"
"650",1983-06-17,"ANFCI",-0.21076,2024-10-31,2024-10-31,-0.21076,"Chicago Fed Adjusted National Financial Conditions Index","1971-01-08","2024-10-25","Index","NSA",2024-10-30,"Weekly"," points",-3.71247,"ANFCI"
"651",1983-06-24,"ANFCI",-0.20544,2024-10-31,2024-10-31,-0.20544,"Chicago Fed Adjusted National Financial Conditions Index","1971-01-08","2024-10-25","Index","NSA",2024-10-30,"Weekly"," points",-3.81397,"ANFCI"
"652",1983-07-01,"ANFCI",-0.19028,2024-10-31,2024-10-31,-0.19028,"Chicago Fed Adjusted National Financial Conditions Index","1971-01-08","2024-10-25","Index","NSA",2024-10-30,"Weekly"," points",-3.82021,"ANFCI"
"653",1983-07-08,"ANFCI",-0.17006,2024-10-31,2024-10-31,-0.17006,"Chicago Fed Adjusted National Financial Conditions Index","1971-01-08","2024-10-25","Index","NSA",2024-10-30,"Weekly"," points",-3.73861,"ANFCI"
"654",1983-07-15,"ANFCI",-0.14742,2024-10-31,2024-10-31,-0.14742,"Chicago Fed Adjusted National Financial Conditions Index","1971-01-08","2024-10-25","Index","NSA",2024-10-30,"Weekly"," points",-3.59027,"ANFCI"
"655",1983-07-22,"ANFCI",-0.13063,2024-10-31,2024-10-31,-0.13063,"Chicago Fed Adjusted National Financial Conditions Index","1971-01-08","2024-10-25","Index","NSA",2024-10-30,"Weekly"," points",-3.42873,"ANFCI"
"656",1983-07-29,"ANFCI",-0.12355,2024-10-31,2024-10-31,-0.12355,"Chicago Fed Adjusted National Financial Conditions Index","1971-01-08","2024-10-25","Index","NSA",2024-10-30,"Weekly"," points",-3.30021,"ANFCI"
"657",1983-08-05,"ANFCI",-0.12833,2024-10-31,2024-10-31,-0.12833,"Chicago Fed Adjusted National Financial Conditions Index","1971-01-08","2024-10-25","Index","NSA",2024-10-30,"Weekly"," points",-3.2523,"ANFCI"
"658",1983-08-12,"ANFCI",-0.14406,2024-10-31,2024-10-31,-0.14406,"Chicago Fed Adjusted National Financial Conditions Index","1971-01-08","2024-10-25","Index","NSA",2024-10-30,"Weekly"," points",-3.31371,"ANFCI"
"659",1983-08-19,"ANFCI",-0.17099,2024-10-31,2024-10-31,-0.17099,"Chicago Fed Adjusted National Financial Conditions Index","1971-01-08","2024-10-25","Index","NSA",2024-10-30,"Weekly"," points",-3.48886,"ANFCI"
"660",1983-08-26,"ANFCI",-0.20555,2024-10-31,2024-10-31,-0.20555,"Chicago Fed Adjusted National Financial Conditions Index","1971-01-08","2024-10-25","Index","NSA",2024-10-30,"Weekly"," points",-3.76467,"ANFCI"
"661",1983-09-02,"ANFCI",-0.24821,2024-10-31,2024-10-31,-0.24821,"Chicago Fed Adjusted National Financial Conditions Index","1971-01-08","2024-10-25","Index","NSA",2024-10-30,"Weekly"," points",-4.09899,"ANFCI"
"662",1983-09-09,"ANFCI",-0.29828,2024-10-31,2024-10-31,-0.29828,"Chicago Fed Adjusted National Financial Conditions Index","1971-01-08","2024-10-25","Index","NSA",2024-10-30,"Weekly"," points",-4.42638,"ANFCI"
"663",1983-09-16,"ANFCI",-0.35052,2024-10-31,2024-10-31,-0.35052,"Chicago Fed Adjusted National Financial Conditions Index","1971-01-08","2024-10-25","Index","NSA",2024-10-30,"Weekly"," points",-4.66665,"ANFCI"
"664",1983-09-23,"ANFCI",-0.3942,2024-10-31,2024-10-31,-0.3942,"Chicago Fed Adjusted National Financial Conditions Index","1971-01-08","2024-10-25","Index","NSA",2024-10-30,"Weekly"," points",-4.73247,"ANFCI"
"665",1983-09-30,"ANFCI",-0.42052,2024-10-31,2024-10-31,-0.42052,"Chicago Fed Adjusted National Financial Conditions Index","1971-01-08","2024-10-25","Index","NSA",2024-10-30,"Weekly"," points",-4.57631,"ANFCI"
"666",1983-10-07,"ANFCI",-0.42088,2024-10-31,2024-10-31,-0.42088,"Chicago Fed Adjusted National Financial Conditions Index","1971-01-08","2024-10-25","Index","NSA",2024-10-30,"Weekly"," points",-4.19846,"ANFCI"
"667",1983-10-14,"ANFCI",-0.3937,2024-10-31,2024-10-31,-0.3937,"Chicago Fed Adjusted National Financial Conditions Index","1971-01-08","2024-10-25","Index","NSA",2024-10-30,"Weekly"," points",-3.65238,"ANFCI"
"668",1983-10-21,"ANFCI",-0.3443,2024-10-31,2024-10-31,-0.3443,"Chicago Fed Adjusted National Financial Conditions Index","1971-01-08","2024-10-25","Index","NSA",2024-10-30,"Weekly"," points",-3.03253,"ANFCI"
"669",1983-10-28,"ANFCI",-0.28944,2024-10-31,2024-10-31,-0.28944,"Chicago Fed Adjusted National Financial Conditions Index","1971-01-08","2024-10-25","Index","NSA",2024-10-30,"Weekly"," points",-2.44338,"ANFCI"
"670",1983-11-04,"ANFCI",-0.23368,2024-10-31,2024-10-31,-0.23368,"Chicago Fed Adjusted National Financial Conditions Index","1971-01-08","2024-10-25","Index","NSA",2024-10-30,"Weekly"," points",-1.95661,"ANFCI"
"671",1983-11-11,"ANFCI",-0.18574,2024-10-31,2024-10-31,-0.18574,"Chicago Fed Adjusted National Financial Conditions Index","1971-01-08","2024-10-25","Index","NSA",2024-10-30,"Weekly"," points",-1.61036,"ANFCI"
"672",1983-11-18,"ANFCI",-0.13948,2024-10-31,2024-10-31,-0.13948,"Chicago Fed Adjusted National Financial Conditions Index","1971-01-08","2024-10-25","Index","NSA",2024-10-30,"Weekly"," points",-1.39363,"ANFCI"
"673",1983-11-25,"ANFCI",-0.08754,2024-10-31,2024-10-31,-0.08754,"Chicago Fed Adjusted National Financial Conditions Index","1971-01-08","2024-10-25","Index","NSA",2024-10-30,"Weekly"," points",-1.26699,"ANFCI"
"674",1983-12-02,"ANFCI",-0.02714,2024-10-31,2024-10-31,-0.02714,"Chicago Fed Adjusted National Financial Conditions Index","1971-01-08","2024-10-25","Index","NSA",2024-10-30,"Weekly"," points",-1.1813,"ANFCI"
"675",1983-12-09,"ANFCI",0.03926,2024-10-31,2024-10-31,0.03926,"Chicago Fed Adjusted National Financial Conditions Index","1971-01-08","2024-10-25","Index","NSA",2024-10-30,"Weekly"," points",-1.09492,"ANFCI"
"676",1983-12-16,"ANFCI",0.09859,2024-10-31,2024-10-31,0.09859,"Chicago Fed Adjusted National Financial Conditions Index","1971-01-08","2024-10-25","Index","NSA",2024-10-30,"Weekly"," points",-0.99211,"ANFCI"
"677",1983-12-23,"ANFCI",0.13361,2024-10-31,2024-10-31,0.13361,"Chicago Fed Adjusted National Financial Conditions Index","1971-01-08","2024-10-25","Index","NSA",2024-10-30,"Weekly"," points",-0.87089,"ANFCI"
"678",1983-12-30,"ANFCI",0.13195,2024-10-31,2024-10-31,0.13195,"Chicago Fed Adjusted National Financial Conditions Index","1971-01-08","2024-10-25","Index","NSA",2024-10-30,"Weekly"," points",-0.74951,"ANFCI"
"679",1984-01-06,"ANFCI",0.09587,2024-10-31,2024-10-31,0.09587,"Chicago Fed Adjusted National Financial Conditions Index","1971-01-08","2024-10-25","Index","NSA",2024-10-30,"Weekly"," points",-0.64424,"ANFCI"
"680",1984-01-13,"ANFCI",0.03074,2024-10-31,2024-10-31,0.03074,"Chicago Fed Adjusted National Financial Conditions Index","1971-01-08","2024-10-25","Index","NSA",2024-10-30,"Weekly"," points",-0.57501,"ANFCI"
"681",1984-01-20,"ANFCI",-0.05015,2024-10-31,2024-10-31,-0.05015,"Chicago Fed Adjusted National Financial Conditions Index","1971-01-08","2024-10-25","Index","NSA",2024-10-30,"Weekly"," points",-0.54503,"ANFCI"
"682",1984-01-27,"ANFCI",-0.12989,2024-10-31,2024-10-31,-0.12989,"Chicago Fed Adjusted National Financial Conditions Index","1971-01-08","2024-10-25","Index","NSA",2024-10-30,"Weekly"," points",-0.54736,"ANFCI"
"683",1984-02-03,"ANFCI",-0.19859,2024-10-31,2024-10-31,-0.19859,"Chicago Fed Adjusted National Financial Conditions Index","1971-01-08","2024-10-25","Index","NSA",2024-10-30,"Weekly"," points",-0.56704,"ANFCI"
"684",1984-02-10,"ANFCI",-0.25012,2024-10-31,2024-10-31,-0.25012,"Chicago Fed Adjusted National Financial Conditions Index","1971-01-08","2024-10-25","Index","NSA",2024-10-30,"Weekly"," points",-0.58412,"ANFCI"
"685",1984-02-17,"ANFCI",-0.28147,2024-10-31,2024-10-31,-0.28147,"Chicago Fed Adjusted National Financial Conditions Index","1971-01-08","2024-10-25","Index","NSA",2024-10-30,"Weekly"," points",-0.58775,"ANFCI"
"686",1984-02-24,"ANFCI",-0.29539,2024-10-31,2024-10-31,-0.29539,"Chicago Fed Adjusted National Financial Conditions Index","1971-01-08","2024-10-25","Index","NSA",2024-10-30,"Weekly"," points",-0.57541,"ANFCI"
"687",1984-03-02,"ANFCI",-0.2937,2024-10-31,2024-10-31,-0.2937,"Chicago Fed Adjusted National Financial Conditions Index","1971-01-08","2024-10-25","Index","NSA",2024-10-30,"Weekly"," points",-0.54736,"ANFCI"
"688",1984-03-09,"ANFCI",-0.27803,2024-10-31,2024-10-31,-0.27803,"Chicago Fed Adjusted National Financial Conditions Index","1971-01-08","2024-10-25","Index","NSA",2024-10-30,"Weekly"," points",-0.51656,"ANFCI"
"689",1984-03-16,"ANFCI",-0.25032,2024-10-31,2024-10-31,-0.25032,"Chicago Fed Adjusted National Financial Conditions Index","1971-01-08","2024-10-25","Index","NSA",2024-10-30,"Weekly"," points",-0.48892,"ANFCI"
"690",1984-03-23,"ANFCI",-0.21182,2024-10-31,2024-10-31,-0.21182,"Chicago Fed Adjusted National Financial Conditions Index","1971-01-08","2024-10-25","Index","NSA",2024-10-30,"Weekly"," points",-0.45839,"ANFCI"
"691",1984-03-30,"ANFCI",-0.15914,2024-10-31,2024-10-31,-0.15914,"Chicago Fed Adjusted National Financial Conditions Index","1971-01-08","2024-10-25","Index","NSA",2024-10-30,"Weekly"," points",-0.41326,"ANFCI"
"692",1984-04-06,"ANFCI",-0.08853,2024-10-31,2024-10-31,-0.08853,"Chicago Fed Adjusted National Financial Conditions Index","1971-01-08","2024-10-25","Index","NSA",2024-10-30,"Weekly"," points",-0.33499,"ANFCI"
"693",1984-04-13,"ANFCI",0.005,2024-10-31,2024-10-31,0.005,"Chicago Fed Adjusted National Financial Conditions Index","1971-01-08","2024-10-25","Index","NSA",2024-10-30,"Weekly"," points",-0.20707,"ANFCI"
"694",1984-04-20,"ANFCI",0.12519,2024-10-31,2024-10-31,0.12519,"Chicago Fed Adjusted National Financial Conditions Index","1971-01-08","2024-10-25","Index","NSA",2024-10-30,"Weekly"," points",-0.02534,"ANFCI"
"695",1984-04-27,"ANFCI",0.26963,2024-10-31,2024-10-31,0.26963,"Chicago Fed Adjusted National Financial Conditions Index","1971-01-08","2024-10-25","Index","NSA",2024-10-30,"Weekly"," points",0.19955,"ANFCI"
"696",1984-05-04,"ANFCI",0.42592,2024-10-31,2024-10-31,0.42592,"Chicago Fed Adjusted National Financial Conditions Index","1971-01-08","2024-10-25","Index","NSA",2024-10-30,"Weekly"," points",0.44075,"ANFCI"
"697",1984-05-11,"ANFCI",0.58123,2024-10-31,2024-10-31,0.58123,"Chicago Fed Adjusted National Financial Conditions Index","1971-01-08","2024-10-25","Index","NSA",2024-10-30,"Weekly"," points",0.66994,"ANFCI"
"698",1984-05-18,"ANFCI",0.7217,2024-10-31,2024-10-31,0.7217,"Chicago Fed Adjusted National Financial Conditions Index","1971-01-08","2024-10-25","Index","NSA",2024-10-30,"Weekly"," points",0.8643,"ANFCI"
"699",1984-05-25,"ANFCI",0.84378,2024-10-31,2024-10-31,0.84378,"Chicago Fed Adjusted National Financial Conditions Index","1971-01-08","2024-10-25","Index","NSA",2024-10-30,"Weekly"," points",1.02314,"ANFCI"
"700",1984-06-01,"ANFCI",0.95662,2024-10-31,2024-10-31,0.95662,"Chicago Fed Adjusted National Financial Conditions Index","1971-01-08","2024-10-25","Index","NSA",2024-10-30,"Weekly"," points",1.15616,"ANFCI"
"701",1984-06-08,"ANFCI",1.06687,2024-10-31,2024-10-31,1.06687,"Chicago Fed Adjusted National Financial Conditions Index","1971-01-08","2024-10-25","Index","NSA",2024-10-30,"Weekly"," points",1.27548,"ANFCI"
"702",1984-06-15,"ANFCI",1.17954,2024-10-31,2024-10-31,1.17954,"Chicago Fed Adjusted National Financial Conditions Index","1971-01-08","2024-10-25","Index","NSA",2024-10-30,"Weekly"," points",1.3903,"ANFCI"
"703",1984-06-22,"ANFCI",1.28295,2024-10-31,2024-10-31,1.28295,"Chicago Fed Adjusted National Financial Conditions Index","1971-01-08","2024-10-25","Index","NSA",2024-10-30,"Weekly"," points",1.48839,"ANFCI"
"704",1984-06-29,"ANFCI",1.35254,2024-10-31,2024-10-31,1.35254,"Chicago Fed Adjusted National Financial Conditions Index","1971-01-08","2024-10-25","Index","NSA",2024-10-30,"Weekly"," points",1.54282,"ANFCI"
"705",1984-07-06,"ANFCI",1.36061,2024-10-31,2024-10-31,1.36061,"Chicago Fed Adjusted National Financial Conditions Index","1971-01-08","2024-10-25","Index","NSA",2024-10-30,"Weekly"," points",1.53067,"ANFCI"
"706",1984-07-13,"ANFCI",1.29432,2024-10-31,2024-10-31,1.29432,"Chicago Fed Adjusted National Financial Conditions Index","1971-01-08","2024-10-25","Index","NSA",2024-10-30,"Weekly"," points",1.44174,"ANFCI"
"707",1984-07-20,"ANFCI",1.16594,2024-10-31,2024-10-31,1.16594,"Chicago Fed Adjusted National Financial Conditions Index","1971-01-08","2024-10-25","Index","NSA",2024-10-30,"Weekly"," points",1.29657,"ANFCI"
"708",1984-07-27,"ANFCI",1.0014,2024-10-31,2024-10-31,1.0014,"Chicago Fed Adjusted National Financial Conditions Index","1971-01-08","2024-10-25","Index","NSA",2024-10-30,"Weekly"," points",1.12495,"ANFCI"
"709",1984-08-03,"ANFCI",0.83769,2024-10-31,2024-10-31,0.83769,"Chicago Fed Adjusted National Financial Conditions Index","1971-01-08","2024-10-25","Index","NSA",2024-10-30,"Weekly"," points",0.96602,"ANFCI"
"710",1984-08-10,"ANFCI",0.70348,2024-10-31,2024-10-31,0.70348,"Chicago Fed Adjusted National Financial Conditions Index","1971-01-08","2024-10-25","Index","NSA",2024-10-30,"Weekly"," points",0.84754,"ANFCI"
"711",1984-08-17,"ANFCI",0.61379,2024-10-31,2024-10-31,0.61379,"Chicago Fed Adjusted National Financial Conditions Index","1971-01-08","2024-10-25","Index","NSA",2024-10-30,"Weekly"," points",0.78478,"ANFCI"
"712",1984-08-24,"ANFCI",0.56255,2024-10-31,2024-10-31,0.56255,"Chicago Fed Adjusted National Financial Conditions Index","1971-01-08","2024-10-25","Index","NSA",2024-10-30,"Weekly"," points",0.7681,"ANFCI"
"713",1984-08-31,"ANFCI",0.53614,2024-10-31,2024-10-31,0.53614,"Chicago Fed Adjusted National Financial Conditions Index","1971-01-08","2024-10-25","Index","NSA",2024-10-30,"Weekly"," points",0.78435,"ANFCI"
"714",1984-09-07,"ANFCI",0.51929,2024-10-31,2024-10-31,0.51929,"Chicago Fed Adjusted National Financial Conditions Index","1971-01-08","2024-10-25","Index","NSA",2024-10-30,"Weekly"," points",0.81757,"ANFCI"
"715",1984-09-14,"ANFCI",0.49549,2024-10-31,2024-10-31,0.49549,"Chicago Fed Adjusted National Financial Conditions Index","1971-01-08","2024-10-25","Index","NSA",2024-10-30,"Weekly"," points",0.84601,"ANFCI"
"716",1984-09-21,"ANFCI",0.45519,2024-10-31,2024-10-31,0.45519,"Chicago Fed Adjusted National Financial Conditions Index","1971-01-08","2024-10-25","Index","NSA",2024-10-30,"Weekly"," points",0.84939,"ANFCI"
"717",1984-09-28,"ANFCI",0.39841,2024-10-31,2024-10-31,0.39841,"Chicago Fed Adjusted National Financial Conditions Index","1971-01-08","2024-10-25","Index","NSA",2024-10-30,"Weekly"," points",0.81893,"ANFCI"
"718",1984-10-05,"ANFCI",0.33087,2024-10-31,2024-10-31,0.33087,"Chicago Fed Adjusted National Financial Conditions Index","1971-01-08","2024-10-25","Index","NSA",2024-10-30,"Weekly"," points",0.75175,"ANFCI"
"719",1984-10-12,"ANFCI",0.25713,2024-10-31,2024-10-31,0.25713,"Chicago Fed Adjusted National Financial Conditions Index","1971-01-08","2024-10-25","Index","NSA",2024-10-30,"Weekly"," points",0.65083,"ANFCI"
"720",1984-10-19,"ANFCI",0.1839,2024-10-31,2024-10-31,0.1839,"Chicago Fed Adjusted National Financial Conditions Index","1971-01-08","2024-10-25","Index","NSA",2024-10-30,"Weekly"," points",0.5282,"ANFCI"
"721",1984-10-26,"ANFCI",0.1178,2024-10-31,2024-10-31,0.1178,"Chicago Fed Adjusted National Financial Conditions Index","1971-01-08","2024-10-25","Index","NSA",2024-10-30,"Weekly"," points",0.40724,"ANFCI"
"722",1984-11-02,"ANFCI",0.06068,2024-10-31,2024-10-31,0.06068,"Chicago Fed Adjusted National Financial Conditions Index","1971-01-08","2024-10-25","Index","NSA",2024-10-30,"Weekly"," points",0.29436,"ANFCI"
"723",1984-11-09,"ANFCI",0.01019,2024-10-31,2024-10-31,0.01019,"Chicago Fed Adjusted National Financial Conditions Index","1971-01-08","2024-10-25","Index","NSA",2024-10-30,"Weekly"," points",0.19593,"ANFCI"
"724",1984-11-16,"ANFCI",-0.03561,2024-10-31,2024-10-31,-0.03561,"Chicago Fed Adjusted National Financial Conditions Index","1971-01-08","2024-10-25","Index","NSA",2024-10-30,"Weekly"," points",0.10387,"ANFCI"
"725",1984-11-23,"ANFCI",-0.07598,2024-10-31,2024-10-31,-0.07598,"Chicago Fed Adjusted National Financial Conditions Index","1971-01-08","2024-10-25","Index","NSA",2024-10-30,"Weekly"," points",0.01156,"ANFCI"
"726",1984-11-30,"ANFCI",-0.11357,2024-10-31,2024-10-31,-0.11357,"Chicago Fed Adjusted National Financial Conditions Index","1971-01-08","2024-10-25","Index","NSA",2024-10-30,"Weekly"," points",-0.08643,"ANFCI"
"727",1984-12-07,"ANFCI",-0.1472,2024-10-31,2024-10-31,-0.1472,"Chicago Fed Adjusted National Financial Conditions Index","1971-01-08","2024-10-25","Index","NSA",2024-10-30,"Weekly"," points",-0.18646,"ANFCI"
"728",1984-12-14,"ANFCI",-0.18342,2024-10-31,2024-10-31,-0.18342,"Chicago Fed Adjusted National Financial Conditions Index","1971-01-08","2024-10-25","Index","NSA",2024-10-30,"Weekly"," points",-0.28201,"ANFCI"
"729",1984-12-21,"ANFCI",-0.22644,2024-10-31,2024-10-31,-0.22644,"Chicago Fed Adjusted National Financial Conditions Index","1971-01-08","2024-10-25","Index","NSA",2024-10-30,"Weekly"," points",-0.36005,"ANFCI"
"730",1984-12-28,"ANFCI",-0.27693,2024-10-31,2024-10-31,-0.27693,"Chicago Fed Adjusted National Financial Conditions Index","1971-01-08","2024-10-25","Index","NSA",2024-10-30,"Weekly"," points",-0.40888,"ANFCI"
"731",1985-01-04,"ANFCI",-0.33527,2024-10-31,2024-10-31,-0.33527,"Chicago Fed Adjusted National Financial Conditions Index","1971-01-08","2024-10-25","Index","NSA",2024-10-30,"Weekly"," points",-0.43114,"ANFCI"
"732",1985-01-11,"ANFCI",-0.39201,2024-10-31,2024-10-31,-0.39201,"Chicago Fed Adjusted National Financial Conditions Index","1971-01-08","2024-10-25","Index","NSA",2024-10-30,"Weekly"," points",-0.42275,"ANFCI"
"733",1985-01-18,"ANFCI",-0.43396,2024-10-31,2024-10-31,-0.43396,"Chicago Fed Adjusted National Financial Conditions Index","1971-01-08","2024-10-25","Index","NSA",2024-10-30,"Weekly"," points",-0.38381,"ANFCI"
"734",1985-01-25,"ANFCI",-0.45354,2024-10-31,2024-10-31,-0.45354,"Chicago Fed Adjusted National Financial Conditions Index","1971-01-08","2024-10-25","Index","NSA",2024-10-30,"Weekly"," points",-0.32365,"ANFCI"
"735",1985-02-01,"ANFCI",-0.44833,2024-10-31,2024-10-31,-0.44833,"Chicago Fed Adjusted National Financial Conditions Index","1971-01-08","2024-10-25","Index","NSA",2024-10-30,"Weekly"," points",-0.24974,"ANFCI"
"736",1985-02-08,"ANFCI",-0.422,2024-10-31,2024-10-31,-0.422,"Chicago Fed Adjusted National Financial Conditions Index","1971-01-08","2024-10-25","Index","NSA",2024-10-30,"Weekly"," points",-0.17188,"ANFCI"
"737",1985-02-15,"ANFCI",-0.38692,2024-10-31,2024-10-31,-0.38692,"Chicago Fed Adjusted National Financial Conditions Index","1971-01-08","2024-10-25","Index","NSA",2024-10-30,"Weekly"," points",-0.10545,"ANFCI"
"738",1985-02-22,"ANFCI",-0.35399,2024-10-31,2024-10-31,-0.35399,"Chicago Fed Adjusted National Financial Conditions Index","1971-01-08","2024-10-25","Index","NSA",2024-10-30,"Weekly"," points",-0.0586,"ANFCI"
"739",1985-03-01,"ANFCI",-0.32837,2024-10-31,2024-10-31,-0.32837,"Chicago Fed Adjusted National Financial Conditions Index","1971-01-08","2024-10-25","Index","NSA",2024-10-30,"Weekly"," points",-0.03467,"ANFCI"
"740",1985-03-08,"ANFCI",-0.31205,2024-10-31,2024-10-31,-0.31205,"Chicago Fed Adjusted National Financial Conditions Index","1971-01-08","2024-10-25","Index","NSA",2024-10-30,"Weekly"," points",-0.03402,"ANFCI"
"741",1985-03-15,"ANFCI",-0.30216,2024-10-31,2024-10-31,-0.30216,"Chicago Fed Adjusted National Financial Conditions Index","1971-01-08","2024-10-25","Index","NSA",2024-10-30,"Weekly"," points",-0.05184,"ANFCI"
"742",1985-03-22,"ANFCI",-0.29432,2024-10-31,2024-10-31,-0.29432,"Chicago Fed Adjusted National Financial Conditions Index","1971-01-08","2024-10-25","Index","NSA",2024-10-30,"Weekly"," points",-0.0825,"ANFCI"
"743",1985-03-29,"ANFCI",-0.28967,2024-10-31,2024-10-31,-0.28967,"Chicago Fed Adjusted National Financial Conditions Index","1971-01-08","2024-10-25","Index","NSA",2024-10-30,"Weekly"," points",-0.13053,"ANFCI"
"744",1985-04-05,"ANFCI",-0.29556,2024-10-31,2024-10-31,-0.29556,"Chicago Fed Adjusted National Financial Conditions Index","1971-01-08","2024-10-25","Index","NSA",2024-10-30,"Weekly"," points",-0.20703,"ANFCI"
"745",1985-04-12,"ANFCI",-0.31709,2024-10-31,2024-10-31,-0.31709,"Chicago Fed Adjusted National Financial Conditions Index","1971-01-08","2024-10-25","Index","NSA",2024-10-30,"Weekly"," points",-0.32209,"ANFCI"
"746",1985-04-19,"ANFCI",-0.35854,2024-10-31,2024-10-31,-0.35854,"Chicago Fed Adjusted National Financial Conditions Index","1971-01-08","2024-10-25","Index","NSA",2024-10-30,"Weekly"," points",-0.48373,"ANFCI"
"747",1985-04-26,"ANFCI",-0.41757,2024-10-31,2024-10-31,-0.41757,"Chicago Fed Adjusted National Financial Conditions Index","1971-01-08","2024-10-25","Index","NSA",2024-10-30,"Weekly"," points",-0.6872,"ANFCI"
"748",1985-05-03,"ANFCI",-0.48503,2024-10-31,2024-10-31,-0.48503,"Chicago Fed Adjusted National Financial Conditions Index","1971-01-08","2024-10-25","Index","NSA",2024-10-30,"Weekly"," points",-0.91095,"ANFCI"
"749",1985-05-10,"ANFCI",-0.55202,2024-10-31,2024-10-31,-0.55202,"Chicago Fed Adjusted National Financial Conditions Index","1971-01-08","2024-10-25","Index","NSA",2024-10-30,"Weekly"," points",-1.13325,"ANFCI"
"750",1985-05-17,"ANFCI",-0.60223,2024-10-31,2024-10-31,-0.60223,"Chicago Fed Adjusted National Financial Conditions Index","1971-01-08","2024-10-25","Index","NSA",2024-10-30,"Weekly"," points",-1.32393,"ANFCI"
"751",1985-05-24,"ANFCI",-0.6294,2024-10-31,2024-10-31,-0.6294,"Chicago Fed Adjusted National Financial Conditions Index","1971-01-08","2024-10-25","Index","NSA",2024-10-30,"Weekly"," points",-1.47318,"ANFCI"
"752",1985-05-31,"ANFCI",-0.62921,2024-10-31,2024-10-31,-0.62921,"Chicago Fed Adjusted National Financial Conditions Index","1971-01-08","2024-10-25","Index","NSA",2024-10-30,"Weekly"," points",-1.58583,"ANFCI"
"753",1985-06-07,"ANFCI",-0.60019,2024-10-31,2024-10-31,-0.60019,"Chicago Fed Adjusted National Financial Conditions Index","1971-01-08","2024-10-25","Index","NSA",2024-10-30,"Weekly"," points",-1.66706,"ANFCI"
"754",1985-06-14,"ANFCI",-0.54755,2024-10-31,2024-10-31,-0.54755,"Chicago Fed Adjusted National Financial Conditions Index","1971-01-08","2024-10-25","Index","NSA",2024-10-30,"Weekly"," points",-1.72709,"ANFCI"
"755",1985-06-21,"ANFCI",-0.47976,2024-10-31,2024-10-31,-0.47976,"Chicago Fed Adjusted National Financial Conditions Index","1971-01-08","2024-10-25","Index","NSA",2024-10-30,"Weekly"," points",-1.76271,"ANFCI"
"756",1985-06-28,"ANFCI",-0.40494,2024-10-31,2024-10-31,-0.40494,"Chicago Fed Adjusted National Financial Conditions Index","1971-01-08","2024-10-25","Index","NSA",2024-10-30,"Weekly"," points",-1.75748,"ANFCI"
"757",1985-07-05,"ANFCI",-0.33279,2024-10-31,2024-10-31,-0.33279,"Chicago Fed Adjusted National Financial Conditions Index","1971-01-08","2024-10-25","Index","NSA",2024-10-30,"Weekly"," points",-1.6934,"ANFCI"
"758",1985-07-12,"ANFCI",-0.26981,2024-10-31,2024-10-31,-0.26981,"Chicago Fed Adjusted National Financial Conditions Index","1971-01-08","2024-10-25","Index","NSA",2024-10-30,"Weekly"," points",-1.56413,"ANFCI"
"759",1985-07-19,"ANFCI",-0.21492,2024-10-31,2024-10-31,-0.21492,"Chicago Fed Adjusted National Financial Conditions Index","1971-01-08","2024-10-25","Index","NSA",2024-10-30,"Weekly"," points",-1.38086,"ANFCI"
"760",1985-07-26,"ANFCI",-0.16609,2024-10-31,2024-10-31,-0.16609,"Chicago Fed Adjusted National Financial Conditions Index","1971-01-08","2024-10-25","Index","NSA",2024-10-30,"Weekly"," points",-1.16749,"ANFCI"
"761",1985-08-02,"ANFCI",-0.12041,2024-10-31,2024-10-31,-0.12041,"Chicago Fed Adjusted National Financial Conditions Index","1971-01-08","2024-10-25","Index","NSA",2024-10-30,"Weekly"," points",-0.9581,"ANFCI"
"762",1985-08-09,"ANFCI",-0.07337,2024-10-31,2024-10-31,-0.07337,"Chicago Fed Adjusted National Financial Conditions Index","1971-01-08","2024-10-25","Index","NSA",2024-10-30,"Weekly"," points",-0.77685,"ANFCI"
"763",1985-08-16,"ANFCI",-0.02474,2024-10-31,2024-10-31,-0.02474,"Chicago Fed Adjusted National Financial Conditions Index","1971-01-08","2024-10-25","Index","NSA",2024-10-30,"Weekly"," points",-0.63853,"ANFCI"
"764",1985-08-23,"ANFCI",0.02385,2024-10-31,2024-10-31,0.02385,"Chicago Fed Adjusted National Financial Conditions Index","1971-01-08","2024-10-25","Index","NSA",2024-10-30,"Weekly"," points",-0.5387,"ANFCI"
"765",1985-08-30,"ANFCI",0.0694,2024-10-31,2024-10-31,0.0694,"Chicago Fed Adjusted National Financial Conditions Index","1971-01-08","2024-10-25","Index","NSA",2024-10-30,"Weekly"," points",-0.46674,"ANFCI"
"766",1985-09-06,"ANFCI",0.10705,2024-10-31,2024-10-31,0.10705,"Chicago Fed Adjusted National Financial Conditions Index","1971-01-08","2024-10-25","Index","NSA",2024-10-30,"Weekly"," points",-0.41224,"ANFCI"
"767",1985-09-13,"ANFCI",0.13138,2024-10-31,2024-10-31,0.13138,"Chicago Fed Adjusted National Financial Conditions Index","1971-01-08","2024-10-25","Index","NSA",2024-10-30,"Weekly"," points",-0.36411,"ANFCI"
"768",1985-09-20,"ANFCI",0.13665,2024-10-31,2024-10-31,0.13665,"Chicago Fed Adjusted National Financial Conditions Index","1971-01-08","2024-10-25","Index","NSA",2024-10-30,"Weekly"," points",-0.31854,"ANFCI"
"769",1985-09-27,"ANFCI",0.11971,2024-10-31,2024-10-31,0.11971,"Chicago Fed Adjusted National Financial Conditions Index","1971-01-08","2024-10-25","Index","NSA",2024-10-30,"Weekly"," points",-0.2787,"ANFCI"
"770",1985-10-04,"ANFCI",0.07834,2024-10-31,2024-10-31,0.07834,"Chicago Fed Adjusted National Financial Conditions Index","1971-01-08","2024-10-25","Index","NSA",2024-10-30,"Weekly"," points",-0.25253,"ANFCI"
"771",1985-10-11,"ANFCI",0.01789,2024-10-31,2024-10-31,0.01789,"Chicago Fed Adjusted National Financial Conditions Index","1971-01-08","2024-10-25","Index","NSA",2024-10-30,"Weekly"," points",-0.23924,"ANFCI"
"772",1985-10-18,"ANFCI",-0.05284,2024-10-31,2024-10-31,-0.05284,"Chicago Fed Adjusted National Financial Conditions Index","1971-01-08","2024-10-25","Index","NSA",2024-10-30,"Weekly"," points",-0.23674,"ANFCI"
"773",1985-10-25,"ANFCI",-0.12173,2024-10-31,2024-10-31,-0.12173,"Chicago Fed Adjusted National Financial Conditions Index","1971-01-08","2024-10-25","Index","NSA",2024-10-30,"Weekly"," points",-0.23953,"ANFCI"
"774",1985-11-01,"ANFCI",-0.17509,2024-10-31,2024-10-31,-0.17509,"Chicago Fed Adjusted National Financial Conditions Index","1971-01-08","2024-10-25","Index","NSA",2024-10-30,"Weekly"," points",-0.23577,"ANFCI"
"775",1985-11-08,"ANFCI",-0.20276,2024-10-31,2024-10-31,-0.20276,"Chicago Fed Adjusted National Financial Conditions Index","1971-01-08","2024-10-25","Index","NSA",2024-10-30,"Weekly"," points",-0.21295,"ANFCI"
"776",1985-11-15,"ANFCI",-0.20124,2024-10-31,2024-10-31,-0.20124,"Chicago Fed Adjusted National Financial Conditions Index","1971-01-08","2024-10-25","Index","NSA",2024-10-30,"Weekly"," points",-0.16563,"ANFCI"
"777",1985-11-22,"ANFCI",-0.17291,2024-10-31,2024-10-31,-0.17291,"Chicago Fed Adjusted National Financial Conditions Index","1971-01-08","2024-10-25","Index","NSA",2024-10-30,"Weekly"," points",-0.09693,"ANFCI"
"778",1985-11-29,"ANFCI",-0.12899,2024-10-31,2024-10-31,-0.12899,"Chicago Fed Adjusted National Financial Conditions Index","1971-01-08","2024-10-25","Index","NSA",2024-10-30,"Weekly"," points",-0.01542,"ANFCI"
"779",1985-12-06,"ANFCI",-0.08243,2024-10-31,2024-10-31,-0.08243,"Chicago Fed Adjusted National Financial Conditions Index","1971-01-08","2024-10-25","Index","NSA",2024-10-30,"Weekly"," points",0.06477,"ANFCI"
"780",1985-12-13,"ANFCI",-0.04325,2024-10-31,2024-10-31,-0.04325,"Chicago Fed Adjusted National Financial Conditions Index","1971-01-08","2024-10-25","Index","NSA",2024-10-30,"Weekly"," points",0.14017,"ANFCI"
"781",1985-12-20,"ANFCI",-0.01814,2024-10-31,2024-10-31,-0.01814,"Chicago Fed Adjusted National Financial Conditions Index","1971-01-08","2024-10-25","Index","NSA",2024-10-30,"Weekly"," points",0.2083,"ANFCI"
"782",1985-12-27,"ANFCI",-0.00427,2024-10-31,2024-10-31,-0.00427,"Chicago Fed Adjusted National Financial Conditions Index","1971-01-08","2024-10-25","Index","NSA",2024-10-30,"Weekly"," points",0.27266,"ANFCI"
"783",1986-01-03,"ANFCI",-0.00243,2024-10-31,2024-10-31,-0.00243,"Chicago Fed Adjusted National Financial Conditions Index","1971-01-08","2024-10-25","Index","NSA",2024-10-30,"Weekly"," points",0.33284,"ANFCI"
"784",1986-01-10,"ANFCI",-0.0093,2024-10-31,2024-10-31,-0.0093,"Chicago Fed Adjusted National Financial Conditions Index","1971-01-08","2024-10-25","Index","NSA",2024-10-30,"Weekly"," points",0.38271,"ANFCI"
"785",1986-01-17,"ANFCI",-0.02535,2024-10-31,2024-10-31,-0.02535,"Chicago Fed Adjusted National Financial Conditions Index","1971-01-08","2024-10-25","Index","NSA",2024-10-30,"Weekly"," points",0.40861,"ANFCI"
"786",1986-01-24,"ANFCI",-0.05286,2024-10-31,2024-10-31,-0.05286,"Chicago Fed Adjusted National Financial Conditions Index","1971-01-08","2024-10-25","Index","NSA",2024-10-30,"Weekly"," points",0.40068,"ANFCI"
"787",1986-01-31,"ANFCI",-0.09366,2024-10-31,2024-10-31,-0.09366,"Chicago Fed Adjusted National Financial Conditions Index","1971-01-08","2024-10-25","Index","NSA",2024-10-30,"Weekly"," points",0.35467,"ANFCI"
"788",1986-02-07,"ANFCI",-0.14024,2024-10-31,2024-10-31,-0.14024,"Chicago Fed Adjusted National Financial Conditions Index","1971-01-08","2024-10-25","Index","NSA",2024-10-30,"Weekly"," points",0.28176,"ANFCI"
"789",1986-02-14,"ANFCI",-0.18018,2024-10-31,2024-10-31,-0.18018,"Chicago Fed Adjusted National Financial Conditions Index","1971-01-08","2024-10-25","Index","NSA",2024-10-30,"Weekly"," points",0.20674,"ANFCI"
"790",1986-02-21,"ANFCI",-0.20233,2024-10-31,2024-10-31,-0.20233,"Chicago Fed Adjusted National Financial Conditions Index","1971-01-08","2024-10-25","Index","NSA",2024-10-30,"Weekly"," points",0.15166,"ANFCI"
"791",1986-02-28,"ANFCI",-0.19882,2024-10-31,2024-10-31,-0.19882,"Chicago Fed Adjusted National Financial Conditions Index","1971-01-08","2024-10-25","Index","NSA",2024-10-30,"Weekly"," points",0.12955,"ANFCI"
"792",1986-03-07,"ANFCI",-0.17062,2024-10-31,2024-10-31,-0.17062,"Chicago Fed Adjusted National Financial Conditions Index","1971-01-08","2024-10-25","Index","NSA",2024-10-30,"Weekly"," points",0.14143,"ANFCI"
"793",1986-03-14,"ANFCI",-0.1303,2024-10-31,2024-10-31,-0.1303,"Chicago Fed Adjusted National Financial Conditions Index","1971-01-08","2024-10-25","Index","NSA",2024-10-30,"Weekly"," points",0.17186,"ANFCI"
"794",1986-03-21,"ANFCI",-0.09388,2024-10-31,2024-10-31,-0.09388,"Chicago Fed Adjusted National Financial Conditions Index","1971-01-08","2024-10-25","Index","NSA",2024-10-30,"Weekly"," points",0.20044,"ANFCI"
"795",1986-03-28,"ANFCI",-0.07687,2024-10-31,2024-10-31,-0.07687,"Chicago Fed Adjusted National Financial Conditions Index","1971-01-08","2024-10-25","Index","NSA",2024-10-30,"Weekly"," points",0.2128,"ANFCI"
"796",1986-04-04,"ANFCI",-0.08755,2024-10-31,2024-10-31,-0.08755,"Chicago Fed Adjusted National Financial Conditions Index","1971-01-08","2024-10-25","Index","NSA",2024-10-30,"Weekly"," points",0.20801,"ANFCI"
"797",1986-04-11,"ANFCI",-0.11858,2024-10-31,2024-10-31,-0.11858,"Chicago Fed Adjusted National Financial Conditions Index","1971-01-08","2024-10-25","Index","NSA",2024-10-30,"Weekly"," points",0.19851,"ANFCI"
"798",1986-04-18,"ANFCI",-0.15603,2024-10-31,2024-10-31,-0.15603,"Chicago Fed Adjusted National Financial Conditions Index","1971-01-08","2024-10-25","Index","NSA",2024-10-30,"Weekly"," points",0.20251,"ANFCI"
"799",1986-04-25,"ANFCI",-0.1857,2024-10-31,2024-10-31,-0.1857,"Chicago Fed Adjusted National Financial Conditions Index","1971-01-08","2024-10-25","Index","NSA",2024-10-30,"Weekly"," points",0.23187,"ANFCI"
"800",1986-05-02,"ANFCI",-0.19343,2024-10-31,2024-10-31,-0.19343,"Chicago Fed Adjusted National Financial Conditions Index","1971-01-08","2024-10-25","Index","NSA",2024-10-30,"Weekly"," points",0.2916,"ANFCI"
"801",1986-05-09,"ANFCI",-0.17487,2024-10-31,2024-10-31,-0.17487,"Chicago Fed Adjusted National Financial Conditions Index","1971-01-08","2024-10-25","Index","NSA",2024-10-30,"Weekly"," points",0.37715,"ANFCI"
"802",1986-05-16,"ANFCI",-0.1348,2024-10-31,2024-10-31,-0.1348,"Chicago Fed Adjusted National Financial Conditions Index","1971-01-08","2024-10-25","Index","NSA",2024-10-30,"Weekly"," points",0.46743,"ANFCI"
"803",1986-05-23,"ANFCI",-0.07806,2024-10-31,2024-10-31,-0.07806,"Chicago Fed Adjusted National Financial Conditions Index","1971-01-08","2024-10-25","Index","NSA",2024-10-30,"Weekly"," points",0.55134,"ANFCI"
"804",1986-05-30,"ANFCI",-0.01104,2024-10-31,2024-10-31,-0.01104,"Chicago Fed Adjusted National Financial Conditions Index","1971-01-08","2024-10-25","Index","NSA",2024-10-30,"Weekly"," points",0.61817,"ANFCI"
"805",1986-06-06,"ANFCI",0.06162,2024-10-31,2024-10-31,0.06162,"Chicago Fed Adjusted National Financial Conditions Index","1971-01-08","2024-10-25","Index","NSA",2024-10-30,"Weekly"," points",0.66181,"ANFCI"
"806",1986-06-13,"ANFCI",0.13602,2024-10-31,2024-10-31,0.13602,"Chicago Fed Adjusted National Financial Conditions Index","1971-01-08","2024-10-25","Index","NSA",2024-10-30,"Weekly"," points",0.68357,"ANFCI"
"807",1986-06-20,"ANFCI",0.20402,2024-10-31,2024-10-31,0.20402,"Chicago Fed Adjusted National Financial Conditions Index","1971-01-08","2024-10-25","Index","NSA",2024-10-30,"Weekly"," points",0.68378,"ANFCI"
"808",1986-06-27,"ANFCI",0.25498,2024-10-31,2024-10-31,0.25498,"Chicago Fed Adjusted National Financial Conditions Index","1971-01-08","2024-10-25","Index","NSA",2024-10-30,"Weekly"," points",0.65992,"ANFCI"
"809",1986-07-04,"ANFCI",0.27956,2024-10-31,2024-10-31,0.27956,"Chicago Fed Adjusted National Financial Conditions Index","1971-01-08","2024-10-25","Index","NSA",2024-10-30,"Weekly"," points",0.61235,"ANFCI"
"810",1986-07-11,"ANFCI",0.27098,2024-10-31,2024-10-31,0.27098,"Chicago Fed Adjusted National Financial Conditions Index","1971-01-08","2024-10-25","Index","NSA",2024-10-30,"Weekly"," points",0.54079,"ANFCI"
"811",1986-07-18,"ANFCI",0.22474,2024-10-31,2024-10-31,0.22474,"Chicago Fed Adjusted National Financial Conditions Index","1971-01-08","2024-10-25","Index","NSA",2024-10-30,"Weekly"," points",0.43966,"ANFCI"
"812",1986-07-25,"ANFCI",0.14527,2024-10-31,2024-10-31,0.14527,"Chicago Fed Adjusted National Financial Conditions Index","1971-01-08","2024-10-25","Index","NSA",2024-10-30,"Weekly"," points",0.31136,"ANFCI"
"813",1986-08-01,"ANFCI",0.04365,2024-10-31,2024-10-31,0.04365,"Chicago Fed Adjusted National Financial Conditions Index","1971-01-08","2024-10-25","Index","NSA",2024-10-30,"Weekly"," points",0.16406,"ANFCI"
"814",1986-08-08,"ANFCI",-0.06416,2024-10-31,2024-10-31,-0.06416,"Chicago Fed Adjusted National Financial Conditions Index","1971-01-08","2024-10-25","Index","NSA",2024-10-30,"Weekly"," points",0.00921000000000001,"ANFCI"
"815",1986-08-15,"ANFCI",-0.16052,2024-10-31,2024-10-31,-0.16052,"Chicago Fed Adjusted National Financial Conditions Index","1971-01-08","2024-10-25","Index","NSA",2024-10-30,"Weekly"," points",-0.13578,"ANFCI"
"816",1986-08-22,"ANFCI",-0.22732,2024-10-31,2024-10-31,-0.22732,"Chicago Fed Adjusted National Financial Conditions Index","1971-01-08","2024-10-25","Index","NSA",2024-10-30,"Weekly"," points",-0.25117,"ANFCI"
"817",1986-08-29,"ANFCI",-0.25334,2024-10-31,2024-10-31,-0.25334,"Chicago Fed Adjusted National Financial Conditions Index","1971-01-08","2024-10-25","Index","NSA",2024-10-30,"Weekly"," points",-0.32274,"ANFCI"
"818",1986-09-05,"ANFCI",-0.23746,2024-10-31,2024-10-31,-0.23746,"Chicago Fed Adjusted National Financial Conditions Index","1971-01-08","2024-10-25","Index","NSA",2024-10-30,"Weekly"," points",-0.34451,"ANFCI"
"819",1986-09-12,"ANFCI",-0.18601,2024-10-31,2024-10-31,-0.18601,"Chicago Fed Adjusted National Financial Conditions Index","1971-01-08","2024-10-25","Index","NSA",2024-10-30,"Weekly"," points",-0.31739,"ANFCI"
"820",1986-09-19,"ANFCI",-0.12107,2024-10-31,2024-10-31,-0.12107,"Chicago Fed Adjusted National Financial Conditions Index","1971-01-08","2024-10-25","Index","NSA",2024-10-30,"Weekly"," points",-0.25772,"ANFCI"
"821",1986-09-26,"ANFCI",-0.06121,2024-10-31,2024-10-31,-0.06121,"Chicago Fed Adjusted National Financial Conditions Index","1971-01-08","2024-10-25","Index","NSA",2024-10-30,"Weekly"," points",-0.18092,"ANFCI"
"822",1986-10-03,"ANFCI",-0.02088,2024-10-31,2024-10-31,-0.02088,"Chicago Fed Adjusted National Financial Conditions Index","1971-01-08","2024-10-25","Index","NSA",2024-10-30,"Weekly"," points",-0.09922,"ANFCI"
"823",1986-10-10,"ANFCI",-0.00988,2024-10-31,2024-10-31,-0.00988,"Chicago Fed Adjusted National Financial Conditions Index","1971-01-08","2024-10-25","Index","NSA",2024-10-30,"Weekly"," points",-0.02777,"ANFCI"
"824",1986-10-17,"ANFCI",-0.02501,2024-10-31,2024-10-31,-0.02501,"Chicago Fed Adjusted National Financial Conditions Index","1971-01-08","2024-10-25","Index","NSA",2024-10-30,"Weekly"," points",0.02783,"ANFCI"
"825",1986-10-24,"ANFCI",-0.05535,2024-10-31,2024-10-31,-0.05535,"Chicago Fed Adjusted National Financial Conditions Index","1971-01-08","2024-10-25","Index","NSA",2024-10-30,"Weekly"," points",0.06638,"ANFCI"
"826",1986-10-31,"ANFCI",-0.09183,2024-10-31,2024-10-31,-0.09183,"Chicago Fed Adjusted National Financial Conditions Index","1971-01-08","2024-10-25","Index","NSA",2024-10-30,"Weekly"," points",0.08326,"ANFCI"
"827",1986-11-07,"ANFCI",-0.12521,2024-10-31,2024-10-31,-0.12521,"Chicago Fed Adjusted National Financial Conditions Index","1971-01-08","2024-10-25","Index","NSA",2024-10-30,"Weekly"," points",0.07755,"ANFCI"
"828",1986-11-14,"ANFCI",-0.14834,2024-10-31,2024-10-31,-0.14834,"Chicago Fed Adjusted National Financial Conditions Index","1971-01-08","2024-10-25","Index","NSA",2024-10-30,"Weekly"," points",0.0529,"ANFCI"
"829",1986-11-21,"ANFCI",-0.15661,2024-10-31,2024-10-31,-0.15661,"Chicago Fed Adjusted National Financial Conditions Index","1971-01-08","2024-10-25","Index","NSA",2024-10-30,"Weekly"," points",0.0163,"ANFCI"
"830",1986-11-28,"ANFCI",-0.14902,2024-10-31,2024-10-31,-0.14902,"Chicago Fed Adjusted National Financial Conditions Index","1971-01-08","2024-10-25","Index","NSA",2024-10-30,"Weekly"," points",-0.02003,"ANFCI"
"831",1986-12-05,"ANFCI",-0.12617,2024-10-31,2024-10-31,-0.12617,"Chicago Fed Adjusted National Financial Conditions Index","1971-01-08","2024-10-25","Index","NSA",2024-10-30,"Weekly"," points",-0.04374,"ANFCI"
"832",1986-12-12,"ANFCI",-0.09407,2024-10-31,2024-10-31,-0.09407,"Chicago Fed Adjusted National Financial Conditions Index","1971-01-08","2024-10-25","Index","NSA",2024-10-30,"Weekly"," points",-0.05082,"ANFCI"
"833",1986-12-19,"ANFCI",-0.05959,2024-10-31,2024-10-31,-0.05959,"Chicago Fed Adjusted National Financial Conditions Index","1971-01-08","2024-10-25","Index","NSA",2024-10-30,"Weekly"," points",-0.04145,"ANFCI"
"834",1986-12-26,"ANFCI",-0.03368,2024-10-31,2024-10-31,-0.03368,"Chicago Fed Adjusted National Financial Conditions Index","1971-01-08","2024-10-25","Index","NSA",2024-10-30,"Weekly"," points",-0.02941,"ANFCI"
"835",1987-01-02,"ANFCI",-0.03002,2024-10-31,2024-10-31,-0.03002,"Chicago Fed Adjusted National Financial Conditions Index","1971-01-08","2024-10-25","Index","NSA",2024-10-30,"Weekly"," points",-0.02759,"ANFCI"
"836",1987-01-09,"ANFCI",-0.04644,2024-10-31,2024-10-31,-0.04644,"Chicago Fed Adjusted National Financial Conditions Index","1971-01-08","2024-10-25","Index","NSA",2024-10-30,"Weekly"," points",-0.03714,"ANFCI"
"837",1987-01-16,"ANFCI",-0.07729,2024-10-31,2024-10-31,-0.07729,"Chicago Fed Adjusted National Financial Conditions Index","1971-01-08","2024-10-25","Index","NSA",2024-10-30,"Weekly"," points",-0.05194,"ANFCI"
"838",1987-01-23,"ANFCI",-0.11141,2024-10-31,2024-10-31,-0.11141,"Chicago Fed Adjusted National Financial Conditions Index","1971-01-08","2024-10-25","Index","NSA",2024-10-30,"Weekly"," points",-0.05855,"ANFCI"
"839",1987-01-30,"ANFCI",-0.13561,2024-10-31,2024-10-31,-0.13561,"Chicago Fed Adjusted National Financial Conditions Index","1971-01-08","2024-10-25","Index","NSA",2024-10-30,"Weekly"," points",-0.04195,"ANFCI"
"840",1987-02-06,"ANFCI",-0.14206,2024-10-31,2024-10-31,-0.14206,"Chicago Fed Adjusted National Financial Conditions Index","1971-01-08","2024-10-25","Index","NSA",2024-10-30,"Weekly"," points",-0.00181999999999999,"ANFCI"
"841",1987-02-13,"ANFCI",-0.13152,2024-10-31,2024-10-31,-0.13152,"Chicago Fed Adjusted National Financial Conditions Index","1971-01-08","2024-10-25","Index","NSA",2024-10-30,"Weekly"," points",0.04866,"ANFCI"
"842",1987-02-20,"ANFCI",-0.1114,2024-10-31,2024-10-31,-0.1114,"Chicago Fed Adjusted National Financial Conditions Index","1971-01-08","2024-10-25","Index","NSA",2024-10-30,"Weekly"," points",0.09093,"ANFCI"
"843",1987-02-27,"ANFCI",-0.09487,2024-10-31,2024-10-31,-0.09487,"Chicago Fed Adjusted National Financial Conditions Index","1971-01-08","2024-10-25","Index","NSA",2024-10-30,"Weekly"," points",0.10395,"ANFCI"
"844",1987-03-06,"ANFCI",-0.08462,2024-10-31,2024-10-31,-0.08462,"Chicago Fed Adjusted National Financial Conditions Index","1971-01-08","2024-10-25","Index","NSA",2024-10-30,"Weekly"," points",0.086,"ANFCI"
"845",1987-03-13,"ANFCI",-0.07095,2024-10-31,2024-10-31,-0.07095,"Chicago Fed Adjusted National Financial Conditions Index","1971-01-08","2024-10-25","Index","NSA",2024-10-30,"Weekly"," points",0.05935,"ANFCI"
"846",1987-03-20,"ANFCI",-0.03931,2024-10-31,2024-10-31,-0.03931,"Chicago Fed Adjusted National Financial Conditions Index","1971-01-08","2024-10-25","Index","NSA",2024-10-30,"Weekly"," points",0.05457,"ANFCI"
"847",1987-03-27,"ANFCI",0.02483,2024-10-31,2024-10-31,0.02483,"Chicago Fed Adjusted National Financial Conditions Index","1971-01-08","2024-10-25","Index","NSA",2024-10-30,"Weekly"," points",0.1017,"ANFCI"
"848",1987-04-03,"ANFCI",0.13372,2024-10-31,2024-10-31,0.13372,"Chicago Fed Adjusted National Financial Conditions Index","1971-01-08","2024-10-25","Index","NSA",2024-10-30,"Weekly"," points",0.22127,"ANFCI"
"849",1987-04-10,"ANFCI",0.2862,2024-10-31,2024-10-31,0.2862,"Chicago Fed Adjusted National Financial Conditions Index","1971-01-08","2024-10-25","Index","NSA",2024-10-30,"Weekly"," points",0.40478,"ANFCI"
"850",1987-04-17,"ANFCI",0.47452,2024-10-31,2024-10-31,0.47452,"Chicago Fed Adjusted National Financial Conditions Index","1971-01-08","2024-10-25","Index","NSA",2024-10-30,"Weekly"," points",0.63055,"ANFCI"
"851",1987-04-24,"ANFCI",0.67915,2024-10-31,2024-10-31,0.67915,"Chicago Fed Adjusted National Financial Conditions Index","1971-01-08","2024-10-25","Index","NSA",2024-10-30,"Weekly"," points",0.86485,"ANFCI"
"852",1987-05-01,"ANFCI",0.87634,2024-10-31,2024-10-31,0.87634,"Chicago Fed Adjusted National Financial Conditions Index","1971-01-08","2024-10-25","Index","NSA",2024-10-30,"Weekly"," points",1.06977,"ANFCI"
"853",1987-05-08,"ANFCI",1.05121,2024-10-31,2024-10-31,1.05121,"Chicago Fed Adjusted National Financial Conditions Index","1971-01-08","2024-10-25","Index","NSA",2024-10-30,"Weekly"," points",1.22608,"ANFCI"
"854",1987-05-15,"ANFCI",1.1799,2024-10-31,2024-10-31,1.1799,"Chicago Fed Adjusted National Financial Conditions Index","1971-01-08","2024-10-25","Index","NSA",2024-10-30,"Weekly"," points",1.3147,"ANFCI"
"855",1987-05-22,"ANFCI",1.2554,2024-10-31,2024-10-31,1.2554,"Chicago Fed Adjusted National Financial Conditions Index","1971-01-08","2024-10-25","Index","NSA",2024-10-30,"Weekly"," points",1.33346,"ANFCI"
"856",1987-05-29,"ANFCI",1.2618,2024-10-31,2024-10-31,1.2618,"Chicago Fed Adjusted National Financial Conditions Index","1971-01-08","2024-10-25","Index","NSA",2024-10-30,"Weekly"," points",1.27284,"ANFCI"
"857",1987-06-05,"ANFCI",1.20979,2024-10-31,2024-10-31,1.20979,"Chicago Fed Adjusted National Financial Conditions Index","1971-01-08","2024-10-25","Index","NSA",2024-10-30,"Weekly"," points",1.14817,"ANFCI"
"858",1987-06-12,"ANFCI",1.11678,2024-10-31,2024-10-31,1.11678,"Chicago Fed Adjusted National Financial Conditions Index","1971-01-08","2024-10-25","Index","NSA",2024-10-30,"Weekly"," points",0.98076,"ANFCI"
"859",1987-06-19,"ANFCI",0.99993,2024-10-31,2024-10-31,0.99993,"Chicago Fed Adjusted National Financial Conditions Index","1971-01-08","2024-10-25","Index","NSA",2024-10-30,"Weekly"," points",0.79591,"ANFCI"
"860",1987-06-26,"ANFCI",0.88485,2024-10-31,2024-10-31,0.88485,"Chicago Fed Adjusted National Financial Conditions Index","1971-01-08","2024-10-25","Index","NSA",2024-10-30,"Weekly"," points",0.62987,"ANFCI"
"861",1987-07-03,"ANFCI",0.78332,2024-10-31,2024-10-31,0.78332,"Chicago Fed Adjusted National Financial Conditions Index","1971-01-08","2024-10-25","Index","NSA",2024-10-30,"Weekly"," points",0.50376,"ANFCI"
"862",1987-07-10,"ANFCI",0.6946,2024-10-31,2024-10-31,0.6946,"Chicago Fed Adjusted National Financial Conditions Index","1971-01-08","2024-10-25","Index","NSA",2024-10-30,"Weekly"," points",0.42362,"ANFCI"
"863",1987-07-17,"ANFCI",0.60755,2024-10-31,2024-10-31,0.60755,"Chicago Fed Adjusted National Financial Conditions Index","1971-01-08","2024-10-25","Index","NSA",2024-10-30,"Weekly"," points",0.38281,"ANFCI"
"864",1987-07-24,"ANFCI",0.51444,2024-10-31,2024-10-31,0.51444,"Chicago Fed Adjusted National Financial Conditions Index","1971-01-08","2024-10-25","Index","NSA",2024-10-30,"Weekly"," points",0.36917,"ANFCI"
"865",1987-07-31,"ANFCI",0.41741,2024-10-31,2024-10-31,0.41741,"Chicago Fed Adjusted National Financial Conditions Index","1971-01-08","2024-10-25","Index","NSA",2024-10-30,"Weekly"," points",0.37376,"ANFCI"
"866",1987-08-07,"ANFCI",0.33103,2024-10-31,2024-10-31,0.33103,"Chicago Fed Adjusted National Financial Conditions Index","1971-01-08","2024-10-25","Index","NSA",2024-10-30,"Weekly"," points",0.39519,"ANFCI"
"867",1987-08-14,"ANFCI",0.26841,2024-10-31,2024-10-31,0.26841,"Chicago Fed Adjusted National Financial Conditions Index","1971-01-08","2024-10-25","Index","NSA",2024-10-30,"Weekly"," points",0.42893,"ANFCI"
"868",1987-08-21,"ANFCI",0.25214,2024-10-31,2024-10-31,0.25214,"Chicago Fed Adjusted National Financial Conditions Index","1971-01-08","2024-10-25","Index","NSA",2024-10-30,"Weekly"," points",0.47946,"ANFCI"
"869",1987-08-28,"ANFCI",0.2884,2024-10-31,2024-10-31,0.2884,"Chicago Fed Adjusted National Financial Conditions Index","1971-01-08","2024-10-25","Index","NSA",2024-10-30,"Weekly"," points",0.54174,"ANFCI"
"870",1987-09-04,"ANFCI",0.37912,2024-10-31,2024-10-31,0.37912,"Chicago Fed Adjusted National Financial Conditions Index","1971-01-08","2024-10-25","Index","NSA",2024-10-30,"Weekly"," points",0.61658,"ANFCI"
"871",1987-09-11,"ANFCI",0.51593,2024-10-31,2024-10-31,0.51593,"Chicago Fed Adjusted National Financial Conditions Index","1971-01-08","2024-10-25","Index","NSA",2024-10-30,"Weekly"," points",0.70194,"ANFCI"
"872",1987-09-18,"ANFCI",0.69909,2024-10-31,2024-10-31,0.69909,"Chicago Fed Adjusted National Financial Conditions Index","1971-01-08","2024-10-25","Index","NSA",2024-10-30,"Weekly"," points",0.82016,"ANFCI"
"873",1987-09-25,"ANFCI",0.92376,2024-10-31,2024-10-31,0.92376,"Chicago Fed Adjusted National Financial Conditions Index","1971-01-08","2024-10-25","Index","NSA",2024-10-30,"Weekly"," points",0.98497,"ANFCI"
"874",1987-10-02,"ANFCI",1.18286,2024-10-31,2024-10-31,1.18286,"Chicago Fed Adjusted National Financial Conditions Index","1971-01-08","2024-10-25","Index","NSA",2024-10-30,"Weekly"," points",1.20374,"ANFCI"
"875",1987-10-09,"ANFCI",1.44135,2024-10-31,2024-10-31,1.44135,"Chicago Fed Adjusted National Financial Conditions Index","1971-01-08","2024-10-25","Index","NSA",2024-10-30,"Weekly"," points",1.45123,"ANFCI"
"876",1987-10-16,"ANFCI",1.6585,2024-10-31,2024-10-31,1.6585,"Chicago Fed Adjusted National Financial Conditions Index","1971-01-08","2024-10-25","Index","NSA",2024-10-30,"Weekly"," points",1.68351,"ANFCI"
"877",1987-10-23,"ANFCI",1.79877,2024-10-31,2024-10-31,1.79877,"Chicago Fed Adjusted National Financial Conditions Index","1971-01-08","2024-10-25","Index","NSA",2024-10-30,"Weekly"," points",1.85412,"ANFCI"
"878",1987-10-30,"ANFCI",1.83645,2024-10-31,2024-10-31,1.83645,"Chicago Fed Adjusted National Financial Conditions Index","1971-01-08","2024-10-25","Index","NSA",2024-10-30,"Weekly"," points",1.92828,"ANFCI"
"879",1987-11-06,"ANFCI",1.78166,2024-10-31,2024-10-31,1.78166,"Chicago Fed Adjusted National Financial Conditions Index","1971-01-08","2024-10-25","Index","NSA",2024-10-30,"Weekly"," points",1.90687,"ANFCI"
"880",1987-11-13,"ANFCI",1.68806,2024-10-31,2024-10-31,1.68806,"Chicago Fed Adjusted National Financial Conditions Index","1971-01-08","2024-10-25","Index","NSA",2024-10-30,"Weekly"," points",1.8364,"ANFCI"
"881",1987-11-20,"ANFCI",1.6032,2024-10-31,2024-10-31,1.6032,"Chicago Fed Adjusted National Financial Conditions Index","1971-01-08","2024-10-25","Index","NSA",2024-10-30,"Weekly"," points",1.75981,"ANFCI"
"882",1987-11-27,"ANFCI",1.55251,2024-10-31,2024-10-31,1.55251,"Chicago Fed Adjusted National Financial Conditions Index","1971-01-08","2024-10-25","Index","NSA",2024-10-30,"Weekly"," points",1.70153,"ANFCI"
"883",1987-12-04,"ANFCI",1.53878,2024-10-31,2024-10-31,1.53878,"Chicago Fed Adjusted National Financial Conditions Index","1971-01-08","2024-10-25","Index","NSA",2024-10-30,"Weekly"," points",1.66495,"ANFCI"
"884",1987-12-11,"ANFCI",1.5245,2024-10-31,2024-10-31,1.5245,"Chicago Fed Adjusted National Financial Conditions Index","1971-01-08","2024-10-25","Index","NSA",2024-10-30,"Weekly"," points",1.61857,"ANFCI"
"885",1987-12-18,"ANFCI",1.48546,2024-10-31,2024-10-31,1.48546,"Chicago Fed Adjusted National Financial Conditions Index","1971-01-08","2024-10-25","Index","NSA",2024-10-30,"Weekly"," points",1.54505,"ANFCI"
"886",1987-12-25,"ANFCI",1.39642,2024-10-31,2024-10-31,1.39642,"Chicago Fed Adjusted National Financial Conditions Index","1971-01-08","2024-10-25","Index","NSA",2024-10-30,"Weekly"," points",1.4301,"ANFCI"
"887",1988-01-01,"ANFCI",1.26068,2024-10-31,2024-10-31,1.26068,"Chicago Fed Adjusted National Financial Conditions Index","1971-01-08","2024-10-25","Index","NSA",2024-10-30,"Weekly"," points",1.2907,"ANFCI"
"888",1988-01-08,"ANFCI",1.09837,2024-10-31,2024-10-31,1.09837,"Chicago Fed Adjusted National Financial Conditions Index","1971-01-08","2024-10-25","Index","NSA",2024-10-30,"Weekly"," points",1.14481,"ANFCI"
"889",1988-01-15,"ANFCI",0.93892,2024-10-31,2024-10-31,0.93892,"Chicago Fed Adjusted National Financial Conditions Index","1971-01-08","2024-10-25","Index","NSA",2024-10-30,"Weekly"," points",1.01621,"ANFCI"
"890",1988-01-22,"ANFCI",0.79474,2024-10-31,2024-10-31,0.79474,"Chicago Fed Adjusted National Financial Conditions Index","1971-01-08","2024-10-25","Index","NSA",2024-10-30,"Weekly"," points",0.90615,"ANFCI"
"891",1988-01-29,"ANFCI",0.67546,2024-10-31,2024-10-31,0.67546,"Chicago Fed Adjusted National Financial Conditions Index","1971-01-08","2024-10-25","Index","NSA",2024-10-30,"Weekly"," points",0.81107,"ANFCI"
"892",1988-02-05,"ANFCI",0.57853,2024-10-31,2024-10-31,0.57853,"Chicago Fed Adjusted National Financial Conditions Index","1971-01-08","2024-10-25","Index","NSA",2024-10-30,"Weekly"," points",0.72059,"ANFCI"
"893",1988-02-12,"ANFCI",0.4993,2024-10-31,2024-10-31,0.4993,"Chicago Fed Adjusted National Financial Conditions Index","1971-01-08","2024-10-25","Index","NSA",2024-10-30,"Weekly"," points",0.63082,"ANFCI"
"894",1988-02-19,"ANFCI",0.43686,2024-10-31,2024-10-31,0.43686,"Chicago Fed Adjusted National Financial Conditions Index","1971-01-08","2024-10-25","Index","NSA",2024-10-30,"Weekly"," points",0.54826,"ANFCI"
"895",1988-02-26,"ANFCI",0.38845,2024-10-31,2024-10-31,0.38845,"Chicago Fed Adjusted National Financial Conditions Index","1971-01-08","2024-10-25","Index","NSA",2024-10-30,"Weekly"," points",0.48332,"ANFCI"
"896",1988-03-04,"ANFCI",0.35627,2024-10-31,2024-10-31,0.35627,"Chicago Fed Adjusted National Financial Conditions Index","1971-01-08","2024-10-25","Index","NSA",2024-10-30,"Weekly"," points",0.44089,"ANFCI"
"897",1988-03-11,"ANFCI",0.34445,2024-10-31,2024-10-31,0.34445,"Chicago Fed Adjusted National Financial Conditions Index","1971-01-08","2024-10-25","Index","NSA",2024-10-30,"Weekly"," points",0.4154,"ANFCI"
"898",1988-03-18,"ANFCI",0.35515,2024-10-31,2024-10-31,0.35515,"Chicago Fed Adjusted National Financial Conditions Index","1971-01-08","2024-10-25","Index","NSA",2024-10-30,"Weekly"," points",0.39446,"ANFCI"
"899",1988-03-25,"ANFCI",0.38317,2024-10-31,2024-10-31,0.38317,"Chicago Fed Adjusted National Financial Conditions Index","1971-01-08","2024-10-25","Index","NSA",2024-10-30,"Weekly"," points",0.35834,"ANFCI"
"900",1988-04-01,"ANFCI",0.42807,2024-10-31,2024-10-31,0.42807,"Chicago Fed Adjusted National Financial Conditions Index","1971-01-08","2024-10-25","Index","NSA",2024-10-30,"Weekly"," points",0.29435,"ANFCI"
"901",1988-04-08,"ANFCI",0.48263,2024-10-31,2024-10-31,0.48263,"Chicago Fed Adjusted National Financial Conditions Index","1971-01-08","2024-10-25","Index","NSA",2024-10-30,"Weekly"," points",0.19643,"ANFCI"
"902",1988-04-15,"ANFCI",0.53593,2024-10-31,2024-10-31,0.53593,"Chicago Fed Adjusted National Financial Conditions Index","1971-01-08","2024-10-25","Index","NSA",2024-10-30,"Weekly"," points",0.06141,"ANFCI"
"903",1988-04-22,"ANFCI",0.58245,2024-10-31,2024-10-31,0.58245,"Chicago Fed Adjusted National Financial Conditions Index","1971-01-08","2024-10-25","Index","NSA",2024-10-30,"Weekly"," points",-0.0967,"ANFCI"
"904",1988-04-29,"ANFCI",0.61139,2024-10-31,2024-10-31,0.61139,"Chicago Fed Adjusted National Financial Conditions Index","1971-01-08","2024-10-25","Index","NSA",2024-10-30,"Weekly"," points",-0.26495,"ANFCI"
"905",1988-05-06,"ANFCI",0.62264,2024-10-31,2024-10-31,0.62264,"Chicago Fed Adjusted National Financial Conditions Index","1971-01-08","2024-10-25","Index","NSA",2024-10-30,"Weekly"," points",-0.42857,"ANFCI"
"906",1988-05-13,"ANFCI",0.62052,2024-10-31,2024-10-31,0.62052,"Chicago Fed Adjusted National Financial Conditions Index","1971-01-08","2024-10-25","Index","NSA",2024-10-30,"Weekly"," points",-0.55938,"ANFCI"
"907",1988-05-20,"ANFCI",0.6093,2024-10-31,2024-10-31,0.6093,"Chicago Fed Adjusted National Financial Conditions Index","1971-01-08","2024-10-25","Index","NSA",2024-10-30,"Weekly"," points",-0.6461,"ANFCI"
"908",1988-05-27,"ANFCI",0.59582,2024-10-31,2024-10-31,0.59582,"Chicago Fed Adjusted National Financial Conditions Index","1971-01-08","2024-10-25","Index","NSA",2024-10-30,"Weekly"," points",-0.66598,"ANFCI"
"909",1988-06-03,"ANFCI",0.58829,2024-10-31,2024-10-31,0.58829,"Chicago Fed Adjusted National Financial Conditions Index","1971-01-08","2024-10-25","Index","NSA",2024-10-30,"Weekly"," points",-0.6215,"ANFCI"
"910",1988-06-10,"ANFCI",0.58785,2024-10-31,2024-10-31,0.58785,"Chicago Fed Adjusted National Financial Conditions Index","1971-01-08","2024-10-25","Index","NSA",2024-10-30,"Weekly"," points",-0.52893,"ANFCI"
"911",1988-06-17,"ANFCI",0.59631,2024-10-31,2024-10-31,0.59631,"Chicago Fed Adjusted National Financial Conditions Index","1971-01-08","2024-10-25","Index","NSA",2024-10-30,"Weekly"," points",-0.40362,"ANFCI"
"912",1988-06-24,"ANFCI",0.61378,2024-10-31,2024-10-31,0.61378,"Chicago Fed Adjusted National Financial Conditions Index","1971-01-08","2024-10-25","Index","NSA",2024-10-30,"Weekly"," points",-0.27107,"ANFCI"
"913",1988-07-01,"ANFCI",0.63841,2024-10-31,2024-10-31,0.63841,"Chicago Fed Adjusted National Financial Conditions Index","1971-01-08","2024-10-25","Index","NSA",2024-10-30,"Weekly"," points",-0.14491,"ANFCI"
"914",1988-07-08,"ANFCI",0.66712,2024-10-31,2024-10-31,0.66712,"Chicago Fed Adjusted National Financial Conditions Index","1971-01-08","2024-10-25","Index","NSA",2024-10-30,"Weekly"," points",-0.0274799999999999,"ANFCI"
"915",1988-07-15,"ANFCI",0.70039,2024-10-31,2024-10-31,0.70039,"Chicago Fed Adjusted National Financial Conditions Index","1971-01-08","2024-10-25","Index","NSA",2024-10-30,"Weekly"," points",0.0928399999999999,"ANFCI"
"916",1988-07-22,"ANFCI",0.73421,2024-10-31,2024-10-31,0.73421,"Chicago Fed Adjusted National Financial Conditions Index","1971-01-08","2024-10-25","Index","NSA",2024-10-30,"Weekly"," points",0.21977,"ANFCI"
"917",1988-07-29,"ANFCI",0.76138,2024-10-31,2024-10-31,0.76138,"Chicago Fed Adjusted National Financial Conditions Index","1971-01-08","2024-10-25","Index","NSA",2024-10-30,"Weekly"," points",0.34397,"ANFCI"
"918",1988-08-05,"ANFCI",0.7767,2024-10-31,2024-10-31,0.7767,"Chicago Fed Adjusted National Financial Conditions Index","1971-01-08","2024-10-25","Index","NSA",2024-10-30,"Weekly"," points",0.44567,"ANFCI"
"919",1988-08-12,"ANFCI",0.77107,2024-10-31,2024-10-31,0.77107,"Chicago Fed Adjusted National Financial Conditions Index","1971-01-08","2024-10-25","Index","NSA",2024-10-30,"Weekly"," points",0.50266,"ANFCI"
"920",1988-08-19,"ANFCI",0.73788,2024-10-31,2024-10-31,0.73788,"Chicago Fed Adjusted National Financial Conditions Index","1971-01-08","2024-10-25","Index","NSA",2024-10-30,"Weekly"," points",0.48574,"ANFCI"
"921",1988-08-26,"ANFCI",0.67652,2024-10-31,2024-10-31,0.67652,"Chicago Fed Adjusted National Financial Conditions Index","1971-01-08","2024-10-25","Index","NSA",2024-10-30,"Weekly"," points",0.38812,"ANFCI"
"922",1988-09-02,"ANFCI",0.59915,2024-10-31,2024-10-31,0.59915,"Chicago Fed Adjusted National Financial Conditions Index","1971-01-08","2024-10-25","Index","NSA",2024-10-30,"Weekly"," points",0.22003,"ANFCI"
"923",1988-09-09,"ANFCI",0.51909,2024-10-31,2024-10-31,0.51909,"Chicago Fed Adjusted National Financial Conditions Index","1971-01-08","2024-10-25","Index","NSA",2024-10-30,"Weekly"," points",0.00316000000000005,"ANFCI"
"924",1988-09-16,"ANFCI",0.45507,2024-10-31,2024-10-31,0.45507,"Chicago Fed Adjusted National Financial Conditions Index","1971-01-08","2024-10-25","Index","NSA",2024-10-30,"Weekly"," points",-0.24402,"ANFCI"
"925",1988-09-23,"ANFCI",0.41505,2024-10-31,2024-10-31,0.41505,"Chicago Fed Adjusted National Financial Conditions Index","1971-01-08","2024-10-25","Index","NSA",2024-10-30,"Weekly"," points",-0.50871,"ANFCI"
"926",1988-09-30,"ANFCI",0.39647,2024-10-31,2024-10-31,0.39647,"Chicago Fed Adjusted National Financial Conditions Index","1971-01-08","2024-10-25","Index","NSA",2024-10-30,"Weekly"," points",-0.78639,"ANFCI"
"927",1988-10-07,"ANFCI",0.38799,2024-10-31,2024-10-31,0.38799,"Chicago Fed Adjusted National Financial Conditions Index","1971-01-08","2024-10-25","Index","NSA",2024-10-30,"Weekly"," points",-1.05336,"ANFCI"
"928",1988-10-14,"ANFCI",0.37685,2024-10-31,2024-10-31,0.37685,"Chicago Fed Adjusted National Financial Conditions Index","1971-01-08","2024-10-25","Index","NSA",2024-10-30,"Weekly"," points",-1.28165,"ANFCI"
"929",1988-10-21,"ANFCI",0.35609,2024-10-31,2024-10-31,0.35609,"Chicago Fed Adjusted National Financial Conditions Index","1971-01-08","2024-10-25","Index","NSA",2024-10-30,"Weekly"," points",-1.44268,"ANFCI"
"930",1988-10-28,"ANFCI",0.32704,2024-10-31,2024-10-31,0.32704,"Chicago Fed Adjusted National Financial Conditions Index","1971-01-08","2024-10-25","Index","NSA",2024-10-30,"Weekly"," points",-1.50941,"ANFCI"
"931",1988-11-04,"ANFCI",0.29625,2024-10-31,2024-10-31,0.29625,"Chicago Fed Adjusted National Financial Conditions Index","1971-01-08","2024-10-25","Index","NSA",2024-10-30,"Weekly"," points",-1.48541,"ANFCI"
"932",1988-11-11,"ANFCI",0.27286,2024-10-31,2024-10-31,0.27286,"Chicago Fed Adjusted National Financial Conditions Index","1971-01-08","2024-10-25","Index","NSA",2024-10-30,"Weekly"," points",-1.4152,"ANFCI"
"933",1988-11-18,"ANFCI",0.25951,2024-10-31,2024-10-31,0.25951,"Chicago Fed Adjusted National Financial Conditions Index","1971-01-08","2024-10-25","Index","NSA",2024-10-30,"Weekly"," points",-1.34369,"ANFCI"
"934",1988-11-25,"ANFCI",0.25682,2024-10-31,2024-10-31,0.25682,"Chicago Fed Adjusted National Financial Conditions Index","1971-01-08","2024-10-25","Index","NSA",2024-10-30,"Weekly"," points",-1.29569,"ANFCI"
"935",1988-12-02,"ANFCI",0.25847,2024-10-31,2024-10-31,0.25847,"Chicago Fed Adjusted National Financial Conditions Index","1971-01-08","2024-10-25","Index","NSA",2024-10-30,"Weekly"," points",-1.28031,"ANFCI"
"936",1988-12-09,"ANFCI",0.25983,2024-10-31,2024-10-31,0.25983,"Chicago Fed Adjusted National Financial Conditions Index","1971-01-08","2024-10-25","Index","NSA",2024-10-30,"Weekly"," points",-1.26467,"ANFCI"
"937",1988-12-16,"ANFCI",0.25822,2024-10-31,2024-10-31,0.25822,"Chicago Fed Adjusted National Financial Conditions Index","1971-01-08","2024-10-25","Index","NSA",2024-10-30,"Weekly"," points",-1.22724,"ANFCI"
"938",1988-12-23,"ANFCI",0.25579,2024-10-31,2024-10-31,0.25579,"Chicago Fed Adjusted National Financial Conditions Index","1971-01-08","2024-10-25","Index","NSA",2024-10-30,"Weekly"," points",-1.14063,"ANFCI"
"939",1988-12-30,"ANFCI",0.25216,2024-10-31,2024-10-31,0.25216,"Chicago Fed Adjusted National Financial Conditions Index","1971-01-08","2024-10-25","Index","NSA",2024-10-30,"Weekly"," points",-1.00852,"ANFCI"
"940",1989-01-06,"ANFCI",0.2497,2024-10-31,2024-10-31,0.2497,"Chicago Fed Adjusted National Financial Conditions Index","1971-01-08","2024-10-25","Index","NSA",2024-10-30,"Weekly"," points",-0.84867,"ANFCI"
"941",1989-01-13,"ANFCI",0.24768,2024-10-31,2024-10-31,0.24768,"Chicago Fed Adjusted National Financial Conditions Index","1971-01-08","2024-10-25","Index","NSA",2024-10-30,"Weekly"," points",-0.69124,"ANFCI"
"942",1989-01-20,"ANFCI",0.24873,2024-10-31,2024-10-31,0.24873,"Chicago Fed Adjusted National Financial Conditions Index","1971-01-08","2024-10-25","Index","NSA",2024-10-30,"Weekly"," points",-0.54601,"ANFCI"
"943",1989-01-27,"ANFCI",0.26058,2024-10-31,2024-10-31,0.26058,"Chicago Fed Adjusted National Financial Conditions Index","1971-01-08","2024-10-25","Index","NSA",2024-10-30,"Weekly"," points",-0.41488,"ANFCI"
"944",1989-02-03,"ANFCI",0.295,2024-10-31,2024-10-31,0.295,"Chicago Fed Adjusted National Financial Conditions Index","1971-01-08","2024-10-25","Index","NSA",2024-10-30,"Weekly"," points",-0.28353,"ANFCI"
"945",1989-02-10,"ANFCI",0.36128,2024-10-31,2024-10-31,0.36128,"Chicago Fed Adjusted National Financial Conditions Index","1971-01-08","2024-10-25","Index","NSA",2024-10-30,"Weekly"," points",-0.13802,"ANFCI"
"946",1989-02-17,"ANFCI",0.46378,2024-10-31,2024-10-31,0.46378,"Chicago Fed Adjusted National Financial Conditions Index","1971-01-08","2024-10-25","Index","NSA",2024-10-30,"Weekly"," points",0.02692,"ANFCI"
"947",1989-02-24,"ANFCI",0.59327,2024-10-31,2024-10-31,0.59327,"Chicago Fed Adjusted National Financial Conditions Index","1971-01-08","2024-10-25","Index","NSA",2024-10-30,"Weekly"," points",0.20482,"ANFCI"
"948",1989-03-03,"ANFCI",0.73722,2024-10-31,2024-10-31,0.73722,"Chicago Fed Adjusted National Financial Conditions Index","1971-01-08","2024-10-25","Index","NSA",2024-10-30,"Weekly"," points",0.38095,"ANFCI"
"949",1989-03-10,"ANFCI",0.87267,2024-10-31,2024-10-31,0.87267,"Chicago Fed Adjusted National Financial Conditions Index","1971-01-08","2024-10-25","Index","NSA",2024-10-30,"Weekly"," points",0.52822,"ANFCI"
"950",1989-03-17,"ANFCI",0.98612,2024-10-31,2024-10-31,0.98612,"Chicago Fed Adjusted National Financial Conditions Index","1971-01-08","2024-10-25","Index","NSA",2024-10-30,"Weekly"," points",0.63097,"ANFCI"
"951",1989-03-24,"ANFCI",1.06528,2024-10-31,2024-10-31,1.06528,"Chicago Fed Adjusted National Financial Conditions Index","1971-01-08","2024-10-25","Index","NSA",2024-10-30,"Weekly"," points",0.68211,"ANFCI"
"952",1989-03-31,"ANFCI",1.1061,2024-10-31,2024-10-31,1.1061,"Chicago Fed Adjusted National Financial Conditions Index","1971-01-08","2024-10-25","Index","NSA",2024-10-30,"Weekly"," points",0.67803,"ANFCI"
"953",1989-04-07,"ANFCI",1.11059,2024-10-31,2024-10-31,1.11059,"Chicago Fed Adjusted National Financial Conditions Index","1971-01-08","2024-10-25","Index","NSA",2024-10-30,"Weekly"," points",0.62796,"ANFCI"
"954",1989-04-14,"ANFCI",1.08081,2024-10-31,2024-10-31,1.08081,"Chicago Fed Adjusted National Financial Conditions Index","1971-01-08","2024-10-25","Index","NSA",2024-10-30,"Weekly"," points",0.54488,"ANFCI"
"955",1989-04-21,"ANFCI",1.01355,2024-10-31,2024-10-31,1.01355,"Chicago Fed Adjusted National Financial Conditions Index","1971-01-08","2024-10-25","Index","NSA",2024-10-30,"Weekly"," points",0.4311,"ANFCI"
"956",1989-04-28,"ANFCI",0.91481,2024-10-31,2024-10-31,0.91481,"Chicago Fed Adjusted National Financial Conditions Index","1971-01-08","2024-10-25","Index","NSA",2024-10-30,"Weekly"," points",0.30342,"ANFCI"
"957",1989-05-05,"ANFCI",0.7863,2024-10-31,2024-10-31,0.7863,"Chicago Fed Adjusted National Financial Conditions Index","1971-01-08","2024-10-25","Index","NSA",2024-10-30,"Weekly"," points",0.16366,"ANFCI"
"958",1989-05-12,"ANFCI",0.64205,2024-10-31,2024-10-31,0.64205,"Chicago Fed Adjusted National Financial Conditions Index","1971-01-08","2024-10-25","Index","NSA",2024-10-30,"Weekly"," points",0.02153,"ANFCI"
"959",1989-05-19,"ANFCI",0.49969,2024-10-31,2024-10-31,0.49969,"Chicago Fed Adjusted National Financial Conditions Index","1971-01-08","2024-10-25","Index","NSA",2024-10-30,"Weekly"," points",-0.10961,"ANFCI"
"960",1989-05-26,"ANFCI",0.38532,2024-10-31,2024-10-31,0.38532,"Chicago Fed Adjusted National Financial Conditions Index","1971-01-08","2024-10-25","Index","NSA",2024-10-30,"Weekly"," points",-0.2105,"ANFCI"
"961",1989-06-02,"ANFCI",0.31703,2024-10-31,2024-10-31,0.31703,"Chicago Fed Adjusted National Financial Conditions Index","1971-01-08","2024-10-25","Index","NSA",2024-10-30,"Weekly"," points",-0.27126,"ANFCI"
"962",1989-06-09,"ANFCI",0.30017,2024-10-31,2024-10-31,0.30017,"Chicago Fed Adjusted National Financial Conditions Index","1971-01-08","2024-10-25","Index","NSA",2024-10-30,"Weekly"," points",-0.28768,"ANFCI"
"963",1989-06-16,"ANFCI",0.32176,2024-10-31,2024-10-31,0.32176,"Chicago Fed Adjusted National Financial Conditions Index","1971-01-08","2024-10-25","Index","NSA",2024-10-30,"Weekly"," points",-0.27455,"ANFCI"
"964",1989-06-23,"ANFCI",0.35693,2024-10-31,2024-10-31,0.35693,"Chicago Fed Adjusted National Financial Conditions Index","1971-01-08","2024-10-25","Index","NSA",2024-10-30,"Weekly"," points",-0.25685,"ANFCI"
"965",1989-06-30,"ANFCI",0.37516,2024-10-31,2024-10-31,0.37516,"Chicago Fed Adjusted National Financial Conditions Index","1971-01-08","2024-10-25","Index","NSA",2024-10-30,"Weekly"," points",-0.26325,"ANFCI"
"966",1989-07-07,"ANFCI",0.35876,2024-10-31,2024-10-31,0.35876,"Chicago Fed Adjusted National Financial Conditions Index","1971-01-08","2024-10-25","Index","NSA",2024-10-30,"Weekly"," points",-0.30836,"ANFCI"
"967",1989-07-14,"ANFCI",0.30069,2024-10-31,2024-10-31,0.30069,"Chicago Fed Adjusted National Financial Conditions Index","1971-01-08","2024-10-25","Index","NSA",2024-10-30,"Weekly"," points",-0.3997,"ANFCI"
"968",1989-07-21,"ANFCI",0.21995,2024-10-31,2024-10-31,0.21995,"Chicago Fed Adjusted National Financial Conditions Index","1971-01-08","2024-10-25","Index","NSA",2024-10-30,"Weekly"," points",-0.51426,"ANFCI"
"969",1989-07-28,"ANFCI",0.14263,2024-10-31,2024-10-31,0.14263,"Chicago Fed Adjusted National Financial Conditions Index","1971-01-08","2024-10-25","Index","NSA",2024-10-30,"Weekly"," points",-0.61875,"ANFCI"
"970",1989-08-04,"ANFCI",0.09203,2024-10-31,2024-10-31,0.09203,"Chicago Fed Adjusted National Financial Conditions Index","1971-01-08","2024-10-25","Index","NSA",2024-10-30,"Weekly"," points",-0.68467,"ANFCI"
"971",1989-08-11,"ANFCI",0.08818,2024-10-31,2024-10-31,0.08818,"Chicago Fed Adjusted National Financial Conditions Index","1971-01-08","2024-10-25","Index","NSA",2024-10-30,"Weekly"," points",-0.68289,"ANFCI"
"972",1989-08-18,"ANFCI",0.1325,2024-10-31,2024-10-31,0.1325,"Chicago Fed Adjusted National Financial Conditions Index","1971-01-08","2024-10-25","Index","NSA",2024-10-30,"Weekly"," points",-0.60538,"ANFCI"
"973",1989-08-25,"ANFCI",0.21484,2024-10-31,2024-10-31,0.21484,"Chicago Fed Adjusted National Financial Conditions Index","1971-01-08","2024-10-25","Index","NSA",2024-10-30,"Weekly"," points",-0.46168,"ANFCI"
"974",1989-09-01,"ANFCI",0.32006,2024-10-31,2024-10-31,0.32006,"Chicago Fed Adjusted National Financial Conditions Index","1971-01-08","2024-10-25","Index","NSA",2024-10-30,"Weekly"," points",-0.27909,"ANFCI"
"975",1989-09-08,"ANFCI",0.42974,2024-10-31,2024-10-31,0.42974,"Chicago Fed Adjusted National Financial Conditions Index","1971-01-08","2024-10-25","Index","NSA",2024-10-30,"Weekly"," points",-0.08935,"ANFCI"
"976",1989-09-15,"ANFCI",0.52798,2024-10-31,2024-10-31,0.52798,"Chicago Fed Adjusted National Financial Conditions Index","1971-01-08","2024-10-25","Index","NSA",2024-10-30,"Weekly"," points",0.07291,"ANFCI"
"977",1989-09-22,"ANFCI",0.60144,2024-10-31,2024-10-31,0.60144,"Chicago Fed Adjusted National Financial Conditions Index","1971-01-08","2024-10-25","Index","NSA",2024-10-30,"Weekly"," points",0.18639,"ANFCI"
"978",1989-09-29,"ANFCI",0.64581,2024-10-31,2024-10-31,0.64581,"Chicago Fed Adjusted National Financial Conditions Index","1971-01-08","2024-10-25","Index","NSA",2024-10-30,"Weekly"," points",0.24934,"ANFCI"
"979",1989-10-06,"ANFCI",0.65498,2024-10-31,2024-10-31,0.65498,"Chicago Fed Adjusted National Financial Conditions Index","1971-01-08","2024-10-25","Index","NSA",2024-10-30,"Weekly"," points",0.26699,"ANFCI"
"980",1989-10-13,"ANFCI",0.62596,2024-10-31,2024-10-31,0.62596,"Chicago Fed Adjusted National Financial Conditions Index","1971-01-08","2024-10-25","Index","NSA",2024-10-30,"Weekly"," points",0.24911,"ANFCI"
"981",1989-10-20,"ANFCI",0.56568,2024-10-31,2024-10-31,0.56568,"Chicago Fed Adjusted National Financial Conditions Index","1971-01-08","2024-10-25","Index","NSA",2024-10-30,"Weekly"," points",0.20959,"ANFCI"
"982",1989-10-27,"ANFCI",0.48265,2024-10-31,2024-10-31,0.48265,"Chicago Fed Adjusted National Financial Conditions Index","1971-01-08","2024-10-25","Index","NSA",2024-10-30,"Weekly"," points",0.15561,"ANFCI"
"983",1989-11-03,"ANFCI",0.38912,2024-10-31,2024-10-31,0.38912,"Chicago Fed Adjusted National Financial Conditions Index","1971-01-08","2024-10-25","Index","NSA",2024-10-30,"Weekly"," points",0.09287,"ANFCI"
"984",1989-11-10,"ANFCI",0.30005,2024-10-31,2024-10-31,0.30005,"Chicago Fed Adjusted National Financial Conditions Index","1971-01-08","2024-10-25","Index","NSA",2024-10-30,"Weekly"," points",0.02719,"ANFCI"
"985",1989-11-17,"ANFCI",0.22162,2024-10-31,2024-10-31,0.22162,"Chicago Fed Adjusted National Financial Conditions Index","1971-01-08","2024-10-25","Index","NSA",2024-10-30,"Weekly"," points",-0.03789,"ANFCI"
"986",1989-11-24,"ANFCI",0.15843,2024-10-31,2024-10-31,0.15843,"Chicago Fed Adjusted National Financial Conditions Index","1971-01-08","2024-10-25","Index","NSA",2024-10-30,"Weekly"," points",-0.09839,"ANFCI"
"987",1989-12-01,"ANFCI",0.10914,2024-10-31,2024-10-31,0.10914,"Chicago Fed Adjusted National Financial Conditions Index","1971-01-08","2024-10-25","Index","NSA",2024-10-30,"Weekly"," points",-0.14933,"ANFCI"
"988",1989-12-08,"ANFCI",0.06988,2024-10-31,2024-10-31,0.06988,"Chicago Fed Adjusted National Financial Conditions Index","1971-01-08","2024-10-25","Index","NSA",2024-10-30,"Weekly"," points",-0.18995,"ANFCI"
"989",1989-12-15,"ANFCI",0.03875,2024-10-31,2024-10-31,0.03875,"Chicago Fed Adjusted National Financial Conditions Index","1971-01-08","2024-10-25","Index","NSA",2024-10-30,"Weekly"," points",-0.21947,"ANFCI"
"990",1989-12-22,"ANFCI",0.01429,2024-10-31,2024-10-31,0.01429,"Chicago Fed Adjusted National Financial Conditions Index","1971-01-08","2024-10-25","Index","NSA",2024-10-30,"Weekly"," points",-0.2415,"ANFCI"
"991",1989-12-29,"ANFCI",-0.00533,2024-10-31,2024-10-31,-0.00533,"Chicago Fed Adjusted National Financial Conditions Index","1971-01-08","2024-10-25","Index","NSA",2024-10-30,"Weekly"," points",-0.25749,"ANFCI"
"992",1990-01-05,"ANFCI",-0.01711,2024-10-31,2024-10-31,-0.01711,"Chicago Fed Adjusted National Financial Conditions Index","1971-01-08","2024-10-25","Index","NSA",2024-10-30,"Weekly"," points",-0.26681,"ANFCI"
"993",1990-01-12,"ANFCI",-0.02484,2024-10-31,2024-10-31,-0.02484,"Chicago Fed Adjusted National Financial Conditions Index","1971-01-08","2024-10-25","Index","NSA",2024-10-30,"Weekly"," points",-0.27252,"ANFCI"
"994",1990-01-19,"ANFCI",-0.03391,2024-10-31,2024-10-31,-0.03391,"Chicago Fed Adjusted National Financial Conditions Index","1971-01-08","2024-10-25","Index","NSA",2024-10-30,"Weekly"," points",-0.28264,"ANFCI"
"995",1990-01-26,"ANFCI",-0.04573,2024-10-31,2024-10-31,-0.04573,"Chicago Fed Adjusted National Financial Conditions Index","1971-01-08","2024-10-25","Index","NSA",2024-10-30,"Weekly"," points",-0.30631,"ANFCI"
"996",1990-02-02,"ANFCI",-0.06691,2024-10-31,2024-10-31,-0.06691,"Chicago Fed Adjusted National Financial Conditions Index","1971-01-08","2024-10-25","Index","NSA",2024-10-30,"Weekly"," points",-0.36191,"ANFCI"
"997",1990-02-09,"ANFCI",-0.09781,2024-10-31,2024-10-31,-0.09781,"Chicago Fed Adjusted National Financial Conditions Index","1971-01-08","2024-10-25","Index","NSA",2024-10-30,"Weekly"," points",-0.45909,"ANFCI"
"998",1990-02-16,"ANFCI",-0.13419,2024-10-31,2024-10-31,-0.13419,"Chicago Fed Adjusted National Financial Conditions Index","1971-01-08","2024-10-25","Index","NSA",2024-10-30,"Weekly"," points",-0.59797,"ANFCI"
"999",1990-02-23,"ANFCI",-0.172,2024-10-31,2024-10-31,-0.172,"Chicago Fed Adjusted National Financial Conditions Index","1971-01-08","2024-10-25","Index","NSA",2024-10-30,"Weekly"," points",-0.76527,"ANFCI"
"1000",1990-03-02,"ANFCI",-0.20378,2024-10-31,2024-10-31,-0.20378,"Chicago Fed Adjusted National Financial Conditions Index","1971-01-08","2024-10-25","Index","NSA",2024-10-30,"Weekly"," points",-0.941,"ANFCI"
"1001",1990-03-09,"ANFCI",-0.22442,2024-10-31,2024-10-31,-0.22442,"Chicago Fed Adjusted National Financial Conditions Index","1971-01-08","2024-10-25","Index","NSA",2024-10-30,"Weekly"," points",-1.09709,"ANFCI"
"1002",1990-03-16,"ANFCI",-0.22716,2024-10-31,2024-10-31,-0.22716,"Chicago Fed Adjusted National Financial Conditions Index","1971-01-08","2024-10-25","Index","NSA",2024-10-30,"Weekly"," points",-1.21328,"ANFCI"
"1003",1990-03-23,"ANFCI",-0.21274,2024-10-31,2024-10-31,-0.21274,"Chicago Fed Adjusted National Financial Conditions Index","1971-01-08","2024-10-25","Index","NSA",2024-10-30,"Weekly"," points",-1.27802,"ANFCI"
"1004",1990-03-30,"ANFCI",-0.18091,2024-10-31,2024-10-31,-0.18091,"Chicago Fed Adjusted National Financial Conditions Index","1971-01-08","2024-10-25","Index","NSA",2024-10-30,"Weekly"," points",-1.28701,"ANFCI"
"1005",1990-04-06,"ANFCI",-0.13595,2024-10-31,2024-10-31,-0.13595,"Chicago Fed Adjusted National Financial Conditions Index","1971-01-08","2024-10-25","Index","NSA",2024-10-30,"Weekly"," points",-1.24654,"ANFCI"
"1006",1990-04-13,"ANFCI",-0.08752,2024-10-31,2024-10-31,-0.08752,"Chicago Fed Adjusted National Financial Conditions Index","1971-01-08","2024-10-25","Index","NSA",2024-10-30,"Weekly"," points",-1.16833,"ANFCI"
"1007",1990-04-20,"ANFCI",-0.04249,2024-10-31,2024-10-31,-0.04249,"Chicago Fed Adjusted National Financial Conditions Index","1971-01-08","2024-10-25","Index","NSA",2024-10-30,"Weekly"," points",-1.05604,"ANFCI"
"1008",1990-04-27,"ANFCI",-0.01149,2024-10-31,2024-10-31,-0.01149,"Chicago Fed Adjusted National Financial Conditions Index","1971-01-08","2024-10-25","Index","NSA",2024-10-30,"Weekly"," points",-0.9263,"ANFCI"
"1009",1990-05-04,"ANFCI",-0.00301,2024-10-31,2024-10-31,-0.00301,"Chicago Fed Adjusted National Financial Conditions Index","1971-01-08","2024-10-25","Index","NSA",2024-10-30,"Weekly"," points",-0.78931,"ANFCI"
"1010",1990-05-11,"ANFCI",-0.02018,2024-10-31,2024-10-31,-0.02018,"Chicago Fed Adjusted National Financial Conditions Index","1971-01-08","2024-10-25","Index","NSA",2024-10-30,"Weekly"," points",-0.66223,"ANFCI"
"1011",1990-05-18,"ANFCI",-0.05723,2024-10-31,2024-10-31,-0.05723,"Chicago Fed Adjusted National Financial Conditions Index","1971-01-08","2024-10-25","Index","NSA",2024-10-30,"Weekly"," points",-0.55692,"ANFCI"
"1012",1990-05-25,"ANFCI",-0.10476,2024-10-31,2024-10-31,-0.10476,"Chicago Fed Adjusted National Financial Conditions Index","1971-01-08","2024-10-25","Index","NSA",2024-10-30,"Weekly"," points",-0.49008,"ANFCI"
"1013",1990-06-01,"ANFCI",-0.1512,2024-10-31,2024-10-31,-0.1512,"Chicago Fed Adjusted National Financial Conditions Index","1971-01-08","2024-10-25","Index","NSA",2024-10-30,"Weekly"," points",-0.46823,"ANFCI"
"1014",1990-06-08,"ANFCI",-0.18536,2024-10-31,2024-10-31,-0.18536,"Chicago Fed Adjusted National Financial Conditions Index","1971-01-08","2024-10-25","Index","NSA",2024-10-30,"Weekly"," points",-0.48553,"ANFCI"
"1015",1990-06-15,"ANFCI",-0.20494,2024-10-31,2024-10-31,-0.20494,"Chicago Fed Adjusted National Financial Conditions Index","1971-01-08","2024-10-25","Index","NSA",2024-10-30,"Weekly"," points",-0.5267,"ANFCI"
"1016",1990-06-22,"ANFCI",-0.2108,2024-10-31,2024-10-31,-0.2108,"Chicago Fed Adjusted National Financial Conditions Index","1971-01-08","2024-10-25","Index","NSA",2024-10-30,"Weekly"," points",-0.56773,"ANFCI"
"1017",1990-06-29,"ANFCI",-0.20546,2024-10-31,2024-10-31,-0.20546,"Chicago Fed Adjusted National Financial Conditions Index","1971-01-08","2024-10-25","Index","NSA",2024-10-30,"Weekly"," points",-0.58062,"ANFCI"
"1018",1990-07-06,"ANFCI",-0.19294,2024-10-31,2024-10-31,-0.19294,"Chicago Fed Adjusted National Financial Conditions Index","1971-01-08","2024-10-25","Index","NSA",2024-10-30,"Weekly"," points",-0.5517,"ANFCI"
"1019",1990-07-13,"ANFCI",-0.17526,2024-10-31,2024-10-31,-0.17526,"Chicago Fed Adjusted National Financial Conditions Index","1971-01-08","2024-10-25","Index","NSA",2024-10-30,"Weekly"," points",-0.47595,"ANFCI"
"1020",1990-07-20,"ANFCI",-0.15063,2024-10-31,2024-10-31,-0.15063,"Chicago Fed Adjusted National Financial Conditions Index","1971-01-08","2024-10-25","Index","NSA",2024-10-30,"Weekly"," points",-0.37058,"ANFCI"
"1021",1990-07-27,"ANFCI",-0.1191,2024-10-31,2024-10-31,-0.1191,"Chicago Fed Adjusted National Financial Conditions Index","1971-01-08","2024-10-25","Index","NSA",2024-10-30,"Weekly"," points",-0.26173,"ANFCI"
"1022",1990-08-03,"ANFCI",-0.08358,2024-10-31,2024-10-31,-0.08358,"Chicago Fed Adjusted National Financial Conditions Index","1971-01-08","2024-10-25","Index","NSA",2024-10-30,"Weekly"," points",-0.17561,"ANFCI"
"1023",1990-08-10,"ANFCI",-0.04715,2024-10-31,2024-10-31,-0.04715,"Chicago Fed Adjusted National Financial Conditions Index","1971-01-08","2024-10-25","Index","NSA",2024-10-30,"Weekly"," points",-0.13533,"ANFCI"
"1024",1990-08-17,"ANFCI",-0.0154,2024-10-31,2024-10-31,-0.0154,"Chicago Fed Adjusted National Financial Conditions Index","1971-01-08","2024-10-25","Index","NSA",2024-10-30,"Weekly"," points",-0.1479,"ANFCI"
"1025",1990-08-24,"ANFCI",0.01372,2024-10-31,2024-10-31,0.01372,"Chicago Fed Adjusted National Financial Conditions Index","1971-01-08","2024-10-25","Index","NSA",2024-10-30,"Weekly"," points",-0.20112,"ANFCI"
"1026",1990-08-31,"ANFCI",0.04424,2024-10-31,2024-10-31,0.04424,"Chicago Fed Adjusted National Financial Conditions Index","1971-01-08","2024-10-25","Index","NSA",2024-10-30,"Weekly"," points",-0.27582,"ANFCI"
"1027",1990-09-07,"ANFCI",0.08457,2024-10-31,2024-10-31,0.08457,"Chicago Fed Adjusted National Financial Conditions Index","1971-01-08","2024-10-25","Index","NSA",2024-10-30,"Weekly"," points",-0.34517,"ANFCI"
"1028",1990-09-14,"ANFCI",0.13929,2024-10-31,2024-10-31,0.13929,"Chicago Fed Adjusted National Financial Conditions Index","1971-01-08","2024-10-25","Index","NSA",2024-10-30,"Weekly"," points",-0.38869,"ANFCI"
"1029",1990-09-21,"ANFCI",0.20499,2024-10-31,2024-10-31,0.20499,"Chicago Fed Adjusted National Financial Conditions Index","1971-01-08","2024-10-25","Index","NSA",2024-10-30,"Weekly"," points",-0.39645,"ANFCI"
"1030",1990-09-28,"ANFCI",0.27162,2024-10-31,2024-10-31,0.27162,"Chicago Fed Adjusted National Financial Conditions Index","1971-01-08","2024-10-25","Index","NSA",2024-10-30,"Weekly"," points",-0.37419,"ANFCI"
"1031",1990-10-05,"ANFCI",0.31787,2024-10-31,2024-10-31,0.31787,"Chicago Fed Adjusted National Financial Conditions Index","1971-01-08","2024-10-25","Index","NSA",2024-10-30,"Weekly"," points",-0.33711,"ANFCI"
"1032",1990-10-12,"ANFCI",0.33718,2024-10-31,2024-10-31,0.33718,"Chicago Fed Adjusted National Financial Conditions Index","1971-01-08","2024-10-25","Index","NSA",2024-10-30,"Weekly"," points",-0.28878,"ANFCI"
"1033",1990-10-19,"ANFCI",0.32943,2024-10-31,2024-10-31,0.32943,"Chicago Fed Adjusted National Financial Conditions Index","1971-01-08","2024-10-25","Index","NSA",2024-10-30,"Weekly"," points",-0.23625,"ANFCI"
"1034",1990-10-26,"ANFCI",0.30011,2024-10-31,2024-10-31,0.30011,"Chicago Fed Adjusted National Financial Conditions Index","1971-01-08","2024-10-25","Index","NSA",2024-10-30,"Weekly"," points",-0.18254,"ANFCI"
"1035",1990-11-02,"ANFCI",0.26511,2024-10-31,2024-10-31,0.26511,"Chicago Fed Adjusted National Financial Conditions Index","1971-01-08","2024-10-25","Index","NSA",2024-10-30,"Weekly"," points",-0.12401,"ANFCI"
"1036",1990-11-09,"ANFCI",0.23726,2024-10-31,2024-10-31,0.23726,"Chicago Fed Adjusted National Financial Conditions Index","1971-01-08","2024-10-25","Index","NSA",2024-10-30,"Weekly"," points",-0.06279,"ANFCI"
"1037",1990-11-16,"ANFCI",0.22321,2024-10-31,2024-10-31,0.22321,"Chicago Fed Adjusted National Financial Conditions Index","1971-01-08","2024-10-25","Index","NSA",2024-10-30,"Weekly"," points",0.00158999999999998,"ANFCI"
"1038",1990-11-23,"ANFCI",0.22797,2024-10-31,2024-10-31,0.22797,"Chicago Fed Adjusted National Financial Conditions Index","1971-01-08","2024-10-25","Index","NSA",2024-10-30,"Weekly"," points",0.06954,"ANFCI"
"1039",1990-11-30,"ANFCI",0.25631,2024-10-31,2024-10-31,0.25631,"Chicago Fed Adjusted National Financial Conditions Index","1971-01-08","2024-10-25","Index","NSA",2024-10-30,"Weekly"," points",0.14717,"ANFCI"
"1040",1990-12-07,"ANFCI",0.30267,2024-10-31,2024-10-31,0.30267,"Chicago Fed Adjusted National Financial Conditions Index","1971-01-08","2024-10-25","Index","NSA",2024-10-30,"Weekly"," points",0.23279,"ANFCI"
"1041",1990-12-14,"ANFCI",0.36842,2024-10-31,2024-10-31,0.36842,"Chicago Fed Adjusted National Financial Conditions Index","1971-01-08","2024-10-25","Index","NSA",2024-10-30,"Weekly"," points",0.32967,"ANFCI"
"1042",1990-12-21,"ANFCI",0.45111,2024-10-31,2024-10-31,0.45111,"Chicago Fed Adjusted National Financial Conditions Index","1971-01-08","2024-10-25","Index","NSA",2024-10-30,"Weekly"," points",0.43682,"ANFCI"
"1043",1990-12-28,"ANFCI",0.52762,2024-10-31,2024-10-31,0.52762,"Chicago Fed Adjusted National Financial Conditions Index","1971-01-08","2024-10-25","Index","NSA",2024-10-30,"Weekly"," points",0.53295,"ANFCI"
"1044",1991-01-04,"ANFCI",0.57347,2024-10-31,2024-10-31,0.57347,"Chicago Fed Adjusted National Financial Conditions Index","1971-01-08","2024-10-25","Index","NSA",2024-10-30,"Weekly"," points",0.59058,"ANFCI"
"1045",1991-01-11,"ANFCI",0.57858,2024-10-31,2024-10-31,0.57858,"Chicago Fed Adjusted National Financial Conditions Index","1971-01-08","2024-10-25","Index","NSA",2024-10-30,"Weekly"," points",0.60342,"ANFCI"
"1046",1991-01-18,"ANFCI",0.53057,2024-10-31,2024-10-31,0.53057,"Chicago Fed Adjusted National Financial Conditions Index","1971-01-08","2024-10-25","Index","NSA",2024-10-30,"Weekly"," points",0.56448,"ANFCI"
"1047",1991-01-25,"ANFCI",0.43236,2024-10-31,2024-10-31,0.43236,"Chicago Fed Adjusted National Financial Conditions Index","1971-01-08","2024-10-25","Index","NSA",2024-10-30,"Weekly"," points",0.47809,"ANFCI"
"1048",1991-02-01,"ANFCI",0.31804,2024-10-31,2024-10-31,0.31804,"Chicago Fed Adjusted National Financial Conditions Index","1971-01-08","2024-10-25","Index","NSA",2024-10-30,"Weekly"," points",0.38495,"ANFCI"
"1049",1991-02-08,"ANFCI",0.21017,2024-10-31,2024-10-31,0.21017,"Chicago Fed Adjusted National Financial Conditions Index","1971-01-08","2024-10-25","Index","NSA",2024-10-30,"Weekly"," points",0.30798,"ANFCI"
"1050",1991-02-15,"ANFCI",0.12883,2024-10-31,2024-10-31,0.12883,"Chicago Fed Adjusted National Financial Conditions Index","1971-01-08","2024-10-25","Index","NSA",2024-10-30,"Weekly"," points",0.26302,"ANFCI"
"1051",1991-02-22,"ANFCI",0.08002,2024-10-31,2024-10-31,0.08002,"Chicago Fed Adjusted National Financial Conditions Index","1971-01-08","2024-10-25","Index","NSA",2024-10-30,"Weekly"," points",0.25202,"ANFCI"
"1052",1991-03-01,"ANFCI",0.05531,2024-10-31,2024-10-31,0.05531,"Chicago Fed Adjusted National Financial Conditions Index","1971-01-08","2024-10-25","Index","NSA",2024-10-30,"Weekly"," points",0.25909,"ANFCI"
"1053",1991-03-08,"ANFCI",0.03801,2024-10-31,2024-10-31,0.03801,"Chicago Fed Adjusted National Financial Conditions Index","1971-01-08","2024-10-25","Index","NSA",2024-10-30,"Weekly"," points",0.26243,"ANFCI"
"1054",1991-03-15,"ANFCI",0.01679,2024-10-31,2024-10-31,0.01679,"Chicago Fed Adjusted National Financial Conditions Index","1971-01-08","2024-10-25","Index","NSA",2024-10-30,"Weekly"," points",0.24395,"ANFCI"
"1055",1991-03-22,"ANFCI",-0.01143,2024-10-31,2024-10-31,-0.01143,"Chicago Fed Adjusted National Financial Conditions Index","1971-01-08","2024-10-25","Index","NSA",2024-10-30,"Weekly"," points",0.20131,"ANFCI"
"1056",1991-03-29,"ANFCI",-0.04417,2024-10-31,2024-10-31,-0.04417,"Chicago Fed Adjusted National Financial Conditions Index","1971-01-08","2024-10-25","Index","NSA",2024-10-30,"Weekly"," points",0.13674,"ANFCI"
"1057",1991-04-05,"ANFCI",-0.07356,2024-10-31,2024-10-31,-0.07356,"Chicago Fed Adjusted National Financial Conditions Index","1971-01-08","2024-10-25","Index","NSA",2024-10-30,"Weekly"," points",0.06239,"ANFCI"
"1058",1991-04-12,"ANFCI",-0.09626,2024-10-31,2024-10-31,-0.09626,"Chicago Fed Adjusted National Financial Conditions Index","1971-01-08","2024-10-25","Index","NSA",2024-10-30,"Weekly"," points",-0.00874,"ANFCI"
"1059",1991-04-19,"ANFCI",-0.11167,2024-10-31,2024-10-31,-0.11167,"Chicago Fed Adjusted National Financial Conditions Index","1971-01-08","2024-10-25","Index","NSA",2024-10-30,"Weekly"," points",-0.06918,"ANFCI"
"1060",1991-04-26,"ANFCI",-0.12003,2024-10-31,2024-10-31,-0.12003,"Chicago Fed Adjusted National Financial Conditions Index","1971-01-08","2024-10-25","Index","NSA",2024-10-30,"Weekly"," points",-0.10854,"ANFCI"
"1061",1991-05-03,"ANFCI",-0.12468,2024-10-31,2024-10-31,-0.12468,"Chicago Fed Adjusted National Financial Conditions Index","1971-01-08","2024-10-25","Index","NSA",2024-10-30,"Weekly"," points",-0.12167,"ANFCI"
"1062",1991-05-10,"ANFCI",-0.12589,2024-10-31,2024-10-31,-0.12589,"Chicago Fed Adjusted National Financial Conditions Index","1971-01-08","2024-10-25","Index","NSA",2024-10-30,"Weekly"," points",-0.10571,"ANFCI"
"1063",1991-05-17,"ANFCI",-0.12095,2024-10-31,2024-10-31,-0.12095,"Chicago Fed Adjusted National Financial Conditions Index","1971-01-08","2024-10-25","Index","NSA",2024-10-30,"Weekly"," points",-0.06372,"ANFCI"
"1064",1991-05-24,"ANFCI",-0.11023,2024-10-31,2024-10-31,-0.11023,"Chicago Fed Adjusted National Financial Conditions Index","1971-01-08","2024-10-25","Index","NSA",2024-10-30,"Weekly"," points",-0.00546999999999999,"ANFCI"
"1065",1991-05-31,"ANFCI",-0.09664,2024-10-31,2024-10-31,-0.09664,"Chicago Fed Adjusted National Financial Conditions Index","1971-01-08","2024-10-25","Index","NSA",2024-10-30,"Weekly"," points",0.05456,"ANFCI"
"1066",1991-06-07,"ANFCI",-0.08865,2024-10-31,2024-10-31,-0.08865,"Chicago Fed Adjusted National Financial Conditions Index","1971-01-08","2024-10-25","Index","NSA",2024-10-30,"Weekly"," points",0.09671,"ANFCI"
"1067",1991-06-14,"ANFCI",-0.09405,2024-10-31,2024-10-31,-0.09405,"Chicago Fed Adjusted National Financial Conditions Index","1971-01-08","2024-10-25","Index","NSA",2024-10-30,"Weekly"," points",0.11089,"ANFCI"
"1068",1991-06-21,"ANFCI",-0.1228,2024-10-31,2024-10-31,-0.1228,"Chicago Fed Adjusted National Financial Conditions Index","1971-01-08","2024-10-25","Index","NSA",2024-10-30,"Weekly"," points",0.088,"ANFCI"
"1069",1991-06-28,"ANFCI",-0.17654,2024-10-31,2024-10-31,-0.17654,"Chicago Fed Adjusted National Financial Conditions Index","1971-01-08","2024-10-25","Index","NSA",2024-10-30,"Weekly"," points",0.02892,"ANFCI"
"1070",1991-07-05,"ANFCI",-0.25498,2024-10-31,2024-10-31,-0.25498,"Chicago Fed Adjusted National Financial Conditions Index","1971-01-08","2024-10-25","Index","NSA",2024-10-30,"Weekly"," points",-0.06204,"ANFCI"
"1071",1991-07-12,"ANFCI",-0.34506,2024-10-31,2024-10-31,-0.34506,"Chicago Fed Adjusted National Financial Conditions Index","1971-01-08","2024-10-25","Index","NSA",2024-10-30,"Weekly"," points",-0.1698,"ANFCI"
"1072",1991-07-19,"ANFCI",-0.43719,2024-10-31,2024-10-31,-0.43719,"Chicago Fed Adjusted National Financial Conditions Index","1971-01-08","2024-10-25","Index","NSA",2024-10-30,"Weekly"," points",-0.28656,"ANFCI"
"1073",1991-07-26,"ANFCI",-0.5192,2024-10-31,2024-10-31,-0.5192,"Chicago Fed Adjusted National Financial Conditions Index","1971-01-08","2024-10-25","Index","NSA",2024-10-30,"Weekly"," points",-0.4001,"ANFCI"
"1074",1991-08-02,"ANFCI",-0.58358,2024-10-31,2024-10-31,-0.58358,"Chicago Fed Adjusted National Financial Conditions Index","1971-01-08","2024-10-25","Index","NSA",2024-10-30,"Weekly"," points",-0.5,"ANFCI"
"1075",1991-08-09,"ANFCI",-0.62971,2024-10-31,2024-10-31,-0.62971,"Chicago Fed Adjusted National Financial Conditions Index","1971-01-08","2024-10-25","Index","NSA",2024-10-30,"Weekly"," points",-0.58256,"ANFCI"
"1076",1991-08-16,"ANFCI",-0.65706,2024-10-31,2024-10-31,-0.65706,"Chicago Fed Adjusted National Financial Conditions Index","1971-01-08","2024-10-25","Index","NSA",2024-10-30,"Weekly"," points",-0.64166,"ANFCI"
"1077",1991-08-23,"ANFCI",-0.67241,2024-10-31,2024-10-31,-0.67241,"Chicago Fed Adjusted National Financial Conditions Index","1971-01-08","2024-10-25","Index","NSA",2024-10-30,"Weekly"," points",-0.68613,"ANFCI"
"1078",1991-08-30,"ANFCI",-0.68209,2024-10-31,2024-10-31,-0.68209,"Chicago Fed Adjusted National Financial Conditions Index","1971-01-08","2024-10-25","Index","NSA",2024-10-30,"Weekly"," points",-0.72633,"ANFCI"
"1079",1991-09-06,"ANFCI",-0.68725,2024-10-31,2024-10-31,-0.68725,"Chicago Fed Adjusted National Financial Conditions Index","1971-01-08","2024-10-25","Index","NSA",2024-10-30,"Weekly"," points",-0.77182,"ANFCI"
"1080",1991-09-13,"ANFCI",-0.69331,2024-10-31,2024-10-31,-0.69331,"Chicago Fed Adjusted National Financial Conditions Index","1971-01-08","2024-10-25","Index","NSA",2024-10-30,"Weekly"," points",-0.8326,"ANFCI"
"1081",1991-09-20,"ANFCI",-0.69909,2024-10-31,2024-10-31,-0.69909,"Chicago Fed Adjusted National Financial Conditions Index","1971-01-08","2024-10-25","Index","NSA",2024-10-30,"Weekly"," points",-0.90408,"ANFCI"
"1082",1991-09-27,"ANFCI",-0.70328,2024-10-31,2024-10-31,-0.70328,"Chicago Fed Adjusted National Financial Conditions Index","1971-01-08","2024-10-25","Index","NSA",2024-10-30,"Weekly"," points",-0.9749,"ANFCI"
"1083",1991-10-04,"ANFCI",-0.70709,2024-10-31,2024-10-31,-0.70709,"Chicago Fed Adjusted National Financial Conditions Index","1971-01-08","2024-10-25","Index","NSA",2024-10-30,"Weekly"," points",-1.02496,"ANFCI"
"1084",1991-10-11,"ANFCI",-0.71294,2024-10-31,2024-10-31,-0.71294,"Chicago Fed Adjusted National Financial Conditions Index","1971-01-08","2024-10-25","Index","NSA",2024-10-30,"Weekly"," points",-1.05012,"ANFCI"
"1085",1991-10-18,"ANFCI",-0.71901,2024-10-31,2024-10-31,-0.71901,"Chicago Fed Adjusted National Financial Conditions Index","1971-01-08","2024-10-25","Index","NSA",2024-10-30,"Weekly"," points",-1.04844,"ANFCI"
"1086",1991-10-25,"ANFCI",-0.72571,2024-10-31,2024-10-31,-0.72571,"Chicago Fed Adjusted National Financial Conditions Index","1971-01-08","2024-10-25","Index","NSA",2024-10-30,"Weekly"," points",-1.02582,"ANFCI"
"1087",1991-11-01,"ANFCI",-0.73113,2024-10-31,2024-10-31,-0.73113,"Chicago Fed Adjusted National Financial Conditions Index","1971-01-08","2024-10-25","Index","NSA",2024-10-30,"Weekly"," points",-0.99624,"ANFCI"
"1088",1991-11-08,"ANFCI",-0.7329,2024-10-31,2024-10-31,-0.7329,"Chicago Fed Adjusted National Financial Conditions Index","1971-01-08","2024-10-25","Index","NSA",2024-10-30,"Weekly"," points",-0.97016,"ANFCI"
"1089",1991-11-15,"ANFCI",-0.73086,2024-10-31,2024-10-31,-0.73086,"Chicago Fed Adjusted National Financial Conditions Index","1971-01-08","2024-10-25","Index","NSA",2024-10-30,"Weekly"," points",-0.95407,"ANFCI"
"1090",1991-11-22,"ANFCI",-0.72834,2024-10-31,2024-10-31,-0.72834,"Chicago Fed Adjusted National Financial Conditions Index","1971-01-08","2024-10-25","Index","NSA",2024-10-30,"Weekly"," points",-0.95631,"ANFCI"
"1091",1991-11-29,"ANFCI",-0.73089,2024-10-31,2024-10-31,-0.73089,"Chicago Fed Adjusted National Financial Conditions Index","1971-01-08","2024-10-25","Index","NSA",2024-10-30,"Weekly"," points",-0.9872,"ANFCI"
"1092",1991-12-06,"ANFCI",-0.74303,2024-10-31,2024-10-31,-0.74303,"Chicago Fed Adjusted National Financial Conditions Index","1971-01-08","2024-10-25","Index","NSA",2024-10-30,"Weekly"," points",-1.0457,"ANFCI"
"1093",1991-12-13,"ANFCI",-0.76537,2024-10-31,2024-10-31,-0.76537,"Chicago Fed Adjusted National Financial Conditions Index","1971-01-08","2024-10-25","Index","NSA",2024-10-30,"Weekly"," points",-1.13379,"ANFCI"
"1094",1991-12-20,"ANFCI",-0.78754,2024-10-31,2024-10-31,-0.78754,"Chicago Fed Adjusted National Financial Conditions Index","1971-01-08","2024-10-25","Index","NSA",2024-10-30,"Weekly"," points",-1.23865,"ANFCI"
"1095",1991-12-27,"ANFCI",-0.80535,2024-10-31,2024-10-31,-0.80535,"Chicago Fed Adjusted National Financial Conditions Index","1971-01-08","2024-10-25","Index","NSA",2024-10-30,"Weekly"," points",-1.33297,"ANFCI"
"1096",1992-01-03,"ANFCI",-0.81103,2024-10-31,2024-10-31,-0.81103,"Chicago Fed Adjusted National Financial Conditions Index","1971-01-08","2024-10-25","Index","NSA",2024-10-30,"Weekly"," points",-1.3845,"ANFCI"
"1097",1992-01-10,"ANFCI",-0.80276,2024-10-31,2024-10-31,-0.80276,"Chicago Fed Adjusted National Financial Conditions Index","1971-01-08","2024-10-25","Index","NSA",2024-10-30,"Weekly"," points",-1.38134,"ANFCI"
"1098",1992-01-17,"ANFCI",-0.78465,2024-10-31,2024-10-31,-0.78465,"Chicago Fed Adjusted National Financial Conditions Index","1971-01-08","2024-10-25","Index","NSA",2024-10-30,"Weekly"," points",-1.31522,"ANFCI"
"1099",1992-01-24,"ANFCI",-0.76857,2024-10-31,2024-10-31,-0.76857,"Chicago Fed Adjusted National Financial Conditions Index","1971-01-08","2024-10-25","Index","NSA",2024-10-30,"Weekly"," points",-1.20093,"ANFCI"
"1100",1992-01-31,"ANFCI",-0.7624,2024-10-31,2024-10-31,-0.7624,"Chicago Fed Adjusted National Financial Conditions Index","1971-01-08","2024-10-25","Index","NSA",2024-10-30,"Weekly"," points",-1.08044,"ANFCI"
"1101",1992-02-07,"ANFCI",-0.7665,2024-10-31,2024-10-31,-0.7665,"Chicago Fed Adjusted National Financial Conditions Index","1971-01-08","2024-10-25","Index","NSA",2024-10-30,"Weekly"," points",-0.97667,"ANFCI"
"1102",1992-02-14,"ANFCI",-0.77745,2024-10-31,2024-10-31,-0.77745,"Chicago Fed Adjusted National Financial Conditions Index","1971-01-08","2024-10-25","Index","NSA",2024-10-30,"Weekly"," points",-0.90628,"ANFCI"
"1103",1992-02-21,"ANFCI",-0.78643,2024-10-31,2024-10-31,-0.78643,"Chicago Fed Adjusted National Financial Conditions Index","1971-01-08","2024-10-25","Index","NSA",2024-10-30,"Weekly"," points",-0.86645,"ANFCI"
"1104",1992-02-28,"ANFCI",-0.78885,2024-10-31,2024-10-31,-0.78885,"Chicago Fed Adjusted National Financial Conditions Index","1971-01-08","2024-10-25","Index","NSA",2024-10-30,"Weekly"," points",-0.84416,"ANFCI"
"1105",1992-03-06,"ANFCI",-0.78356,2024-10-31,2024-10-31,-0.78356,"Chicago Fed Adjusted National Financial Conditions Index","1971-01-08","2024-10-25","Index","NSA",2024-10-30,"Weekly"," points",-0.82157,"ANFCI"
"1106",1992-03-13,"ANFCI",-0.77258,2024-10-31,2024-10-31,-0.77258,"Chicago Fed Adjusted National Financial Conditions Index","1971-01-08","2024-10-25","Index","NSA",2024-10-30,"Weekly"," points",-0.78937,"ANFCI"
"1107",1992-03-20,"ANFCI",-0.76476,2024-10-31,2024-10-31,-0.76476,"Chicago Fed Adjusted National Financial Conditions Index","1971-01-08","2024-10-25","Index","NSA",2024-10-30,"Weekly"," points",-0.75333,"ANFCI"
"1108",1992-03-27,"ANFCI",-0.76654,2024-10-31,2024-10-31,-0.76654,"Chicago Fed Adjusted National Financial Conditions Index","1971-01-08","2024-10-25","Index","NSA",2024-10-30,"Weekly"," points",-0.72237,"ANFCI"
"1109",1992-04-03,"ANFCI",-0.77945,2024-10-31,2024-10-31,-0.77945,"Chicago Fed Adjusted National Financial Conditions Index","1971-01-08","2024-10-25","Index","NSA",2024-10-30,"Weekly"," points",-0.70589,"ANFCI"
"1110",1992-04-10,"ANFCI",-0.80363,2024-10-31,2024-10-31,-0.80363,"Chicago Fed Adjusted National Financial Conditions Index","1971-01-08","2024-10-25","Index","NSA",2024-10-30,"Weekly"," points",-0.70737,"ANFCI"
"1111",1992-04-17,"ANFCI",-0.83477,2024-10-31,2024-10-31,-0.83477,"Chicago Fed Adjusted National Financial Conditions Index","1971-01-08","2024-10-25","Index","NSA",2024-10-30,"Weekly"," points",-0.7231,"ANFCI"
"1112",1992-04-24,"ANFCI",-0.86935,2024-10-31,2024-10-31,-0.86935,"Chicago Fed Adjusted National Financial Conditions Index","1971-01-08","2024-10-25","Index","NSA",2024-10-30,"Weekly"," points",-0.74932,"ANFCI"
"1113",1992-05-01,"ANFCI",-0.90292,2024-10-31,2024-10-31,-0.90292,"Chicago Fed Adjusted National Financial Conditions Index","1971-01-08","2024-10-25","Index","NSA",2024-10-30,"Weekly"," points",-0.77824,"ANFCI"
"1114",1992-05-08,"ANFCI",-0.93175,2024-10-31,2024-10-31,-0.93175,"Chicago Fed Adjusted National Financial Conditions Index","1971-01-08","2024-10-25","Index","NSA",2024-10-30,"Weekly"," points",-0.80586,"ANFCI"
"1115",1992-05-15,"ANFCI",-0.95346,2024-10-31,2024-10-31,-0.95346,"Chicago Fed Adjusted National Financial Conditions Index","1971-01-08","2024-10-25","Index","NSA",2024-10-30,"Weekly"," points",-0.83251,"ANFCI"
"1116",1992-05-22,"ANFCI",-0.96928,2024-10-31,2024-10-31,-0.96928,"Chicago Fed Adjusted National Financial Conditions Index","1971-01-08","2024-10-25","Index","NSA",2024-10-30,"Weekly"," points",-0.85905,"ANFCI"
"1117",1992-05-29,"ANFCI",-0.9793,2024-10-31,2024-10-31,-0.9793,"Chicago Fed Adjusted National Financial Conditions Index","1971-01-08","2024-10-25","Index","NSA",2024-10-30,"Weekly"," points",-0.88266,"ANFCI"
"1118",1992-06-05,"ANFCI",-0.98787,2024-10-31,2024-10-31,-0.98787,"Chicago Fed Adjusted National Financial Conditions Index","1971-01-08","2024-10-25","Index","NSA",2024-10-30,"Weekly"," points",-0.89922,"ANFCI"
"1119",1992-06-12,"ANFCI",-1.0001,2024-10-31,2024-10-31,-1.0001,"Chicago Fed Adjusted National Financial Conditions Index","1971-01-08","2024-10-25","Index","NSA",2024-10-30,"Weekly"," points",-0.90605,"ANFCI"
"1120",1992-06-19,"ANFCI",-1.01756,2024-10-31,2024-10-31,-1.01756,"Chicago Fed Adjusted National Financial Conditions Index","1971-01-08","2024-10-25","Index","NSA",2024-10-30,"Weekly"," points",-0.89476,"ANFCI"
"1121",1992-06-26,"ANFCI",-1.03944,2024-10-31,2024-10-31,-1.03944,"Chicago Fed Adjusted National Financial Conditions Index","1971-01-08","2024-10-25","Index","NSA",2024-10-30,"Weekly"," points",-0.8629,"ANFCI"
"1122",1992-07-03,"ANFCI",-1.06239,2024-10-31,2024-10-31,-1.06239,"Chicago Fed Adjusted National Financial Conditions Index","1971-01-08","2024-10-25","Index","NSA",2024-10-30,"Weekly"," points",-0.80741,"ANFCI"
"1123",1992-07-10,"ANFCI",-1.07982,2024-10-31,2024-10-31,-1.07982,"Chicago Fed Adjusted National Financial Conditions Index","1971-01-08","2024-10-25","Index","NSA",2024-10-30,"Weekly"," points",-0.73476,"ANFCI"
"1124",1992-07-17,"ANFCI",-1.0887,2024-10-31,2024-10-31,-1.0887,"Chicago Fed Adjusted National Financial Conditions Index","1971-01-08","2024-10-25","Index","NSA",2024-10-30,"Weekly"," points",-0.65151,"ANFCI"
"1125",1992-07-24,"ANFCI",-1.08562,2024-10-31,2024-10-31,-1.08562,"Chicago Fed Adjusted National Financial Conditions Index","1971-01-08","2024-10-25","Index","NSA",2024-10-30,"Weekly"," points",-0.56642,"ANFCI"
"1126",1992-07-31,"ANFCI",-1.07222,2024-10-31,2024-10-31,-1.07222,"Chicago Fed Adjusted National Financial Conditions Index","1971-01-08","2024-10-25","Index","NSA",2024-10-30,"Weekly"," points",-0.48864,"ANFCI"
"1127",1992-08-07,"ANFCI",-1.05307,2024-10-31,2024-10-31,-1.05307,"Chicago Fed Adjusted National Financial Conditions Index","1971-01-08","2024-10-25","Index","NSA",2024-10-30,"Weekly"," points",-0.42336,"ANFCI"
"1128",1992-08-14,"ANFCI",-1.03374,2024-10-31,2024-10-31,-1.03374,"Chicago Fed Adjusted National Financial Conditions Index","1971-01-08","2024-10-25","Index","NSA",2024-10-30,"Weekly"," points",-0.37668,"ANFCI"
"1129",1992-08-21,"ANFCI",-1.01712,2024-10-31,2024-10-31,-1.01712,"Chicago Fed Adjusted National Financial Conditions Index","1971-01-08","2024-10-25","Index","NSA",2024-10-30,"Weekly"," points",-0.34471,"ANFCI"
"1130",1992-08-28,"ANFCI",-1.00322,2024-10-31,2024-10-31,-1.00322,"Chicago Fed Adjusted National Financial Conditions Index","1971-01-08","2024-10-25","Index","NSA",2024-10-30,"Weekly"," points",-0.32113,"ANFCI"
"1131",1992-09-04,"ANFCI",-0.98861,2024-10-31,2024-10-31,-0.98861,"Chicago Fed Adjusted National Financial Conditions Index","1971-01-08","2024-10-25","Index","NSA",2024-10-30,"Weekly"," points",-0.30136,"ANFCI"
"1132",1992-09-11,"ANFCI",-0.97007,2024-10-31,2024-10-31,-0.97007,"Chicago Fed Adjusted National Financial Conditions Index","1971-01-08","2024-10-25","Index","NSA",2024-10-30,"Weekly"," points",-0.27676,"ANFCI"
"1133",1992-09-18,"ANFCI",-0.94134,2024-10-31,2024-10-31,-0.94134,"Chicago Fed Adjusted National Financial Conditions Index","1971-01-08","2024-10-25","Index","NSA",2024-10-30,"Weekly"," points",-0.24225,"ANFCI"
"1134",1992-09-25,"ANFCI",-0.90291,2024-10-31,2024-10-31,-0.90291,"Chicago Fed Adjusted National Financial Conditions Index","1971-01-08","2024-10-25","Index","NSA",2024-10-30,"Weekly"," points",-0.19963,"ANFCI"
"1135",1992-10-02,"ANFCI",-0.85837,2024-10-31,2024-10-31,-0.85837,"Chicago Fed Adjusted National Financial Conditions Index","1971-01-08","2024-10-25","Index","NSA",2024-10-30,"Weekly"," points",-0.15128,"ANFCI"
"1136",1992-10-09,"ANFCI",-0.81481,2024-10-31,2024-10-31,-0.81481,"Chicago Fed Adjusted National Financial Conditions Index","1971-01-08","2024-10-25","Index","NSA",2024-10-30,"Weekly"," points",-0.10187,"ANFCI"
"1137",1992-10-16,"ANFCI",-0.77478,2024-10-31,2024-10-31,-0.77478,"Chicago Fed Adjusted National Financial Conditions Index","1971-01-08","2024-10-25","Index","NSA",2024-10-30,"Weekly"," points",-0.05577,"ANFCI"
"1138",1992-10-23,"ANFCI",-0.74143,2024-10-31,2024-10-31,-0.74143,"Chicago Fed Adjusted National Financial Conditions Index","1971-01-08","2024-10-25","Index","NSA",2024-10-30,"Weekly"," points",-0.0157200000000001,"ANFCI"
"1139",1992-10-30,"ANFCI",-0.71711,2024-10-31,2024-10-31,-0.71711,"Chicago Fed Adjusted National Financial Conditions Index","1971-01-08","2024-10-25","Index","NSA",2024-10-30,"Weekly"," points",0.0140199999999999,"ANFCI"
"1140",1992-11-06,"ANFCI",-0.70461,2024-10-31,2024-10-31,-0.70461,"Chicago Fed Adjusted National Financial Conditions Index","1971-01-08","2024-10-25","Index","NSA",2024-10-30,"Weekly"," points",0.02829,"ANFCI"
"1141",1992-11-13,"ANFCI",-0.70411,2024-10-31,2024-10-31,-0.70411,"Chicago Fed Adjusted National Financial Conditions Index","1971-01-08","2024-10-25","Index","NSA",2024-10-30,"Weekly"," points",0.0267499999999999,"ANFCI"
"1142",1992-11-20,"ANFCI",-0.72316,2024-10-31,2024-10-31,-0.72316,"Chicago Fed Adjusted National Financial Conditions Index","1971-01-08","2024-10-25","Index","NSA",2024-10-30,"Weekly"," points",0.00517999999999996,"ANFCI"
"1143",1992-11-27,"ANFCI",-0.76581,2024-10-31,2024-10-31,-0.76581,"Chicago Fed Adjusted National Financial Conditions Index","1971-01-08","2024-10-25","Index","NSA",2024-10-30,"Weekly"," points",-0.03492,"ANFCI"
"1144",1992-12-04,"ANFCI",-0.83222,2024-10-31,2024-10-31,-0.83222,"Chicago Fed Adjusted National Financial Conditions Index","1971-01-08","2024-10-25","Index","NSA",2024-10-30,"Weekly"," points",-0.08919,"ANFCI"
"1145",1992-12-11,"ANFCI",-0.91219,2024-10-31,2024-10-31,-0.91219,"Chicago Fed Adjusted National Financial Conditions Index","1971-01-08","2024-10-25","Index","NSA",2024-10-30,"Weekly"," points",-0.14682,"ANFCI"
"1146",1992-12-18,"ANFCI",-0.99035,2024-10-31,2024-10-31,-0.99035,"Chicago Fed Adjusted National Financial Conditions Index","1971-01-08","2024-10-25","Index","NSA",2024-10-30,"Weekly"," points",-0.20281,"ANFCI"
"1147",1992-12-25,"ANFCI",-1.0552,2024-10-31,2024-10-31,-1.0552,"Chicago Fed Adjusted National Financial Conditions Index","1971-01-08","2024-10-25","Index","NSA",2024-10-30,"Weekly"," points",-0.24985,"ANFCI"
"1148",1993-01-01,"ANFCI",-1.09811,2024-10-31,2024-10-31,-1.09811,"Chicago Fed Adjusted National Financial Conditions Index","1971-01-08","2024-10-25","Index","NSA",2024-10-30,"Weekly"," points",-0.28708,"ANFCI"
"1149",1993-01-08,"ANFCI",-1.11749,2024-10-31,2024-10-31,-1.11749,"Chicago Fed Adjusted National Financial Conditions Index","1971-01-08","2024-10-25","Index","NSA",2024-10-30,"Weekly"," points",-0.31473,"ANFCI"
"1150",1993-01-15,"ANFCI",-1.12201,2024-10-31,2024-10-31,-1.12201,"Chicago Fed Adjusted National Financial Conditions Index","1971-01-08","2024-10-25","Index","NSA",2024-10-30,"Weekly"," points",-0.33736,"ANFCI"
"1151",1993-01-22,"ANFCI",-1.11997,2024-10-31,2024-10-31,-1.11997,"Chicago Fed Adjusted National Financial Conditions Index","1971-01-08","2024-10-25","Index","NSA",2024-10-30,"Weekly"," points",-0.3514,"ANFCI"
"1152",1993-01-29,"ANFCI",-1.1167,2024-10-31,2024-10-31,-1.1167,"Chicago Fed Adjusted National Financial Conditions Index","1971-01-08","2024-10-25","Index","NSA",2024-10-30,"Weekly"," points",-0.3543,"ANFCI"
"1153",1993-02-05,"ANFCI",-1.1173,2024-10-31,2024-10-31,-1.1173,"Chicago Fed Adjusted National Financial Conditions Index","1971-01-08","2024-10-25","Index","NSA",2024-10-30,"Weekly"," points",-0.3508,"ANFCI"
"1154",1993-02-12,"ANFCI",-1.12156,2024-10-31,2024-10-31,-1.12156,"Chicago Fed Adjusted National Financial Conditions Index","1971-01-08","2024-10-25","Index","NSA",2024-10-30,"Weekly"," points",-0.34411,"ANFCI"
"1155",1993-02-19,"ANFCI",-1.12639,2024-10-31,2024-10-31,-1.12639,"Chicago Fed Adjusted National Financial Conditions Index","1971-01-08","2024-10-25","Index","NSA",2024-10-30,"Weekly"," points",-0.33996,"ANFCI"
"1156",1993-02-26,"ANFCI",-1.13175,2024-10-31,2024-10-31,-1.13175,"Chicago Fed Adjusted National Financial Conditions Index","1971-01-08","2024-10-25","Index","NSA",2024-10-30,"Weekly"," points",-0.3429,"ANFCI"
"1157",1993-03-05,"ANFCI",-1.13431,2024-10-31,2024-10-31,-1.13431,"Chicago Fed Adjusted National Financial Conditions Index","1971-01-08","2024-10-25","Index","NSA",2024-10-30,"Weekly"," points",-0.35075,"ANFCI"
"1158",1993-03-12,"ANFCI",-1.13373,2024-10-31,2024-10-31,-1.13373,"Chicago Fed Adjusted National Financial Conditions Index","1971-01-08","2024-10-25","Index","NSA",2024-10-30,"Weekly"," points",-0.36115,"ANFCI"
"1159",1993-03-19,"ANFCI",-1.13025,2024-10-31,2024-10-31,-1.13025,"Chicago Fed Adjusted National Financial Conditions Index","1971-01-08","2024-10-25","Index","NSA",2024-10-30,"Weekly"," points",-0.36549,"ANFCI"
"1160",1993-03-26,"ANFCI",-1.12475,2024-10-31,2024-10-31,-1.12475,"Chicago Fed Adjusted National Financial Conditions Index","1971-01-08","2024-10-25","Index","NSA",2024-10-30,"Weekly"," points",-0.35821,"ANFCI"
"1161",1993-04-02,"ANFCI",-1.11905,2024-10-31,2024-10-31,-1.11905,"Chicago Fed Adjusted National Financial Conditions Index","1971-01-08","2024-10-25","Index","NSA",2024-10-30,"Weekly"," points",-0.3396,"ANFCI"
"1162",1993-04-09,"ANFCI",-1.11655,2024-10-31,2024-10-31,-1.11655,"Chicago Fed Adjusted National Financial Conditions Index","1971-01-08","2024-10-25","Index","NSA",2024-10-30,"Weekly"," points",-0.31292,"ANFCI"
"1163",1993-04-16,"ANFCI",-1.11743,2024-10-31,2024-10-31,-1.11743,"Chicago Fed Adjusted National Financial Conditions Index","1971-01-08","2024-10-25","Index","NSA",2024-10-30,"Weekly"," points",-0.28266,"ANFCI"
"1164",1993-04-23,"ANFCI",-1.12247,2024-10-31,2024-10-31,-1.12247,"Chicago Fed Adjusted National Financial Conditions Index","1971-01-08","2024-10-25","Index","NSA",2024-10-30,"Weekly"," points",-0.25312,"ANFCI"
"1165",1993-04-30,"ANFCI",-1.13172,2024-10-31,2024-10-31,-1.13172,"Chicago Fed Adjusted National Financial Conditions Index","1971-01-08","2024-10-25","Index","NSA",2024-10-30,"Weekly"," points",-0.2288,"ANFCI"
"1166",1993-05-07,"ANFCI",-1.13771,2024-10-31,2024-10-31,-1.13771,"Chicago Fed Adjusted National Financial Conditions Index","1971-01-08","2024-10-25","Index","NSA",2024-10-30,"Weekly"," points",-0.20596,"ANFCI"
"1167",1993-05-14,"ANFCI",-1.1387,2024-10-31,2024-10-31,-1.1387,"Chicago Fed Adjusted National Financial Conditions Index","1971-01-08","2024-10-25","Index","NSA",2024-10-30,"Weekly"," points",-0.18524,"ANFCI"
"1168",1993-05-21,"ANFCI",-1.13581,2024-10-31,2024-10-31,-1.13581,"Chicago Fed Adjusted National Financial Conditions Index","1971-01-08","2024-10-25","Index","NSA",2024-10-30,"Weekly"," points",-0.16653,"ANFCI"
"1169",1993-05-28,"ANFCI",-1.13103,2024-10-31,2024-10-31,-1.13103,"Chicago Fed Adjusted National Financial Conditions Index","1971-01-08","2024-10-25","Index","NSA",2024-10-30,"Weekly"," points",-0.15173,"ANFCI"
"1170",1993-06-04,"ANFCI",-1.1295,2024-10-31,2024-10-31,-1.1295,"Chicago Fed Adjusted National Financial Conditions Index","1971-01-08","2024-10-25","Index","NSA",2024-10-30,"Weekly"," points",-0.14163,"ANFCI"
"1171",1993-06-11,"ANFCI",-1.13675,2024-10-31,2024-10-31,-1.13675,"Chicago Fed Adjusted National Financial Conditions Index","1971-01-08","2024-10-25","Index","NSA",2024-10-30,"Weekly"," points",-0.13665,"ANFCI"
"1172",1993-06-18,"ANFCI",-1.15371,2024-10-31,2024-10-31,-1.15371,"Chicago Fed Adjusted National Financial Conditions Index","1971-01-08","2024-10-25","Index","NSA",2024-10-30,"Weekly"," points",-0.13615,"ANFCI"
"1173",1993-06-25,"ANFCI",-1.17782,2024-10-31,2024-10-31,-1.17782,"Chicago Fed Adjusted National Financial Conditions Index","1971-01-08","2024-10-25","Index","NSA",2024-10-30,"Weekly"," points",-0.13838,"ANFCI"
"1174",1993-07-02,"ANFCI",-1.20343,2024-10-31,2024-10-31,-1.20343,"Chicago Fed Adjusted National Financial Conditions Index","1971-01-08","2024-10-25","Index","NSA",2024-10-30,"Weekly"," points",-0.14104,"ANFCI"
"1175",1993-07-09,"ANFCI",-1.22558,2024-10-31,2024-10-31,-1.22558,"Chicago Fed Adjusted National Financial Conditions Index","1971-01-08","2024-10-25","Index","NSA",2024-10-30,"Weekly"," points",-0.14576,"ANFCI"
"1176",1993-07-16,"ANFCI",-1.2393,2024-10-31,2024-10-31,-1.2393,"Chicago Fed Adjusted National Financial Conditions Index","1971-01-08","2024-10-25","Index","NSA",2024-10-30,"Weekly"," points",-0.1506,"ANFCI"
"1177",1993-07-23,"ANFCI",-1.24528,2024-10-31,2024-10-31,-1.24528,"Chicago Fed Adjusted National Financial Conditions Index","1971-01-08","2024-10-25","Index","NSA",2024-10-30,"Weekly"," points",-0.15966,"ANFCI"
"1178",1993-07-30,"ANFCI",-1.24351,2024-10-31,2024-10-31,-1.24351,"Chicago Fed Adjusted National Financial Conditions Index","1971-01-08","2024-10-25","Index","NSA",2024-10-30,"Weekly"," points",-0.17129,"ANFCI"
"1179",1993-08-06,"ANFCI",-1.23876,2024-10-31,2024-10-31,-1.23876,"Chicago Fed Adjusted National Financial Conditions Index","1971-01-08","2024-10-25","Index","NSA",2024-10-30,"Weekly"," points",-0.18569,"ANFCI"
"1180",1993-08-13,"ANFCI",-1.23372,2024-10-31,2024-10-31,-1.23372,"Chicago Fed Adjusted National Financial Conditions Index","1971-01-08","2024-10-25","Index","NSA",2024-10-30,"Weekly"," points",-0.19998,"ANFCI"
"1181",1993-08-20,"ANFCI",-1.22834,2024-10-31,2024-10-31,-1.22834,"Chicago Fed Adjusted National Financial Conditions Index","1971-01-08","2024-10-25","Index","NSA",2024-10-30,"Weekly"," points",-0.21122,"ANFCI"
"1182",1993-08-27,"ANFCI",-1.22094,2024-10-31,2024-10-31,-1.22094,"Chicago Fed Adjusted National Financial Conditions Index","1971-01-08","2024-10-25","Index","NSA",2024-10-30,"Weekly"," points",-0.21772,"ANFCI"
"1183",1993-09-03,"ANFCI",-1.20967,2024-10-31,2024-10-31,-1.20967,"Chicago Fed Adjusted National Financial Conditions Index","1971-01-08","2024-10-25","Index","NSA",2024-10-30,"Weekly"," points",-0.22106,"ANFCI"
"1184",1993-09-10,"ANFCI",-1.19268,2024-10-31,2024-10-31,-1.19268,"Chicago Fed Adjusted National Financial Conditions Index","1971-01-08","2024-10-25","Index","NSA",2024-10-30,"Weekly"," points",-0.22261,"ANFCI"
"1185",1993-09-17,"ANFCI",-1.16964,2024-10-31,2024-10-31,-1.16964,"Chicago Fed Adjusted National Financial Conditions Index","1971-01-08","2024-10-25","Index","NSA",2024-10-30,"Weekly"," points",-0.2283,"ANFCI"
"1186",1993-09-24,"ANFCI",-1.14377,2024-10-31,2024-10-31,-1.14377,"Chicago Fed Adjusted National Financial Conditions Index","1971-01-08","2024-10-25","Index","NSA",2024-10-30,"Weekly"," points",-0.24086,"ANFCI"
"1187",1993-10-01,"ANFCI",-1.11734,2024-10-31,2024-10-31,-1.11734,"Chicago Fed Adjusted National Financial Conditions Index","1971-01-08","2024-10-25","Index","NSA",2024-10-30,"Weekly"," points",-0.25897,"ANFCI"
"1188",1993-10-08,"ANFCI",-1.09228,2024-10-31,2024-10-31,-1.09228,"Chicago Fed Adjusted National Financial Conditions Index","1971-01-08","2024-10-25","Index","NSA",2024-10-30,"Weekly"," points",-0.27747,"ANFCI"
"1189",1993-10-15,"ANFCI",-1.06685,2024-10-31,2024-10-31,-1.06685,"Chicago Fed Adjusted National Financial Conditions Index","1971-01-08","2024-10-25","Index","NSA",2024-10-30,"Weekly"," points",-0.29207,"ANFCI"
"1190",1993-10-22,"ANFCI",-1.03871,2024-10-31,2024-10-31,-1.03871,"Chicago Fed Adjusted National Financial Conditions Index","1971-01-08","2024-10-25","Index","NSA",2024-10-30,"Weekly"," points",-0.29728,"ANFCI"
"1191",1993-10-29,"ANFCI",-1.00747,2024-10-31,2024-10-31,-1.00747,"Chicago Fed Adjusted National Financial Conditions Index","1971-01-08","2024-10-25","Index","NSA",2024-10-30,"Weekly"," points",-0.29036,"ANFCI"
"1192",1993-11-05,"ANFCI",-0.97651,2024-10-31,2024-10-31,-0.97651,"Chicago Fed Adjusted National Financial Conditions Index","1971-01-08","2024-10-25","Index","NSA",2024-10-30,"Weekly"," points",-0.2719,"ANFCI"
"1193",1993-11-12,"ANFCI",-0.95251,2024-10-31,2024-10-31,-0.95251,"Chicago Fed Adjusted National Financial Conditions Index","1971-01-08","2024-10-25","Index","NSA",2024-10-30,"Weekly"," points",-0.2484,"ANFCI"
"1194",1993-11-19,"ANFCI",-0.94048,2024-10-31,2024-10-31,-0.94048,"Chicago Fed Adjusted National Financial Conditions Index","1971-01-08","2024-10-25","Index","NSA",2024-10-30,"Weekly"," points",-0.21732,"ANFCI"
"1195",1993-11-26,"ANFCI",-0.94397,2024-10-31,2024-10-31,-0.94397,"Chicago Fed Adjusted National Financial Conditions Index","1971-01-08","2024-10-25","Index","NSA",2024-10-30,"Weekly"," points",-0.17816,"ANFCI"
"1196",1993-12-03,"ANFCI",-0.96109,2024-10-31,2024-10-31,-0.96109,"Chicago Fed Adjusted National Financial Conditions Index","1971-01-08","2024-10-25","Index","NSA",2024-10-30,"Weekly"," points",-0.12887,"ANFCI"
"1197",1993-12-10,"ANFCI",-0.98551,2024-10-31,2024-10-31,-0.98551,"Chicago Fed Adjusted National Financial Conditions Index","1971-01-08","2024-10-25","Index","NSA",2024-10-30,"Weekly"," points",-0.0733200000000001,"ANFCI"
"1198",1993-12-17,"ANFCI",-1.00973,2024-10-31,2024-10-31,-1.00973,"Chicago Fed Adjusted National Financial Conditions Index","1971-01-08","2024-10-25","Index","NSA",2024-10-30,"Weekly"," points",-0.0193800000000001,"ANFCI"
"1199",1993-12-24,"ANFCI",-1.02698,2024-10-31,2024-10-31,-1.02698,"Chicago Fed Adjusted National Financial Conditions Index","1971-01-08","2024-10-25","Index","NSA",2024-10-30,"Weekly"," points",0.0282199999999999,"ANFCI"
"1200",1993-12-31,"ANFCI",-1.03416,2024-10-31,2024-10-31,-1.03416,"Chicago Fed Adjusted National Financial Conditions Index","1971-01-08","2024-10-25","Index","NSA",2024-10-30,"Weekly"," points",0.06395,"ANFCI"
"1201",1994-01-07,"ANFCI",-1.03224,2024-10-31,2024-10-31,-1.03224,"Chicago Fed Adjusted National Financial Conditions Index","1971-01-08","2024-10-25","Index","NSA",2024-10-30,"Weekly"," points",0.08525,"ANFCI"
"1202",1994-01-14,"ANFCI",-1.02459,2024-10-31,2024-10-31,-1.02459,"Chicago Fed Adjusted National Financial Conditions Index","1971-01-08","2024-10-25","Index","NSA",2024-10-30,"Weekly"," points",0.0974200000000001,"ANFCI"
"1203",1994-01-21,"ANFCI",-1.01103,2024-10-31,2024-10-31,-1.01103,"Chicago Fed Adjusted National Financial Conditions Index","1971-01-08","2024-10-25","Index","NSA",2024-10-30,"Weekly"," points",0.10894,"ANFCI"
"1204",1994-01-28,"ANFCI",-0.99419,2024-10-31,2024-10-31,-0.99419,"Chicago Fed Adjusted National Financial Conditions Index","1971-01-08","2024-10-25","Index","NSA",2024-10-30,"Weekly"," points",0.12251,"ANFCI"
"1205",1994-02-04,"ANFCI",-0.97133,2024-10-31,2024-10-31,-0.97133,"Chicago Fed Adjusted National Financial Conditions Index","1971-01-08","2024-10-25","Index","NSA",2024-10-30,"Weekly"," points",0.14597,"ANFCI"
"1206",1994-02-11,"ANFCI",-0.94097,2024-10-31,2024-10-31,-0.94097,"Chicago Fed Adjusted National Financial Conditions Index","1971-01-08","2024-10-25","Index","NSA",2024-10-30,"Weekly"," points",0.18059,"ANFCI"
"1207",1994-02-18,"ANFCI",-0.90261,2024-10-31,2024-10-31,-0.90261,"Chicago Fed Adjusted National Financial Conditions Index","1971-01-08","2024-10-25","Index","NSA",2024-10-30,"Weekly"," points",0.22378,"ANFCI"
"1208",1994-02-25,"ANFCI",-0.85668,2024-10-31,2024-10-31,-0.85668,"Chicago Fed Adjusted National Financial Conditions Index","1971-01-08","2024-10-25","Index","NSA",2024-10-30,"Weekly"," points",0.27507,"ANFCI"
"1209",1994-03-04,"ANFCI",-0.80445,2024-10-31,2024-10-31,-0.80445,"Chicago Fed Adjusted National Financial Conditions Index","1971-01-08","2024-10-25","Index","NSA",2024-10-30,"Weekly"," points",0.32986,"ANFCI"
"1210",1994-03-11,"ANFCI",-0.75218,2024-10-31,2024-10-31,-0.75218,"Chicago Fed Adjusted National Financial Conditions Index","1971-01-08","2024-10-25","Index","NSA",2024-10-30,"Weekly"," points",0.38155,"ANFCI"
"1211",1994-03-18,"ANFCI",-0.70522,2024-10-31,2024-10-31,-0.70522,"Chicago Fed Adjusted National Financial Conditions Index","1971-01-08","2024-10-25","Index","NSA",2024-10-30,"Weekly"," points",0.42503,"ANFCI"
"1212",1994-03-25,"ANFCI",-0.66633,2024-10-31,2024-10-31,-0.66633,"Chicago Fed Adjusted National Financial Conditions Index","1971-01-08","2024-10-25","Index","NSA",2024-10-30,"Weekly"," points",0.45842,"ANFCI"
"1213",1994-04-01,"ANFCI",-0.63801,2024-10-31,2024-10-31,-0.63801,"Chicago Fed Adjusted National Financial Conditions Index","1971-01-08","2024-10-25","Index","NSA",2024-10-30,"Weekly"," points",0.48104,"ANFCI"
"1214",1994-04-08,"ANFCI",-0.62,2024-10-31,2024-10-31,-0.62,"Chicago Fed Adjusted National Financial Conditions Index","1971-01-08","2024-10-25","Index","NSA",2024-10-30,"Weekly"," points",0.49655,"ANFCI"
"1215",1994-04-15,"ANFCI",-0.60798,2024-10-31,2024-10-31,-0.60798,"Chicago Fed Adjusted National Financial Conditions Index","1971-01-08","2024-10-25","Index","NSA",2024-10-30,"Weekly"," points",0.50945,"ANFCI"
"1216",1994-04-22,"ANFCI",-0.59922,2024-10-31,2024-10-31,-0.59922,"Chicago Fed Adjusted National Financial Conditions Index","1971-01-08","2024-10-25","Index","NSA",2024-10-30,"Weekly"," points",0.52325,"ANFCI"
"1217",1994-04-29,"ANFCI",-0.59676,2024-10-31,2024-10-31,-0.59676,"Chicago Fed Adjusted National Financial Conditions Index","1971-01-08","2024-10-25","Index","NSA",2024-10-30,"Weekly"," points",0.53496,"ANFCI"
"1218",1994-05-06,"ANFCI",-0.59867,2024-10-31,2024-10-31,-0.59867,"Chicago Fed Adjusted National Financial Conditions Index","1971-01-08","2024-10-25","Index","NSA",2024-10-30,"Weekly"," points",0.53904,"ANFCI"
"1219",1994-05-13,"ANFCI",-0.61067,2024-10-31,2024-10-31,-0.61067,"Chicago Fed Adjusted National Financial Conditions Index","1971-01-08","2024-10-25","Index","NSA",2024-10-30,"Weekly"," points",0.52803,"ANFCI"
"1220",1994-05-20,"ANFCI",-0.63373,2024-10-31,2024-10-31,-0.63373,"Chicago Fed Adjusted National Financial Conditions Index","1971-01-08","2024-10-25","Index","NSA",2024-10-30,"Weekly"," points",0.50208,"ANFCI"
"1221",1994-05-27,"ANFCI",-0.66112,2024-10-31,2024-10-31,-0.66112,"Chicago Fed Adjusted National Financial Conditions Index","1971-01-08","2024-10-25","Index","NSA",2024-10-30,"Weekly"," points",0.46991,"ANFCI"
"1222",1994-06-03,"ANFCI",-0.68171,2024-10-31,2024-10-31,-0.68171,"Chicago Fed Adjusted National Financial Conditions Index","1971-01-08","2024-10-25","Index","NSA",2024-10-30,"Weekly"," points",0.44779,"ANFCI"
"1223",1994-06-10,"ANFCI",-0.69121,2024-10-31,2024-10-31,-0.69121,"Chicago Fed Adjusted National Financial Conditions Index","1971-01-08","2024-10-25","Index","NSA",2024-10-30,"Weekly"," points",0.44554,"ANFCI"
"1224",1994-06-17,"ANFCI",-0.68343,2024-10-31,2024-10-31,-0.68343,"Chicago Fed Adjusted National Financial Conditions Index","1971-01-08","2024-10-25","Index","NSA",2024-10-30,"Weekly"," points",0.47028,"ANFCI"
"1225",1994-06-24,"ANFCI",-0.66532,2024-10-31,2024-10-31,-0.66532,"Chicago Fed Adjusted National Financial Conditions Index","1971-01-08","2024-10-25","Index","NSA",2024-10-30,"Weekly"," points",0.5125,"ANFCI"
"1226",1994-07-01,"ANFCI",-0.64473,2024-10-31,2024-10-31,-0.64473,"Chicago Fed Adjusted National Financial Conditions Index","1971-01-08","2024-10-25","Index","NSA",2024-10-30,"Weekly"," points",0.5587,"ANFCI"
"1227",1994-07-08,"ANFCI",-0.63643,2024-10-31,2024-10-31,-0.63643,"Chicago Fed Adjusted National Financial Conditions Index","1971-01-08","2024-10-25","Index","NSA",2024-10-30,"Weekly"," points",0.58915,"ANFCI"
"1228",1994-07-15,"ANFCI",-0.6446,2024-10-31,2024-10-31,-0.6446,"Chicago Fed Adjusted National Financial Conditions Index","1971-01-08","2024-10-25","Index","NSA",2024-10-30,"Weekly"," points",0.5947,"ANFCI"
"1229",1994-07-22,"ANFCI",-0.66882,2024-10-31,2024-10-31,-0.66882,"Chicago Fed Adjusted National Financial Conditions Index","1971-01-08","2024-10-25","Index","NSA",2024-10-30,"Weekly"," points",0.57646,"ANFCI"
"1230",1994-07-29,"ANFCI",-0.70325,2024-10-31,2024-10-31,-0.70325,"Chicago Fed Adjusted National Financial Conditions Index","1971-01-08","2024-10-25","Index","NSA",2024-10-30,"Weekly"," points",0.54026,"ANFCI"
"1231",1994-08-05,"ANFCI",-0.74045,2024-10-31,2024-10-31,-0.74045,"Chicago Fed Adjusted National Financial Conditions Index","1971-01-08","2024-10-25","Index","NSA",2024-10-30,"Weekly"," points",0.49831,"ANFCI"
"1232",1994-08-12,"ANFCI",-0.77455,2024-10-31,2024-10-31,-0.77455,"Chicago Fed Adjusted National Financial Conditions Index","1971-01-08","2024-10-25","Index","NSA",2024-10-30,"Weekly"," points",0.45917,"ANFCI"
"1233",1994-08-19,"ANFCI",-0.79915,2024-10-31,2024-10-31,-0.79915,"Chicago Fed Adjusted National Financial Conditions Index","1971-01-08","2024-10-25","Index","NSA",2024-10-30,"Weekly"," points",0.42919,"ANFCI"
"1234",1994-08-26,"ANFCI",-0.80832,2024-10-31,2024-10-31,-0.80832,"Chicago Fed Adjusted National Financial Conditions Index","1971-01-08","2024-10-25","Index","NSA",2024-10-30,"Weekly"," points",0.41262,"ANFCI"
"1235",1994-09-02,"ANFCI",-0.79749,2024-10-31,2024-10-31,-0.79749,"Chicago Fed Adjusted National Financial Conditions Index","1971-01-08","2024-10-25","Index","NSA",2024-10-30,"Weekly"," points",0.41218,"ANFCI"
"1236",1994-09-09,"ANFCI",-0.76402,2024-10-31,2024-10-31,-0.76402,"Chicago Fed Adjusted National Financial Conditions Index","1971-01-08","2024-10-25","Index","NSA",2024-10-30,"Weekly"," points",0.42866,"ANFCI"
"1237",1994-09-16,"ANFCI",-0.70883,2024-10-31,2024-10-31,-0.70883,"Chicago Fed Adjusted National Financial Conditions Index","1971-01-08","2024-10-25","Index","NSA",2024-10-30,"Weekly"," points",0.46081,"ANFCI"
"1238",1994-09-23,"ANFCI",-0.64019,2024-10-31,2024-10-31,-0.64019,"Chicago Fed Adjusted National Financial Conditions Index","1971-01-08","2024-10-25","Index","NSA",2024-10-30,"Weekly"," points",0.50358,"ANFCI"
"1239",1994-09-30,"ANFCI",-0.56822,2024-10-31,2024-10-31,-0.56822,"Chicago Fed Adjusted National Financial Conditions Index","1971-01-08","2024-10-25","Index","NSA",2024-10-30,"Weekly"," points",0.54912,"ANFCI"
"1240",1994-10-07,"ANFCI",-0.50706,2024-10-31,2024-10-31,-0.50706,"Chicago Fed Adjusted National Financial Conditions Index","1971-01-08","2024-10-25","Index","NSA",2024-10-30,"Weekly"," points",0.58522,"ANFCI"
"1241",1994-10-14,"ANFCI",-0.46437,2024-10-31,2024-10-31,-0.46437,"Chicago Fed Adjusted National Financial Conditions Index","1971-01-08","2024-10-25","Index","NSA",2024-10-30,"Weekly"," points",0.60248,"ANFCI"
"1242",1994-10-21,"ANFCI",-0.44114,2024-10-31,2024-10-31,-0.44114,"Chicago Fed Adjusted National Financial Conditions Index","1971-01-08","2024-10-25","Index","NSA",2024-10-30,"Weekly"," points",0.59757,"ANFCI"
"1243",1994-10-28,"ANFCI",-0.43055,2024-10-31,2024-10-31,-0.43055,"Chicago Fed Adjusted National Financial Conditions Index","1971-01-08","2024-10-25","Index","NSA",2024-10-30,"Weekly"," points",0.57692,"ANFCI"
"1244",1994-11-04,"ANFCI",-0.42352,2024-10-31,2024-10-31,-0.42352,"Chicago Fed Adjusted National Financial Conditions Index","1971-01-08","2024-10-25","Index","NSA",2024-10-30,"Weekly"," points",0.55299,"ANFCI"
"1245",1994-11-11,"ANFCI",-0.40948,2024-10-31,2024-10-31,-0.40948,"Chicago Fed Adjusted National Financial Conditions Index","1971-01-08","2024-10-25","Index","NSA",2024-10-30,"Weekly"," points",0.54303,"ANFCI"
"1246",1994-11-18,"ANFCI",-0.37998,2024-10-31,2024-10-31,-0.37998,"Chicago Fed Adjusted National Financial Conditions Index","1971-01-08","2024-10-25","Index","NSA",2024-10-30,"Weekly"," points",0.5605,"ANFCI"
"1247",1994-11-25,"ANFCI",-0.33133,2024-10-31,2024-10-31,-0.33133,"Chicago Fed Adjusted National Financial Conditions Index","1971-01-08","2024-10-25","Index","NSA",2024-10-30,"Weekly"," points",0.61264,"ANFCI"
"1248",1994-12-02,"ANFCI",-0.26833,2024-10-31,2024-10-31,-0.26833,"Chicago Fed Adjusted National Financial Conditions Index","1971-01-08","2024-10-25","Index","NSA",2024-10-30,"Weekly"," points",0.69276,"ANFCI"
"1249",1994-12-09,"ANFCI",-0.19685,2024-10-31,2024-10-31,-0.19685,"Chicago Fed Adjusted National Financial Conditions Index","1971-01-08","2024-10-25","Index","NSA",2024-10-30,"Weekly"," points",0.78866,"ANFCI"
"1250",1994-12-16,"ANFCI",-0.13384,2024-10-31,2024-10-31,-0.13384,"Chicago Fed Adjusted National Financial Conditions Index","1971-01-08","2024-10-25","Index","NSA",2024-10-30,"Weekly"," points",0.87589,"ANFCI"
"1251",1994-12-23,"ANFCI",-0.08996,2024-10-31,2024-10-31,-0.08996,"Chicago Fed Adjusted National Financial Conditions Index","1971-01-08","2024-10-25","Index","NSA",2024-10-30,"Weekly"," points",0.93702,"ANFCI"
"1252",1994-12-30,"ANFCI",-0.07715,2024-10-31,2024-10-31,-0.07715,"Chicago Fed Adjusted National Financial Conditions Index","1971-01-08","2024-10-25","Index","NSA",2024-10-30,"Weekly"," points",0.95701,"ANFCI"
"1253",1995-01-06,"ANFCI",-0.09888,2024-10-31,2024-10-31,-0.09888,"Chicago Fed Adjusted National Financial Conditions Index","1971-01-08","2024-10-25","Index","NSA",2024-10-30,"Weekly"," points",0.93336,"ANFCI"
"1254",1995-01-13,"ANFCI",-0.15108,2024-10-31,2024-10-31,-0.15108,"Chicago Fed Adjusted National Financial Conditions Index","1971-01-08","2024-10-25","Index","NSA",2024-10-30,"Weekly"," points",0.87351,"ANFCI"
"1255",1995-01-20,"ANFCI",-0.22254,2024-10-31,2024-10-31,-0.22254,"Chicago Fed Adjusted National Financial Conditions Index","1971-01-08","2024-10-25","Index","NSA",2024-10-30,"Weekly"," points",0.78849,"ANFCI"
"1256",1995-01-27,"ANFCI",-0.29961,2024-10-31,2024-10-31,-0.29961,"Chicago Fed Adjusted National Financial Conditions Index","1971-01-08","2024-10-25","Index","NSA",2024-10-30,"Weekly"," points",0.69458,"ANFCI"
"1257",1995-02-03,"ANFCI",-0.372,2024-10-31,2024-10-31,-0.372,"Chicago Fed Adjusted National Financial Conditions Index","1971-01-08","2024-10-25","Index","NSA",2024-10-30,"Weekly"," points",0.59933,"ANFCI"
"1258",1995-02-10,"ANFCI",-0.42974,2024-10-31,2024-10-31,-0.42974,"Chicago Fed Adjusted National Financial Conditions Index","1971-01-08","2024-10-25","Index","NSA",2024-10-30,"Weekly"," points",0.51123,"ANFCI"
"1259",1995-02-17,"ANFCI",-0.46889,2024-10-31,2024-10-31,-0.46889,"Chicago Fed Adjusted National Financial Conditions Index","1971-01-08","2024-10-25","Index","NSA",2024-10-30,"Weekly"," points",0.43372,"ANFCI"
"1260",1995-02-24,"ANFCI",-0.49135,2024-10-31,2024-10-31,-0.49135,"Chicago Fed Adjusted National Financial Conditions Index","1971-01-08","2024-10-25","Index","NSA",2024-10-30,"Weekly"," points",0.36533,"ANFCI"
"1261",1995-03-03,"ANFCI",-0.49977,2024-10-31,2024-10-31,-0.49977,"Chicago Fed Adjusted National Financial Conditions Index","1971-01-08","2024-10-25","Index","NSA",2024-10-30,"Weekly"," points",0.30468,"ANFCI"
"1262",1995-03-10,"ANFCI",-0.49807,2024-10-31,2024-10-31,-0.49807,"Chicago Fed Adjusted National Financial Conditions Index","1971-01-08","2024-10-25","Index","NSA",2024-10-30,"Weekly"," points",0.25411,"ANFCI"
"1263",1995-03-17,"ANFCI",-0.49251,2024-10-31,2024-10-31,-0.49251,"Chicago Fed Adjusted National Financial Conditions Index","1971-01-08","2024-10-25","Index","NSA",2024-10-30,"Weekly"," points",0.21271,"ANFCI"
"1264",1995-03-24,"ANFCI",-0.48484,2024-10-31,2024-10-31,-0.48484,"Chicago Fed Adjusted National Financial Conditions Index","1971-01-08","2024-10-25","Index","NSA",2024-10-30,"Weekly"," points",0.18149,"ANFCI"
"1265",1995-03-31,"ANFCI",-0.47931,2024-10-31,2024-10-31,-0.47931,"Chicago Fed Adjusted National Financial Conditions Index","1971-01-08","2024-10-25","Index","NSA",2024-10-30,"Weekly"," points",0.1587,"ANFCI"
"1266",1995-04-07,"ANFCI",-0.47913,2024-10-31,2024-10-31,-0.47913,"Chicago Fed Adjusted National Financial Conditions Index","1971-01-08","2024-10-25","Index","NSA",2024-10-30,"Weekly"," points",0.14087,"ANFCI"
"1267",1995-04-14,"ANFCI",-0.48731,2024-10-31,2024-10-31,-0.48731,"Chicago Fed Adjusted National Financial Conditions Index","1971-01-08","2024-10-25","Index","NSA",2024-10-30,"Weekly"," points",0.12067,"ANFCI"
"1268",1995-04-21,"ANFCI",-0.50758,2024-10-31,2024-10-31,-0.50758,"Chicago Fed Adjusted National Financial Conditions Index","1971-01-08","2024-10-25","Index","NSA",2024-10-30,"Weekly"," points",0.0916399999999999,"ANFCI"
"1269",1995-04-28,"ANFCI",-0.5398,2024-10-31,2024-10-31,-0.5398,"Chicago Fed Adjusted National Financial Conditions Index","1971-01-08","2024-10-25","Index","NSA",2024-10-30,"Weekly"," points",0.05696,"ANFCI"
"1270",1995-05-05,"ANFCI",-0.57984,2024-10-31,2024-10-31,-0.57984,"Chicago Fed Adjusted National Financial Conditions Index","1971-01-08","2024-10-25","Index","NSA",2024-10-30,"Weekly"," points",0.01883,"ANFCI"
"1271",1995-05-12,"ANFCI",-0.62222,2024-10-31,2024-10-31,-0.62222,"Chicago Fed Adjusted National Financial Conditions Index","1971-01-08","2024-10-25","Index","NSA",2024-10-30,"Weekly"," points",-0.0115499999999999,"ANFCI"
"1272",1995-05-19,"ANFCI",-0.65601,2024-10-31,2024-10-31,-0.65601,"Chicago Fed Adjusted National Financial Conditions Index","1971-01-08","2024-10-25","Index","NSA",2024-10-30,"Weekly"," points",-0.02228,"ANFCI"
"1273",1995-05-26,"ANFCI",-0.67433,2024-10-31,2024-10-31,-0.67433,"Chicago Fed Adjusted National Financial Conditions Index","1971-01-08","2024-10-25","Index","NSA",2024-10-30,"Weekly"," points",-0.0132099999999999,"ANFCI"
"1274",1995-06-02,"ANFCI",-0.67363,2024-10-31,2024-10-31,-0.67363,"Chicago Fed Adjusted National Financial Conditions Index","1971-01-08","2024-10-25","Index","NSA",2024-10-30,"Weekly"," points",0.00808000000000009,"ANFCI"
"1275",1995-06-09,"ANFCI",-0.65923,2024-10-31,2024-10-31,-0.65923,"Chicago Fed Adjusted National Financial Conditions Index","1971-01-08","2024-10-25","Index","NSA",2024-10-30,"Weekly"," points",0.03198,"ANFCI"
"1276",1995-06-16,"ANFCI",-0.63535,2024-10-31,2024-10-31,-0.63535,"Chicago Fed Adjusted National Financial Conditions Index","1971-01-08","2024-10-25","Index","NSA",2024-10-30,"Weekly"," points",0.04808,"ANFCI"
"1277",1995-06-23,"ANFCI",-0.61508,2024-10-31,2024-10-31,-0.61508,"Chicago Fed Adjusted National Financial Conditions Index","1971-01-08","2024-10-25","Index","NSA",2024-10-30,"Weekly"," points",0.0502400000000001,"ANFCI"
"1278",1995-06-30,"ANFCI",-0.6036,2024-10-31,2024-10-31,-0.6036,"Chicago Fed Adjusted National Financial Conditions Index","1971-01-08","2024-10-25","Index","NSA",2024-10-30,"Weekly"," points",0.04113,"ANFCI"
"1279",1995-07-07,"ANFCI",-0.60288,2024-10-31,2024-10-31,-0.60288,"Chicago Fed Adjusted National Financial Conditions Index","1971-01-08","2024-10-25","Index","NSA",2024-10-30,"Weekly"," points",0.0335500000000001,"ANFCI"
"1280",1995-07-14,"ANFCI",-0.61301,2024-10-31,2024-10-31,-0.61301,"Chicago Fed Adjusted National Financial Conditions Index","1971-01-08","2024-10-25","Index","NSA",2024-10-30,"Weekly"," points",0.0315899999999999,"ANFCI"
"1281",1995-07-21,"ANFCI",-0.62644,2024-10-31,2024-10-31,-0.62644,"Chicago Fed Adjusted National Financial Conditions Index","1971-01-08","2024-10-25","Index","NSA",2024-10-30,"Weekly"," points",0.04238,"ANFCI"
"1282",1995-07-28,"ANFCI",-0.63873,2024-10-31,2024-10-31,-0.63873,"Chicago Fed Adjusted National Financial Conditions Index","1971-01-08","2024-10-25","Index","NSA",2024-10-30,"Weekly"," points",0.06452,"ANFCI"
"1283",1995-08-04,"ANFCI",-0.6497,2024-10-31,2024-10-31,-0.6497,"Chicago Fed Adjusted National Financial Conditions Index","1971-01-08","2024-10-25","Index","NSA",2024-10-30,"Weekly"," points",0.09075,"ANFCI"
"1284",1995-08-11,"ANFCI",-0.65837,2024-10-31,2024-10-31,-0.65837,"Chicago Fed Adjusted National Financial Conditions Index","1971-01-08","2024-10-25","Index","NSA",2024-10-30,"Weekly"," points",0.11618,"ANFCI"
"1285",1995-08-18,"ANFCI",-0.66484,2024-10-31,2024-10-31,-0.66484,"Chicago Fed Adjusted National Financial Conditions Index","1971-01-08","2024-10-25","Index","NSA",2024-10-30,"Weekly"," points",0.13431,"ANFCI"
"1286",1995-08-25,"ANFCI",-0.67013,2024-10-31,2024-10-31,-0.67013,"Chicago Fed Adjusted National Financial Conditions Index","1971-01-08","2024-10-25","Index","NSA",2024-10-30,"Weekly"," points",0.13819,"ANFCI"
"1287",1995-09-01,"ANFCI",-0.67163,2024-10-31,2024-10-31,-0.67163,"Chicago Fed Adjusted National Financial Conditions Index","1971-01-08","2024-10-25","Index","NSA",2024-10-30,"Weekly"," points",0.12586,"ANFCI"
"1288",1995-09-08,"ANFCI",-0.66868,2024-10-31,2024-10-31,-0.66868,"Chicago Fed Adjusted National Financial Conditions Index","1971-01-08","2024-10-25","Index","NSA",2024-10-30,"Weekly"," points",0.09534,"ANFCI"
"1289",1995-09-15,"ANFCI",-0.65951,2024-10-31,2024-10-31,-0.65951,"Chicago Fed Adjusted National Financial Conditions Index","1971-01-08","2024-10-25","Index","NSA",2024-10-30,"Weekly"," points",0.0493199999999999,"ANFCI"
"1290",1995-09-22,"ANFCI",-0.64362,2024-10-31,2024-10-31,-0.64362,"Chicago Fed Adjusted National Financial Conditions Index","1971-01-08","2024-10-25","Index","NSA",2024-10-30,"Weekly"," points",-0.00342999999999993,"ANFCI"
"1291",1995-09-29,"ANFCI",-0.62414,2024-10-31,2024-10-31,-0.62414,"Chicago Fed Adjusted National Financial Conditions Index","1971-01-08","2024-10-25","Index","NSA",2024-10-30,"Weekly"," points",-0.0559200000000001,"ANFCI"
"1292",1995-10-06,"ANFCI",-0.60847,2024-10-31,2024-10-31,-0.60847,"Chicago Fed Adjusted National Financial Conditions Index","1971-01-08","2024-10-25","Index","NSA",2024-10-30,"Weekly"," points",-0.10141,"ANFCI"
"1293",1995-10-13,"ANFCI",-0.5986,2024-10-31,2024-10-31,-0.5986,"Chicago Fed Adjusted National Financial Conditions Index","1971-01-08","2024-10-25","Index","NSA",2024-10-30,"Weekly"," points",-0.13423,"ANFCI"
"1294",1995-10-20,"ANFCI",-0.59941,2024-10-31,2024-10-31,-0.59941,"Chicago Fed Adjusted National Financial Conditions Index","1971-01-08","2024-10-25","Index","NSA",2024-10-30,"Weekly"," points",-0.15827,"ANFCI"
"1295",1995-10-27,"ANFCI",-0.61212,2024-10-31,2024-10-31,-0.61212,"Chicago Fed Adjusted National Financial Conditions Index","1971-01-08","2024-10-25","Index","NSA",2024-10-30,"Weekly"," points",-0.18157,"ANFCI"
"1296",1995-11-03,"ANFCI",-0.63666,2024-10-31,2024-10-31,-0.63666,"Chicago Fed Adjusted National Financial Conditions Index","1971-01-08","2024-10-25","Index","NSA",2024-10-30,"Weekly"," points",-0.21314,"ANFCI"
"1297",1995-11-10,"ANFCI",-0.66808,2024-10-31,2024-10-31,-0.66808,"Chicago Fed Adjusted National Financial Conditions Index","1971-01-08","2024-10-25","Index","NSA",2024-10-30,"Weekly"," points",-0.2586,"ANFCI"
"1298",1995-11-17,"ANFCI",-0.6975,2024-10-31,2024-10-31,-0.6975,"Chicago Fed Adjusted National Financial Conditions Index","1971-01-08","2024-10-25","Index","NSA",2024-10-30,"Weekly"," points",-0.31752,"ANFCI"
"1299",1995-11-24,"ANFCI",-0.71933,2024-10-31,2024-10-31,-0.71933,"Chicago Fed Adjusted National Financial Conditions Index","1971-01-08","2024-10-25","Index","NSA",2024-10-30,"Weekly"," points",-0.388,"ANFCI"
"1300",1995-12-01,"ANFCI",-0.72903,2024-10-31,2024-10-31,-0.72903,"Chicago Fed Adjusted National Financial Conditions Index","1971-01-08","2024-10-25","Index","NSA",2024-10-30,"Weekly"," points",-0.4607,"ANFCI"
"1301",1995-12-08,"ANFCI",-0.72565,2024-10-31,2024-10-31,-0.72565,"Chicago Fed Adjusted National Financial Conditions Index","1971-01-08","2024-10-25","Index","NSA",2024-10-30,"Weekly"," points",-0.5288,"ANFCI"
"1302",1995-12-15,"ANFCI",-0.71077,2024-10-31,2024-10-31,-0.71077,"Chicago Fed Adjusted National Financial Conditions Index","1971-01-08","2024-10-25","Index","NSA",2024-10-30,"Weekly"," points",-0.57693,"ANFCI"
"1303",1995-12-22,"ANFCI",-0.69359,2024-10-31,2024-10-31,-0.69359,"Chicago Fed Adjusted National Financial Conditions Index","1971-01-08","2024-10-25","Index","NSA",2024-10-30,"Weekly"," points",-0.60363,"ANFCI"
"1304",1995-12-29,"ANFCI",-0.68486,2024-10-31,2024-10-31,-0.68486,"Chicago Fed Adjusted National Financial Conditions Index","1971-01-08","2024-10-25","Index","NSA",2024-10-30,"Weekly"," points",-0.60771,"ANFCI"
"1305",1996-01-05,"ANFCI",-0.6938,2024-10-31,2024-10-31,-0.6938,"Chicago Fed Adjusted National Financial Conditions Index","1971-01-08","2024-10-25","Index","NSA",2024-10-30,"Weekly"," points",-0.59492,"ANFCI"
"1306",1996-01-12,"ANFCI",-0.71954,2024-10-31,2024-10-31,-0.71954,"Chicago Fed Adjusted National Financial Conditions Index","1971-01-08","2024-10-25","Index","NSA",2024-10-30,"Weekly"," points",-0.56846,"ANFCI"
"1307",1996-01-19,"ANFCI",-0.76028,2024-10-31,2024-10-31,-0.76028,"Chicago Fed Adjusted National Financial Conditions Index","1971-01-08","2024-10-25","Index","NSA",2024-10-30,"Weekly"," points",-0.53774,"ANFCI"
"1308",1996-01-26,"ANFCI",-0.80828,2024-10-31,2024-10-31,-0.80828,"Chicago Fed Adjusted National Financial Conditions Index","1971-01-08","2024-10-25","Index","NSA",2024-10-30,"Weekly"," points",-0.50867,"ANFCI"
"1309",1996-02-02,"ANFCI",-0.85117,2024-10-31,2024-10-31,-0.85117,"Chicago Fed Adjusted National Financial Conditions Index","1971-01-08","2024-10-25","Index","NSA",2024-10-30,"Weekly"," points",-0.47917,"ANFCI"
"1310",1996-02-09,"ANFCI",-0.87731,2024-10-31,2024-10-31,-0.87731,"Chicago Fed Adjusted National Financial Conditions Index","1971-01-08","2024-10-25","Index","NSA",2024-10-30,"Weekly"," points",-0.44757,"ANFCI"
"1311",1996-02-16,"ANFCI",-0.88408,2024-10-31,2024-10-31,-0.88408,"Chicago Fed Adjusted National Financial Conditions Index","1971-01-08","2024-10-25","Index","NSA",2024-10-30,"Weekly"," points",-0.41519,"ANFCI"
"1312",1996-02-23,"ANFCI",-0.87145,2024-10-31,2024-10-31,-0.87145,"Chicago Fed Adjusted National Financial Conditions Index","1971-01-08","2024-10-25","Index","NSA",2024-10-30,"Weekly"," points",-0.3801,"ANFCI"
"1313",1996-03-01,"ANFCI",-0.84346,2024-10-31,2024-10-31,-0.84346,"Chicago Fed Adjusted National Financial Conditions Index","1971-01-08","2024-10-25","Index","NSA",2024-10-30,"Weekly"," points",-0.34369,"ANFCI"
"1314",1996-03-08,"ANFCI",-0.81008,2024-10-31,2024-10-31,-0.81008,"Chicago Fed Adjusted National Financial Conditions Index","1971-01-08","2024-10-25","Index","NSA",2024-10-30,"Weekly"," points",-0.31201,"ANFCI"
"1315",1996-03-15,"ANFCI",-0.77398,2024-10-31,2024-10-31,-0.77398,"Chicago Fed Adjusted National Financial Conditions Index","1971-01-08","2024-10-25","Index","NSA",2024-10-30,"Weekly"," points",-0.28147,"ANFCI"
"1316",1996-03-22,"ANFCI",-0.74104,2024-10-31,2024-10-31,-0.74104,"Chicago Fed Adjusted National Financial Conditions Index","1971-01-08","2024-10-25","Index","NSA",2024-10-30,"Weekly"," points",-0.2562,"ANFCI"
"1317",1996-03-29,"ANFCI",-0.71014,2024-10-31,2024-10-31,-0.71014,"Chicago Fed Adjusted National Financial Conditions Index","1971-01-08","2024-10-25","Index","NSA",2024-10-30,"Weekly"," points",-0.23083,"ANFCI"
"1318",1996-04-05,"ANFCI",-0.68221,2024-10-31,2024-10-31,-0.68221,"Chicago Fed Adjusted National Financial Conditions Index","1971-01-08","2024-10-25","Index","NSA",2024-10-30,"Weekly"," points",-0.20308,"ANFCI"
"1319",1996-04-12,"ANFCI",-0.65849,2024-10-31,2024-10-31,-0.65849,"Chicago Fed Adjusted National Financial Conditions Index","1971-01-08","2024-10-25","Index","NSA",2024-10-30,"Weekly"," points",-0.17118,"ANFCI"
"1320",1996-04-19,"ANFCI",-0.64526,2024-10-31,2024-10-31,-0.64526,"Chicago Fed Adjusted National Financial Conditions Index","1971-01-08","2024-10-25","Index","NSA",2024-10-30,"Weekly"," points",-0.13768,"ANFCI"
"1321",1996-04-26,"ANFCI",-0.64648,2024-10-31,2024-10-31,-0.64648,"Chicago Fed Adjusted National Financial Conditions Index","1971-01-08","2024-10-25","Index","NSA",2024-10-30,"Weekly"," points",-0.10668,"ANFCI"
"1322",1996-05-03,"ANFCI",-0.65997,2024-10-31,2024-10-31,-0.65997,"Chicago Fed Adjusted National Financial Conditions Index","1971-01-08","2024-10-25","Index","NSA",2024-10-30,"Weekly"," points",-0.0801299999999999,"ANFCI"
"1323",1996-05-10,"ANFCI",-0.68165,2024-10-31,2024-10-31,-0.68165,"Chicago Fed Adjusted National Financial Conditions Index","1971-01-08","2024-10-25","Index","NSA",2024-10-30,"Weekly"," points",-0.05943,"ANFCI"
"1324",1996-05-17,"ANFCI",-0.70298,2024-10-31,2024-10-31,-0.70298,"Chicago Fed Adjusted National Financial Conditions Index","1971-01-08","2024-10-25","Index","NSA",2024-10-30,"Weekly"," points",-0.0469700000000001,"ANFCI"
"1325",1996-05-24,"ANFCI",-0.71509,2024-10-31,2024-10-31,-0.71509,"Chicago Fed Adjusted National Financial Conditions Index","1971-01-08","2024-10-25","Index","NSA",2024-10-30,"Weekly"," points",-0.04076,"ANFCI"
"1326",1996-05-31,"ANFCI",-0.71323,2024-10-31,2024-10-31,-0.71323,"Chicago Fed Adjusted National Financial Conditions Index","1971-01-08","2024-10-25","Index","NSA",2024-10-30,"Weekly"," points",-0.0396000000000001,"ANFCI"
"1327",1996-06-07,"ANFCI",-0.69745,2024-10-31,2024-10-31,-0.69745,"Chicago Fed Adjusted National Financial Conditions Index","1971-01-08","2024-10-25","Index","NSA",2024-10-30,"Weekly"," points",-0.03822,"ANFCI"
"1328",1996-06-14,"ANFCI",-0.67363,2024-10-31,2024-10-31,-0.67363,"Chicago Fed Adjusted National Financial Conditions Index","1971-01-08","2024-10-25","Index","NSA",2024-10-30,"Weekly"," points",-0.03828,"ANFCI"
"1329",1996-06-21,"ANFCI",-0.64788,2024-10-31,2024-10-31,-0.64788,"Chicago Fed Adjusted National Financial Conditions Index","1971-01-08","2024-10-25","Index","NSA",2024-10-30,"Weekly"," points",-0.0328000000000001,"ANFCI"
"1330",1996-06-28,"ANFCI",-0.62773,2024-10-31,2024-10-31,-0.62773,"Chicago Fed Adjusted National Financial Conditions Index","1971-01-08","2024-10-25","Index","NSA",2024-10-30,"Weekly"," points",-0.02413,"ANFCI"
"1331",1996-07-05,"ANFCI",-0.61369,2024-10-31,2024-10-31,-0.61369,"Chicago Fed Adjusted National Financial Conditions Index","1971-01-08","2024-10-25","Index","NSA",2024-10-30,"Weekly"," points",-0.01081,"ANFCI"
"1332",1996-07-12,"ANFCI",-0.6074,2024-10-31,2024-10-31,-0.6074,"Chicago Fed Adjusted National Financial Conditions Index","1971-01-08","2024-10-25","Index","NSA",2024-10-30,"Weekly"," points",0.00561,"ANFCI"
"1333",1996-07-19,"ANFCI",-0.60924,2024-10-31,2024-10-31,-0.60924,"Chicago Fed Adjusted National Financial Conditions Index","1971-01-08","2024-10-25","Index","NSA",2024-10-30,"Weekly"," points",0.0172,"ANFCI"
"1334",1996-07-26,"ANFCI",-0.61717,2024-10-31,2024-10-31,-0.61717,"Chicago Fed Adjusted National Financial Conditions Index","1971-01-08","2024-10-25","Index","NSA",2024-10-30,"Weekly"," points",0.02156,"ANFCI"
"1335",1996-08-02,"ANFCI",-0.62752,2024-10-31,2024-10-31,-0.62752,"Chicago Fed Adjusted National Financial Conditions Index","1971-01-08","2024-10-25","Index","NSA",2024-10-30,"Weekly"," points",0.0221800000000001,"ANFCI"
"1336",1996-08-09,"ANFCI",-0.64024,2024-10-31,2024-10-31,-0.64024,"Chicago Fed Adjusted National Financial Conditions Index","1971-01-08","2024-10-25","Index","NSA",2024-10-30,"Weekly"," points",0.01813,"ANFCI"
"1337",1996-08-16,"ANFCI",-0.649,2024-10-31,2024-10-31,-0.649,"Chicago Fed Adjusted National Financial Conditions Index","1971-01-08","2024-10-25","Index","NSA",2024-10-30,"Weekly"," points",0.01584,"ANFCI"
"1338",1996-08-23,"ANFCI",-0.65001,2024-10-31,2024-10-31,-0.65001,"Chicago Fed Adjusted National Financial Conditions Index","1971-01-08","2024-10-25","Index","NSA",2024-10-30,"Weekly"," points",0.02012,"ANFCI"
"1339",1996-08-30,"ANFCI",-0.64199,2024-10-31,2024-10-31,-0.64199,"Chicago Fed Adjusted National Financial Conditions Index","1971-01-08","2024-10-25","Index","NSA",2024-10-30,"Weekly"," points",0.02964,"ANFCI"
"1340",1996-09-06,"ANFCI",-0.62577,2024-10-31,2024-10-31,-0.62577,"Chicago Fed Adjusted National Financial Conditions Index","1971-01-08","2024-10-25","Index","NSA",2024-10-30,"Weekly"," points",0.04291,"ANFCI"
"1341",1996-09-13,"ANFCI",-0.60763,2024-10-31,2024-10-31,-0.60763,"Chicago Fed Adjusted National Financial Conditions Index","1971-01-08","2024-10-25","Index","NSA",2024-10-30,"Weekly"," points",0.05188,"ANFCI"
"1342",1996-09-20,"ANFCI",-0.59542,2024-10-31,2024-10-31,-0.59542,"Chicago Fed Adjusted National Financial Conditions Index","1971-01-08","2024-10-25","Index","NSA",2024-10-30,"Weekly"," points",0.0482,"ANFCI"
"1343",1996-09-27,"ANFCI",-0.59595,2024-10-31,2024-10-31,-0.59595,"Chicago Fed Adjusted National Financial Conditions Index","1971-01-08","2024-10-25","Index","NSA",2024-10-30,"Weekly"," points",0.02819,"ANFCI"
"1344",1996-10-04,"ANFCI",-0.6163,2024-10-31,2024-10-31,-0.6163,"Chicago Fed Adjusted National Financial Conditions Index","1971-01-08","2024-10-25","Index","NSA",2024-10-30,"Weekly"," points",-0.00783,"ANFCI"
"1345",1996-10-11,"ANFCI",-0.65741,2024-10-31,2024-10-31,-0.65741,"Chicago Fed Adjusted National Financial Conditions Index","1971-01-08","2024-10-25","Index","NSA",2024-10-30,"Weekly"," points",-0.05881,"ANFCI"
"1346",1996-10-18,"ANFCI",-0.71436,2024-10-31,2024-10-31,-0.71436,"Chicago Fed Adjusted National Financial Conditions Index","1971-01-08","2024-10-25","Index","NSA",2024-10-30,"Weekly"," points",-0.11495,"ANFCI"
"1347",1996-10-25,"ANFCI",-0.78013,2024-10-31,2024-10-31,-0.78013,"Chicago Fed Adjusted National Financial Conditions Index","1971-01-08","2024-10-25","Index","NSA",2024-10-30,"Weekly"," points",-0.16801,"ANFCI"
"1348",1996-11-01,"ANFCI",-0.84447,2024-10-31,2024-10-31,-0.84447,"Chicago Fed Adjusted National Financial Conditions Index","1971-01-08","2024-10-25","Index","NSA",2024-10-30,"Weekly"," points",-0.20781,"ANFCI"
"1349",1996-11-08,"ANFCI",-0.89644,2024-10-31,2024-10-31,-0.89644,"Chicago Fed Adjusted National Financial Conditions Index","1971-01-08","2024-10-25","Index","NSA",2024-10-30,"Weekly"," points",-0.22836,"ANFCI"
"1350",1996-11-15,"ANFCI",-0.92435,2024-10-31,2024-10-31,-0.92435,"Chicago Fed Adjusted National Financial Conditions Index","1971-01-08","2024-10-25","Index","NSA",2024-10-30,"Weekly"," points",-0.22685,"ANFCI"
"1351",1996-11-22,"ANFCI",-0.92794,2024-10-31,2024-10-31,-0.92794,"Chicago Fed Adjusted National Financial Conditions Index","1971-01-08","2024-10-25","Index","NSA",2024-10-30,"Weekly"," points",-0.20861,"ANFCI"
"1352",1996-11-29,"ANFCI",-0.9095,2024-10-31,2024-10-31,-0.9095,"Chicago Fed Adjusted National Financial Conditions Index","1971-01-08","2024-10-25","Index","NSA",2024-10-30,"Weekly"," points",-0.18047,"ANFCI"
"1353",1996-12-06,"ANFCI",-0.87755,2024-10-31,2024-10-31,-0.87755,"Chicago Fed Adjusted National Financial Conditions Index","1971-01-08","2024-10-25","Index","NSA",2024-10-30,"Weekly"," points",-0.1519,"ANFCI"
"1354",1996-12-13,"ANFCI",-0.84246,2024-10-31,2024-10-31,-0.84246,"Chicago Fed Adjusted National Financial Conditions Index","1971-01-08","2024-10-25","Index","NSA",2024-10-30,"Weekly"," points",-0.13169,"ANFCI"
"1355",1996-12-20,"ANFCI",-0.81329,2024-10-31,2024-10-31,-0.81329,"Chicago Fed Adjusted National Financial Conditions Index","1971-01-08","2024-10-25","Index","NSA",2024-10-30,"Weekly"," points",-0.1197,"ANFCI"
"1356",1996-12-27,"ANFCI",-0.79284,2024-10-31,2024-10-31,-0.79284,"Chicago Fed Adjusted National Financial Conditions Index","1971-01-08","2024-10-25","Index","NSA",2024-10-30,"Weekly"," points",-0.10798,"ANFCI"
"1357",1997-01-03,"ANFCI",-0.78056,2024-10-31,2024-10-31,-0.78056,"Chicago Fed Adjusted National Financial Conditions Index","1971-01-08","2024-10-25","Index","NSA",2024-10-30,"Weekly"," points",-0.0867600000000001,"ANFCI"
"1358",1997-01-10,"ANFCI",-0.7727,2024-10-31,2024-10-31,-0.7727,"Chicago Fed Adjusted National Financial Conditions Index","1971-01-08","2024-10-25","Index","NSA",2024-10-30,"Weekly"," points",-0.0531600000000001,"ANFCI"
"1359",1997-01-17,"ANFCI",-0.77203,2024-10-31,2024-10-31,-0.77203,"Chicago Fed Adjusted National Financial Conditions Index","1971-01-08","2024-10-25","Index","NSA",2024-10-30,"Weekly"," points",-0.01175,"ANFCI"
"1360",1997-01-24,"ANFCI",-0.77764,2024-10-31,2024-10-31,-0.77764,"Chicago Fed Adjusted National Financial Conditions Index","1971-01-08","2024-10-25","Index","NSA",2024-10-30,"Weekly"," points",0.03064,"ANFCI"
"1361",1997-01-31,"ANFCI",-0.78886,2024-10-31,2024-10-31,-0.78886,"Chicago Fed Adjusted National Financial Conditions Index","1971-01-08","2024-10-25","Index","NSA",2024-10-30,"Weekly"," points",0.06231,"ANFCI"
"1362",1997-02-07,"ANFCI",-0.80346,2024-10-31,2024-10-31,-0.80346,"Chicago Fed Adjusted National Financial Conditions Index","1971-01-08","2024-10-25","Index","NSA",2024-10-30,"Weekly"," points",0.0738500000000001,"ANFCI"
"1363",1997-02-14,"ANFCI",-0.81865,2024-10-31,2024-10-31,-0.81865,"Chicago Fed Adjusted National Financial Conditions Index","1971-01-08","2024-10-25","Index","NSA",2024-10-30,"Weekly"," points",0.06543,"ANFCI"
"1364",1997-02-21,"ANFCI",-0.82565,2024-10-31,2024-10-31,-0.82565,"Chicago Fed Adjusted National Financial Conditions Index","1971-01-08","2024-10-25","Index","NSA",2024-10-30,"Weekly"," points",0.0458,"ANFCI"
"1365",1997-02-28,"ANFCI",-0.82092,2024-10-31,2024-10-31,-0.82092,"Chicago Fed Adjusted National Financial Conditions Index","1971-01-08","2024-10-25","Index","NSA",2024-10-30,"Weekly"," points",0.02254,"ANFCI"
"1366",1997-03-07,"ANFCI",-0.80145,2024-10-31,2024-10-31,-0.80145,"Chicago Fed Adjusted National Financial Conditions Index","1971-01-08","2024-10-25","Index","NSA",2024-10-30,"Weekly"," points",0.00863000000000003,"ANFCI"
"1367",1997-03-14,"ANFCI",-0.76952,2024-10-31,2024-10-31,-0.76952,"Chicago Fed Adjusted National Financial Conditions Index","1971-01-08","2024-10-25","Index","NSA",2024-10-30,"Weekly"," points",0.00446000000000002,"ANFCI"
"1368",1997-03-21,"ANFCI",-0.73003,2024-10-31,2024-10-31,-0.73003,"Chicago Fed Adjusted National Financial Conditions Index","1971-01-08","2024-10-25","Index","NSA",2024-10-30,"Weekly"," points",0.0110100000000001,"ANFCI"
"1369",1997-03-28,"ANFCI",-0.68778,2024-10-31,2024-10-31,-0.68778,"Chicago Fed Adjusted National Financial Conditions Index","1971-01-08","2024-10-25","Index","NSA",2024-10-30,"Weekly"," points",0.02236,"ANFCI"
"1370",1997-04-04,"ANFCI",-0.64609,2024-10-31,2024-10-31,-0.64609,"Chicago Fed Adjusted National Financial Conditions Index","1971-01-08","2024-10-25","Index","NSA",2024-10-30,"Weekly"," points",0.0361199999999999,"ANFCI"
"1371",1997-04-11,"ANFCI",-0.60932,2024-10-31,2024-10-31,-0.60932,"Chicago Fed Adjusted National Financial Conditions Index","1971-01-08","2024-10-25","Index","NSA",2024-10-30,"Weekly"," points",0.04917,"ANFCI"
"1372",1997-04-18,"ANFCI",-0.57825,2024-10-31,2024-10-31,-0.57825,"Chicago Fed Adjusted National Financial Conditions Index","1971-01-08","2024-10-25","Index","NSA",2024-10-30,"Weekly"," points",0.0670099999999999,"ANFCI"
"1373",1997-04-25,"ANFCI",-0.55211,2024-10-31,2024-10-31,-0.55211,"Chicago Fed Adjusted National Financial Conditions Index","1971-01-08","2024-10-25","Index","NSA",2024-10-30,"Weekly"," points",0.0943700000000001,"ANFCI"
"1374",1997-05-02,"ANFCI",-0.53103,2024-10-31,2024-10-31,-0.53103,"Chicago Fed Adjusted National Financial Conditions Index","1971-01-08","2024-10-25","Index","NSA",2024-10-30,"Weekly"," points",0.12894,"ANFCI"
"1375",1997-05-09,"ANFCI",-0.51148,2024-10-31,2024-10-31,-0.51148,"Chicago Fed Adjusted National Financial Conditions Index","1971-01-08","2024-10-25","Index","NSA",2024-10-30,"Weekly"," points",0.17017,"ANFCI"
"1376",1997-05-16,"ANFCI",-0.49299,2024-10-31,2024-10-31,-0.49299,"Chicago Fed Adjusted National Financial Conditions Index","1971-01-08","2024-10-25","Index","NSA",2024-10-30,"Weekly"," points",0.20999,"ANFCI"
"1377",1997-05-23,"ANFCI",-0.4741,2024-10-31,2024-10-31,-0.4741,"Chicago Fed Adjusted National Financial Conditions Index","1971-01-08","2024-10-25","Index","NSA",2024-10-30,"Weekly"," points",0.24099,"ANFCI"
"1378",1997-05-30,"ANFCI",-0.4547,2024-10-31,2024-10-31,-0.4547,"Chicago Fed Adjusted National Financial Conditions Index","1971-01-08","2024-10-25","Index","NSA",2024-10-30,"Weekly"," points",0.25853,"ANFCI"
"1379",1997-06-06,"ANFCI",-0.43882,2024-10-31,2024-10-31,-0.43882,"Chicago Fed Adjusted National Financial Conditions Index","1971-01-08","2024-10-25","Index","NSA",2024-10-30,"Weekly"," points",0.25863,"ANFCI"
"1380",1997-06-13,"ANFCI",-0.4302,2024-10-31,2024-10-31,-0.4302,"Chicago Fed Adjusted National Financial Conditions Index","1971-01-08","2024-10-25","Index","NSA",2024-10-30,"Weekly"," points",0.24343,"ANFCI"
"1381",1997-06-20,"ANFCI",-0.4311,2024-10-31,2024-10-31,-0.4311,"Chicago Fed Adjusted National Financial Conditions Index","1971-01-08","2024-10-25","Index","NSA",2024-10-30,"Weekly"," points",0.21678,"ANFCI"
"1382",1997-06-27,"ANFCI",-0.44209,2024-10-31,2024-10-31,-0.44209,"Chicago Fed Adjusted National Financial Conditions Index","1971-01-08","2024-10-25","Index","NSA",2024-10-30,"Weekly"," points",0.18564,"ANFCI"
"1383",1997-07-04,"ANFCI",-0.46168,2024-10-31,2024-10-31,-0.46168,"Chicago Fed Adjusted National Financial Conditions Index","1971-01-08","2024-10-25","Index","NSA",2024-10-30,"Weekly"," points",0.15201,"ANFCI"
"1384",1997-07-11,"ANFCI",-0.4841,2024-10-31,2024-10-31,-0.4841,"Chicago Fed Adjusted National Financial Conditions Index","1971-01-08","2024-10-25","Index","NSA",2024-10-30,"Weekly"," points",0.1233,"ANFCI"
"1385",1997-07-18,"ANFCI",-0.50534,2024-10-31,2024-10-31,-0.50534,"Chicago Fed Adjusted National Financial Conditions Index","1971-01-08","2024-10-25","Index","NSA",2024-10-30,"Weekly"," points",0.1039,"ANFCI"
"1386",1997-07-25,"ANFCI",-0.52081,2024-10-31,2024-10-31,-0.52081,"Chicago Fed Adjusted National Financial Conditions Index","1971-01-08","2024-10-25","Index","NSA",2024-10-30,"Weekly"," points",0.09636,"ANFCI"
"1387",1997-08-01,"ANFCI",-0.52772,2024-10-31,2024-10-31,-0.52772,"Chicago Fed Adjusted National Financial Conditions Index","1971-01-08","2024-10-25","Index","NSA",2024-10-30,"Weekly"," points",0.0998,"ANFCI"
"1388",1997-08-08,"ANFCI",-0.52586,2024-10-31,2024-10-31,-0.52586,"Chicago Fed Adjusted National Financial Conditions Index","1971-01-08","2024-10-25","Index","NSA",2024-10-30,"Weekly"," points",0.11438,"ANFCI"
"1389",1997-08-15,"ANFCI",-0.5169,2024-10-31,2024-10-31,-0.5169,"Chicago Fed Adjusted National Financial Conditions Index","1971-01-08","2024-10-25","Index","NSA",2024-10-30,"Weekly"," points",0.1321,"ANFCI"
"1390",1997-08-22,"ANFCI",-0.50363,2024-10-31,2024-10-31,-0.50363,"Chicago Fed Adjusted National Financial Conditions Index","1971-01-08","2024-10-25","Index","NSA",2024-10-30,"Weekly"," points",0.14638,"ANFCI"
"1391",1997-08-29,"ANFCI",-0.48859,2024-10-31,2024-10-31,-0.48859,"Chicago Fed Adjusted National Financial Conditions Index","1971-01-08","2024-10-25","Index","NSA",2024-10-30,"Weekly"," points",0.1534,"ANFCI"
"1392",1997-09-05,"ANFCI",-0.47332,2024-10-31,2024-10-31,-0.47332,"Chicago Fed Adjusted National Financial Conditions Index","1971-01-08","2024-10-25","Index","NSA",2024-10-30,"Weekly"," points",0.15245,"ANFCI"
"1393",1997-09-12,"ANFCI",-0.45721,2024-10-31,2024-10-31,-0.45721,"Chicago Fed Adjusted National Financial Conditions Index","1971-01-08","2024-10-25","Index","NSA",2024-10-30,"Weekly"," points",0.15042,"ANFCI"
"1394",1997-09-19,"ANFCI",-0.44,2024-10-31,2024-10-31,-0.44,"Chicago Fed Adjusted National Financial Conditions Index","1971-01-08","2024-10-25","Index","NSA",2024-10-30,"Weekly"," points",0.15542,"ANFCI"
"1395",1997-09-26,"ANFCI",-0.42037,2024-10-31,2024-10-31,-0.42037,"Chicago Fed Adjusted National Financial Conditions Index","1971-01-08","2024-10-25","Index","NSA",2024-10-30,"Weekly"," points",0.17558,"ANFCI"
"1396",1997-10-03,"ANFCI",-0.39949,2024-10-31,2024-10-31,-0.39949,"Chicago Fed Adjusted National Financial Conditions Index","1971-01-08","2024-10-25","Index","NSA",2024-10-30,"Weekly"," points",0.21681,"ANFCI"
"1397",1997-10-10,"ANFCI",-0.37719,2024-10-31,2024-10-31,-0.37719,"Chicago Fed Adjusted National Financial Conditions Index","1971-01-08","2024-10-25","Index","NSA",2024-10-30,"Weekly"," points",0.28022,"ANFCI"
"1398",1997-10-17,"ANFCI",-0.35556,2024-10-31,2024-10-31,-0.35556,"Chicago Fed Adjusted National Financial Conditions Index","1971-01-08","2024-10-25","Index","NSA",2024-10-30,"Weekly"," points",0.3588,"ANFCI"
"1399",1997-10-24,"ANFCI",-0.33716,2024-10-31,2024-10-31,-0.33716,"Chicago Fed Adjusted National Financial Conditions Index","1971-01-08","2024-10-25","Index","NSA",2024-10-30,"Weekly"," points",0.44297,"ANFCI"
"1400",1997-10-31,"ANFCI",-0.32578,2024-10-31,2024-10-31,-0.32578,"Chicago Fed Adjusted National Financial Conditions Index","1971-01-08","2024-10-25","Index","NSA",2024-10-30,"Weekly"," points",0.51869,"ANFCI"
"1401",1997-11-07,"ANFCI",-0.32561,2024-10-31,2024-10-31,-0.32561,"Chicago Fed Adjusted National Financial Conditions Index","1971-01-08","2024-10-25","Index","NSA",2024-10-30,"Weekly"," points",0.57083,"ANFCI"
"1402",1997-11-14,"ANFCI",-0.33395,2024-10-31,2024-10-31,-0.33395,"Chicago Fed Adjusted National Financial Conditions Index","1971-01-08","2024-10-25","Index","NSA",2024-10-30,"Weekly"," points",0.5904,"ANFCI"
"1403",1997-11-21,"ANFCI",-0.35379,2024-10-31,2024-10-31,-0.35379,"Chicago Fed Adjusted National Financial Conditions Index","1971-01-08","2024-10-25","Index","NSA",2024-10-30,"Weekly"," points",0.57415,"ANFCI"
"1404",1997-11-28,"ANFCI",-0.38187,2024-10-31,2024-10-31,-0.38187,"Chicago Fed Adjusted National Financial Conditions Index","1971-01-08","2024-10-25","Index","NSA",2024-10-30,"Weekly"," points",0.52763,"ANFCI"
"1405",1997-12-05,"ANFCI",-0.41372,2024-10-31,2024-10-31,-0.41372,"Chicago Fed Adjusted National Financial Conditions Index","1971-01-08","2024-10-25","Index","NSA",2024-10-30,"Weekly"," points",0.46383,"ANFCI"
"1406",1997-12-12,"ANFCI",-0.44094,2024-10-31,2024-10-31,-0.44094,"Chicago Fed Adjusted National Financial Conditions Index","1971-01-08","2024-10-25","Index","NSA",2024-10-30,"Weekly"," points",0.40152,"ANFCI"
"1407",1997-12-19,"ANFCI",-0.46218,2024-10-31,2024-10-31,-0.46218,"Chicago Fed Adjusted National Financial Conditions Index","1971-01-08","2024-10-25","Index","NSA",2024-10-30,"Weekly"," points",0.35111,"ANFCI"
"1408",1997-12-26,"ANFCI",-0.47576,2024-10-31,2024-10-31,-0.47576,"Chicago Fed Adjusted National Financial Conditions Index","1971-01-08","2024-10-25","Index","NSA",2024-10-30,"Weekly"," points",0.31708,"ANFCI"
"1409",1998-01-02,"ANFCI",-0.4803,2024-10-31,2024-10-31,-0.4803,"Chicago Fed Adjusted National Financial Conditions Index","1971-01-08","2024-10-25","Index","NSA",2024-10-30,"Weekly"," points",0.30026,"ANFCI"
"1410",1998-01-09,"ANFCI",-0.48223,2024-10-31,2024-10-31,-0.48223,"Chicago Fed Adjusted National Financial Conditions Index","1971-01-08","2024-10-25","Index","NSA",2024-10-30,"Weekly"," points",0.29047,"ANFCI"
"1411",1998-01-16,"ANFCI",-0.49067,2024-10-31,2024-10-31,-0.49067,"Chicago Fed Adjusted National Financial Conditions Index","1971-01-08","2024-10-25","Index","NSA",2024-10-30,"Weekly"," points",0.28136,"ANFCI"
"1412",1998-01-23,"ANFCI",-0.50613,2024-10-31,2024-10-31,-0.50613,"Chicago Fed Adjusted National Financial Conditions Index","1971-01-08","2024-10-25","Index","NSA",2024-10-30,"Weekly"," points",0.27151,"ANFCI"
"1413",1998-01-30,"ANFCI",-0.52998,2024-10-31,2024-10-31,-0.52998,"Chicago Fed Adjusted National Financial Conditions Index","1971-01-08","2024-10-25","Index","NSA",2024-10-30,"Weekly"," points",0.25888,"ANFCI"
"1414",1998-02-06,"ANFCI",-0.55531,2024-10-31,2024-10-31,-0.55531,"Chicago Fed Adjusted National Financial Conditions Index","1971-01-08","2024-10-25","Index","NSA",2024-10-30,"Weekly"," points",0.24815,"ANFCI"
"1415",1998-02-13,"ANFCI",-0.57237,2024-10-31,2024-10-31,-0.57237,"Chicago Fed Adjusted National Financial Conditions Index","1971-01-08","2024-10-25","Index","NSA",2024-10-30,"Weekly"," points",0.24628,"ANFCI"
"1416",1998-02-20,"ANFCI",-0.5752,2024-10-31,2024-10-31,-0.5752,"Chicago Fed Adjusted National Financial Conditions Index","1971-01-08","2024-10-25","Index","NSA",2024-10-30,"Weekly"," points",0.25045,"ANFCI"
"1417",1998-02-27,"ANFCI",-0.56213,2024-10-31,2024-10-31,-0.56213,"Chicago Fed Adjusted National Financial Conditions Index","1971-01-08","2024-10-25","Index","NSA",2024-10-30,"Weekly"," points",0.25879,"ANFCI"
"1418",1998-03-06,"ANFCI",-0.53461,2024-10-31,2024-10-31,-0.53461,"Chicago Fed Adjusted National Financial Conditions Index","1971-01-08","2024-10-25","Index","NSA",2024-10-30,"Weekly"," points",0.26684,"ANFCI"
"1419",1998-03-13,"ANFCI",-0.50544,2024-10-31,2024-10-31,-0.50544,"Chicago Fed Adjusted National Financial Conditions Index","1971-01-08","2024-10-25","Index","NSA",2024-10-30,"Weekly"," points",0.26408,"ANFCI"
"1420",1998-03-20,"ANFCI",-0.48312,2024-10-31,2024-10-31,-0.48312,"Chicago Fed Adjusted National Financial Conditions Index","1971-01-08","2024-10-25","Index","NSA",2024-10-30,"Weekly"," points",0.24691,"ANFCI"
"1421",1998-03-27,"ANFCI",-0.46849,2024-10-31,2024-10-31,-0.46849,"Chicago Fed Adjusted National Financial Conditions Index","1971-01-08","2024-10-25","Index","NSA",2024-10-30,"Weekly"," points",0.21929,"ANFCI"
"1422",1998-04-03,"ANFCI",-0.4607,2024-10-31,2024-10-31,-0.4607,"Chicago Fed Adjusted National Financial Conditions Index","1971-01-08","2024-10-25","Index","NSA",2024-10-30,"Weekly"," points",0.18539,"ANFCI"
"1423",1998-04-10,"ANFCI",-0.4555,2024-10-31,2024-10-31,-0.4555,"Chicago Fed Adjusted National Financial Conditions Index","1971-01-08","2024-10-25","Index","NSA",2024-10-30,"Weekly"," points",0.15382,"ANFCI"
"1424",1998-04-17,"ANFCI",-0.44709,2024-10-31,2024-10-31,-0.44709,"Chicago Fed Adjusted National Financial Conditions Index","1971-01-08","2024-10-25","Index","NSA",2024-10-30,"Weekly"," points",0.13116,"ANFCI"
"1425",1998-04-24,"ANFCI",-0.43389,2024-10-31,2024-10-31,-0.43389,"Chicago Fed Adjusted National Financial Conditions Index","1971-01-08","2024-10-25","Index","NSA",2024-10-30,"Weekly"," points",0.11822,"ANFCI"
"1426",1998-05-01,"ANFCI",-0.41895,2024-10-31,2024-10-31,-0.41895,"Chicago Fed Adjusted National Financial Conditions Index","1971-01-08","2024-10-25","Index","NSA",2024-10-30,"Weekly"," points",0.11208,"ANFCI"
"1427",1998-05-08,"ANFCI",-0.40655,2024-10-31,2024-10-31,-0.40655,"Chicago Fed Adjusted National Financial Conditions Index","1971-01-08","2024-10-25","Index","NSA",2024-10-30,"Weekly"," points",0.10493,"ANFCI"
"1428",1998-05-15,"ANFCI",-0.39847,2024-10-31,2024-10-31,-0.39847,"Chicago Fed Adjusted National Financial Conditions Index","1971-01-08","2024-10-25","Index","NSA",2024-10-30,"Weekly"," points",0.09452,"ANFCI"
"1429",1998-05-22,"ANFCI",-0.39277,2024-10-31,2024-10-31,-0.39277,"Chicago Fed Adjusted National Financial Conditions Index","1971-01-08","2024-10-25","Index","NSA",2024-10-30,"Weekly"," points",0.08133,"ANFCI"
"1430",1998-05-29,"ANFCI",-0.38274,2024-10-31,2024-10-31,-0.38274,"Chicago Fed Adjusted National Financial Conditions Index","1971-01-08","2024-10-25","Index","NSA",2024-10-30,"Weekly"," points",0.07196,"ANFCI"
"1431",1998-06-05,"ANFCI",-0.36814,2024-10-31,2024-10-31,-0.36814,"Chicago Fed Adjusted National Financial Conditions Index","1971-01-08","2024-10-25","Index","NSA",2024-10-30,"Weekly"," points",0.07068,"ANFCI"
"1432",1998-06-12,"ANFCI",-0.34715,2024-10-31,2024-10-31,-0.34715,"Chicago Fed Adjusted National Financial Conditions Index","1971-01-08","2024-10-25","Index","NSA",2024-10-30,"Weekly"," points",0.08305,"ANFCI"
"1433",1998-06-19,"ANFCI",-0.32627,2024-10-31,2024-10-31,-0.32627,"Chicago Fed Adjusted National Financial Conditions Index","1971-01-08","2024-10-25","Index","NSA",2024-10-30,"Weekly"," points",0.10483,"ANFCI"
"1434",1998-06-26,"ANFCI",-0.31089,2024-10-31,2024-10-31,-0.31089,"Chicago Fed Adjusted National Financial Conditions Index","1971-01-08","2024-10-25","Index","NSA",2024-10-30,"Weekly"," points",0.1312,"ANFCI"
"1435",1998-07-03,"ANFCI",-0.30772,2024-10-31,2024-10-31,-0.30772,"Chicago Fed Adjusted National Financial Conditions Index","1971-01-08","2024-10-25","Index","NSA",2024-10-30,"Weekly"," points",0.15396,"ANFCI"
"1436",1998-07-10,"ANFCI",-0.31594,2024-10-31,2024-10-31,-0.31594,"Chicago Fed Adjusted National Financial Conditions Index","1971-01-08","2024-10-25","Index","NSA",2024-10-30,"Weekly"," points",0.16816,"ANFCI"
"1437",1998-07-17,"ANFCI",-0.32704,2024-10-31,2024-10-31,-0.32704,"Chicago Fed Adjusted National Financial Conditions Index","1971-01-08","2024-10-25","Index","NSA",2024-10-30,"Weekly"," points",0.1783,"ANFCI"
"1438",1998-07-24,"ANFCI",-0.32833,2024-10-31,2024-10-31,-0.32833,"Chicago Fed Adjusted National Financial Conditions Index","1971-01-08","2024-10-25","Index","NSA",2024-10-30,"Weekly"," points",0.19248,"ANFCI"
"1439",1998-07-31,"ANFCI",-0.31071,2024-10-31,2024-10-31,-0.31071,"Chicago Fed Adjusted National Financial Conditions Index","1971-01-08","2024-10-25","Index","NSA",2024-10-30,"Weekly"," points",0.21701,"ANFCI"
"1440",1998-08-07,"ANFCI",-0.26998,2024-10-31,2024-10-31,-0.26998,"Chicago Fed Adjusted National Financial Conditions Index","1971-01-08","2024-10-25","Index","NSA",2024-10-30,"Weekly"," points",0.25588,"ANFCI"
"1441",1998-08-14,"ANFCI",-0.21124,2024-10-31,2024-10-31,-0.21124,"Chicago Fed Adjusted National Financial Conditions Index","1971-01-08","2024-10-25","Index","NSA",2024-10-30,"Weekly"," points",0.30566,"ANFCI"
"1442",1998-08-21,"ANFCI",-0.14515,2024-10-31,2024-10-31,-0.14515,"Chicago Fed Adjusted National Financial Conditions Index","1971-01-08","2024-10-25","Index","NSA",2024-10-30,"Weekly"," points",0.35848,"ANFCI"
"1443",1998-08-28,"ANFCI",-0.07801,2024-10-31,2024-10-31,-0.07801,"Chicago Fed Adjusted National Financial Conditions Index","1971-01-08","2024-10-25","Index","NSA",2024-10-30,"Weekly"," points",0.41058,"ANFCI"
"1444",1998-09-04,"ANFCI",-0.01357,2024-10-31,2024-10-31,-0.01357,"Chicago Fed Adjusted National Financial Conditions Index","1971-01-08","2024-10-25","Index","NSA",2024-10-30,"Weekly"," points",0.45975,"ANFCI"
"1445",1998-09-11,"ANFCI",0.05528,2024-10-31,2024-10-31,0.05528,"Chicago Fed Adjusted National Financial Conditions Index","1971-01-08","2024-10-25","Index","NSA",2024-10-30,"Weekly"," points",0.51249,"ANFCI"
"1446",1998-09-18,"ANFCI",0.13717,2024-10-31,2024-10-31,0.13717,"Chicago Fed Adjusted National Financial Conditions Index","1971-01-08","2024-10-25","Index","NSA",2024-10-30,"Weekly"," points",0.57717,"ANFCI"
"1447",1998-09-25,"ANFCI",0.23186,2024-10-31,2024-10-31,0.23186,"Chicago Fed Adjusted National Financial Conditions Index","1971-01-08","2024-10-25","Index","NSA",2024-10-30,"Weekly"," points",0.65223,"ANFCI"
"1448",1998-10-02,"ANFCI",0.32625,2024-10-31,2024-10-31,0.32625,"Chicago Fed Adjusted National Financial Conditions Index","1971-01-08","2024-10-25","Index","NSA",2024-10-30,"Weekly"," points",0.72574,"ANFCI"
"1449",1998-10-09,"ANFCI",0.39752,2024-10-31,2024-10-31,0.39752,"Chicago Fed Adjusted National Financial Conditions Index","1971-01-08","2024-10-25","Index","NSA",2024-10-30,"Weekly"," points",0.77471,"ANFCI"
"1450",1998-10-16,"ANFCI",0.42258,2024-10-31,2024-10-31,0.42258,"Chicago Fed Adjusted National Financial Conditions Index","1971-01-08","2024-10-25","Index","NSA",2024-10-30,"Weekly"," points",0.77814,"ANFCI"
"1451",1998-10-23,"ANFCI",0.38994,2024-10-31,2024-10-31,0.38994,"Chicago Fed Adjusted National Financial Conditions Index","1971-01-08","2024-10-25","Index","NSA",2024-10-30,"Weekly"," points",0.7271,"ANFCI"
"1452",1998-10-30,"ANFCI",0.31444,2024-10-31,2024-10-31,0.31444,"Chicago Fed Adjusted National Financial Conditions Index","1971-01-08","2024-10-25","Index","NSA",2024-10-30,"Weekly"," points",0.64022,"ANFCI"
"1453",1998-11-06,"ANFCI",0.22032,2024-10-31,2024-10-31,0.22032,"Chicago Fed Adjusted National Financial Conditions Index","1971-01-08","2024-10-25","Index","NSA",2024-10-30,"Weekly"," points",0.54593,"ANFCI"
"1454",1998-11-13,"ANFCI",0.14377,2024-10-31,2024-10-31,0.14377,"Chicago Fed Adjusted National Financial Conditions Index","1971-01-08","2024-10-25","Index","NSA",2024-10-30,"Weekly"," points",0.47772,"ANFCI"
"1455",1998-11-20,"ANFCI",0.09261,2024-10-31,2024-10-31,0.09261,"Chicago Fed Adjusted National Financial Conditions Index","1971-01-08","2024-10-25","Index","NSA",2024-10-30,"Weekly"," points",0.4464,"ANFCI"
"1456",1998-11-27,"ANFCI",0.07106,2024-10-31,2024-10-31,0.07106,"Chicago Fed Adjusted National Financial Conditions Index","1971-01-08","2024-10-25","Index","NSA",2024-10-30,"Weekly"," points",0.45293,"ANFCI"
"1457",1998-12-04,"ANFCI",0.06501,2024-10-31,2024-10-31,0.06501,"Chicago Fed Adjusted National Financial Conditions Index","1971-01-08","2024-10-25","Index","NSA",2024-10-30,"Weekly"," points",0.47873,"ANFCI"
"1458",1998-12-11,"ANFCI",0.05558,2024-10-31,2024-10-31,0.05558,"Chicago Fed Adjusted National Financial Conditions Index","1971-01-08","2024-10-25","Index","NSA",2024-10-30,"Weekly"," points",0.49652,"ANFCI"
"1459",1998-12-18,"ANFCI",0.03171,2024-10-31,2024-10-31,0.03171,"Chicago Fed Adjusted National Financial Conditions Index","1971-01-08","2024-10-25","Index","NSA",2024-10-30,"Weekly"," points",0.49389,"ANFCI"
"1460",1998-12-25,"ANFCI",-0.00399,2024-10-31,2024-10-31,-0.00399,"Chicago Fed Adjusted National Financial Conditions Index","1971-01-08","2024-10-25","Index","NSA",2024-10-30,"Weekly"," points",0.47177,"ANFCI"
"1461",1999-01-01,"ANFCI",-0.03969,2024-10-31,2024-10-31,-0.03969,"Chicago Fed Adjusted National Financial Conditions Index","1971-01-08","2024-10-25","Index","NSA",2024-10-30,"Weekly"," points",0.44061,"ANFCI"
"1462",1999-01-08,"ANFCI",-0.06496,2024-10-31,2024-10-31,-0.06496,"Chicago Fed Adjusted National Financial Conditions Index","1971-01-08","2024-10-25","Index","NSA",2024-10-30,"Weekly"," points",0.41727,"ANFCI"
"1463",1999-01-15,"ANFCI",-0.07808,2024-10-31,2024-10-31,-0.07808,"Chicago Fed Adjusted National Financial Conditions Index","1971-01-08","2024-10-25","Index","NSA",2024-10-30,"Weekly"," points",0.41259,"ANFCI"
"1464",1999-01-22,"ANFCI",-0.08376,2024-10-31,2024-10-31,-0.08376,"Chicago Fed Adjusted National Financial Conditions Index","1971-01-08","2024-10-25","Index","NSA",2024-10-30,"Weekly"," points",0.42237,"ANFCI"
"1465",1999-01-29,"ANFCI",-0.09222,2024-10-31,2024-10-31,-0.09222,"Chicago Fed Adjusted National Financial Conditions Index","1971-01-08","2024-10-25","Index","NSA",2024-10-30,"Weekly"," points",0.43776,"ANFCI"
"1466",1999-02-05,"ANFCI",-0.1096,2024-10-31,2024-10-31,-0.1096,"Chicago Fed Adjusted National Financial Conditions Index","1971-01-08","2024-10-25","Index","NSA",2024-10-30,"Weekly"," points",0.44571,"ANFCI"
"1467",1999-02-12,"ANFCI",-0.13872,2024-10-31,2024-10-31,-0.13872,"Chicago Fed Adjusted National Financial Conditions Index","1971-01-08","2024-10-25","Index","NSA",2024-10-30,"Weekly"," points",0.43365,"ANFCI"
"1468",1999-02-19,"ANFCI",-0.17563,2024-10-31,2024-10-31,-0.17563,"Chicago Fed Adjusted National Financial Conditions Index","1971-01-08","2024-10-25","Index","NSA",2024-10-30,"Weekly"," points",0.39957,"ANFCI"
"1469",1999-02-26,"ANFCI",-0.21092,2024-10-31,2024-10-31,-0.21092,"Chicago Fed Adjusted National Financial Conditions Index","1971-01-08","2024-10-25","Index","NSA",2024-10-30,"Weekly"," points",0.35121,"ANFCI"
"1470",1999-03-05,"ANFCI",-0.23604,2024-10-31,2024-10-31,-0.23604,"Chicago Fed Adjusted National Financial Conditions Index","1971-01-08","2024-10-25","Index","NSA",2024-10-30,"Weekly"," points",0.29857,"ANFCI"
"1471",1999-03-12,"ANFCI",-0.24761,2024-10-31,2024-10-31,-0.24761,"Chicago Fed Adjusted National Financial Conditions Index","1971-01-08","2024-10-25","Index","NSA",2024-10-30,"Weekly"," points",0.25783,"ANFCI"
"1472",1999-03-19,"ANFCI",-0.24581,2024-10-31,2024-10-31,-0.24581,"Chicago Fed Adjusted National Financial Conditions Index","1971-01-08","2024-10-25","Index","NSA",2024-10-30,"Weekly"," points",0.23731,"ANFCI"
"1473",1999-03-26,"ANFCI",-0.23526,2024-10-31,2024-10-31,-0.23526,"Chicago Fed Adjusted National Financial Conditions Index","1971-01-08","2024-10-25","Index","NSA",2024-10-30,"Weekly"," points",0.23323,"ANFCI"
"1474",1999-04-02,"ANFCI",-0.22345,2024-10-31,2024-10-31,-0.22345,"Chicago Fed Adjusted National Financial Conditions Index","1971-01-08","2024-10-25","Index","NSA",2024-10-30,"Weekly"," points",0.23725,"ANFCI"
"1475",1999-04-09,"ANFCI",-0.21707,2024-10-31,2024-10-31,-0.21707,"Chicago Fed Adjusted National Financial Conditions Index","1971-01-08","2024-10-25","Index","NSA",2024-10-30,"Weekly"," points",0.23843,"ANFCI"
"1476",1999-04-16,"ANFCI",-0.22062,2024-10-31,2024-10-31,-0.22062,"Chicago Fed Adjusted National Financial Conditions Index","1971-01-08","2024-10-25","Index","NSA",2024-10-30,"Weekly"," points",0.22647,"ANFCI"
"1477",1999-04-23,"ANFCI",-0.2336,2024-10-31,2024-10-31,-0.2336,"Chicago Fed Adjusted National Financial Conditions Index","1971-01-08","2024-10-25","Index","NSA",2024-10-30,"Weekly"," points",0.20029,"ANFCI"
"1478",1999-04-30,"ANFCI",-0.25116,2024-10-31,2024-10-31,-0.25116,"Chicago Fed Adjusted National Financial Conditions Index","1971-01-08","2024-10-25","Index","NSA",2024-10-30,"Weekly"," points",0.16779,"ANFCI"
"1479",1999-05-07,"ANFCI",-0.2638,2024-10-31,2024-10-31,-0.2638,"Chicago Fed Adjusted National Financial Conditions Index","1971-01-08","2024-10-25","Index","NSA",2024-10-30,"Weekly"," points",0.14275,"ANFCI"
"1480",1999-05-14,"ANFCI",-0.26154,2024-10-31,2024-10-31,-0.26154,"Chicago Fed Adjusted National Financial Conditions Index","1971-01-08","2024-10-25","Index","NSA",2024-10-30,"Weekly"," points",0.13693,"ANFCI"
"1481",1999-05-21,"ANFCI",-0.24087,2024-10-31,2024-10-31,-0.24087,"Chicago Fed Adjusted National Financial Conditions Index","1971-01-08","2024-10-25","Index","NSA",2024-10-30,"Weekly"," points",0.1519,"ANFCI"
"1482",1999-05-28,"ANFCI",-0.2047,2024-10-31,2024-10-31,-0.2047,"Chicago Fed Adjusted National Financial Conditions Index","1971-01-08","2024-10-25","Index","NSA",2024-10-30,"Weekly"," points",0.17804,"ANFCI"
"1483",1999-06-04,"ANFCI",-0.16121,2024-10-31,2024-10-31,-0.16121,"Chicago Fed Adjusted National Financial Conditions Index","1971-01-08","2024-10-25","Index","NSA",2024-10-30,"Weekly"," points",0.20693,"ANFCI"
"1484",1999-06-11,"ANFCI",-0.12209,2024-10-31,2024-10-31,-0.12209,"Chicago Fed Adjusted National Financial Conditions Index","1971-01-08","2024-10-25","Index","NSA",2024-10-30,"Weekly"," points",0.22506,"ANFCI"
"1485",1999-06-18,"ANFCI",-0.09533,2024-10-31,2024-10-31,-0.09533,"Chicago Fed Adjusted National Financial Conditions Index","1971-01-08","2024-10-25","Index","NSA",2024-10-30,"Weekly"," points",0.23094,"ANFCI"
"1486",1999-06-25,"ANFCI",-0.07996,2024-10-31,2024-10-31,-0.07996,"Chicago Fed Adjusted National Financial Conditions Index","1971-01-08","2024-10-25","Index","NSA",2024-10-30,"Weekly"," points",0.23093,"ANFCI"
"1487",1999-07-02,"ANFCI",-0.06988,2024-10-31,2024-10-31,-0.06988,"Chicago Fed Adjusted National Financial Conditions Index","1971-01-08","2024-10-25","Index","NSA",2024-10-30,"Weekly"," points",0.23784,"ANFCI"
"1488",1999-07-09,"ANFCI",-0.05437,2024-10-31,2024-10-31,-0.05437,"Chicago Fed Adjusted National Financial Conditions Index","1971-01-08","2024-10-25","Index","NSA",2024-10-30,"Weekly"," points",0.26157,"ANFCI"
"1489",1999-07-16,"ANFCI",-0.02315,2024-10-31,2024-10-31,-0.02315,"Chicago Fed Adjusted National Financial Conditions Index","1971-01-08","2024-10-25","Index","NSA",2024-10-30,"Weekly"," points",0.30389,"ANFCI"
"1490",1999-07-23,"ANFCI",0.02255,2024-10-31,2024-10-31,0.02255,"Chicago Fed Adjusted National Financial Conditions Index","1971-01-08","2024-10-25","Index","NSA",2024-10-30,"Weekly"," points",0.35088,"ANFCI"
"1491",1999-07-30,"ANFCI",0.07492,2024-10-31,2024-10-31,0.07492,"Chicago Fed Adjusted National Financial Conditions Index","1971-01-08","2024-10-25","Index","NSA",2024-10-30,"Weekly"," points",0.38563,"ANFCI"
"1492",1999-08-06,"ANFCI",0.12582,2024-10-31,2024-10-31,0.12582,"Chicago Fed Adjusted National Financial Conditions Index","1971-01-08","2024-10-25","Index","NSA",2024-10-30,"Weekly"," points",0.3958,"ANFCI"
"1493",1999-08-13,"ANFCI",0.16193,2024-10-31,2024-10-31,0.16193,"Chicago Fed Adjusted National Financial Conditions Index","1971-01-08","2024-10-25","Index","NSA",2024-10-30,"Weekly"," points",0.37317,"ANFCI"
"1494",1999-08-20,"ANFCI",0.18044,2024-10-31,2024-10-31,0.18044,"Chicago Fed Adjusted National Financial Conditions Index","1971-01-08","2024-10-25","Index","NSA",2024-10-30,"Weekly"," points",0.32559,"ANFCI"
"1495",1999-08-27,"ANFCI",0.18768,2024-10-31,2024-10-31,0.18768,"Chicago Fed Adjusted National Financial Conditions Index","1971-01-08","2024-10-25","Index","NSA",2024-10-30,"Weekly"," points",0.26569,"ANFCI"
"1496",1999-09-03,"ANFCI",0.19601,2024-10-31,2024-10-31,0.19601,"Chicago Fed Adjusted National Financial Conditions Index","1971-01-08","2024-10-25","Index","NSA",2024-10-30,"Weekly"," points",0.20958,"ANFCI"
"1497",1999-09-10,"ANFCI",0.2157,2024-10-31,2024-10-31,0.2157,"Chicago Fed Adjusted National Financial Conditions Index","1971-01-08","2024-10-25","Index","NSA",2024-10-30,"Weekly"," points",0.16042,"ANFCI"
"1498",1999-09-17,"ANFCI",0.24998,2024-10-31,2024-10-31,0.24998,"Chicago Fed Adjusted National Financial Conditions Index","1971-01-08","2024-10-25","Index","NSA",2024-10-30,"Weekly"," points",0.11281,"ANFCI"
"1499",1999-09-24,"ANFCI",0.296,2024-10-31,2024-10-31,0.296,"Chicago Fed Adjusted National Financial Conditions Index","1971-01-08","2024-10-25","Index","NSA",2024-10-30,"Weekly"," points",0.06414,"ANFCI"
"1500",1999-10-01,"ANFCI",0.34534,2024-10-31,2024-10-31,0.34534,"Chicago Fed Adjusted National Financial Conditions Index","1971-01-08","2024-10-25","Index","NSA",2024-10-30,"Weekly"," points",0.01909,"ANFCI"
"1501",1999-10-08,"ANFCI",0.38357,2024-10-31,2024-10-31,0.38357,"Chicago Fed Adjusted National Financial Conditions Index","1971-01-08","2024-10-25","Index","NSA",2024-10-30,"Weekly"," points",-0.01395,"ANFCI"
"1502",1999-10-15,"ANFCI",0.39421,2024-10-31,2024-10-31,0.39421,"Chicago Fed Adjusted National Financial Conditions Index","1971-01-08","2024-10-25","Index","NSA",2024-10-30,"Weekly"," points",-0.02837,"ANFCI"
"1503",1999-10-22,"ANFCI",0.37404,2024-10-31,2024-10-31,0.37404,"Chicago Fed Adjusted National Financial Conditions Index","1971-01-08","2024-10-25","Index","NSA",2024-10-30,"Weekly"," points",-0.0159,"ANFCI"
"1504",1999-10-29,"ANFCI",0.32913,2024-10-31,2024-10-31,0.32913,"Chicago Fed Adjusted National Financial Conditions Index","1971-01-08","2024-10-25","Index","NSA",2024-10-30,"Weekly"," points",0.01469,"ANFCI"
"1505",1999-11-05,"ANFCI",0.27053,2024-10-31,2024-10-31,0.27053,"Chicago Fed Adjusted National Financial Conditions Index","1971-01-08","2024-10-25","Index","NSA",2024-10-30,"Weekly"," points",0.05021,"ANFCI"
"1506",1999-11-12,"ANFCI",0.21416,2024-10-31,2024-10-31,0.21416,"Chicago Fed Adjusted National Financial Conditions Index","1971-01-08","2024-10-25","Index","NSA",2024-10-30,"Weekly"," points",0.07039,"ANFCI"
"1507",1999-11-19,"ANFCI",0.17206,2024-10-31,2024-10-31,0.17206,"Chicago Fed Adjusted National Financial Conditions Index","1971-01-08","2024-10-25","Index","NSA",2024-10-30,"Weekly"," points",0.07945,"ANFCI"
"1508",1999-11-26,"ANFCI",0.15569,2024-10-31,2024-10-31,0.15569,"Chicago Fed Adjusted National Financial Conditions Index","1971-01-08","2024-10-25","Index","NSA",2024-10-30,"Weekly"," points",0.08463,"ANFCI"
"1509",1999-12-03,"ANFCI",0.15957,2024-10-31,2024-10-31,0.15957,"Chicago Fed Adjusted National Financial Conditions Index","1971-01-08","2024-10-25","Index","NSA",2024-10-30,"Weekly"," points",0.09456,"ANFCI"
"1510",1999-12-10,"ANFCI",0.17407,2024-10-31,2024-10-31,0.17407,"Chicago Fed Adjusted National Financial Conditions Index","1971-01-08","2024-10-25","Index","NSA",2024-10-30,"Weekly"," points",0.11849,"ANFCI"
"1511",1999-12-17,"ANFCI",0.18446,2024-10-31,2024-10-31,0.18446,"Chicago Fed Adjusted National Financial Conditions Index","1971-01-08","2024-10-25","Index","NSA",2024-10-30,"Weekly"," points",0.15275,"ANFCI"
"1512",1999-12-24,"ANFCI",0.18322,2024-10-31,2024-10-31,0.18322,"Chicago Fed Adjusted National Financial Conditions Index","1971-01-08","2024-10-25","Index","NSA",2024-10-30,"Weekly"," points",0.18721,"ANFCI"
"1513",1999-12-31,"ANFCI",0.16716,2024-10-31,2024-10-31,0.16716,"Chicago Fed Adjusted National Financial Conditions Index","1971-01-08","2024-10-25","Index","NSA",2024-10-30,"Weekly"," points",0.20685,"ANFCI"
"1514",2000-01-07,"ANFCI",0.13647,2024-10-31,2024-10-31,0.13647,"Chicago Fed Adjusted National Financial Conditions Index","1971-01-08","2024-10-25","Index","NSA",2024-10-30,"Weekly"," points",0.20143,"ANFCI"
"1515",2000-01-14,"ANFCI",0.1022,2024-10-31,2024-10-31,0.1022,"Chicago Fed Adjusted National Financial Conditions Index","1971-01-08","2024-10-25","Index","NSA",2024-10-30,"Weekly"," points",0.18028,"ANFCI"
"1516",2000-01-21,"ANFCI",0.07334,2024-10-31,2024-10-31,0.07334,"Chicago Fed Adjusted National Financial Conditions Index","1971-01-08","2024-10-25","Index","NSA",2024-10-30,"Weekly"," points",0.1571,"ANFCI"
"1517",2000-01-28,"ANFCI",0.05292,2024-10-31,2024-10-31,0.05292,"Chicago Fed Adjusted National Financial Conditions Index","1971-01-08","2024-10-25","Index","NSA",2024-10-30,"Weekly"," points",0.14514,"ANFCI"
"1518",2000-02-04,"ANFCI",0.04159,2024-10-31,2024-10-31,0.04159,"Chicago Fed Adjusted National Financial Conditions Index","1971-01-08","2024-10-25","Index","NSA",2024-10-30,"Weekly"," points",0.15119,"ANFCI"
"1519",2000-02-11,"ANFCI",0.03529,2024-10-31,2024-10-31,0.03529,"Chicago Fed Adjusted National Financial Conditions Index","1971-01-08","2024-10-25","Index","NSA",2024-10-30,"Weekly"," points",0.17401,"ANFCI"
"1520",2000-02-18,"ANFCI",0.03437,2024-10-31,2024-10-31,0.03437,"Chicago Fed Adjusted National Financial Conditions Index","1971-01-08","2024-10-25","Index","NSA",2024-10-30,"Weekly"," points",0.21,"ANFCI"
"1521",2000-02-25,"ANFCI",0.041,2024-10-31,2024-10-31,0.041,"Chicago Fed Adjusted National Financial Conditions Index","1971-01-08","2024-10-25","Index","NSA",2024-10-30,"Weekly"," points",0.25192,"ANFCI"
"1522",2000-03-03,"ANFCI",0.05667,2024-10-31,2024-10-31,0.05667,"Chicago Fed Adjusted National Financial Conditions Index","1971-01-08","2024-10-25","Index","NSA",2024-10-30,"Weekly"," points",0.29271,"ANFCI"
"1523",2000-03-10,"ANFCI",0.08462,2024-10-31,2024-10-31,0.08462,"Chicago Fed Adjusted National Financial Conditions Index","1971-01-08","2024-10-25","Index","NSA",2024-10-30,"Weekly"," points",0.33223,"ANFCI"
"1524",2000-03-17,"ANFCI",0.12074,2024-10-31,2024-10-31,0.12074,"Chicago Fed Adjusted National Financial Conditions Index","1971-01-08","2024-10-25","Index","NSA",2024-10-30,"Weekly"," points",0.36655,"ANFCI"
"1525",2000-03-24,"ANFCI",0.15698,2024-10-31,2024-10-31,0.15698,"Chicago Fed Adjusted National Financial Conditions Index","1971-01-08","2024-10-25","Index","NSA",2024-10-30,"Weekly"," points",0.39224,"ANFCI"
"1526",2000-03-31,"ANFCI",0.18608,2024-10-31,2024-10-31,0.18608,"Chicago Fed Adjusted National Financial Conditions Index","1971-01-08","2024-10-25","Index","NSA",2024-10-30,"Weekly"," points",0.40953,"ANFCI"
"1527",2000-04-07,"ANFCI",0.20087,2024-10-31,2024-10-31,0.20087,"Chicago Fed Adjusted National Financial Conditions Index","1971-01-08","2024-10-25","Index","NSA",2024-10-30,"Weekly"," points",0.41794,"ANFCI"
"1528",2000-04-14,"ANFCI",0.21161,2024-10-31,2024-10-31,0.21161,"Chicago Fed Adjusted National Financial Conditions Index","1971-01-08","2024-10-25","Index","NSA",2024-10-30,"Weekly"," points",0.43223,"ANFCI"
"1529",2000-04-21,"ANFCI",0.22638,2024-10-31,2024-10-31,0.22638,"Chicago Fed Adjusted National Financial Conditions Index","1971-01-08","2024-10-25","Index","NSA",2024-10-30,"Weekly"," points",0.45998,"ANFCI"
"1530",2000-04-28,"ANFCI",0.25474,2024-10-31,2024-10-31,0.25474,"Chicago Fed Adjusted National Financial Conditions Index","1971-01-08","2024-10-25","Index","NSA",2024-10-30,"Weekly"," points",0.5059,"ANFCI"
"1531",2000-05-05,"ANFCI",0.29924,2024-10-31,2024-10-31,0.29924,"Chicago Fed Adjusted National Financial Conditions Index","1971-01-08","2024-10-25","Index","NSA",2024-10-30,"Weekly"," points",0.56304,"ANFCI"
"1532",2000-05-12,"ANFCI",0.35081,2024-10-31,2024-10-31,0.35081,"Chicago Fed Adjusted National Financial Conditions Index","1971-01-08","2024-10-25","Index","NSA",2024-10-30,"Weekly"," points",0.61235,"ANFCI"
"1533",2000-05-19,"ANFCI",0.40178,2024-10-31,2024-10-31,0.40178,"Chicago Fed Adjusted National Financial Conditions Index","1971-01-08","2024-10-25","Index","NSA",2024-10-30,"Weekly"," points",0.64265,"ANFCI"
"1534",2000-05-26,"ANFCI",0.44234,2024-10-31,2024-10-31,0.44234,"Chicago Fed Adjusted National Financial Conditions Index","1971-01-08","2024-10-25","Index","NSA",2024-10-30,"Weekly"," points",0.64704,"ANFCI"
"1535",2000-06-02,"ANFCI",0.46568,2024-10-31,2024-10-31,0.46568,"Chicago Fed Adjusted National Financial Conditions Index","1971-01-08","2024-10-25","Index","NSA",2024-10-30,"Weekly"," points",0.62689,"ANFCI"
"1536",2000-06-09,"ANFCI",0.46967,2024-10-31,2024-10-31,0.46967,"Chicago Fed Adjusted National Financial Conditions Index","1971-01-08","2024-10-25","Index","NSA",2024-10-30,"Weekly"," points",0.59176,"ANFCI"
"1537",2000-06-16,"ANFCI",0.45956,2024-10-31,2024-10-31,0.45956,"Chicago Fed Adjusted National Financial Conditions Index","1971-01-08","2024-10-25","Index","NSA",2024-10-30,"Weekly"," points",0.55489,"ANFCI"
"1538",2000-06-23,"ANFCI",0.43462,2024-10-31,2024-10-31,0.43462,"Chicago Fed Adjusted National Financial Conditions Index","1971-01-08","2024-10-25","Index","NSA",2024-10-30,"Weekly"," points",0.51458,"ANFCI"
"1539",2000-06-30,"ANFCI",0.39661,2024-10-31,2024-10-31,0.39661,"Chicago Fed Adjusted National Financial Conditions Index","1971-01-08","2024-10-25","Index","NSA",2024-10-30,"Weekly"," points",0.46649,"ANFCI"
"1540",2000-07-07,"ANFCI",0.34363,2024-10-31,2024-10-31,0.34363,"Chicago Fed Adjusted National Financial Conditions Index","1971-01-08","2024-10-25","Index","NSA",2024-10-30,"Weekly"," points",0.398,"ANFCI"
"1541",2000-07-14,"ANFCI",0.28225,2024-10-31,2024-10-31,0.28225,"Chicago Fed Adjusted National Financial Conditions Index","1971-01-08","2024-10-25","Index","NSA",2024-10-30,"Weekly"," points",0.3054,"ANFCI"
"1542",2000-07-21,"ANFCI",0.21988,2024-10-31,2024-10-31,0.21988,"Chicago Fed Adjusted National Financial Conditions Index","1971-01-08","2024-10-25","Index","NSA",2024-10-30,"Weekly"," points",0.19733,"ANFCI"
"1543",2000-07-28,"ANFCI",0.1627,2024-10-31,2024-10-31,0.1627,"Chicago Fed Adjusted National Financial Conditions Index","1971-01-08","2024-10-25","Index","NSA",2024-10-30,"Weekly"," points",0.08778,"ANFCI"
"1544",2000-08-04,"ANFCI",0.11784,2024-10-31,2024-10-31,0.11784,"Chicago Fed Adjusted National Financial Conditions Index","1971-01-08","2024-10-25","Index","NSA",2024-10-30,"Weekly"," points",-0.00797999999999999,"ANFCI"
"1545",2000-08-11,"ANFCI",0.08763,2024-10-31,2024-10-31,0.08763,"Chicago Fed Adjusted National Financial Conditions Index","1971-01-08","2024-10-25","Index","NSA",2024-10-30,"Weekly"," points",-0.0743,"ANFCI"
"1546",2000-08-18,"ANFCI",0.07052,2024-10-31,2024-10-31,0.07052,"Chicago Fed Adjusted National Financial Conditions Index","1971-01-08","2024-10-25","Index","NSA",2024-10-30,"Weekly"," points",-0.10992,"ANFCI"
"1547",2000-08-25,"ANFCI",0.06043,2024-10-31,2024-10-31,0.06043,"Chicago Fed Adjusted National Financial Conditions Index","1971-01-08","2024-10-25","Index","NSA",2024-10-30,"Weekly"," points",-0.12725,"ANFCI"
"1548",2000-09-01,"ANFCI",0.05197,2024-10-31,2024-10-31,0.05197,"Chicago Fed Adjusted National Financial Conditions Index","1971-01-08","2024-10-25","Index","NSA",2024-10-30,"Weekly"," points",-0.14404,"ANFCI"
"1549",2000-09-08,"ANFCI",0.04512,2024-10-31,2024-10-31,0.04512,"Chicago Fed Adjusted National Financial Conditions Index","1971-01-08","2024-10-25","Index","NSA",2024-10-30,"Weekly"," points",-0.17058,"ANFCI"
"1550",2000-09-15,"ANFCI",0.04074,2024-10-31,2024-10-31,0.04074,"Chicago Fed Adjusted National Financial Conditions Index","1971-01-08","2024-10-25","Index","NSA",2024-10-30,"Weekly"," points",-0.20924,"ANFCI"
"1551",2000-09-22,"ANFCI",0.04107,2024-10-31,2024-10-31,0.04107,"Chicago Fed Adjusted National Financial Conditions Index","1971-01-08","2024-10-25","Index","NSA",2024-10-30,"Weekly"," points",-0.25493,"ANFCI"
"1552",2000-09-29,"ANFCI",0.04647,2024-10-31,2024-10-31,0.04647,"Chicago Fed Adjusted National Financial Conditions Index","1971-01-08","2024-10-25","Index","NSA",2024-10-30,"Weekly"," points",-0.29887,"ANFCI"
"1553",2000-10-06,"ANFCI",0.05311,2024-10-31,2024-10-31,0.05311,"Chicago Fed Adjusted National Financial Conditions Index","1971-01-08","2024-10-25","Index","NSA",2024-10-30,"Weekly"," points",-0.33046,"ANFCI"
"1554",2000-10-13,"ANFCI",0.05643,2024-10-31,2024-10-31,0.05643,"Chicago Fed Adjusted National Financial Conditions Index","1971-01-08","2024-10-25","Index","NSA",2024-10-30,"Weekly"," points",-0.33778,"ANFCI"
"1555",2000-10-20,"ANFCI",0.04782,2024-10-31,2024-10-31,0.04782,"Chicago Fed Adjusted National Financial Conditions Index","1971-01-08","2024-10-25","Index","NSA",2024-10-30,"Weekly"," points",-0.32622,"ANFCI"
"1556",2000-10-27,"ANFCI",0.03019,2024-10-31,2024-10-31,0.03019,"Chicago Fed Adjusted National Financial Conditions Index","1971-01-08","2024-10-25","Index","NSA",2024-10-30,"Weekly"," points",-0.29894,"ANFCI"
"1557",2000-11-03,"ANFCI",0.01222,2024-10-31,2024-10-31,0.01222,"Chicago Fed Adjusted National Financial Conditions Index","1971-01-08","2024-10-25","Index","NSA",2024-10-30,"Weekly"," points",-0.25831,"ANFCI"
"1558",2000-11-10,"ANFCI",0.00432,2024-10-31,2024-10-31,0.00432,"Chicago Fed Adjusted National Financial Conditions Index","1971-01-08","2024-10-25","Index","NSA",2024-10-30,"Weekly"," points",-0.20984,"ANFCI"
"1559",2000-11-17,"ANFCI",0.01633,2024-10-31,2024-10-31,0.01633,"Chicago Fed Adjusted National Financial Conditions Index","1971-01-08","2024-10-25","Index","NSA",2024-10-30,"Weekly"," points",-0.15573,"ANFCI"
"1560",2000-11-24,"ANFCI",0.0488,2024-10-31,2024-10-31,0.0488,"Chicago Fed Adjusted National Financial Conditions Index","1971-01-08","2024-10-25","Index","NSA",2024-10-30,"Weekly"," points",-0.10689,"ANFCI"
"1561",2000-12-01,"ANFCI",0.09429,2024-10-31,2024-10-31,0.09429,"Chicago Fed Adjusted National Financial Conditions Index","1971-01-08","2024-10-25","Index","NSA",2024-10-30,"Weekly"," points",-0.06528,"ANFCI"
"1562",2000-12-08,"ANFCI",0.13752,2024-10-31,2024-10-31,0.13752,"Chicago Fed Adjusted National Financial Conditions Index","1971-01-08","2024-10-25","Index","NSA",2024-10-30,"Weekly"," points",-0.03655,"ANFCI"
"1563",2000-12-15,"ANFCI",0.16389,2024-10-31,2024-10-31,0.16389,"Chicago Fed Adjusted National Financial Conditions Index","1971-01-08","2024-10-25","Index","NSA",2024-10-30,"Weekly"," points",-0.02057,"ANFCI"
"1564",2000-12-22,"ANFCI",0.16728,2024-10-31,2024-10-31,0.16728,"Chicago Fed Adjusted National Financial Conditions Index","1971-01-08","2024-10-25","Index","NSA",2024-10-30,"Weekly"," points",-0.01594,"ANFCI"
"1565",2000-12-29,"ANFCI",0.14099,2024-10-31,2024-10-31,0.14099,"Chicago Fed Adjusted National Financial Conditions Index","1971-01-08","2024-10-25","Index","NSA",2024-10-30,"Weekly"," points",-0.02617,"ANFCI"
"1566",2001-01-05,"ANFCI",0.09859,2024-10-31,2024-10-31,0.09859,"Chicago Fed Adjusted National Financial Conditions Index","1971-01-08","2024-10-25","Index","NSA",2024-10-30,"Weekly"," points",-0.03788,"ANFCI"
"1567",2001-01-12,"ANFCI",0.04845,2024-10-31,2024-10-31,0.04845,"Chicago Fed Adjusted National Financial Conditions Index","1971-01-08","2024-10-25","Index","NSA",2024-10-30,"Weekly"," points",-0.05375,"ANFCI"
"1568",2001-01-19,"ANFCI",0.00101,2024-10-31,2024-10-31,0.00101,"Chicago Fed Adjusted National Financial Conditions Index","1971-01-08","2024-10-25","Index","NSA",2024-10-30,"Weekly"," points",-0.07233,"ANFCI"
"1569",2001-01-26,"ANFCI",-0.0396,2024-10-31,2024-10-31,-0.0396,"Chicago Fed Adjusted National Financial Conditions Index","1971-01-08","2024-10-25","Index","NSA",2024-10-30,"Weekly"," points",-0.09252,"ANFCI"
"1570",2001-02-02,"ANFCI",-0.07233,2024-10-31,2024-10-31,-0.07233,"Chicago Fed Adjusted National Financial Conditions Index","1971-01-08","2024-10-25","Index","NSA",2024-10-30,"Weekly"," points",-0.11392,"ANFCI"
"1571",2001-02-09,"ANFCI",-0.09785,2024-10-31,2024-10-31,-0.09785,"Chicago Fed Adjusted National Financial Conditions Index","1971-01-08","2024-10-25","Index","NSA",2024-10-30,"Weekly"," points",-0.13314,"ANFCI"
"1572",2001-02-16,"ANFCI",-0.11472,2024-10-31,2024-10-31,-0.11472,"Chicago Fed Adjusted National Financial Conditions Index","1971-01-08","2024-10-25","Index","NSA",2024-10-30,"Weekly"," points",-0.14909,"ANFCI"
"1573",2001-02-23,"ANFCI",-0.12083,2024-10-31,2024-10-31,-0.12083,"Chicago Fed Adjusted National Financial Conditions Index","1971-01-08","2024-10-25","Index","NSA",2024-10-30,"Weekly"," points",-0.16183,"ANFCI"
"1574",2001-03-02,"ANFCI",-0.11855,2024-10-31,2024-10-31,-0.11855,"Chicago Fed Adjusted National Financial Conditions Index","1971-01-08","2024-10-25","Index","NSA",2024-10-30,"Weekly"," points",-0.17522,"ANFCI"
"1575",2001-03-09,"ANFCI",-0.10859,2024-10-31,2024-10-31,-0.10859,"Chicago Fed Adjusted National Financial Conditions Index","1971-01-08","2024-10-25","Index","NSA",2024-10-30,"Weekly"," points",-0.19321,"ANFCI"
"1576",2001-03-16,"ANFCI",-0.09437,2024-10-31,2024-10-31,-0.09437,"Chicago Fed Adjusted National Financial Conditions Index","1971-01-08","2024-10-25","Index","NSA",2024-10-30,"Weekly"," points",-0.21511,"ANFCI"
"1577",2001-03-23,"ANFCI",-0.08605,2024-10-31,2024-10-31,-0.08605,"Chicago Fed Adjusted National Financial Conditions Index","1971-01-08","2024-10-25","Index","NSA",2024-10-30,"Weekly"," points",-0.24303,"ANFCI"
"1578",2001-03-30,"ANFCI",-0.09009,2024-10-31,2024-10-31,-0.09009,"Chicago Fed Adjusted National Financial Conditions Index","1971-01-08","2024-10-25","Index","NSA",2024-10-30,"Weekly"," points",-0.27617,"ANFCI"
"1579",2001-04-06,"ANFCI",-0.1072,2024-10-31,2024-10-31,-0.1072,"Chicago Fed Adjusted National Financial Conditions Index","1971-01-08","2024-10-25","Index","NSA",2024-10-30,"Weekly"," points",-0.30807,"ANFCI"
"1580",2001-04-13,"ANFCI",-0.1381,2024-10-31,2024-10-31,-0.1381,"Chicago Fed Adjusted National Financial Conditions Index","1971-01-08","2024-10-25","Index","NSA",2024-10-30,"Weekly"," points",-0.34971,"ANFCI"
"1581",2001-04-20,"ANFCI",-0.17567,2024-10-31,2024-10-31,-0.17567,"Chicago Fed Adjusted National Financial Conditions Index","1971-01-08","2024-10-25","Index","NSA",2024-10-30,"Weekly"," points",-0.40205,"ANFCI"
"1582",2001-04-27,"ANFCI",-0.21144,2024-10-31,2024-10-31,-0.21144,"Chicago Fed Adjusted National Financial Conditions Index","1971-01-08","2024-10-25","Index","NSA",2024-10-30,"Weekly"," points",-0.46618,"ANFCI"
"1583",2001-05-04,"ANFCI",-0.24181,2024-10-31,2024-10-31,-0.24181,"Chicago Fed Adjusted National Financial Conditions Index","1971-01-08","2024-10-25","Index","NSA",2024-10-30,"Weekly"," points",-0.54105,"ANFCI"
"1584",2001-05-11,"ANFCI",-0.26484,2024-10-31,2024-10-31,-0.26484,"Chicago Fed Adjusted National Financial Conditions Index","1971-01-08","2024-10-25","Index","NSA",2024-10-30,"Weekly"," points",-0.61565,"ANFCI"
"1585",2001-05-18,"ANFCI",-0.28022,2024-10-31,2024-10-31,-0.28022,"Chicago Fed Adjusted National Financial Conditions Index","1971-01-08","2024-10-25","Index","NSA",2024-10-30,"Weekly"," points",-0.682,"ANFCI"
"1586",2001-05-25,"ANFCI",-0.29526,2024-10-31,2024-10-31,-0.29526,"Chicago Fed Adjusted National Financial Conditions Index","1971-01-08","2024-10-25","Index","NSA",2024-10-30,"Weekly"," points",-0.7376,"ANFCI"
"1587",2001-06-01,"ANFCI",-0.31155,2024-10-31,2024-10-31,-0.31155,"Chicago Fed Adjusted National Financial Conditions Index","1971-01-08","2024-10-25","Index","NSA",2024-10-30,"Weekly"," points",-0.77723,"ANFCI"
"1588",2001-06-08,"ANFCI",-0.32861,2024-10-31,2024-10-31,-0.32861,"Chicago Fed Adjusted National Financial Conditions Index","1971-01-08","2024-10-25","Index","NSA",2024-10-30,"Weekly"," points",-0.79828,"ANFCI"
"1589",2001-06-15,"ANFCI",-0.34474,2024-10-31,2024-10-31,-0.34474,"Chicago Fed Adjusted National Financial Conditions Index","1971-01-08","2024-10-25","Index","NSA",2024-10-30,"Weekly"," points",-0.8043,"ANFCI"
"1590",2001-06-22,"ANFCI",-0.35717,2024-10-31,2024-10-31,-0.35717,"Chicago Fed Adjusted National Financial Conditions Index","1971-01-08","2024-10-25","Index","NSA",2024-10-30,"Weekly"," points",-0.79179,"ANFCI"
"1591",2001-06-29,"ANFCI",-0.36384,2024-10-31,2024-10-31,-0.36384,"Chicago Fed Adjusted National Financial Conditions Index","1971-01-08","2024-10-25","Index","NSA",2024-10-30,"Weekly"," points",-0.76045,"ANFCI"
"1592",2001-07-06,"ANFCI",-0.36771,2024-10-31,2024-10-31,-0.36771,"Chicago Fed Adjusted National Financial Conditions Index","1971-01-08","2024-10-25","Index","NSA",2024-10-30,"Weekly"," points",-0.71134,"ANFCI"
"1593",2001-07-13,"ANFCI",-0.37188,2024-10-31,2024-10-31,-0.37188,"Chicago Fed Adjusted National Financial Conditions Index","1971-01-08","2024-10-25","Index","NSA",2024-10-30,"Weekly"," points",-0.65413,"ANFCI"
"1594",2001-07-20,"ANFCI",-0.38076,2024-10-31,2024-10-31,-0.38076,"Chicago Fed Adjusted National Financial Conditions Index","1971-01-08","2024-10-25","Index","NSA",2024-10-30,"Weekly"," points",-0.60064,"ANFCI"
"1595",2001-07-27,"ANFCI",-0.39732,2024-10-31,2024-10-31,-0.39732,"Chicago Fed Adjusted National Financial Conditions Index","1971-01-08","2024-10-25","Index","NSA",2024-10-30,"Weekly"," points",-0.56002,"ANFCI"
"1596",2001-08-03,"ANFCI",-0.41555,2024-10-31,2024-10-31,-0.41555,"Chicago Fed Adjusted National Financial Conditions Index","1971-01-08","2024-10-25","Index","NSA",2024-10-30,"Weekly"," points",-0.53339,"ANFCI"
"1597",2001-08-10,"ANFCI",-0.42625,2024-10-31,2024-10-31,-0.42625,"Chicago Fed Adjusted National Financial Conditions Index","1971-01-08","2024-10-25","Index","NSA",2024-10-30,"Weekly"," points",-0.51388,"ANFCI"
"1598",2001-08-17,"ANFCI",-0.42262,2024-10-31,2024-10-31,-0.42262,"Chicago Fed Adjusted National Financial Conditions Index","1971-01-08","2024-10-25","Index","NSA",2024-10-30,"Weekly"," points",-0.49314,"ANFCI"
"1599",2001-08-24,"ANFCI",-0.39903,2024-10-31,2024-10-31,-0.39903,"Chicago Fed Adjusted National Financial Conditions Index","1971-01-08","2024-10-25","Index","NSA",2024-10-30,"Weekly"," points",-0.45946,"ANFCI"
"1600",2001-08-31,"ANFCI",-0.36029,2024-10-31,2024-10-31,-0.36029,"Chicago Fed Adjusted National Financial Conditions Index","1971-01-08","2024-10-25","Index","NSA",2024-10-30,"Weekly"," points",-0.41226,"ANFCI"
"1601",2001-09-07,"ANFCI",-0.31567,2024-10-31,2024-10-31,-0.31567,"Chicago Fed Adjusted National Financial Conditions Index","1971-01-08","2024-10-25","Index","NSA",2024-10-30,"Weekly"," points",-0.36079,"ANFCI"
"1602",2001-09-14,"ANFCI",-0.27434,2024-10-31,2024-10-31,-0.27434,"Chicago Fed Adjusted National Financial Conditions Index","1971-01-08","2024-10-25","Index","NSA",2024-10-30,"Weekly"," points",-0.31508,"ANFCI"
"1603",2001-09-21,"ANFCI",-0.25132,2024-10-31,2024-10-31,-0.25132,"Chicago Fed Adjusted National Financial Conditions Index","1971-01-08","2024-10-25","Index","NSA",2024-10-30,"Weekly"," points",-0.29239,"ANFCI"
"1604",2001-09-28,"ANFCI",-0.25507,2024-10-31,2024-10-31,-0.25507,"Chicago Fed Adjusted National Financial Conditions Index","1971-01-08","2024-10-25","Index","NSA",2024-10-30,"Weekly"," points",-0.30154,"ANFCI"
"1605",2001-10-05,"ANFCI",-0.27174,2024-10-31,2024-10-31,-0.27174,"Chicago Fed Adjusted National Financial Conditions Index","1971-01-08","2024-10-25","Index","NSA",2024-10-30,"Weekly"," points",-0.32485,"ANFCI"
"1606",2001-10-12,"ANFCI",-0.30061,2024-10-31,2024-10-31,-0.30061,"Chicago Fed Adjusted National Financial Conditions Index","1971-01-08","2024-10-25","Index","NSA",2024-10-30,"Weekly"," points",-0.35704,"ANFCI"
"1607",2001-10-19,"ANFCI",-0.33404,2024-10-31,2024-10-31,-0.33404,"Chicago Fed Adjusted National Financial Conditions Index","1971-01-08","2024-10-25","Index","NSA",2024-10-30,"Weekly"," points",-0.38186,"ANFCI"
"1608",2001-10-26,"ANFCI",-0.36725,2024-10-31,2024-10-31,-0.36725,"Chicago Fed Adjusted National Financial Conditions Index","1971-01-08","2024-10-25","Index","NSA",2024-10-30,"Weekly"," points",-0.39744,"ANFCI"
"1609",2001-11-02,"ANFCI",-0.39297,2024-10-31,2024-10-31,-0.39297,"Chicago Fed Adjusted National Financial Conditions Index","1971-01-08","2024-10-25","Index","NSA",2024-10-30,"Weekly"," points",-0.40519,"ANFCI"
"1610",2001-11-09,"ANFCI",-0.40719,2024-10-31,2024-10-31,-0.40719,"Chicago Fed Adjusted National Financial Conditions Index","1971-01-08","2024-10-25","Index","NSA",2024-10-30,"Weekly"," points",-0.41151,"ANFCI"
"1611",2001-11-16,"ANFCI",-0.40347,2024-10-31,2024-10-31,-0.40347,"Chicago Fed Adjusted National Financial Conditions Index","1971-01-08","2024-10-25","Index","NSA",2024-10-30,"Weekly"," points",-0.4198,"ANFCI"
"1612",2001-11-23,"ANFCI",-0.37726,2024-10-31,2024-10-31,-0.37726,"Chicago Fed Adjusted National Financial Conditions Index","1971-01-08","2024-10-25","Index","NSA",2024-10-30,"Weekly"," points",-0.42606,"ANFCI"
"1613",2001-11-30,"ANFCI",-0.33561,2024-10-31,2024-10-31,-0.33561,"Chicago Fed Adjusted National Financial Conditions Index","1971-01-08","2024-10-25","Index","NSA",2024-10-30,"Weekly"," points",-0.4299,"ANFCI"
"1614",2001-12-07,"ANFCI",-0.29268,2024-10-31,2024-10-31,-0.29268,"Chicago Fed Adjusted National Financial Conditions Index","1971-01-08","2024-10-25","Index","NSA",2024-10-30,"Weekly"," points",-0.4302,"ANFCI"
"1615",2001-12-14,"ANFCI",-0.26747,2024-10-31,2024-10-31,-0.26747,"Chicago Fed Adjusted National Financial Conditions Index","1971-01-08","2024-10-25","Index","NSA",2024-10-30,"Weekly"," points",-0.43136,"ANFCI"
"1616",2001-12-21,"ANFCI",-0.27152,2024-10-31,2024-10-31,-0.27152,"Chicago Fed Adjusted National Financial Conditions Index","1971-01-08","2024-10-25","Index","NSA",2024-10-30,"Weekly"," points",-0.4388,"ANFCI"
"1617",2001-12-28,"ANFCI",-0.3103,2024-10-31,2024-10-31,-0.3103,"Chicago Fed Adjusted National Financial Conditions Index","1971-01-08","2024-10-25","Index","NSA",2024-10-30,"Weekly"," points",-0.45129,"ANFCI"
"1618",2002-01-04,"ANFCI",-0.37184,2024-10-31,2024-10-31,-0.37184,"Chicago Fed Adjusted National Financial Conditions Index","1971-01-08","2024-10-25","Index","NSA",2024-10-30,"Weekly"," points",-0.47043,"ANFCI"
"1619",2002-01-11,"ANFCI",-0.43734,2024-10-31,2024-10-31,-0.43734,"Chicago Fed Adjusted National Financial Conditions Index","1971-01-08","2024-10-25","Index","NSA",2024-10-30,"Weekly"," points",-0.48579,"ANFCI"
"1620",2002-01-18,"ANFCI",-0.48945,2024-10-31,2024-10-31,-0.48945,"Chicago Fed Adjusted National Financial Conditions Index","1971-01-08","2024-10-25","Index","NSA",2024-10-30,"Weekly"," points",-0.49046,"ANFCI"
"1621",2002-01-25,"ANFCI",-0.51553,2024-10-31,2024-10-31,-0.51553,"Chicago Fed Adjusted National Financial Conditions Index","1971-01-08","2024-10-25","Index","NSA",2024-10-30,"Weekly"," points",-0.47593,"ANFCI"
"1622",2002-02-01,"ANFCI",-0.51684,2024-10-31,2024-10-31,-0.51684,"Chicago Fed Adjusted National Financial Conditions Index","1971-01-08","2024-10-25","Index","NSA",2024-10-30,"Weekly"," points",-0.44451,"ANFCI"
"1623",2002-02-08,"ANFCI",-0.50376,2024-10-31,2024-10-31,-0.50376,"Chicago Fed Adjusted National Financial Conditions Index","1971-01-08","2024-10-25","Index","NSA",2024-10-30,"Weekly"," points",-0.40591,"ANFCI"
"1624",2002-02-15,"ANFCI",-0.48929,2024-10-31,2024-10-31,-0.48929,"Chicago Fed Adjusted National Financial Conditions Index","1971-01-08","2024-10-25","Index","NSA",2024-10-30,"Weekly"," points",-0.37457,"ANFCI"
"1625",2002-02-22,"ANFCI",-0.48024,2024-10-31,2024-10-31,-0.48024,"Chicago Fed Adjusted National Financial Conditions Index","1971-01-08","2024-10-25","Index","NSA",2024-10-30,"Weekly"," points",-0.35941,"ANFCI"
"1626",2002-03-01,"ANFCI",-0.47972,2024-10-31,2024-10-31,-0.47972,"Chicago Fed Adjusted National Financial Conditions Index","1971-01-08","2024-10-25","Index","NSA",2024-10-30,"Weekly"," points",-0.36117,"ANFCI"
"1627",2002-03-08,"ANFCI",-0.48104,2024-10-31,2024-10-31,-0.48104,"Chicago Fed Adjusted National Financial Conditions Index","1971-01-08","2024-10-25","Index","NSA",2024-10-30,"Weekly"," points",-0.37245,"ANFCI"
"1628",2002-03-15,"ANFCI",-0.4796,2024-10-31,2024-10-31,-0.4796,"Chicago Fed Adjusted National Financial Conditions Index","1971-01-08","2024-10-25","Index","NSA",2024-10-30,"Weekly"," points",-0.38523,"ANFCI"
"1629",2002-03-22,"ANFCI",-0.47421,2024-10-31,2024-10-31,-0.47421,"Chicago Fed Adjusted National Financial Conditions Index","1971-01-08","2024-10-25","Index","NSA",2024-10-30,"Weekly"," points",-0.38816,"ANFCI"
"1630",2002-03-29,"ANFCI",-0.46791,2024-10-31,2024-10-31,-0.46791,"Chicago Fed Adjusted National Financial Conditions Index","1971-01-08","2024-10-25","Index","NSA",2024-10-30,"Weekly"," points",-0.37782,"ANFCI"
"1631",2002-04-05,"ANFCI",-0.46951,2024-10-31,2024-10-31,-0.46951,"Chicago Fed Adjusted National Financial Conditions Index","1971-01-08","2024-10-25","Index","NSA",2024-10-30,"Weekly"," points",-0.36231,"ANFCI"
"1632",2002-04-12,"ANFCI",-0.48653,2024-10-31,2024-10-31,-0.48653,"Chicago Fed Adjusted National Financial Conditions Index","1971-01-08","2024-10-25","Index","NSA",2024-10-30,"Weekly"," points",-0.34843,"ANFCI"
"1633",2002-04-19,"ANFCI",-0.52027,2024-10-31,2024-10-31,-0.52027,"Chicago Fed Adjusted National Financial Conditions Index","1971-01-08","2024-10-25","Index","NSA",2024-10-30,"Weekly"," points",-0.3446,"ANFCI"
"1634",2002-04-26,"ANFCI",-0.5646,2024-10-31,2024-10-31,-0.5646,"Chicago Fed Adjusted National Financial Conditions Index","1971-01-08","2024-10-25","Index","NSA",2024-10-30,"Weekly"," points",-0.35316,"ANFCI"
"1635",2002-05-03,"ANFCI",-0.61197,2024-10-31,2024-10-31,-0.61197,"Chicago Fed Adjusted National Financial Conditions Index","1971-01-08","2024-10-25","Index","NSA",2024-10-30,"Weekly"," points",-0.37016,"ANFCI"
"1636",2002-05-10,"ANFCI",-0.64561,2024-10-31,2024-10-31,-0.64561,"Chicago Fed Adjusted National Financial Conditions Index","1971-01-08","2024-10-25","Index","NSA",2024-10-30,"Weekly"," points",-0.38077,"ANFCI"
"1637",2002-05-17,"ANFCI",-0.66235,2024-10-31,2024-10-31,-0.66235,"Chicago Fed Adjusted National Financial Conditions Index","1971-01-08","2024-10-25","Index","NSA",2024-10-30,"Weekly"," points",-0.38213,"ANFCI"
"1638",2002-05-24,"ANFCI",-0.65956,2024-10-31,2024-10-31,-0.65956,"Chicago Fed Adjusted National Financial Conditions Index","1971-01-08","2024-10-25","Index","NSA",2024-10-30,"Weekly"," points",-0.3643,"ANFCI"
"1639",2002-05-31,"ANFCI",-0.64409,2024-10-31,2024-10-31,-0.64409,"Chicago Fed Adjusted National Financial Conditions Index","1971-01-08","2024-10-25","Index","NSA",2024-10-30,"Weekly"," points",-0.33254,"ANFCI"
"1640",2002-06-07,"ANFCI",-0.62254,2024-10-31,2024-10-31,-0.62254,"Chicago Fed Adjusted National Financial Conditions Index","1971-01-08","2024-10-25","Index","NSA",2024-10-30,"Weekly"," points",-0.29393,"ANFCI"
"1641",2002-06-14,"ANFCI",-0.60166,2024-10-31,2024-10-31,-0.60166,"Chicago Fed Adjusted National Financial Conditions Index","1971-01-08","2024-10-25","Index","NSA",2024-10-30,"Weekly"," points",-0.25692,"ANFCI"
"1642",2002-06-21,"ANFCI",-0.58326,2024-10-31,2024-10-31,-0.58326,"Chicago Fed Adjusted National Financial Conditions Index","1971-01-08","2024-10-25","Index","NSA",2024-10-30,"Weekly"," points",-0.22609,"ANFCI"
"1643",2002-06-28,"ANFCI",-0.56493,2024-10-31,2024-10-31,-0.56493,"Chicago Fed Adjusted National Financial Conditions Index","1971-01-08","2024-10-25","Index","NSA",2024-10-30,"Weekly"," points",-0.20109,"ANFCI"
"1644",2002-07-05,"ANFCI",-0.54352,2024-10-31,2024-10-31,-0.54352,"Chicago Fed Adjusted National Financial Conditions Index","1971-01-08","2024-10-25","Index","NSA",2024-10-30,"Weekly"," points",-0.17581,"ANFCI"
"1645",2002-07-12,"ANFCI",-0.51671,2024-10-31,2024-10-31,-0.51671,"Chicago Fed Adjusted National Financial Conditions Index","1971-01-08","2024-10-25","Index","NSA",2024-10-30,"Weekly"," points",-0.14483,"ANFCI"
"1646",2002-07-19,"ANFCI",-0.48838,2024-10-31,2024-10-31,-0.48838,"Chicago Fed Adjusted National Financial Conditions Index","1971-01-08","2024-10-25","Index","NSA",2024-10-30,"Weekly"," points",-0.10762,"ANFCI"
"1647",2002-07-26,"ANFCI",-0.46205,2024-10-31,2024-10-31,-0.46205,"Chicago Fed Adjusted National Financial Conditions Index","1971-01-08","2024-10-25","Index","NSA",2024-10-30,"Weekly"," points",-0.06473,"ANFCI"
"1648",2002-08-02,"ANFCI",-0.44582,2024-10-31,2024-10-31,-0.44582,"Chicago Fed Adjusted National Financial Conditions Index","1971-01-08","2024-10-25","Index","NSA",2024-10-30,"Weekly"," points",-0.03027,"ANFCI"
"1649",2002-08-09,"ANFCI",-0.43816,2024-10-31,2024-10-31,-0.43816,"Chicago Fed Adjusted National Financial Conditions Index","1971-01-08","2024-10-25","Index","NSA",2024-10-30,"Weekly"," points",-0.01191,"ANFCI"
"1650",2002-08-16,"ANFCI",-0.4407,2024-10-31,2024-10-31,-0.4407,"Chicago Fed Adjusted National Financial Conditions Index","1971-01-08","2024-10-25","Index","NSA",2024-10-30,"Weekly"," points",-0.01808,"ANFCI"
"1651",2002-08-23,"ANFCI",-0.44396,2024-10-31,2024-10-31,-0.44396,"Chicago Fed Adjusted National Financial Conditions Index","1971-01-08","2024-10-25","Index","NSA",2024-10-30,"Weekly"," points",-0.04493,"ANFCI"
"1652",2002-08-30,"ANFCI",-0.4431,2024-10-31,2024-10-31,-0.4431,"Chicago Fed Adjusted National Financial Conditions Index","1971-01-08","2024-10-25","Index","NSA",2024-10-30,"Weekly"," points",-0.08281,"ANFCI"
"1653",2002-09-06,"ANFCI",-0.43305,2024-10-31,2024-10-31,-0.43305,"Chicago Fed Adjusted National Financial Conditions Index","1971-01-08","2024-10-25","Index","NSA",2024-10-30,"Weekly"," points",-0.11738,"ANFCI"
"1654",2002-09-13,"ANFCI",-0.41477,2024-10-31,2024-10-31,-0.41477,"Chicago Fed Adjusted National Financial Conditions Index","1971-01-08","2024-10-25","Index","NSA",2024-10-30,"Weekly"," points",-0.14043,"ANFCI"
"1655",2002-09-20,"ANFCI",-0.39252,2024-10-31,2024-10-31,-0.39252,"Chicago Fed Adjusted National Financial Conditions Index","1971-01-08","2024-10-25","Index","NSA",2024-10-30,"Weekly"," points",-0.1412,"ANFCI"
"1656",2002-09-27,"ANFCI",-0.37425,2024-10-31,2024-10-31,-0.37425,"Chicago Fed Adjusted National Financial Conditions Index","1971-01-08","2024-10-25","Index","NSA",2024-10-30,"Weekly"," points",-0.11918,"ANFCI"
"1657",2002-10-04,"ANFCI",-0.36439,2024-10-31,2024-10-31,-0.36439,"Chicago Fed Adjusted National Financial Conditions Index","1971-01-08","2024-10-25","Index","NSA",2024-10-30,"Weekly"," points",-0.09265,"ANFCI"
"1658",2002-10-11,"ANFCI",-0.36712,2024-10-31,2024-10-31,-0.36712,"Chicago Fed Adjusted National Financial Conditions Index","1971-01-08","2024-10-25","Index","NSA",2024-10-30,"Weekly"," points",-0.06651,"ANFCI"
"1659",2002-10-18,"ANFCI",-0.38229,2024-10-31,2024-10-31,-0.38229,"Chicago Fed Adjusted National Financial Conditions Index","1971-01-08","2024-10-25","Index","NSA",2024-10-30,"Weekly"," points",-0.04825,"ANFCI"
"1660",2002-10-25,"ANFCI",-0.4019,2024-10-31,2024-10-31,-0.4019,"Chicago Fed Adjusted National Financial Conditions Index","1971-01-08","2024-10-25","Index","NSA",2024-10-30,"Weekly"," points",-0.03465,"ANFCI"
"1661",2002-11-01,"ANFCI",-0.42445,2024-10-31,2024-10-31,-0.42445,"Chicago Fed Adjusted National Financial Conditions Index","1971-01-08","2024-10-25","Index","NSA",2024-10-30,"Weekly"," points",-0.03148,"ANFCI"
"1662",2002-11-08,"ANFCI",-0.44416,2024-10-31,2024-10-31,-0.44416,"Chicago Fed Adjusted National Financial Conditions Index","1971-01-08","2024-10-25","Index","NSA",2024-10-30,"Weekly"," points",-0.03697,"ANFCI"
"1663",2002-11-15,"ANFCI",-0.45778,2024-10-31,2024-10-31,-0.45778,"Chicago Fed Adjusted National Financial Conditions Index","1971-01-08","2024-10-25","Index","NSA",2024-10-30,"Weekly"," points",-0.05431,"ANFCI"
"1664",2002-11-22,"ANFCI",-0.46248,2024-10-31,2024-10-31,-0.46248,"Chicago Fed Adjusted National Financial Conditions Index","1971-01-08","2024-10-25","Index","NSA",2024-10-30,"Weekly"," points",-0.08522,"ANFCI"
"1665",2002-11-29,"ANFCI",-0.45917,2024-10-31,2024-10-31,-0.45917,"Chicago Fed Adjusted National Financial Conditions Index","1971-01-08","2024-10-25","Index","NSA",2024-10-30,"Weekly"," points",-0.12356,"ANFCI"
"1666",2002-12-06,"ANFCI",-0.45149,2024-10-31,2024-10-31,-0.45149,"Chicago Fed Adjusted National Financial Conditions Index","1971-01-08","2024-10-25","Index","NSA",2024-10-30,"Weekly"," points",-0.15881,"ANFCI"
"1667",2002-12-13,"ANFCI",-0.44629,2024-10-31,2024-10-31,-0.44629,"Chicago Fed Adjusted National Financial Conditions Index","1971-01-08","2024-10-25","Index","NSA",2024-10-30,"Weekly"," points",-0.17882,"ANFCI"
"1668",2002-12-20,"ANFCI",-0.44677,2024-10-31,2024-10-31,-0.44677,"Chicago Fed Adjusted National Financial Conditions Index","1971-01-08","2024-10-25","Index","NSA",2024-10-30,"Weekly"," points",-0.17525,"ANFCI"
"1669",2002-12-27,"ANFCI",-0.45652,2024-10-31,2024-10-31,-0.45652,"Chicago Fed Adjusted National Financial Conditions Index","1971-01-08","2024-10-25","Index","NSA",2024-10-30,"Weekly"," points",-0.14622,"ANFCI"
"1670",2003-01-03,"ANFCI",-0.47684,2024-10-31,2024-10-31,-0.47684,"Chicago Fed Adjusted National Financial Conditions Index","1971-01-08","2024-10-25","Index","NSA",2024-10-30,"Weekly"," points",-0.105,"ANFCI"
"1671",2003-01-10,"ANFCI",-0.50242,2024-10-31,2024-10-31,-0.50242,"Chicago Fed Adjusted National Financial Conditions Index","1971-01-08","2024-10-25","Index","NSA",2024-10-30,"Weekly"," points",-0.06508,"ANFCI"
"1672",2003-01-17,"ANFCI",-0.52666,2024-10-31,2024-10-31,-0.52666,"Chicago Fed Adjusted National Financial Conditions Index","1971-01-08","2024-10-25","Index","NSA",2024-10-30,"Weekly"," points",-0.03721,"ANFCI"
"1673",2003-01-24,"ANFCI",-0.54488,2024-10-31,2024-10-31,-0.54488,"Chicago Fed Adjusted National Financial Conditions Index","1971-01-08","2024-10-25","Index","NSA",2024-10-30,"Weekly"," points",-0.02935,"ANFCI"
"1674",2003-01-31,"ANFCI",-0.55781,2024-10-31,2024-10-31,-0.55781,"Chicago Fed Adjusted National Financial Conditions Index","1971-01-08","2024-10-25","Index","NSA",2024-10-30,"Weekly"," points",-0.0409700000000001,"ANFCI"
"1675",2003-02-07,"ANFCI",-0.566,2024-10-31,2024-10-31,-0.566,"Chicago Fed Adjusted National Financial Conditions Index","1971-01-08","2024-10-25","Index","NSA",2024-10-30,"Weekly"," points",-0.06224,"ANFCI"
"1676",2003-02-14,"ANFCI",-0.57322,2024-10-31,2024-10-31,-0.57322,"Chicago Fed Adjusted National Financial Conditions Index","1971-01-08","2024-10-25","Index","NSA",2024-10-30,"Weekly"," points",-0.0839299999999999,"ANFCI"
"1677",2003-02-21,"ANFCI",-0.58187,2024-10-31,2024-10-31,-0.58187,"Chicago Fed Adjusted National Financial Conditions Index","1971-01-08","2024-10-25","Index","NSA",2024-10-30,"Weekly"," points",-0.10163,"ANFCI"
"1678",2003-02-28,"ANFCI",-0.59355,2024-10-31,2024-10-31,-0.59355,"Chicago Fed Adjusted National Financial Conditions Index","1971-01-08","2024-10-25","Index","NSA",2024-10-30,"Weekly"," points",-0.11383,"ANFCI"
"1679",2003-03-07,"ANFCI",-0.60845,2024-10-31,2024-10-31,-0.60845,"Chicago Fed Adjusted National Financial Conditions Index","1971-01-08","2024-10-25","Index","NSA",2024-10-30,"Weekly"," points",-0.12741,"ANFCI"
"1680",2003-03-14,"ANFCI",-0.62637,2024-10-31,2024-10-31,-0.62637,"Chicago Fed Adjusted National Financial Conditions Index","1971-01-08","2024-10-25","Index","NSA",2024-10-30,"Weekly"," points",-0.14677,"ANFCI"
"1681",2003-03-21,"ANFCI",-0.65066,2024-10-31,2024-10-31,-0.65066,"Chicago Fed Adjusted National Financial Conditions Index","1971-01-08","2024-10-25","Index","NSA",2024-10-30,"Weekly"," points",-0.17645,"ANFCI"
"1682",2003-03-28,"ANFCI",-0.68174,2024-10-31,2024-10-31,-0.68174,"Chicago Fed Adjusted National Financial Conditions Index","1971-01-08","2024-10-25","Index","NSA",2024-10-30,"Weekly"," points",-0.21383,"ANFCI"
"1683",2003-04-04,"ANFCI",-0.71979,2024-10-31,2024-10-31,-0.71979,"Chicago Fed Adjusted National Financial Conditions Index","1971-01-08","2024-10-25","Index","NSA",2024-10-30,"Weekly"," points",-0.25028,"ANFCI"
"1684",2003-04-11,"ANFCI",-0.7601,2024-10-31,2024-10-31,-0.7601,"Chicago Fed Adjusted National Financial Conditions Index","1971-01-08","2024-10-25","Index","NSA",2024-10-30,"Weekly"," points",-0.27357,"ANFCI"
"1685",2003-04-18,"ANFCI",-0.79665,2024-10-31,2024-10-31,-0.79665,"Chicago Fed Adjusted National Financial Conditions Index","1971-01-08","2024-10-25","Index","NSA",2024-10-30,"Weekly"," points",-0.27638,"ANFCI"
"1686",2003-04-25,"ANFCI",-0.82351,2024-10-31,2024-10-31,-0.82351,"Chicago Fed Adjusted National Financial Conditions Index","1971-01-08","2024-10-25","Index","NSA",2024-10-30,"Weekly"," points",-0.25891,"ANFCI"
"1687",2003-05-02,"ANFCI",-0.83692,2024-10-31,2024-10-31,-0.83692,"Chicago Fed Adjusted National Financial Conditions Index","1971-01-08","2024-10-25","Index","NSA",2024-10-30,"Weekly"," points",-0.22495,"ANFCI"
"1688",2003-05-09,"ANFCI",-0.83489,2024-10-31,2024-10-31,-0.83489,"Chicago Fed Adjusted National Financial Conditions Index","1971-01-08","2024-10-25","Index","NSA",2024-10-30,"Weekly"," points",-0.18928,"ANFCI"
"1689",2003-05-16,"ANFCI",-0.82176,2024-10-31,2024-10-31,-0.82176,"Chicago Fed Adjusted National Financial Conditions Index","1971-01-08","2024-10-25","Index","NSA",2024-10-30,"Weekly"," points",-0.15941,"ANFCI"
"1690",2003-05-23,"ANFCI",-0.80223,2024-10-31,2024-10-31,-0.80223,"Chicago Fed Adjusted National Financial Conditions Index","1971-01-08","2024-10-25","Index","NSA",2024-10-30,"Weekly"," points",-0.14267,"ANFCI"
"1691",2003-05-30,"ANFCI",-0.78122,2024-10-31,2024-10-31,-0.78122,"Chicago Fed Adjusted National Financial Conditions Index","1971-01-08","2024-10-25","Index","NSA",2024-10-30,"Weekly"," points",-0.13713,"ANFCI"
"1692",2003-06-06,"ANFCI",-0.76113,2024-10-31,2024-10-31,-0.76113,"Chicago Fed Adjusted National Financial Conditions Index","1971-01-08","2024-10-25","Index","NSA",2024-10-30,"Weekly"," points",-0.13859,"ANFCI"
"1693",2003-06-13,"ANFCI",-0.74641,2024-10-31,2024-10-31,-0.74641,"Chicago Fed Adjusted National Financial Conditions Index","1971-01-08","2024-10-25","Index","NSA",2024-10-30,"Weekly"," points",-0.14475,"ANFCI"
"1694",2003-06-20,"ANFCI",-0.73818,2024-10-31,2024-10-31,-0.73818,"Chicago Fed Adjusted National Financial Conditions Index","1971-01-08","2024-10-25","Index","NSA",2024-10-30,"Weekly"," points",-0.15492,"ANFCI"
"1695",2003-06-27,"ANFCI",-0.73529,2024-10-31,2024-10-31,-0.73529,"Chicago Fed Adjusted National Financial Conditions Index","1971-01-08","2024-10-25","Index","NSA",2024-10-30,"Weekly"," points",-0.17036,"ANFCI"
"1696",2003-07-04,"ANFCI",-0.7364,2024-10-31,2024-10-31,-0.7364,"Chicago Fed Adjusted National Financial Conditions Index","1971-01-08","2024-10-25","Index","NSA",2024-10-30,"Weekly"," points",-0.19288,"ANFCI"
"1697",2003-07-11,"ANFCI",-0.7404,2024-10-31,2024-10-31,-0.7404,"Chicago Fed Adjusted National Financial Conditions Index","1971-01-08","2024-10-25","Index","NSA",2024-10-30,"Weekly"," points",-0.22369,"ANFCI"
"1698",2003-07-18,"ANFCI",-0.74229,2024-10-31,2024-10-31,-0.74229,"Chicago Fed Adjusted National Financial Conditions Index","1971-01-08","2024-10-25","Index","NSA",2024-10-30,"Weekly"," points",-0.25391,"ANFCI"
"1699",2003-07-25,"ANFCI",-0.74016,2024-10-31,2024-10-31,-0.74016,"Chicago Fed Adjusted National Financial Conditions Index","1971-01-08","2024-10-25","Index","NSA",2024-10-30,"Weekly"," points",-0.27811,"ANFCI"
"1700",2003-08-01,"ANFCI",-0.73059,2024-10-31,2024-10-31,-0.73059,"Chicago Fed Adjusted National Financial Conditions Index","1971-01-08","2024-10-25","Index","NSA",2024-10-30,"Weekly"," points",-0.28477,"ANFCI"
"1701",2003-08-08,"ANFCI",-0.71896,2024-10-31,2024-10-31,-0.71896,"Chicago Fed Adjusted National Financial Conditions Index","1971-01-08","2024-10-25","Index","NSA",2024-10-30,"Weekly"," points",-0.2808,"ANFCI"
"1702",2003-08-15,"ANFCI",-0.70653,2024-10-31,2024-10-31,-0.70653,"Chicago Fed Adjusted National Financial Conditions Index","1971-01-08","2024-10-25","Index","NSA",2024-10-30,"Weekly"," points",-0.26583,"ANFCI"
"1703",2003-08-22,"ANFCI",-0.69705,2024-10-31,2024-10-31,-0.69705,"Chicago Fed Adjusted National Financial Conditions Index","1971-01-08","2024-10-25","Index","NSA",2024-10-30,"Weekly"," points",-0.25309,"ANFCI"
"1704",2003-08-29,"ANFCI",-0.69226,2024-10-31,2024-10-31,-0.69226,"Chicago Fed Adjusted National Financial Conditions Index","1971-01-08","2024-10-25","Index","NSA",2024-10-30,"Weekly"," points",-0.24916,"ANFCI"
"1705",2003-09-05,"ANFCI",-0.69314,2024-10-31,2024-10-31,-0.69314,"Chicago Fed Adjusted National Financial Conditions Index","1971-01-08","2024-10-25","Index","NSA",2024-10-30,"Weekly"," points",-0.26009,"ANFCI"
"1706",2003-09-12,"ANFCI",-0.69783,2024-10-31,2024-10-31,-0.69783,"Chicago Fed Adjusted National Financial Conditions Index","1971-01-08","2024-10-25","Index","NSA",2024-10-30,"Weekly"," points",-0.28306,"ANFCI"
"1707",2003-09-19,"ANFCI",-0.70415,2024-10-31,2024-10-31,-0.70415,"Chicago Fed Adjusted National Financial Conditions Index","1971-01-08","2024-10-25","Index","NSA",2024-10-30,"Weekly"," points",-0.31163,"ANFCI"
"1708",2003-09-26,"ANFCI",-0.70979,2024-10-31,2024-10-31,-0.70979,"Chicago Fed Adjusted National Financial Conditions Index","1971-01-08","2024-10-25","Index","NSA",2024-10-30,"Weekly"," points",-0.33554,"ANFCI"
"1709",2003-10-03,"ANFCI",-0.71441,2024-10-31,2024-10-31,-0.71441,"Chicago Fed Adjusted National Financial Conditions Index","1971-01-08","2024-10-25","Index","NSA",2024-10-30,"Weekly"," points",-0.35002,"ANFCI"
"1710",2003-10-10,"ANFCI",-0.71909,2024-10-31,2024-10-31,-0.71909,"Chicago Fed Adjusted National Financial Conditions Index","1971-01-08","2024-10-25","Index","NSA",2024-10-30,"Weekly"," points",-0.35197,"ANFCI"
"1711",2003-10-17,"ANFCI",-0.72387,2024-10-31,2024-10-31,-0.72387,"Chicago Fed Adjusted National Financial Conditions Index","1971-01-08","2024-10-25","Index","NSA",2024-10-30,"Weekly"," points",-0.34158,"ANFCI"
"1712",2003-10-24,"ANFCI",-0.72683,2024-10-31,2024-10-31,-0.72683,"Chicago Fed Adjusted National Financial Conditions Index","1971-01-08","2024-10-25","Index","NSA",2024-10-30,"Weekly"," points",-0.32493,"ANFCI"
"1713",2003-10-31,"ANFCI",-0.7297,2024-10-31,2024-10-31,-0.7297,"Chicago Fed Adjusted National Financial Conditions Index","1971-01-08","2024-10-25","Index","NSA",2024-10-30,"Weekly"," points",-0.30525,"ANFCI"
"1714",2003-11-07,"ANFCI",-0.72888,2024-10-31,2024-10-31,-0.72888,"Chicago Fed Adjusted National Financial Conditions Index","1971-01-08","2024-10-25","Index","NSA",2024-10-30,"Weekly"," points",-0.28472,"ANFCI"
"1715",2003-11-14,"ANFCI",-0.72404,2024-10-31,2024-10-31,-0.72404,"Chicago Fed Adjusted National Financial Conditions Index","1971-01-08","2024-10-25","Index","NSA",2024-10-30,"Weekly"," points",-0.26626,"ANFCI"
"1716",2003-11-21,"ANFCI",-0.7156,2024-10-31,2024-10-31,-0.7156,"Chicago Fed Adjusted National Financial Conditions Index","1971-01-08","2024-10-25","Index","NSA",2024-10-30,"Weekly"," points",-0.25312,"ANFCI"
"1717",2003-11-28,"ANFCI",-0.70458,2024-10-31,2024-10-31,-0.70458,"Chicago Fed Adjusted National Financial Conditions Index","1971-01-08","2024-10-25","Index","NSA",2024-10-30,"Weekly"," points",-0.24541,"ANFCI"
"1718",2003-12-05,"ANFCI",-0.69146,2024-10-31,2024-10-31,-0.69146,"Chicago Fed Adjusted National Financial Conditions Index","1971-01-08","2024-10-25","Index","NSA",2024-10-30,"Weekly"," points",-0.23997,"ANFCI"
"1719",2003-12-12,"ANFCI",-0.68127,2024-10-31,2024-10-31,-0.68127,"Chicago Fed Adjusted National Financial Conditions Index","1971-01-08","2024-10-25","Index","NSA",2024-10-30,"Weekly"," points",-0.23498,"ANFCI"
"1720",2003-12-19,"ANFCI",-0.67403,2024-10-31,2024-10-31,-0.67403,"Chicago Fed Adjusted National Financial Conditions Index","1971-01-08","2024-10-25","Index","NSA",2024-10-30,"Weekly"," points",-0.22726,"ANFCI"
"1721",2003-12-26,"ANFCI",-0.67057,2024-10-31,2024-10-31,-0.67057,"Chicago Fed Adjusted National Financial Conditions Index","1971-01-08","2024-10-25","Index","NSA",2024-10-30,"Weekly"," points",-0.21405,"ANFCI"
"1722",2004-01-02,"ANFCI",-0.67155,2024-10-31,2024-10-31,-0.67155,"Chicago Fed Adjusted National Financial Conditions Index","1971-01-08","2024-10-25","Index","NSA",2024-10-30,"Weekly"," points",-0.19471,"ANFCI"
"1723",2004-01-09,"ANFCI",-0.67507,2024-10-31,2024-10-31,-0.67507,"Chicago Fed Adjusted National Financial Conditions Index","1971-01-08","2024-10-25","Index","NSA",2024-10-30,"Weekly"," points",-0.17265,"ANFCI"
"1724",2004-01-16,"ANFCI",-0.68192,2024-10-31,2024-10-31,-0.68192,"Chicago Fed Adjusted National Financial Conditions Index","1971-01-08","2024-10-25","Index","NSA",2024-10-30,"Weekly"," points",-0.15526,"ANFCI"
"1725",2004-01-23,"ANFCI",-0.69152,2024-10-31,2024-10-31,-0.69152,"Chicago Fed Adjusted National Financial Conditions Index","1971-01-08","2024-10-25","Index","NSA",2024-10-30,"Weekly"," points",-0.14664,"ANFCI"
"1726",2004-01-30,"ANFCI",-0.70413,2024-10-31,2024-10-31,-0.70413,"Chicago Fed Adjusted National Financial Conditions Index","1971-01-08","2024-10-25","Index","NSA",2024-10-30,"Weekly"," points",-0.14632,"ANFCI"
"1727",2004-02-06,"ANFCI",-0.71822,2024-10-31,2024-10-31,-0.71822,"Chicago Fed Adjusted National Financial Conditions Index","1971-01-08","2024-10-25","Index","NSA",2024-10-30,"Weekly"," points",-0.15222,"ANFCI"
"1728",2004-02-13,"ANFCI",-0.7327,2024-10-31,2024-10-31,-0.7327,"Chicago Fed Adjusted National Financial Conditions Index","1971-01-08","2024-10-25","Index","NSA",2024-10-30,"Weekly"," points",-0.15948,"ANFCI"
"1729",2004-02-20,"ANFCI",-0.74448,2024-10-31,2024-10-31,-0.74448,"Chicago Fed Adjusted National Financial Conditions Index","1971-01-08","2024-10-25","Index","NSA",2024-10-30,"Weekly"," points",-0.16261,"ANFCI"
"1730",2004-02-27,"ANFCI",-0.75122,2024-10-31,2024-10-31,-0.75122,"Chicago Fed Adjusted National Financial Conditions Index","1971-01-08","2024-10-25","Index","NSA",2024-10-30,"Weekly"," points",-0.15767,"ANFCI"
"1731",2004-03-05,"ANFCI",-0.75361,2024-10-31,2024-10-31,-0.75361,"Chicago Fed Adjusted National Financial Conditions Index","1971-01-08","2024-10-25","Index","NSA",2024-10-30,"Weekly"," points",-0.14516,"ANFCI"
"1732",2004-03-12,"ANFCI",-0.75457,2024-10-31,2024-10-31,-0.75457,"Chicago Fed Adjusted National Financial Conditions Index","1971-01-08","2024-10-25","Index","NSA",2024-10-30,"Weekly"," points",-0.1282,"ANFCI"
"1733",2004-03-19,"ANFCI",-0.75633,2024-10-31,2024-10-31,-0.75633,"Chicago Fed Adjusted National Financial Conditions Index","1971-01-08","2024-10-25","Index","NSA",2024-10-30,"Weekly"," points",-0.10567,"ANFCI"
"1734",2004-03-26,"ANFCI",-0.7606,2024-10-31,2024-10-31,-0.7606,"Chicago Fed Adjusted National Financial Conditions Index","1971-01-08","2024-10-25","Index","NSA",2024-10-30,"Weekly"," points",-0.07886,"ANFCI"
"1735",2004-04-02,"ANFCI",-0.76656,2024-10-31,2024-10-31,-0.76656,"Chicago Fed Adjusted National Financial Conditions Index","1971-01-08","2024-10-25","Index","NSA",2024-10-30,"Weekly"," points",-0.04677,"ANFCI"
"1736",2004-04-09,"ANFCI",-0.76968,2024-10-31,2024-10-31,-0.76968,"Chicago Fed Adjusted National Financial Conditions Index","1971-01-08","2024-10-25","Index","NSA",2024-10-30,"Weekly"," points",-0.00958000000000003,"ANFCI"
"1737",2004-04-16,"ANFCI",-0.76403,2024-10-31,2024-10-31,-0.76403,"Chicago Fed Adjusted National Financial Conditions Index","1971-01-08","2024-10-25","Index","NSA",2024-10-30,"Weekly"," points",0.03262,"ANFCI"
"1738",2004-04-23,"ANFCI",-0.74795,2024-10-31,2024-10-31,-0.74795,"Chicago Fed Adjusted National Financial Conditions Index","1971-01-08","2024-10-25","Index","NSA",2024-10-30,"Weekly"," points",0.07556,"ANFCI"
"1739",2004-04-30,"ANFCI",-0.72507,2024-10-31,2024-10-31,-0.72507,"Chicago Fed Adjusted National Financial Conditions Index","1971-01-08","2024-10-25","Index","NSA",2024-10-30,"Weekly"," points",0.11185,"ANFCI"
"1740",2004-05-07,"ANFCI",-0.70188,2024-10-31,2024-10-31,-0.70188,"Chicago Fed Adjusted National Financial Conditions Index","1971-01-08","2024-10-25","Index","NSA",2024-10-30,"Weekly"," points",0.13301,"ANFCI"
"1741",2004-05-14,"ANFCI",-0.68641,2024-10-31,2024-10-31,-0.68641,"Chicago Fed Adjusted National Financial Conditions Index","1971-01-08","2024-10-25","Index","NSA",2024-10-30,"Weekly"," points",0.13535,"ANFCI"
"1742",2004-05-21,"ANFCI",-0.68287,2024-10-31,2024-10-31,-0.68287,"Chicago Fed Adjusted National Financial Conditions Index","1971-01-08","2024-10-25","Index","NSA",2024-10-30,"Weekly"," points",0.11936,"ANFCI"
"1743",2004-05-28,"ANFCI",-0.68946,2024-10-31,2024-10-31,-0.68946,"Chicago Fed Adjusted National Financial Conditions Index","1971-01-08","2024-10-25","Index","NSA",2024-10-30,"Weekly"," points",0.0917600000000001,"ANFCI"
"1744",2004-06-04,"ANFCI",-0.70194,2024-10-31,2024-10-31,-0.70194,"Chicago Fed Adjusted National Financial Conditions Index","1971-01-08","2024-10-25","Index","NSA",2024-10-30,"Weekly"," points",0.05919,"ANFCI"
"1745",2004-06-11,"ANFCI",-0.70968,2024-10-31,2024-10-31,-0.70968,"Chicago Fed Adjusted National Financial Conditions Index","1971-01-08","2024-10-25","Index","NSA",2024-10-30,"Weekly"," points",0.03673,"ANFCI"
"1746",2004-06-18,"ANFCI",-0.70978,2024-10-31,2024-10-31,-0.70978,"Chicago Fed Adjusted National Financial Conditions Index","1971-01-08","2024-10-25","Index","NSA",2024-10-30,"Weekly"," points",0.0284,"ANFCI"
"1747",2004-06-25,"ANFCI",-0.70437,2024-10-31,2024-10-31,-0.70437,"Chicago Fed Adjusted National Financial Conditions Index","1971-01-08","2024-10-25","Index","NSA",2024-10-30,"Weekly"," points",0.0309199999999999,"ANFCI"
"1748",2004-07-02,"ANFCI",-0.69696,2024-10-31,2024-10-31,-0.69696,"Chicago Fed Adjusted National Financial Conditions Index","1971-01-08","2024-10-25","Index","NSA",2024-10-30,"Weekly"," points",0.03944,"ANFCI"
"1749",2004-07-09,"ANFCI",-0.69318,2024-10-31,2024-10-31,-0.69318,"Chicago Fed Adjusted National Financial Conditions Index","1971-01-08","2024-10-25","Index","NSA",2024-10-30,"Weekly"," points",0.0472199999999999,"ANFCI"
"1750",2004-07-16,"ANFCI",-0.69544,2024-10-31,2024-10-31,-0.69544,"Chicago Fed Adjusted National Financial Conditions Index","1971-01-08","2024-10-25","Index","NSA",2024-10-30,"Weekly"," points",0.0468500000000001,"ANFCI"
"1751",2004-07-23,"ANFCI",-0.70426,2024-10-31,2024-10-31,-0.70426,"Chicago Fed Adjusted National Financial Conditions Index","1971-01-08","2024-10-25","Index","NSA",2024-10-30,"Weekly"," points",0.0359,"ANFCI"
"1752",2004-07-30,"ANFCI",-0.71707,2024-10-31,2024-10-31,-0.71707,"Chicago Fed Adjusted National Financial Conditions Index","1971-01-08","2024-10-25","Index","NSA",2024-10-30,"Weekly"," points",0.01352,"ANFCI"
"1753",2004-08-06,"ANFCI",-0.72882,2024-10-31,2024-10-31,-0.72882,"Chicago Fed Adjusted National Financial Conditions Index","1971-01-08","2024-10-25","Index","NSA",2024-10-30,"Weekly"," points",-0.00985999999999998,"ANFCI"
"1754",2004-08-13,"ANFCI",-0.73713,2024-10-31,2024-10-31,-0.73713,"Chicago Fed Adjusted National Financial Conditions Index","1971-01-08","2024-10-25","Index","NSA",2024-10-30,"Weekly"," points",-0.0306,"ANFCI"
"1755",2004-08-20,"ANFCI",-0.74066,2024-10-31,2024-10-31,-0.74066,"Chicago Fed Adjusted National Financial Conditions Index","1971-01-08","2024-10-25","Index","NSA",2024-10-30,"Weekly"," points",-0.04361,"ANFCI"
"1756",2004-08-27,"ANFCI",-0.73958,2024-10-31,2024-10-31,-0.73958,"Chicago Fed Adjusted National Financial Conditions Index","1971-01-08","2024-10-25","Index","NSA",2024-10-30,"Weekly"," points",-0.04732,"ANFCI"
"1757",2004-09-03,"ANFCI",-0.73347,2024-10-31,2024-10-31,-0.73347,"Chicago Fed Adjusted National Financial Conditions Index","1971-01-08","2024-10-25","Index","NSA",2024-10-30,"Weekly"," points",-0.04033,"ANFCI"
"1758",2004-09-10,"ANFCI",-0.7257,2024-10-31,2024-10-31,-0.7257,"Chicago Fed Adjusted National Financial Conditions Index","1971-01-08","2024-10-25","Index","NSA",2024-10-30,"Weekly"," points",-0.0278700000000001,"ANFCI"
"1759",2004-09-17,"ANFCI",-0.71619,2024-10-31,2024-10-31,-0.71619,"Chicago Fed Adjusted National Financial Conditions Index","1971-01-08","2024-10-25","Index","NSA",2024-10-30,"Weekly"," points",-0.0120399999999999,"ANFCI"
"1760",2004-09-24,"ANFCI",-0.70534,2024-10-31,2024-10-31,-0.70534,"Chicago Fed Adjusted National Financial Conditions Index","1971-01-08","2024-10-25","Index","NSA",2024-10-30,"Weekly"," points",0.00445000000000007,"ANFCI"
"1761",2004-10-01,"ANFCI",-0.69366,2024-10-31,2024-10-31,-0.69366,"Chicago Fed Adjusted National Financial Conditions Index","1971-01-08","2024-10-25","Index","NSA",2024-10-30,"Weekly"," points",0.0207499999999999,"ANFCI"
"1762",2004-10-08,"ANFCI",-0.68321,2024-10-31,2024-10-31,-0.68321,"Chicago Fed Adjusted National Financial Conditions Index","1971-01-08","2024-10-25","Index","NSA",2024-10-30,"Weekly"," points",0.03588,"ANFCI"
"1763",2004-10-15,"ANFCI",-0.67566,2024-10-31,2024-10-31,-0.67566,"Chicago Fed Adjusted National Financial Conditions Index","1971-01-08","2024-10-25","Index","NSA",2024-10-30,"Weekly"," points",0.04821,"ANFCI"
"1764",2004-10-22,"ANFCI",-0.67333,2024-10-31,2024-10-31,-0.67333,"Chicago Fed Adjusted National Financial Conditions Index","1971-01-08","2024-10-25","Index","NSA",2024-10-30,"Weekly"," points",0.0535,"ANFCI"
"1765",2004-10-29,"ANFCI",-0.67513,2024-10-31,2024-10-31,-0.67513,"Chicago Fed Adjusted National Financial Conditions Index","1971-01-08","2024-10-25","Index","NSA",2024-10-30,"Weekly"," points",0.05457,"ANFCI"
"1766",2004-11-05,"ANFCI",-0.68126,2024-10-31,2024-10-31,-0.68126,"Chicago Fed Adjusted National Financial Conditions Index","1971-01-08","2024-10-25","Index","NSA",2024-10-30,"Weekly"," points",0.04762,"ANFCI"
"1767",2004-11-12,"ANFCI",-0.69164,2024-10-31,2024-10-31,-0.69164,"Chicago Fed Adjusted National Financial Conditions Index","1971-01-08","2024-10-25","Index","NSA",2024-10-30,"Weekly"," points",0.0324,"ANFCI"
"1768",2004-11-19,"ANFCI",-0.70168,2024-10-31,2024-10-31,-0.70168,"Chicago Fed Adjusted National Financial Conditions Index","1971-01-08","2024-10-25","Index","NSA",2024-10-30,"Weekly"," points",0.01392,"ANFCI"
"1769",2004-11-26,"ANFCI",-0.70901,2024-10-31,2024-10-31,-0.70901,"Chicago Fed Adjusted National Financial Conditions Index","1971-01-08","2024-10-25","Index","NSA",2024-10-30,"Weekly"," points",-0.00443000000000005,"ANFCI"
"1770",2004-12-03,"ANFCI",-0.71197,2024-10-31,2024-10-31,-0.71197,"Chicago Fed Adjusted National Financial Conditions Index","1971-01-08","2024-10-25","Index","NSA",2024-10-30,"Weekly"," points",-0.02051,"ANFCI"
"1771",2004-12-10,"ANFCI",-0.70865,2024-10-31,2024-10-31,-0.70865,"Chicago Fed Adjusted National Financial Conditions Index","1971-01-08","2024-10-25","Index","NSA",2024-10-30,"Weekly"," points",-0.02738,"ANFCI"
"1772",2004-12-17,"ANFCI",-0.69999,2024-10-31,2024-10-31,-0.69999,"Chicago Fed Adjusted National Financial Conditions Index","1971-01-08","2024-10-25","Index","NSA",2024-10-30,"Weekly"," points",-0.02596,"ANFCI"
"1773",2004-12-24,"ANFCI",-0.68945,2024-10-31,2024-10-31,-0.68945,"Chicago Fed Adjusted National Financial Conditions Index","1971-01-08","2024-10-25","Index","NSA",2024-10-30,"Weekly"," points",-0.01888,"ANFCI"
"1774",2004-12-31,"ANFCI",-0.68098,2024-10-31,2024-10-31,-0.68098,"Chicago Fed Adjusted National Financial Conditions Index","1971-01-08","2024-10-25","Index","NSA",2024-10-30,"Weekly"," points",-0.00943000000000005,"ANFCI"
"1775",2005-01-07,"ANFCI",-0.67747,2024-10-31,2024-10-31,-0.67747,"Chicago Fed Adjusted National Financial Conditions Index","1971-01-08","2024-10-25","Index","NSA",2024-10-30,"Weekly"," points",-0.00240000000000007,"ANFCI"
"1776",2005-01-14,"ANFCI",-0.67932,2024-10-31,2024-10-31,-0.67932,"Chicago Fed Adjusted National Financial Conditions Index","1971-01-08","2024-10-25","Index","NSA",2024-10-30,"Weekly"," points",0.00259999999999994,"ANFCI"
"1777",2005-01-21,"ANFCI",-0.68636,2024-10-31,2024-10-31,-0.68636,"Chicago Fed Adjusted National Financial Conditions Index","1971-01-08","2024-10-25","Index","NSA",2024-10-30,"Weekly"," points",0.00516000000000005,"ANFCI"
"1778",2005-01-28,"ANFCI",-0.698,2024-10-31,2024-10-31,-0.698,"Chicago Fed Adjusted National Financial Conditions Index","1971-01-08","2024-10-25","Index","NSA",2024-10-30,"Weekly"," points",0.00613000000000008,"ANFCI"
"1779",2005-02-04,"ANFCI",-0.71149,2024-10-31,2024-10-31,-0.71149,"Chicago Fed Adjusted National Financial Conditions Index","1971-01-08","2024-10-25","Index","NSA",2024-10-30,"Weekly"," points",0.00673000000000001,"ANFCI"
"1780",2005-02-11,"ANFCI",-0.72265,2024-10-31,2024-10-31,-0.72265,"Chicago Fed Adjusted National Financial Conditions Index","1971-01-08","2024-10-25","Index","NSA",2024-10-30,"Weekly"," points",0.01005,"ANFCI"
"1781",2005-02-18,"ANFCI",-0.727,2024-10-31,2024-10-31,-0.727,"Chicago Fed Adjusted National Financial Conditions Index","1971-01-08","2024-10-25","Index","NSA",2024-10-30,"Weekly"," points",0.0174800000000001,"ANFCI"
"1782",2005-02-25,"ANFCI",-0.72251,2024-10-31,2024-10-31,-0.72251,"Chicago Fed Adjusted National Financial Conditions Index","1971-01-08","2024-10-25","Index","NSA",2024-10-30,"Weekly"," points",0.02871,"ANFCI"
"1783",2005-03-04,"ANFCI",-0.7063,2024-10-31,2024-10-31,-0.7063,"Chicago Fed Adjusted National Financial Conditions Index","1971-01-08","2024-10-25","Index","NSA",2024-10-30,"Weekly"," points",0.04731,"ANFCI"
"1784",2005-03-11,"ANFCI",-0.68092,2024-10-31,2024-10-31,-0.68092,"Chicago Fed Adjusted National Financial Conditions Index","1971-01-08","2024-10-25","Index","NSA",2024-10-30,"Weekly"," points",0.07365,"ANFCI"
"1785",2005-03-18,"ANFCI",-0.64907,2024-10-31,2024-10-31,-0.64907,"Chicago Fed Adjusted National Financial Conditions Index","1971-01-08","2024-10-25","Index","NSA",2024-10-30,"Weekly"," points",0.10726,"ANFCI"
"1786",2005-03-25,"ANFCI",-0.61698,2024-10-31,2024-10-31,-0.61698,"Chicago Fed Adjusted National Financial Conditions Index","1971-01-08","2024-10-25","Index","NSA",2024-10-30,"Weekly"," points",0.14362,"ANFCI"
"1787",2005-04-01,"ANFCI",-0.58875,2024-10-31,2024-10-31,-0.58875,"Chicago Fed Adjusted National Financial Conditions Index","1971-01-08","2024-10-25","Index","NSA",2024-10-30,"Weekly"," points",0.17781,"ANFCI"
"1788",2005-04-08,"ANFCI",-0.56844,2024-10-31,2024-10-31,-0.56844,"Chicago Fed Adjusted National Financial Conditions Index","1971-01-08","2024-10-25","Index","NSA",2024-10-30,"Weekly"," points",0.20124,"ANFCI"
"1789",2005-04-15,"ANFCI",-0.55739,2024-10-31,2024-10-31,-0.55739,"Chicago Fed Adjusted National Financial Conditions Index","1971-01-08","2024-10-25","Index","NSA",2024-10-30,"Weekly"," points",0.20664,"ANFCI"
"1790",2005-04-22,"ANFCI",-0.55491,2024-10-31,2024-10-31,-0.55491,"Chicago Fed Adjusted National Financial Conditions Index","1971-01-08","2024-10-25","Index","NSA",2024-10-30,"Weekly"," points",0.19304,"ANFCI"
"1791",2005-04-29,"ANFCI",-0.55648,2024-10-31,2024-10-31,-0.55648,"Chicago Fed Adjusted National Financial Conditions Index","1971-01-08","2024-10-25","Index","NSA",2024-10-30,"Weekly"," points",0.16859,"ANFCI"
"1792",2005-05-06,"ANFCI",-0.56005,2024-10-31,2024-10-31,-0.56005,"Chicago Fed Adjusted National Financial Conditions Index","1971-01-08","2024-10-25","Index","NSA",2024-10-30,"Weekly"," points",0.14183,"ANFCI"
"1793",2005-05-13,"ANFCI",-0.56048,2024-10-31,2024-10-31,-0.56048,"Chicago Fed Adjusted National Financial Conditions Index","1971-01-08","2024-10-25","Index","NSA",2024-10-30,"Weekly"," points",0.12593,"ANFCI"
"1794",2005-05-20,"ANFCI",-0.55773,2024-10-31,2024-10-31,-0.55773,"Chicago Fed Adjusted National Financial Conditions Index","1971-01-08","2024-10-25","Index","NSA",2024-10-30,"Weekly"," points",0.12514,"ANFCI"
"1795",2005-05-27,"ANFCI",-0.55211,2024-10-31,2024-10-31,-0.55211,"Chicago Fed Adjusted National Financial Conditions Index","1971-01-08","2024-10-25","Index","NSA",2024-10-30,"Weekly"," points",0.13735,"ANFCI"
"1796",2005-06-03,"ANFCI",-0.54177,2024-10-31,2024-10-31,-0.54177,"Chicago Fed Adjusted National Financial Conditions Index","1971-01-08","2024-10-25","Index","NSA",2024-10-30,"Weekly"," points",0.16017,"ANFCI"
"1797",2005-06-10,"ANFCI",-0.5314,2024-10-31,2024-10-31,-0.5314,"Chicago Fed Adjusted National Financial Conditions Index","1971-01-08","2024-10-25","Index","NSA",2024-10-30,"Weekly"," points",0.17828,"ANFCI"
"1798",2005-06-17,"ANFCI",-0.52184,2024-10-31,2024-10-31,-0.52184,"Chicago Fed Adjusted National Financial Conditions Index","1971-01-08","2024-10-25","Index","NSA",2024-10-30,"Weekly"," points",0.18794,"ANFCI"
"1799",2005-06-24,"ANFCI",-0.51709,2024-10-31,2024-10-31,-0.51709,"Chicago Fed Adjusted National Financial Conditions Index","1971-01-08","2024-10-25","Index","NSA",2024-10-30,"Weekly"," points",0.18728,"ANFCI"
"1800",2005-07-01,"ANFCI",-0.51791,2024-10-31,2024-10-31,-0.51791,"Chicago Fed Adjusted National Financial Conditions Index","1971-01-08","2024-10-25","Index","NSA",2024-10-30,"Weekly"," points",0.17905,"ANFCI"
"1801",2005-07-08,"ANFCI",-0.52372,2024-10-31,2024-10-31,-0.52372,"Chicago Fed Adjusted National Financial Conditions Index","1971-01-08","2024-10-25","Index","NSA",2024-10-30,"Weekly"," points",0.16946,"ANFCI"
"1802",2005-07-15,"ANFCI",-0.53345,2024-10-31,2024-10-31,-0.53345,"Chicago Fed Adjusted National Financial Conditions Index","1971-01-08","2024-10-25","Index","NSA",2024-10-30,"Weekly"," points",0.16199,"ANFCI"
"1803",2005-07-22,"ANFCI",-0.54228,2024-10-31,2024-10-31,-0.54228,"Chicago Fed Adjusted National Financial Conditions Index","1971-01-08","2024-10-25","Index","NSA",2024-10-30,"Weekly"," points",0.16198,"ANFCI"
"1804",2005-07-29,"ANFCI",-0.54765,2024-10-31,2024-10-31,-0.54765,"Chicago Fed Adjusted National Financial Conditions Index","1971-01-08","2024-10-25","Index","NSA",2024-10-30,"Weekly"," points",0.16942,"ANFCI"
"1805",2005-08-05,"ANFCI",-0.54763,2024-10-31,2024-10-31,-0.54763,"Chicago Fed Adjusted National Financial Conditions Index","1971-01-08","2024-10-25","Index","NSA",2024-10-30,"Weekly"," points",0.18119,"ANFCI"
"1806",2005-08-12,"ANFCI",-0.54438,2024-10-31,2024-10-31,-0.54438,"Chicago Fed Adjusted National Financial Conditions Index","1971-01-08","2024-10-25","Index","NSA",2024-10-30,"Weekly"," points",0.19275,"ANFCI"
"1807",2005-08-19,"ANFCI",-0.53641,2024-10-31,2024-10-31,-0.53641,"Chicago Fed Adjusted National Financial Conditions Index","1971-01-08","2024-10-25","Index","NSA",2024-10-30,"Weekly"," points",0.20425,"ANFCI"
"1808",2005-08-26,"ANFCI",-0.52484,2024-10-31,2024-10-31,-0.52484,"Chicago Fed Adjusted National Financial Conditions Index","1971-01-08","2024-10-25","Index","NSA",2024-10-30,"Weekly"," points",0.21474,"ANFCI"
"1809",2005-09-02,"ANFCI",-0.50961,2024-10-31,2024-10-31,-0.50961,"Chicago Fed Adjusted National Financial Conditions Index","1971-01-08","2024-10-25","Index","NSA",2024-10-30,"Weekly"," points",0.22386,"ANFCI"
"1810",2005-09-09,"ANFCI",-0.49286,2024-10-31,2024-10-31,-0.49286,"Chicago Fed Adjusted National Financial Conditions Index","1971-01-08","2024-10-25","Index","NSA",2024-10-30,"Weekly"," points",0.23284,"ANFCI"
"1811",2005-09-16,"ANFCI",-0.47616,2024-10-31,2024-10-31,-0.47616,"Chicago Fed Adjusted National Financial Conditions Index","1971-01-08","2024-10-25","Index","NSA",2024-10-30,"Weekly"," points",0.24003,"ANFCI"
"1812",2005-09-23,"ANFCI",-0.46682,2024-10-31,2024-10-31,-0.46682,"Chicago Fed Adjusted National Financial Conditions Index","1971-01-08","2024-10-25","Index","NSA",2024-10-30,"Weekly"," points",0.23852,"ANFCI"
"1813",2005-09-30,"ANFCI",-0.46985,2024-10-31,2024-10-31,-0.46985,"Chicago Fed Adjusted National Financial Conditions Index","1971-01-08","2024-10-25","Index","NSA",2024-10-30,"Weekly"," points",0.22381,"ANFCI"
"1814",2005-10-07,"ANFCI",-0.49131,2024-10-31,2024-10-31,-0.49131,"Chicago Fed Adjusted National Financial Conditions Index","1971-01-08","2024-10-25","Index","NSA",2024-10-30,"Weekly"," points",0.1919,"ANFCI"
"1815",2005-10-14,"ANFCI",-0.52465,2024-10-31,2024-10-31,-0.52465,"Chicago Fed Adjusted National Financial Conditions Index","1971-01-08","2024-10-25","Index","NSA",2024-10-30,"Weekly"," points",0.15101,"ANFCI"
"1816",2005-10-21,"ANFCI",-0.56266,2024-10-31,2024-10-31,-0.56266,"Chicago Fed Adjusted National Financial Conditions Index","1971-01-08","2024-10-25","Index","NSA",2024-10-30,"Weekly"," points",0.11067,"ANFCI"
"1817",2005-10-28,"ANFCI",-0.59577,2024-10-31,2024-10-31,-0.59577,"Chicago Fed Adjusted National Financial Conditions Index","1971-01-08","2024-10-25","Index","NSA",2024-10-30,"Weekly"," points",0.07936,"ANFCI"
"1818",2005-11-04,"ANFCI",-0.61516,2024-10-31,2024-10-31,-0.61516,"Chicago Fed Adjusted National Financial Conditions Index","1971-01-08","2024-10-25","Index","NSA",2024-10-30,"Weekly"," points",0.0660999999999999,"ANFCI"
"1819",2005-11-11,"ANFCI",-0.61754,2024-10-31,2024-10-31,-0.61754,"Chicago Fed Adjusted National Financial Conditions Index","1971-01-08","2024-10-25","Index","NSA",2024-10-30,"Weekly"," points",0.0741000000000001,"ANFCI"
"1820",2005-11-18,"ANFCI",-0.60219,2024-10-31,2024-10-31,-0.60219,"Chicago Fed Adjusted National Financial Conditions Index","1971-01-08","2024-10-25","Index","NSA",2024-10-30,"Weekly"," points",0.09949,"ANFCI"
"1821",2005-11-25,"ANFCI",-0.57376,2024-10-31,2024-10-31,-0.57376,"Chicago Fed Adjusted National Financial Conditions Index","1971-01-08","2024-10-25","Index","NSA",2024-10-30,"Weekly"," points",0.13525,"ANFCI"
"1822",2005-12-02,"ANFCI",-0.53738,2024-10-31,2024-10-31,-0.53738,"Chicago Fed Adjusted National Financial Conditions Index","1971-01-08","2024-10-25","Index","NSA",2024-10-30,"Weekly"," points",0.17459,"ANFCI"
"1823",2005-12-09,"ANFCI",-0.49777,2024-10-31,2024-10-31,-0.49777,"Chicago Fed Adjusted National Financial Conditions Index","1971-01-08","2024-10-25","Index","NSA",2024-10-30,"Weekly"," points",0.21088,"ANFCI"
"1824",2005-12-16,"ANFCI",-0.46078,2024-10-31,2024-10-31,-0.46078,"Chicago Fed Adjusted National Financial Conditions Index","1971-01-08","2024-10-25","Index","NSA",2024-10-30,"Weekly"," points",0.23921,"ANFCI"
"1825",2005-12-23,"ANFCI",-0.4333,2024-10-31,2024-10-31,-0.4333,"Chicago Fed Adjusted National Financial Conditions Index","1971-01-08","2024-10-25","Index","NSA",2024-10-30,"Weekly"," points",0.25615,"ANFCI"
"1826",2005-12-30,"ANFCI",-0.41525,2024-10-31,2024-10-31,-0.41525,"Chicago Fed Adjusted National Financial Conditions Index","1971-01-08","2024-10-25","Index","NSA",2024-10-30,"Weekly"," points",0.26573,"ANFCI"
"1827",2006-01-06,"ANFCI",-0.41172,2024-10-31,2024-10-31,-0.41172,"Chicago Fed Adjusted National Financial Conditions Index","1971-01-08","2024-10-25","Index","NSA",2024-10-30,"Weekly"," points",0.26575,"ANFCI"
"1828",2006-01-13,"ANFCI",-0.41986,2024-10-31,2024-10-31,-0.41986,"Chicago Fed Adjusted National Financial Conditions Index","1971-01-08","2024-10-25","Index","NSA",2024-10-30,"Weekly"," points",0.25946,"ANFCI"
"1829",2006-01-20,"ANFCI",-0.43286,2024-10-31,2024-10-31,-0.43286,"Chicago Fed Adjusted National Financial Conditions Index","1971-01-08","2024-10-25","Index","NSA",2024-10-30,"Weekly"," points",0.2535,"ANFCI"
"1830",2006-01-27,"ANFCI",-0.44825,2024-10-31,2024-10-31,-0.44825,"Chicago Fed Adjusted National Financial Conditions Index","1971-01-08","2024-10-25","Index","NSA",2024-10-30,"Weekly"," points",0.24975,"ANFCI"
"1831",2006-02-03,"ANFCI",-0.45985,2024-10-31,2024-10-31,-0.45985,"Chicago Fed Adjusted National Financial Conditions Index","1971-01-08","2024-10-25","Index","NSA",2024-10-30,"Weekly"," points",0.25164,"ANFCI"
"1832",2006-02-10,"ANFCI",-0.46778,2024-10-31,2024-10-31,-0.46778,"Chicago Fed Adjusted National Financial Conditions Index","1971-01-08","2024-10-25","Index","NSA",2024-10-30,"Weekly"," points",0.25487,"ANFCI"
"1833",2006-02-17,"ANFCI",-0.47256,2024-10-31,2024-10-31,-0.47256,"Chicago Fed Adjusted National Financial Conditions Index","1971-01-08","2024-10-25","Index","NSA",2024-10-30,"Weekly"," points",0.25444,"ANFCI"
"1834",2006-02-24,"ANFCI",-0.47465,2024-10-31,2024-10-31,-0.47465,"Chicago Fed Adjusted National Financial Conditions Index","1971-01-08","2024-10-25","Index","NSA",2024-10-30,"Weekly"," points",0.24786,"ANFCI"
"1835",2006-03-03,"ANFCI",-0.47435,2024-10-31,2024-10-31,-0.47435,"Chicago Fed Adjusted National Financial Conditions Index","1971-01-08","2024-10-25","Index","NSA",2024-10-30,"Weekly"," points",0.23195,"ANFCI"
"1836",2006-03-10,"ANFCI",-0.47177,2024-10-31,2024-10-31,-0.47177,"Chicago Fed Adjusted National Financial Conditions Index","1971-01-08","2024-10-25","Index","NSA",2024-10-30,"Weekly"," points",0.20915,"ANFCI"
"1837",2006-03-17,"ANFCI",-0.46798,2024-10-31,2024-10-31,-0.46798,"Chicago Fed Adjusted National Financial Conditions Index","1971-01-08","2024-10-25","Index","NSA",2024-10-30,"Weekly"," points",0.18109,"ANFCI"
"1838",2006-03-24,"ANFCI",-0.46368,2024-10-31,2024-10-31,-0.46368,"Chicago Fed Adjusted National Financial Conditions Index","1971-01-08","2024-10-25","Index","NSA",2024-10-30,"Weekly"," points",0.1533,"ANFCI"
"1839",2006-03-31,"ANFCI",-0.45808,2024-10-31,2024-10-31,-0.45808,"Chicago Fed Adjusted National Financial Conditions Index","1971-01-08","2024-10-25","Index","NSA",2024-10-30,"Weekly"," points",0.13067,"ANFCI"
"1840",2006-04-07,"ANFCI",-0.45578,2024-10-31,2024-10-31,-0.45578,"Chicago Fed Adjusted National Financial Conditions Index","1971-01-08","2024-10-25","Index","NSA",2024-10-30,"Weekly"," points",0.11266,"ANFCI"
"1841",2006-04-14,"ANFCI",-0.45448,2024-10-31,2024-10-31,-0.45448,"Chicago Fed Adjusted National Financial Conditions Index","1971-01-08","2024-10-25","Index","NSA",2024-10-30,"Weekly"," points",0.10291,"ANFCI"
"1842",2006-04-21,"ANFCI",-0.45577,2024-10-31,2024-10-31,-0.45577,"Chicago Fed Adjusted National Financial Conditions Index","1971-01-08","2024-10-25","Index","NSA",2024-10-30,"Weekly"," points",0.09914,"ANFCI"
"1843",2006-04-28,"ANFCI",-0.45719,2024-10-31,2024-10-31,-0.45719,"Chicago Fed Adjusted National Financial Conditions Index","1971-01-08","2024-10-25","Index","NSA",2024-10-30,"Weekly"," points",0.09929,"ANFCI"
"1844",2006-05-05,"ANFCI",-0.45463,2024-10-31,2024-10-31,-0.45463,"Chicago Fed Adjusted National Financial Conditions Index","1971-01-08","2024-10-25","Index","NSA",2024-10-30,"Weekly"," points",0.10542,"ANFCI"
"1845",2006-05-12,"ANFCI",-0.44915,2024-10-31,2024-10-31,-0.44915,"Chicago Fed Adjusted National Financial Conditions Index","1971-01-08","2024-10-25","Index","NSA",2024-10-30,"Weekly"," points",0.11133,"ANFCI"
"1846",2006-05-19,"ANFCI",-0.43647,2024-10-31,2024-10-31,-0.43647,"Chicago Fed Adjusted National Financial Conditions Index","1971-01-08","2024-10-25","Index","NSA",2024-10-30,"Weekly"," points",0.12126,"ANFCI"
"1847",2006-05-26,"ANFCI",-0.41924,2024-10-31,2024-10-31,-0.41924,"Chicago Fed Adjusted National Financial Conditions Index","1971-01-08","2024-10-25","Index","NSA",2024-10-30,"Weekly"," points",0.13287,"ANFCI"
"1848",2006-06-02,"ANFCI",-0.39921,2024-10-31,2024-10-31,-0.39921,"Chicago Fed Adjusted National Financial Conditions Index","1971-01-08","2024-10-25","Index","NSA",2024-10-30,"Weekly"," points",0.14256,"ANFCI"
"1849",2006-06-09,"ANFCI",-0.37949,2024-10-31,2024-10-31,-0.37949,"Chicago Fed Adjusted National Financial Conditions Index","1971-01-08","2024-10-25","Index","NSA",2024-10-30,"Weekly"," points",0.15191,"ANFCI"
"1850",2006-06-16,"ANFCI",-0.36096,2024-10-31,2024-10-31,-0.36096,"Chicago Fed Adjusted National Financial Conditions Index","1971-01-08","2024-10-25","Index","NSA",2024-10-30,"Weekly"," points",0.16088,"ANFCI"
"1851",2006-06-23,"ANFCI",-0.34839,2024-10-31,2024-10-31,-0.34839,"Chicago Fed Adjusted National Financial Conditions Index","1971-01-08","2024-10-25","Index","NSA",2024-10-30,"Weekly"," points",0.1687,"ANFCI"
"1852",2006-06-30,"ANFCI",-0.34481,2024-10-31,2024-10-31,-0.34481,"Chicago Fed Adjusted National Financial Conditions Index","1971-01-08","2024-10-25","Index","NSA",2024-10-30,"Weekly"," points",0.1731,"ANFCI"
"1853",2006-07-07,"ANFCI",-0.35074,2024-10-31,2024-10-31,-0.35074,"Chicago Fed Adjusted National Financial Conditions Index","1971-01-08","2024-10-25","Index","NSA",2024-10-30,"Weekly"," points",0.17298,"ANFCI"
"1854",2006-07-14,"ANFCI",-0.36547,2024-10-31,2024-10-31,-0.36547,"Chicago Fed Adjusted National Financial Conditions Index","1971-01-08","2024-10-25","Index","NSA",2024-10-30,"Weekly"," points",0.16798,"ANFCI"
"1855",2006-07-21,"ANFCI",-0.38812,2024-10-31,2024-10-31,-0.38812,"Chicago Fed Adjusted National Financial Conditions Index","1971-01-08","2024-10-25","Index","NSA",2024-10-30,"Weekly"," points",0.15416,"ANFCI"
"1856",2006-07-28,"ANFCI",-0.41552,2024-10-31,2024-10-31,-0.41552,"Chicago Fed Adjusted National Financial Conditions Index","1971-01-08","2024-10-25","Index","NSA",2024-10-30,"Weekly"," points",0.13213,"ANFCI"
"1857",2006-08-04,"ANFCI",-0.44258,2024-10-31,2024-10-31,-0.44258,"Chicago Fed Adjusted National Financial Conditions Index","1971-01-08","2024-10-25","Index","NSA",2024-10-30,"Weekly"," points",0.10505,"ANFCI"
"1858",2006-08-11,"ANFCI",-0.46602,2024-10-31,2024-10-31,-0.46602,"Chicago Fed Adjusted National Financial Conditions Index","1971-01-08","2024-10-25","Index","NSA",2024-10-30,"Weekly"," points",0.07836,"ANFCI"
"1859",2006-08-18,"ANFCI",-0.48112,2024-10-31,2024-10-31,-0.48112,"Chicago Fed Adjusted National Financial Conditions Index","1971-01-08","2024-10-25","Index","NSA",2024-10-30,"Weekly"," points",0.0552900000000001,"ANFCI"
"1860",2006-08-25,"ANFCI",-0.48569,2024-10-31,2024-10-31,-0.48569,"Chicago Fed Adjusted National Financial Conditions Index","1971-01-08","2024-10-25","Index","NSA",2024-10-30,"Weekly"," points",0.03915,"ANFCI"
"1861",2006-09-01,"ANFCI",-0.4799,2024-10-31,2024-10-31,-0.4799,"Chicago Fed Adjusted National Financial Conditions Index","1971-01-08","2024-10-25","Index","NSA",2024-10-30,"Weekly"," points",0.02971,"ANFCI"
"1862",2006-09-08,"ANFCI",-0.46792,2024-10-31,2024-10-31,-0.46792,"Chicago Fed Adjusted National Financial Conditions Index","1971-01-08","2024-10-25","Index","NSA",2024-10-30,"Weekly"," points",0.02494,"ANFCI"
"1863",2006-09-15,"ANFCI",-0.45522,2024-10-31,2024-10-31,-0.45522,"Chicago Fed Adjusted National Financial Conditions Index","1971-01-08","2024-10-25","Index","NSA",2024-10-30,"Weekly"," points",0.02094,"ANFCI"
"1864",2006-09-22,"ANFCI",-0.44817,2024-10-31,2024-10-31,-0.44817,"Chicago Fed Adjusted National Financial Conditions Index","1971-01-08","2024-10-25","Index","NSA",2024-10-30,"Weekly"," points",0.01865,"ANFCI"
"1865",2006-09-29,"ANFCI",-0.44947,2024-10-31,2024-10-31,-0.44947,"Chicago Fed Adjusted National Financial Conditions Index","1971-01-08","2024-10-25","Index","NSA",2024-10-30,"Weekly"," points",0.02038,"ANFCI"
"1866",2006-10-06,"ANFCI",-0.45989,2024-10-31,2024-10-31,-0.45989,"Chicago Fed Adjusted National Financial Conditions Index","1971-01-08","2024-10-25","Index","NSA",2024-10-30,"Weekly"," points",0.03142,"ANFCI"
"1867",2006-10-13,"ANFCI",-0.47635,2024-10-31,2024-10-31,-0.47635,"Chicago Fed Adjusted National Financial Conditions Index","1971-01-08","2024-10-25","Index","NSA",2024-10-30,"Weekly"," points",0.0483,"ANFCI"
"1868",2006-10-20,"ANFCI",-0.49163,2024-10-31,2024-10-31,-0.49163,"Chicago Fed Adjusted National Financial Conditions Index","1971-01-08","2024-10-25","Index","NSA",2024-10-30,"Weekly"," points",0.07103,"ANFCI"
"1869",2006-10-27,"ANFCI",-0.50079,2024-10-31,2024-10-31,-0.50079,"Chicago Fed Adjusted National Financial Conditions Index","1971-01-08","2024-10-25","Index","NSA",2024-10-30,"Weekly"," points",0.0949800000000001,"ANFCI"
"1870",2006-11-03,"ANFCI",-0.49779,2024-10-31,2024-10-31,-0.49779,"Chicago Fed Adjusted National Financial Conditions Index","1971-01-08","2024-10-25","Index","NSA",2024-10-30,"Weekly"," points",0.11737,"ANFCI"
"1871",2006-11-10,"ANFCI",-0.48416,2024-10-31,2024-10-31,-0.48416,"Chicago Fed Adjusted National Financial Conditions Index","1971-01-08","2024-10-25","Index","NSA",2024-10-30,"Weekly"," points",0.13338,"ANFCI"
"1872",2006-11-17,"ANFCI",-0.45759,2024-10-31,2024-10-31,-0.45759,"Chicago Fed Adjusted National Financial Conditions Index","1971-01-08","2024-10-25","Index","NSA",2024-10-30,"Weekly"," points",0.1446,"ANFCI"
"1873",2006-11-24,"ANFCI",-0.4213,2024-10-31,2024-10-31,-0.4213,"Chicago Fed Adjusted National Financial Conditions Index","1971-01-08","2024-10-25","Index","NSA",2024-10-30,"Weekly"," points",0.15246,"ANFCI"
"1874",2006-12-01,"ANFCI",-0.38094,2024-10-31,2024-10-31,-0.38094,"Chicago Fed Adjusted National Financial Conditions Index","1971-01-08","2024-10-25","Index","NSA",2024-10-30,"Weekly"," points",0.15644,"ANFCI"
"1875",2006-12-08,"ANFCI",-0.3438,2024-10-31,2024-10-31,-0.3438,"Chicago Fed Adjusted National Financial Conditions Index","1971-01-08","2024-10-25","Index","NSA",2024-10-30,"Weekly"," points",0.15397,"ANFCI"
"1876",2006-12-15,"ANFCI",-0.3204,2024-10-31,2024-10-31,-0.3204,"Chicago Fed Adjusted National Financial Conditions Index","1971-01-08","2024-10-25","Index","NSA",2024-10-30,"Weekly"," points",0.14038,"ANFCI"
"1877",2006-12-22,"ANFCI",-0.31437,2024-10-31,2024-10-31,-0.31437,"Chicago Fed Adjusted National Financial Conditions Index","1971-01-08","2024-10-25","Index","NSA",2024-10-30,"Weekly"," points",0.11893,"ANFCI"
"1878",2006-12-29,"ANFCI",-0.32499,2024-10-31,2024-10-31,-0.32499,"Chicago Fed Adjusted National Financial Conditions Index","1971-01-08","2024-10-25","Index","NSA",2024-10-30,"Weekly"," points",0.09026,"ANFCI"
"1879",2007-01-05,"ANFCI",-0.35067,2024-10-31,2024-10-31,-0.35067,"Chicago Fed Adjusted National Financial Conditions Index","1971-01-08","2024-10-25","Index","NSA",2024-10-30,"Weekly"," points",0.06105,"ANFCI"
"1880",2007-01-12,"ANFCI",-0.38316,2024-10-31,2024-10-31,-0.38316,"Chicago Fed Adjusted National Financial Conditions Index","1971-01-08","2024-10-25","Index","NSA",2024-10-30,"Weekly"," points",0.0367,"ANFCI"
"1881",2007-01-19,"ANFCI",-0.41739,2024-10-31,2024-10-31,-0.41739,"Chicago Fed Adjusted National Financial Conditions Index","1971-01-08","2024-10-25","Index","NSA",2024-10-30,"Weekly"," points",0.01547,"ANFCI"
"1882",2007-01-26,"ANFCI",-0.44961,2024-10-31,2024-10-31,-0.44961,"Chicago Fed Adjusted National Financial Conditions Index","1971-01-08","2024-10-25","Index","NSA",2024-10-30,"Weekly"," points",-0.00136000000000003,"ANFCI"
"1883",2007-02-02,"ANFCI",-0.47568,2024-10-31,2024-10-31,-0.47568,"Chicago Fed Adjusted National Financial Conditions Index","1971-01-08","2024-10-25","Index","NSA",2024-10-30,"Weekly"," points",-0.01583,"ANFCI"
"1884",2007-02-09,"ANFCI",-0.49485,2024-10-31,2024-10-31,-0.49485,"Chicago Fed Adjusted National Financial Conditions Index","1971-01-08","2024-10-25","Index","NSA",2024-10-30,"Weekly"," points",-0.02707,"ANFCI"
"1885",2007-02-16,"ANFCI",-0.50094,2024-10-31,2024-10-31,-0.50094,"Chicago Fed Adjusted National Financial Conditions Index","1971-01-08","2024-10-25","Index","NSA",2024-10-30,"Weekly"," points",-0.0283800000000001,"ANFCI"
"1886",2007-02-23,"ANFCI",-0.49377,2024-10-31,2024-10-31,-0.49377,"Chicago Fed Adjusted National Financial Conditions Index","1971-01-08","2024-10-25","Index","NSA",2024-10-30,"Weekly"," points",-0.01912,"ANFCI"
"1887",2007-03-02,"ANFCI",-0.47429,2024-10-31,2024-10-31,-0.47429,"Chicago Fed Adjusted National Financial Conditions Index","1971-01-08","2024-10-25","Index","NSA",2024-10-30,"Weekly"," points",6.00000000000045e-05,"ANFCI"
"1888",2007-03-09,"ANFCI",-0.45271,2024-10-31,2024-10-31,-0.45271,"Chicago Fed Adjusted National Financial Conditions Index","1971-01-08","2024-10-25","Index","NSA",2024-10-30,"Weekly"," points",0.01906,"ANFCI"
"1889",2007-03-16,"ANFCI",-0.43422,2024-10-31,2024-10-31,-0.43422,"Chicago Fed Adjusted National Financial Conditions Index","1971-01-08","2024-10-25","Index","NSA",2024-10-30,"Weekly"," points",0.03376,"ANFCI"
"1890",2007-03-23,"ANFCI",-0.42598,2024-10-31,2024-10-31,-0.42598,"Chicago Fed Adjusted National Financial Conditions Index","1971-01-08","2024-10-25","Index","NSA",2024-10-30,"Weekly"," points",0.0377,"ANFCI"
"1891",2007-03-30,"ANFCI",-0.42638,2024-10-31,2024-10-31,-0.42638,"Chicago Fed Adjusted National Financial Conditions Index","1971-01-08","2024-10-25","Index","NSA",2024-10-30,"Weekly"," points",0.0317,"ANFCI"
"1892",2007-04-06,"ANFCI",-0.43101,2024-10-31,2024-10-31,-0.43101,"Chicago Fed Adjusted National Financial Conditions Index","1971-01-08","2024-10-25","Index","NSA",2024-10-30,"Weekly"," points",0.02477,"ANFCI"
"1893",2007-04-13,"ANFCI",-0.42945,2024-10-31,2024-10-31,-0.42945,"Chicago Fed Adjusted National Financial Conditions Index","1971-01-08","2024-10-25","Index","NSA",2024-10-30,"Weekly"," points",0.02503,"ANFCI"
"1894",2007-04-20,"ANFCI",-0.41751,2024-10-31,2024-10-31,-0.41751,"Chicago Fed Adjusted National Financial Conditions Index","1971-01-08","2024-10-25","Index","NSA",2024-10-30,"Weekly"," points",0.03826,"ANFCI"
"1895",2007-04-27,"ANFCI",-0.39553,2024-10-31,2024-10-31,-0.39553,"Chicago Fed Adjusted National Financial Conditions Index","1971-01-08","2024-10-25","Index","NSA",2024-10-30,"Weekly"," points",0.06166,"ANFCI"
"1896",2007-05-04,"ANFCI",-0.36923,2024-10-31,2024-10-31,-0.36923,"Chicago Fed Adjusted National Financial Conditions Index","1971-01-08","2024-10-25","Index","NSA",2024-10-30,"Weekly"," points",0.0854,"ANFCI"
"1897",2007-05-11,"ANFCI",-0.34802,2024-10-31,2024-10-31,-0.34802,"Chicago Fed Adjusted National Financial Conditions Index","1971-01-08","2024-10-25","Index","NSA",2024-10-30,"Weekly"," points",0.10113,"ANFCI"
"1898",2007-05-18,"ANFCI",-0.33154,2024-10-31,2024-10-31,-0.33154,"Chicago Fed Adjusted National Financial Conditions Index","1971-01-08","2024-10-25","Index","NSA",2024-10-30,"Weekly"," points",0.10493,"ANFCI"
"1899",2007-05-25,"ANFCI",-0.31485,2024-10-31,2024-10-31,-0.31485,"Chicago Fed Adjusted National Financial Conditions Index","1971-01-08","2024-10-25","Index","NSA",2024-10-30,"Weekly"," points",0.10439,"ANFCI"
"1900",2007-06-01,"ANFCI",-0.29085,2024-10-31,2024-10-31,-0.29085,"Chicago Fed Adjusted National Financial Conditions Index","1971-01-08","2024-10-25","Index","NSA",2024-10-30,"Weekly"," points",0.10836,"ANFCI"
"1901",2007-06-08,"ANFCI",-0.26007,2024-10-31,2024-10-31,-0.26007,"Chicago Fed Adjusted National Financial Conditions Index","1971-01-08","2024-10-25","Index","NSA",2024-10-30,"Weekly"," points",0.11942,"ANFCI"
"1902",2007-06-15,"ANFCI",-0.22399,2024-10-31,2024-10-31,-0.22399,"Chicago Fed Adjusted National Financial Conditions Index","1971-01-08","2024-10-25","Index","NSA",2024-10-30,"Weekly"," points",0.13697,"ANFCI"
"1903",2007-06-22,"ANFCI",-0.19969,2024-10-31,2024-10-31,-0.19969,"Chicago Fed Adjusted National Financial Conditions Index","1971-01-08","2024-10-25","Index","NSA",2024-10-30,"Weekly"," points",0.1487,"ANFCI"
"1904",2007-06-29,"ANFCI",-0.20085,2024-10-31,2024-10-31,-0.20085,"Chicago Fed Adjusted National Financial Conditions Index","1971-01-08","2024-10-25","Index","NSA",2024-10-30,"Weekly"," points",0.14396,"ANFCI"
"1905",2007-07-06,"ANFCI",-0.22384,2024-10-31,2024-10-31,-0.22384,"Chicago Fed Adjusted National Financial Conditions Index","1971-01-08","2024-10-25","Index","NSA",2024-10-30,"Weekly"," points",0.1269,"ANFCI"
"1906",2007-07-13,"ANFCI",-0.24147,2024-10-31,2024-10-31,-0.24147,"Chicago Fed Adjusted National Financial Conditions Index","1971-01-08","2024-10-25","Index","NSA",2024-10-30,"Weekly"," points",0.124,"ANFCI"
"1907",2007-07-20,"ANFCI",-0.21461,2024-10-31,2024-10-31,-0.21461,"Chicago Fed Adjusted National Financial Conditions Index","1971-01-08","2024-10-25","Index","NSA",2024-10-30,"Weekly"," points",0.17351,"ANFCI"
"1908",2007-07-27,"ANFCI",-0.09998,2024-10-31,2024-10-31,-0.09998,"Chicago Fed Adjusted National Financial Conditions Index","1971-01-08","2024-10-25","Index","NSA",2024-10-30,"Weekly"," points",0.31554,"ANFCI"
"1909",2007-08-03,"ANFCI",0.11335,2024-10-31,2024-10-31,0.11335,"Chicago Fed Adjusted National Financial Conditions Index","1971-01-08","2024-10-25","Index","NSA",2024-10-30,"Weekly"," points",0.55593,"ANFCI"
"1910",2007-08-10,"ANFCI",0.40182,2024-10-31,2024-10-31,0.40182,"Chicago Fed Adjusted National Financial Conditions Index","1971-01-08","2024-10-25","Index","NSA",2024-10-30,"Weekly"," points",0.86784,"ANFCI"
"1911",2007-08-17,"ANFCI",0.71285,2024-10-31,2024-10-31,0.71285,"Chicago Fed Adjusted National Financial Conditions Index","1971-01-08","2024-10-25","Index","NSA",2024-10-30,"Weekly"," points",1.19397,"ANFCI"
"1912",2007-08-24,"ANFCI",0.96458,2024-10-31,2024-10-31,0.96458,"Chicago Fed Adjusted National Financial Conditions Index","1971-01-08","2024-10-25","Index","NSA",2024-10-30,"Weekly"," points",1.45027,"ANFCI"
"1913",2007-08-31,"ANFCI",1.07869,2024-10-31,2024-10-31,1.07869,"Chicago Fed Adjusted National Financial Conditions Index","1971-01-08","2024-10-25","Index","NSA",2024-10-30,"Weekly"," points",1.55859,"ANFCI"
"1914",2007-09-07,"ANFCI",1.07037,2024-10-31,2024-10-31,1.07037,"Chicago Fed Adjusted National Financial Conditions Index","1971-01-08","2024-10-25","Index","NSA",2024-10-30,"Weekly"," points",1.53829,"ANFCI"
"1915",2007-09-14,"ANFCI",0.95482,2024-10-31,2024-10-31,0.95482,"Chicago Fed Adjusted National Financial Conditions Index","1971-01-08","2024-10-25","Index","NSA",2024-10-30,"Weekly"," points",1.41004,"ANFCI"
"1916",2007-09-21,"ANFCI",0.77244,2024-10-31,2024-10-31,0.77244,"Chicago Fed Adjusted National Financial Conditions Index","1971-01-08","2024-10-25","Index","NSA",2024-10-30,"Weekly"," points",1.22061,"ANFCI"
"1917",2007-09-28,"ANFCI",0.60214,2024-10-31,2024-10-31,0.60214,"Chicago Fed Adjusted National Financial Conditions Index","1971-01-08","2024-10-25","Index","NSA",2024-10-30,"Weekly"," points",1.05161,"ANFCI"
"1918",2007-10-05,"ANFCI",0.46794,2024-10-31,2024-10-31,0.46794,"Chicago Fed Adjusted National Financial Conditions Index","1971-01-08","2024-10-25","Index","NSA",2024-10-30,"Weekly"," points",0.92783,"ANFCI"
"1919",2007-10-12,"ANFCI",0.38682,2024-10-31,2024-10-31,0.38682,"Chicago Fed Adjusted National Financial Conditions Index","1971-01-08","2024-10-25","Index","NSA",2024-10-30,"Weekly"," points",0.86317,"ANFCI"
"1920",2007-10-19,"ANFCI",0.36822,2024-10-31,2024-10-31,0.36822,"Chicago Fed Adjusted National Financial Conditions Index","1971-01-08","2024-10-25","Index","NSA",2024-10-30,"Weekly"," points",0.85985,"ANFCI"
"1921",2007-10-26,"ANFCI",0.4038,2024-10-31,2024-10-31,0.4038,"Chicago Fed Adjusted National Financial Conditions Index","1971-01-08","2024-10-25","Index","NSA",2024-10-30,"Weekly"," points",0.90459,"ANFCI"
"1922",2007-11-02,"ANFCI",0.50037,2024-10-31,2024-10-31,0.50037,"Chicago Fed Adjusted National Financial Conditions Index","1971-01-08","2024-10-25","Index","NSA",2024-10-30,"Weekly"," points",0.99816,"ANFCI"
"1923",2007-11-09,"ANFCI",0.66432,2024-10-31,2024-10-31,0.66432,"Chicago Fed Adjusted National Financial Conditions Index","1971-01-08","2024-10-25","Index","NSA",2024-10-30,"Weekly"," points",1.14848,"ANFCI"
"1924",2007-11-16,"ANFCI",0.87084,2024-10-31,2024-10-31,0.87084,"Chicago Fed Adjusted National Financial Conditions Index","1971-01-08","2024-10-25","Index","NSA",2024-10-30,"Weekly"," points",1.32843,"ANFCI"
"1925",2007-11-23,"ANFCI",1.09302,2024-10-31,2024-10-31,1.09302,"Chicago Fed Adjusted National Financial Conditions Index","1971-01-08","2024-10-25","Index","NSA",2024-10-30,"Weekly"," points",1.51432,"ANFCI"
"1926",2007-11-30,"ANFCI",1.27765,2024-10-31,2024-10-31,1.27765,"Chicago Fed Adjusted National Financial Conditions Index","1971-01-08","2024-10-25","Index","NSA",2024-10-30,"Weekly"," points",1.65859,"ANFCI"
"1927",2007-12-07,"ANFCI",1.37359,2024-10-31,2024-10-31,1.37359,"Chicago Fed Adjusted National Financial Conditions Index","1971-01-08","2024-10-25","Index","NSA",2024-10-30,"Weekly"," points",1.71739,"ANFCI"
"1928",2007-12-14,"ANFCI",1.36979,2024-10-31,2024-10-31,1.36979,"Chicago Fed Adjusted National Financial Conditions Index","1971-01-08","2024-10-25","Index","NSA",2024-10-30,"Weekly"," points",1.69019,"ANFCI"
"1929",2007-12-21,"ANFCI",1.27426,2024-10-31,2024-10-31,1.27426,"Chicago Fed Adjusted National Financial Conditions Index","1971-01-08","2024-10-25","Index","NSA",2024-10-30,"Weekly"," points",1.58863,"ANFCI"
"1930",2007-12-28,"ANFCI",1.12842,2024-10-31,2024-10-31,1.12842,"Chicago Fed Adjusted National Financial Conditions Index","1971-01-08","2024-10-25","Index","NSA",2024-10-30,"Weekly"," points",1.45341,"ANFCI"
"1931",2008-01-04,"ANFCI",1.00036,2024-10-31,2024-10-31,1.00036,"Chicago Fed Adjusted National Financial Conditions Index","1971-01-08","2024-10-25","Index","NSA",2024-10-30,"Weekly"," points",1.35103,"ANFCI"
"1932",2008-01-11,"ANFCI",0.91194,2024-10-31,2024-10-31,0.91194,"Chicago Fed Adjusted National Financial Conditions Index","1971-01-08","2024-10-25","Index","NSA",2024-10-30,"Weekly"," points",1.2951,"ANFCI"
"1933",2008-01-18,"ANFCI",0.87915,2024-10-31,2024-10-31,0.87915,"Chicago Fed Adjusted National Financial Conditions Index","1971-01-08","2024-10-25","Index","NSA",2024-10-30,"Weekly"," points",1.29654,"ANFCI"
"1934",2008-01-25,"ANFCI",0.89228,2024-10-31,2024-10-31,0.89228,"Chicago Fed Adjusted National Financial Conditions Index","1971-01-08","2024-10-25","Index","NSA",2024-10-30,"Weekly"," points",1.34189,"ANFCI"
"1935",2008-02-01,"ANFCI",0.91364,2024-10-31,2024-10-31,0.91364,"Chicago Fed Adjusted National Financial Conditions Index","1971-01-08","2024-10-25","Index","NSA",2024-10-30,"Weekly"," points",1.38932,"ANFCI"
"1936",2008-02-08,"ANFCI",0.96243,2024-10-31,2024-10-31,0.96243,"Chicago Fed Adjusted National Financial Conditions Index","1971-01-08","2024-10-25","Index","NSA",2024-10-30,"Weekly"," points",1.45728,"ANFCI"
"1937",2008-02-15,"ANFCI",1.0504,2024-10-31,2024-10-31,1.0504,"Chicago Fed Adjusted National Financial Conditions Index","1971-01-08","2024-10-25","Index","NSA",2024-10-30,"Weekly"," points",1.55134,"ANFCI"
"1938",2008-02-22,"ANFCI",1.19047,2024-10-31,2024-10-31,1.19047,"Chicago Fed Adjusted National Financial Conditions Index","1971-01-08","2024-10-25","Index","NSA",2024-10-30,"Weekly"," points",1.68424,"ANFCI"
"1939",2008-02-29,"ANFCI",1.37174,2024-10-31,2024-10-31,1.37174,"Chicago Fed Adjusted National Financial Conditions Index","1971-01-08","2024-10-25","Index","NSA",2024-10-30,"Weekly"," points",1.84603,"ANFCI"
"1940",2008-03-07,"ANFCI",1.56025,2024-10-31,2024-10-31,1.56025,"Chicago Fed Adjusted National Financial Conditions Index","1971-01-08","2024-10-25","Index","NSA",2024-10-30,"Weekly"," points",2.01296,"ANFCI"
"1941",2008-03-14,"ANFCI",1.69306,2024-10-31,2024-10-31,1.69306,"Chicago Fed Adjusted National Financial Conditions Index","1971-01-08","2024-10-25","Index","NSA",2024-10-30,"Weekly"," points",2.12728,"ANFCI"
"1942",2008-03-21,"ANFCI",1.73889,2024-10-31,2024-10-31,1.73889,"Chicago Fed Adjusted National Financial Conditions Index","1971-01-08","2024-10-25","Index","NSA",2024-10-30,"Weekly"," points",2.16487,"ANFCI"
"1943",2008-03-28,"ANFCI",1.67553,2024-10-31,2024-10-31,1.67553,"Chicago Fed Adjusted National Financial Conditions Index","1971-01-08","2024-10-25","Index","NSA",2024-10-30,"Weekly"," points",2.10191,"ANFCI"
"1944",2008-04-04,"ANFCI",1.54909,2024-10-31,2024-10-31,1.54909,"Chicago Fed Adjusted National Financial Conditions Index","1971-01-08","2024-10-25","Index","NSA",2024-10-30,"Weekly"," points",1.9801,"ANFCI"
"1945",2008-04-11,"ANFCI",1.40667,2024-10-31,2024-10-31,1.40667,"Chicago Fed Adjusted National Financial Conditions Index","1971-01-08","2024-10-25","Index","NSA",2024-10-30,"Weekly"," points",1.83612,"ANFCI"
"1946",2008-04-18,"ANFCI",1.28085,2024-10-31,2024-10-31,1.28085,"Chicago Fed Adjusted National Financial Conditions Index","1971-01-08","2024-10-25","Index","NSA",2024-10-30,"Weekly"," points",1.69836,"ANFCI"
"1947",2008-04-25,"ANFCI",1.17634,2024-10-31,2024-10-31,1.17634,"Chicago Fed Adjusted National Financial Conditions Index","1971-01-08","2024-10-25","Index","NSA",2024-10-30,"Weekly"," points",1.57187,"ANFCI"
"1948",2008-05-02,"ANFCI",1.08715,2024-10-31,2024-10-31,1.08715,"Chicago Fed Adjusted National Financial Conditions Index","1971-01-08","2024-10-25","Index","NSA",2024-10-30,"Weekly"," points",1.45638,"ANFCI"
"1949",2008-05-09,"ANFCI",1.00616,2024-10-31,2024-10-31,1.00616,"Chicago Fed Adjusted National Financial Conditions Index","1971-01-08","2024-10-25","Index","NSA",2024-10-30,"Weekly"," points",1.35418,"ANFCI"
"1950",2008-05-16,"ANFCI",0.93028,2024-10-31,2024-10-31,0.93028,"Chicago Fed Adjusted National Financial Conditions Index","1971-01-08","2024-10-25","Index","NSA",2024-10-30,"Weekly"," points",1.26182,"ANFCI"
"1951",2008-05-23,"ANFCI",0.87854,2024-10-31,2024-10-31,0.87854,"Chicago Fed Adjusted National Financial Conditions Index","1971-01-08","2024-10-25","Index","NSA",2024-10-30,"Weekly"," points",1.19339,"ANFCI"
"1952",2008-05-30,"ANFCI",0.87278,2024-10-31,2024-10-31,0.87278,"Chicago Fed Adjusted National Financial Conditions Index","1971-01-08","2024-10-25","Index","NSA",2024-10-30,"Weekly"," points",1.16363,"ANFCI"
"1953",2008-06-06,"ANFCI",0.92626,2024-10-31,2024-10-31,0.92626,"Chicago Fed Adjusted National Financial Conditions Index","1971-01-08","2024-10-25","Index","NSA",2024-10-30,"Weekly"," points",1.18633,"ANFCI"
"1954",2008-06-13,"ANFCI",1.01913,2024-10-31,2024-10-31,1.01913,"Chicago Fed Adjusted National Financial Conditions Index","1971-01-08","2024-10-25","Index","NSA",2024-10-30,"Weekly"," points",1.24312,"ANFCI"
"1955",2008-06-20,"ANFCI",1.12479,2024-10-31,2024-10-31,1.12479,"Chicago Fed Adjusted National Financial Conditions Index","1971-01-08","2024-10-25","Index","NSA",2024-10-30,"Weekly"," points",1.32448,"ANFCI"
"1956",2008-06-27,"ANFCI",1.21499,2024-10-31,2024-10-31,1.21499,"Chicago Fed Adjusted National Financial Conditions Index","1971-01-08","2024-10-25","Index","NSA",2024-10-30,"Weekly"," points",1.41584,"ANFCI"
"1957",2008-07-04,"ANFCI",1.25831,2024-10-31,2024-10-31,1.25831,"Chicago Fed Adjusted National Financial Conditions Index","1971-01-08","2024-10-25","Index","NSA",2024-10-30,"Weekly"," points",1.48215,"ANFCI"
"1958",2008-07-11,"ANFCI",1.25531,2024-10-31,2024-10-31,1.25531,"Chicago Fed Adjusted National Financial Conditions Index","1971-01-08","2024-10-25","Index","NSA",2024-10-30,"Weekly"," points",1.49678,"ANFCI"
"1959",2008-07-18,"ANFCI",1.23208,2024-10-31,2024-10-31,1.23208,"Chicago Fed Adjusted National Financial Conditions Index","1971-01-08","2024-10-25","Index","NSA",2024-10-30,"Weekly"," points",1.44669,"ANFCI"
"1960",2008-07-25,"ANFCI",1.18924,2024-10-31,2024-10-31,1.18924,"Chicago Fed Adjusted National Financial Conditions Index","1971-01-08","2024-10-25","Index","NSA",2024-10-30,"Weekly"," points",1.28922,"ANFCI"
"1961",2008-08-01,"ANFCI",1.14231,2024-10-31,2024-10-31,1.14231,"Chicago Fed Adjusted National Financial Conditions Index","1971-01-08","2024-10-25","Index","NSA",2024-10-30,"Weekly"," points",1.02896,"ANFCI"
"1962",2008-08-08,"ANFCI",1.08827,2024-10-31,2024-10-31,1.08827,"Chicago Fed Adjusted National Financial Conditions Index","1971-01-08","2024-10-25","Index","NSA",2024-10-30,"Weekly"," points",0.68645,"ANFCI"
"1963",2008-08-15,"ANFCI",1.02766,2024-10-31,2024-10-31,1.02766,"Chicago Fed Adjusted National Financial Conditions Index","1971-01-08","2024-10-25","Index","NSA",2024-10-30,"Weekly"," points",0.31481,"ANFCI"
"1964",2008-08-22,"ANFCI",0.99791,2024-10-31,2024-10-31,0.99791,"Chicago Fed Adjusted National Financial Conditions Index","1971-01-08","2024-10-25","Index","NSA",2024-10-30,"Weekly"," points",0.03333,"ANFCI"
"1965",2008-08-29,"ANFCI",1.04837,2024-10-31,2024-10-31,1.04837,"Chicago Fed Adjusted National Financial Conditions Index","1971-01-08","2024-10-25","Index","NSA",2024-10-30,"Weekly"," points",-0.0303199999999999,"ANFCI"
"1966",2008-09-05,"ANFCI",1.23814,2024-10-31,2024-10-31,1.23814,"Chicago Fed Adjusted National Financial Conditions Index","1971-01-08","2024-10-25","Index","NSA",2024-10-30,"Weekly"," points",0.16777,"ANFCI"
"1967",2008-09-12,"ANFCI",1.60559,2024-10-31,2024-10-31,1.60559,"Chicago Fed Adjusted National Financial Conditions Index","1971-01-08","2024-10-25","Index","NSA",2024-10-30,"Weekly"," points",0.65077,"ANFCI"
"1968",2008-09-19,"ANFCI",2.1547,2024-10-31,2024-10-31,2.1547,"Chicago Fed Adjusted National Financial Conditions Index","1971-01-08","2024-10-25","Index","NSA",2024-10-30,"Weekly"," points",1.38226,"ANFCI"
"1969",2008-09-26,"ANFCI",2.71239,2024-10-31,2024-10-31,2.71239,"Chicago Fed Adjusted National Financial Conditions Index","1971-01-08","2024-10-25","Index","NSA",2024-10-30,"Weekly"," points",2.11025,"ANFCI"
"1970",2008-10-03,"ANFCI",3.18892,2024-10-31,2024-10-31,3.18892,"Chicago Fed Adjusted National Financial Conditions Index","1971-01-08","2024-10-25","Index","NSA",2024-10-30,"Weekly"," points",2.72098,"ANFCI"
"1971",2008-10-10,"ANFCI",3.47025,2024-10-31,2024-10-31,3.47025,"Chicago Fed Adjusted National Financial Conditions Index","1971-01-08","2024-10-25","Index","NSA",2024-10-30,"Weekly"," points",3.08343,"ANFCI"
"1972",2008-10-17,"ANFCI",3.51428,2024-10-31,2024-10-31,3.51428,"Chicago Fed Adjusted National Financial Conditions Index","1971-01-08","2024-10-25","Index","NSA",2024-10-30,"Weekly"," points",3.14606,"ANFCI"
"1973",2008-10-24,"ANFCI",3.37825,2024-10-31,2024-10-31,3.37825,"Chicago Fed Adjusted National Financial Conditions Index","1971-01-08","2024-10-25","Index","NSA",2024-10-30,"Weekly"," points",2.97445,"ANFCI"
"1974",2008-10-31,"ANFCI",3.24669,2024-10-31,2024-10-31,3.24669,"Chicago Fed Adjusted National Financial Conditions Index","1971-01-08","2024-10-25","Index","NSA",2024-10-30,"Weekly"," points",2.74632,"ANFCI"
"1975",2008-11-07,"ANFCI",3.19625,2024-10-31,2024-10-31,3.19625,"Chicago Fed Adjusted National Financial Conditions Index","1971-01-08","2024-10-25","Index","NSA",2024-10-30,"Weekly"," points",2.53193,"ANFCI"
"1976",2008-11-14,"ANFCI",3.29471,2024-10-31,2024-10-31,3.29471,"Chicago Fed Adjusted National Financial Conditions Index","1971-01-08","2024-10-25","Index","NSA",2024-10-30,"Weekly"," points",2.42387,"ANFCI"
"1977",2008-11-21,"ANFCI",3.51928,2024-10-31,2024-10-31,3.51928,"Chicago Fed Adjusted National Financial Conditions Index","1971-01-08","2024-10-25","Index","NSA",2024-10-30,"Weekly"," points",2.42626,"ANFCI"
"1978",2008-11-28,"ANFCI",3.70415,2024-10-31,2024-10-31,3.70415,"Chicago Fed Adjusted National Financial Conditions Index","1971-01-08","2024-10-25","Index","NSA",2024-10-30,"Weekly"," points",2.4265,"ANFCI"
"1979",2008-12-05,"ANFCI",3.7816,2024-10-31,2024-10-31,3.7816,"Chicago Fed Adjusted National Financial Conditions Index","1971-01-08","2024-10-25","Index","NSA",2024-10-30,"Weekly"," points",2.40801,"ANFCI"
"1980",2008-12-12,"ANFCI",3.69302,2024-10-31,2024-10-31,3.69302,"Chicago Fed Adjusted National Financial Conditions Index","1971-01-08","2024-10-25","Index","NSA",2024-10-30,"Weekly"," points",2.32323,"ANFCI"
"1981",2008-12-19,"ANFCI",3.45329,2024-10-31,2024-10-31,3.45329,"Chicago Fed Adjusted National Financial Conditions Index","1971-01-08","2024-10-25","Index","NSA",2024-10-30,"Weekly"," points",2.17903,"ANFCI"
"1982",2008-12-26,"ANFCI",3.15574,2024-10-31,2024-10-31,3.15574,"Chicago Fed Adjusted National Financial Conditions Index","1971-01-08","2024-10-25","Index","NSA",2024-10-30,"Weekly"," points",2.02732,"ANFCI"
"1983",2009-01-02,"ANFCI",2.91286,2024-10-31,2024-10-31,2.91286,"Chicago Fed Adjusted National Financial Conditions Index","1971-01-08","2024-10-25","Index","NSA",2024-10-30,"Weekly"," points",1.9125,"ANFCI"
"1984",2009-01-09,"ANFCI",2.72804,2024-10-31,2024-10-31,2.72804,"Chicago Fed Adjusted National Financial Conditions Index","1971-01-08","2024-10-25","Index","NSA",2024-10-30,"Weekly"," points",1.8161,"ANFCI"
"1985",2009-01-16,"ANFCI",2.62258,2024-10-31,2024-10-31,2.62258,"Chicago Fed Adjusted National Financial Conditions Index","1971-01-08","2024-10-25","Index","NSA",2024-10-30,"Weekly"," points",1.74343,"ANFCI"
"1986",2009-01-23,"ANFCI",2.56191,2024-10-31,2024-10-31,2.56191,"Chicago Fed Adjusted National Financial Conditions Index","1971-01-08","2024-10-25","Index","NSA",2024-10-30,"Weekly"," points",1.66963,"ANFCI"
"1987",2009-01-30,"ANFCI",2.51537,2024-10-31,2024-10-31,2.51537,"Chicago Fed Adjusted National Financial Conditions Index","1971-01-08","2024-10-25","Index","NSA",2024-10-30,"Weekly"," points",1.60173,"ANFCI"
"1988",2009-02-06,"ANFCI",2.48868,2024-10-31,2024-10-31,2.48868,"Chicago Fed Adjusted National Financial Conditions Index","1971-01-08","2024-10-25","Index","NSA",2024-10-30,"Weekly"," points",1.52625,"ANFCI"
"1989",2009-02-13,"ANFCI",2.49916,2024-10-31,2024-10-31,2.49916,"Chicago Fed Adjusted National Financial Conditions Index","1971-01-08","2024-10-25","Index","NSA",2024-10-30,"Weekly"," points",1.44876,"ANFCI"
"1990",2009-02-20,"ANFCI",2.55018,2024-10-31,2024-10-31,2.55018,"Chicago Fed Adjusted National Financial Conditions Index","1971-01-08","2024-10-25","Index","NSA",2024-10-30,"Weekly"," points",1.35971,"ANFCI"
"1991",2009-02-27,"ANFCI",2.61978,2024-10-31,2024-10-31,2.61978,"Chicago Fed Adjusted National Financial Conditions Index","1971-01-08","2024-10-25","Index","NSA",2024-10-30,"Weekly"," points",1.24804,"ANFCI"
"1992",2009-03-06,"ANFCI",2.67415,2024-10-31,2024-10-31,2.67415,"Chicago Fed Adjusted National Financial Conditions Index","1971-01-08","2024-10-25","Index","NSA",2024-10-30,"Weekly"," points",1.1139,"ANFCI"
"1993",2009-03-13,"ANFCI",2.65754,2024-10-31,2024-10-31,2.65754,"Chicago Fed Adjusted National Financial Conditions Index","1971-01-08","2024-10-25","Index","NSA",2024-10-30,"Weekly"," points",0.96448,"ANFCI"
"1994",2009-03-20,"ANFCI",2.5645,2024-10-31,2024-10-31,2.5645,"Chicago Fed Adjusted National Financial Conditions Index","1971-01-08","2024-10-25","Index","NSA",2024-10-30,"Weekly"," points",0.82561,"ANFCI"
"1995",2009-03-27,"ANFCI",2.41043,2024-10-31,2024-10-31,2.41043,"Chicago Fed Adjusted National Financial Conditions Index","1971-01-08","2024-10-25","Index","NSA",2024-10-30,"Weekly"," points",0.7349,"ANFCI"
"1996",2009-04-03,"ANFCI",2.23705,2024-10-31,2024-10-31,2.23705,"Chicago Fed Adjusted National Financial Conditions Index","1971-01-08","2024-10-25","Index","NSA",2024-10-30,"Weekly"," points",0.68796,"ANFCI"
"1997",2009-04-10,"ANFCI",2.07179,2024-10-31,2024-10-31,2.07179,"Chicago Fed Adjusted National Financial Conditions Index","1971-01-08","2024-10-25","Index","NSA",2024-10-30,"Weekly"," points",0.66512,"ANFCI"
"1998",2009-04-17,"ANFCI",1.933,2024-10-31,2024-10-31,1.933,"Chicago Fed Adjusted National Financial Conditions Index","1971-01-08","2024-10-25","Index","NSA",2024-10-30,"Weekly"," points",0.65215,"ANFCI"
"1999",2009-04-24,"ANFCI",1.81026,2024-10-31,2024-10-31,1.81026,"Chicago Fed Adjusted National Financial Conditions Index","1971-01-08","2024-10-25","Index","NSA",2024-10-30,"Weekly"," points",0.63392,"ANFCI"
"2000",2009-05-01,"ANFCI",1.67683,2024-10-31,2024-10-31,1.67683,"Chicago Fed Adjusted National Financial Conditions Index","1971-01-08","2024-10-25","Index","NSA",2024-10-30,"Weekly"," points",0.58968,"ANFCI"
"2001",2009-05-08,"ANFCI",1.52504,2024-10-31,2024-10-31,1.52504,"Chicago Fed Adjusted National Financial Conditions Index","1971-01-08","2024-10-25","Index","NSA",2024-10-30,"Weekly"," points",0.51888,"ANFCI"
"2002",2009-05-15,"ANFCI",1.37451,2024-10-31,2024-10-31,1.37451,"Chicago Fed Adjusted National Financial Conditions Index","1971-01-08","2024-10-25","Index","NSA",2024-10-30,"Weekly"," points",0.44423,"ANFCI"
"2003",2009-05-22,"ANFCI",1.23984,2024-10-31,2024-10-31,1.23984,"Chicago Fed Adjusted National Financial Conditions Index","1971-01-08","2024-10-25","Index","NSA",2024-10-30,"Weekly"," points",0.3613,"ANFCI"
"2004",2009-05-29,"ANFCI",1.15675,2024-10-31,2024-10-31,1.15675,"Chicago Fed Adjusted National Financial Conditions Index","1971-01-08","2024-10-25","Index","NSA",2024-10-30,"Weekly"," points",0.28397,"ANFCI"
"2005",2009-06-05,"ANFCI",1.12335,2024-10-31,2024-10-31,1.12335,"Chicago Fed Adjusted National Financial Conditions Index","1971-01-08","2024-10-25","Index","NSA",2024-10-30,"Weekly"," points",0.19709,"ANFCI"
"2006",2009-06-12,"ANFCI",1.13006,2024-10-31,2024-10-31,1.13006,"Chicago Fed Adjusted National Financial Conditions Index","1971-01-08","2024-10-25","Index","NSA",2024-10-30,"Weekly"," points",0.11093,"ANFCI"
"2007",2009-06-19,"ANFCI",1.14989,2024-10-31,2024-10-31,1.14989,"Chicago Fed Adjusted National Financial Conditions Index","1971-01-08","2024-10-25","Index","NSA",2024-10-30,"Weekly"," points",0.0251000000000001,"ANFCI"
"2008",2009-06-26,"ANFCI",1.13837,2024-10-31,2024-10-31,1.13837,"Chicago Fed Adjusted National Financial Conditions Index","1971-01-08","2024-10-25","Index","NSA",2024-10-30,"Weekly"," points",-0.0766199999999999,"ANFCI"
"2009",2009-07-03,"ANFCI",1.07832,2024-10-31,2024-10-31,1.07832,"Chicago Fed Adjusted National Financial Conditions Index","1971-01-08","2024-10-25","Index","NSA",2024-10-30,"Weekly"," points",-0.17999,"ANFCI"
"2010",2009-07-10,"ANFCI",0.96991,2024-10-31,2024-10-31,0.96991,"Chicago Fed Adjusted National Financial Conditions Index","1971-01-08","2024-10-25","Index","NSA",2024-10-30,"Weekly"," points",-0.2854,"ANFCI"
"2011",2009-07-17,"ANFCI",0.82905,2024-10-31,2024-10-31,0.82905,"Chicago Fed Adjusted National Financial Conditions Index","1971-01-08","2024-10-25","Index","NSA",2024-10-30,"Weekly"," points",-0.40303,"ANFCI"
"2012",2009-07-24,"ANFCI",0.68776,2024-10-31,2024-10-31,0.68776,"Chicago Fed Adjusted National Financial Conditions Index","1971-01-08","2024-10-25","Index","NSA",2024-10-30,"Weekly"," points",-0.50148,"ANFCI"
"2013",2009-07-31,"ANFCI",0.57368,2024-10-31,2024-10-31,0.57368,"Chicago Fed Adjusted National Financial Conditions Index","1971-01-08","2024-10-25","Index","NSA",2024-10-30,"Weekly"," points",-0.56863,"ANFCI"
"2014",2009-08-07,"ANFCI",0.49725,2024-10-31,2024-10-31,0.49725,"Chicago Fed Adjusted National Financial Conditions Index","1971-01-08","2024-10-25","Index","NSA",2024-10-30,"Weekly"," points",-0.59102,"ANFCI"
"2015",2009-08-14,"ANFCI",0.45472,2024-10-31,2024-10-31,0.45472,"Chicago Fed Adjusted National Financial Conditions Index","1971-01-08","2024-10-25","Index","NSA",2024-10-30,"Weekly"," points",-0.57294,"ANFCI"
"2016",2009-08-21,"ANFCI",0.42707,2024-10-31,2024-10-31,0.42707,"Chicago Fed Adjusted National Financial Conditions Index","1971-01-08","2024-10-25","Index","NSA",2024-10-30,"Weekly"," points",-0.57084,"ANFCI"
"2017",2009-08-28,"ANFCI",0.39405,2024-10-31,2024-10-31,0.39405,"Chicago Fed Adjusted National Financial Conditions Index","1971-01-08","2024-10-25","Index","NSA",2024-10-30,"Weekly"," points",-0.65432,"ANFCI"
"2018",2009-09-04,"ANFCI",0.35085,2024-10-31,2024-10-31,0.35085,"Chicago Fed Adjusted National Financial Conditions Index","1971-01-08","2024-10-25","Index","NSA",2024-10-30,"Weekly"," points",-0.88729,"ANFCI"
"2019",2009-09-11,"ANFCI",0.29648,2024-10-31,2024-10-31,0.29648,"Chicago Fed Adjusted National Financial Conditions Index","1971-01-08","2024-10-25","Index","NSA",2024-10-30,"Weekly"," points",-1.30911,"ANFCI"
"2020",2009-09-18,"ANFCI",0.24264,2024-10-31,2024-10-31,0.24264,"Chicago Fed Adjusted National Financial Conditions Index","1971-01-08","2024-10-25","Index","NSA",2024-10-30,"Weekly"," points",-1.91206,"ANFCI"
"2021",2009-09-25,"ANFCI",0.20119,2024-10-31,2024-10-31,0.20119,"Chicago Fed Adjusted National Financial Conditions Index","1971-01-08","2024-10-25","Index","NSA",2024-10-30,"Weekly"," points",-2.5112,"ANFCI"
"2022",2009-10-02,"ANFCI",0.1791,2024-10-31,2024-10-31,0.1791,"Chicago Fed Adjusted National Financial Conditions Index","1971-01-08","2024-10-25","Index","NSA",2024-10-30,"Weekly"," points",-3.00982,"ANFCI"
"2023",2009-10-09,"ANFCI",0.16482,2024-10-31,2024-10-31,0.16482,"Chicago Fed Adjusted National Financial Conditions Index","1971-01-08","2024-10-25","Index","NSA",2024-10-30,"Weekly"," points",-3.30543,"ANFCI"
"2024",2009-10-16,"ANFCI",0.15285,2024-10-31,2024-10-31,0.15285,"Chicago Fed Adjusted National Financial Conditions Index","1971-01-08","2024-10-25","Index","NSA",2024-10-30,"Weekly"," points",-3.36143,"ANFCI"
"2025",2009-10-23,"ANFCI",0.13616,2024-10-31,2024-10-31,0.13616,"Chicago Fed Adjusted National Financial Conditions Index","1971-01-08","2024-10-25","Index","NSA",2024-10-30,"Weekly"," points",-3.24209,"ANFCI"
"2026",2009-10-30,"ANFCI",0.11663,2024-10-31,2024-10-31,0.11663,"Chicago Fed Adjusted National Financial Conditions Index","1971-01-08","2024-10-25","Index","NSA",2024-10-30,"Weekly"," points",-3.13006,"ANFCI"
"2027",2009-11-06,"ANFCI",0.09008,2024-10-31,2024-10-31,0.09008,"Chicago Fed Adjusted National Financial Conditions Index","1971-01-08","2024-10-25","Index","NSA",2024-10-30,"Weekly"," points",-3.10617,"ANFCI"
"2028",2009-11-13,"ANFCI",0.06229,2024-10-31,2024-10-31,0.06229,"Chicago Fed Adjusted National Financial Conditions Index","1971-01-08","2024-10-25","Index","NSA",2024-10-30,"Weekly"," points",-3.23242,"ANFCI"
"2029",2009-11-20,"ANFCI",0.03911,2024-10-31,2024-10-31,0.03911,"Chicago Fed Adjusted National Financial Conditions Index","1971-01-08","2024-10-25","Index","NSA",2024-10-30,"Weekly"," points",-3.48017,"ANFCI"
"2030",2009-11-27,"ANFCI",0.0152,2024-10-31,2024-10-31,0.0152,"Chicago Fed Adjusted National Financial Conditions Index","1971-01-08","2024-10-25","Index","NSA",2024-10-30,"Weekly"," points",-3.68895,"ANFCI"
"2031",2009-12-04,"ANFCI",-0.01551,2024-10-31,2024-10-31,-0.01551,"Chicago Fed Adjusted National Financial Conditions Index","1971-01-08","2024-10-25","Index","NSA",2024-10-30,"Weekly"," points",-3.79711,"ANFCI"
"2032",2009-12-11,"ANFCI",-0.05844,2024-10-31,2024-10-31,-0.05844,"Chicago Fed Adjusted National Financial Conditions Index","1971-01-08","2024-10-25","Index","NSA",2024-10-30,"Weekly"," points",-3.75146,"ANFCI"
"2033",2009-12-18,"ANFCI",-0.11152,2024-10-31,2024-10-31,-0.11152,"Chicago Fed Adjusted National Financial Conditions Index","1971-01-08","2024-10-25","Index","NSA",2024-10-30,"Weekly"," points",-3.56481,"ANFCI"
"2034",2009-12-25,"ANFCI",-0.16629,2024-10-31,2024-10-31,-0.16629,"Chicago Fed Adjusted National Financial Conditions Index","1971-01-08","2024-10-25","Index","NSA",2024-10-30,"Weekly"," points",-3.32203,"ANFCI"
"2035",2010-01-01,"ANFCI",-0.20804,2024-10-31,2024-10-31,-0.20804,"Chicago Fed Adjusted National Financial Conditions Index","1971-01-08","2024-10-25","Index","NSA",2024-10-30,"Weekly"," points",-3.1209,"ANFCI"
"2036",2010-01-08,"ANFCI",-0.23278,2024-10-31,2024-10-31,-0.23278,"Chicago Fed Adjusted National Financial Conditions Index","1971-01-08","2024-10-25","Index","NSA",2024-10-30,"Weekly"," points",-2.96082,"ANFCI"
"2037",2010-01-15,"ANFCI",-0.23054,2024-10-31,2024-10-31,-0.23054,"Chicago Fed Adjusted National Financial Conditions Index","1971-01-08","2024-10-25","Index","NSA",2024-10-30,"Weekly"," points",-2.85312,"ANFCI"
"2038",2010-01-22,"ANFCI",-0.20551,2024-10-31,2024-10-31,-0.20551,"Chicago Fed Adjusted National Financial Conditions Index","1971-01-08","2024-10-25","Index","NSA",2024-10-30,"Weekly"," points",-2.76742,"ANFCI"
"2039",2010-01-29,"ANFCI",-0.17805,2024-10-31,2024-10-31,-0.17805,"Chicago Fed Adjusted National Financial Conditions Index","1971-01-08","2024-10-25","Index","NSA",2024-10-30,"Weekly"," points",-2.69342,"ANFCI"
"2040",2010-02-05,"ANFCI",-0.16247,2024-10-31,2024-10-31,-0.16247,"Chicago Fed Adjusted National Financial Conditions Index","1971-01-08","2024-10-25","Index","NSA",2024-10-30,"Weekly"," points",-2.65115,"ANFCI"
"2041",2010-02-12,"ANFCI",-0.17076,2024-10-31,2024-10-31,-0.17076,"Chicago Fed Adjusted National Financial Conditions Index","1971-01-08","2024-10-25","Index","NSA",2024-10-30,"Weekly"," points",-2.66992,"ANFCI"
"2042",2010-02-19,"ANFCI",-0.20715,2024-10-31,2024-10-31,-0.20715,"Chicago Fed Adjusted National Financial Conditions Index","1971-01-08","2024-10-25","Index","NSA",2024-10-30,"Weekly"," points",-2.75733,"ANFCI"
"2043",2010-02-26,"ANFCI",-0.25861,2024-10-31,2024-10-31,-0.25861,"Chicago Fed Adjusted National Financial Conditions Index","1971-01-08","2024-10-25","Index","NSA",2024-10-30,"Weekly"," points",-2.87839,"ANFCI"
"2044",2010-03-05,"ANFCI",-0.31382,2024-10-31,2024-10-31,-0.31382,"Chicago Fed Adjusted National Financial Conditions Index","1971-01-08","2024-10-25","Index","NSA",2024-10-30,"Weekly"," points",-2.98797,"ANFCI"
"2045",2010-03-12,"ANFCI",-0.3655,2024-10-31,2024-10-31,-0.3655,"Chicago Fed Adjusted National Financial Conditions Index","1971-01-08","2024-10-25","Index","NSA",2024-10-30,"Weekly"," points",-3.02304,"ANFCI"
"2046",2010-03-19,"ANFCI",-0.40755,2024-10-31,2024-10-31,-0.40755,"Chicago Fed Adjusted National Financial Conditions Index","1971-01-08","2024-10-25","Index","NSA",2024-10-30,"Weekly"," points",-2.97205,"ANFCI"
"2047",2010-03-26,"ANFCI",-0.44476,2024-10-31,2024-10-31,-0.44476,"Chicago Fed Adjusted National Financial Conditions Index","1971-01-08","2024-10-25","Index","NSA",2024-10-30,"Weekly"," points",-2.85519,"ANFCI"
"2048",2010-04-02,"ANFCI",-0.47815,2024-10-31,2024-10-31,-0.47815,"Chicago Fed Adjusted National Financial Conditions Index","1971-01-08","2024-10-25","Index","NSA",2024-10-30,"Weekly"," points",-2.7152,"ANFCI"
"2049",2010-04-09,"ANFCI",-0.50174,2024-10-31,2024-10-31,-0.50174,"Chicago Fed Adjusted National Financial Conditions Index","1971-01-08","2024-10-25","Index","NSA",2024-10-30,"Weekly"," points",-2.57353,"ANFCI"
"2050",2010-04-16,"ANFCI",-0.50328,2024-10-31,2024-10-31,-0.50328,"Chicago Fed Adjusted National Financial Conditions Index","1971-01-08","2024-10-25","Index","NSA",2024-10-30,"Weekly"," points",-2.43628,"ANFCI"
"2051",2010-04-23,"ANFCI",-0.47061,2024-10-31,2024-10-31,-0.47061,"Chicago Fed Adjusted National Financial Conditions Index","1971-01-08","2024-10-25","Index","NSA",2024-10-30,"Weekly"," points",-2.28087,"ANFCI"
"2052",2010-04-30,"ANFCI",-0.39625,2024-10-31,2024-10-31,-0.39625,"Chicago Fed Adjusted National Financial Conditions Index","1971-01-08","2024-10-25","Index","NSA",2024-10-30,"Weekly"," points",-2.07308,"ANFCI"
"2053",2010-05-07,"ANFCI",-0.28948,2024-10-31,2024-10-31,-0.28948,"Chicago Fed Adjusted National Financial Conditions Index","1971-01-08","2024-10-25","Index","NSA",2024-10-30,"Weekly"," points",-1.81452,"ANFCI"
"2054",2010-05-14,"ANFCI",-0.17966,2024-10-31,2024-10-31,-0.17966,"Chicago Fed Adjusted National Financial Conditions Index","1971-01-08","2024-10-25","Index","NSA",2024-10-30,"Weekly"," points",-1.55417,"ANFCI"
"2055",2010-05-21,"ANFCI",-0.079,2024-10-31,2024-10-31,-0.079,"Chicago Fed Adjusted National Financial Conditions Index","1971-01-08","2024-10-25","Index","NSA",2024-10-30,"Weekly"," points",-1.31884,"ANFCI"
"2056",2010-05-28,"ANFCI",-0.01422,2024-10-31,2024-10-31,-0.01422,"Chicago Fed Adjusted National Financial Conditions Index","1971-01-08","2024-10-25","Index","NSA",2024-10-30,"Weekly"," points",-1.17097,"ANFCI"
"2057",2010-06-04,"ANFCI",0.00877,2024-10-31,2024-10-31,0.00877,"Chicago Fed Adjusted National Financial Conditions Index","1971-01-08","2024-10-25","Index","NSA",2024-10-30,"Weekly"," points",-1.11458,"ANFCI"
"2058",2010-06-11,"ANFCI",0.00332,2024-10-31,2024-10-31,0.00332,"Chicago Fed Adjusted National Financial Conditions Index","1971-01-08","2024-10-25","Index","NSA",2024-10-30,"Weekly"," points",-1.12674,"ANFCI"
"2059",2010-06-18,"ANFCI",-0.02861,2024-10-31,2024-10-31,-0.02861,"Chicago Fed Adjusted National Financial Conditions Index","1971-01-08","2024-10-25","Index","NSA",2024-10-30,"Weekly"," points",-1.1785,"ANFCI"
"2060",2010-06-25,"ANFCI",-0.06861,2024-10-31,2024-10-31,-0.06861,"Chicago Fed Adjusted National Financial Conditions Index","1971-01-08","2024-10-25","Index","NSA",2024-10-30,"Weekly"," points",-1.20698,"ANFCI"
"2061",2010-07-02,"ANFCI",-0.11237,2024-10-31,2024-10-31,-0.11237,"Chicago Fed Adjusted National Financial Conditions Index","1971-01-08","2024-10-25","Index","NSA",2024-10-30,"Weekly"," points",-1.19069,"ANFCI"
"2062",2010-07-09,"ANFCI",-0.16639,2024-10-31,2024-10-31,-0.16639,"Chicago Fed Adjusted National Financial Conditions Index","1971-01-08","2024-10-25","Index","NSA",2024-10-30,"Weekly"," points",-1.1363,"ANFCI"
"2063",2010-07-16,"ANFCI",-0.22206,2024-10-31,2024-10-31,-0.22206,"Chicago Fed Adjusted National Financial Conditions Index","1971-01-08","2024-10-25","Index","NSA",2024-10-30,"Weekly"," points",-1.05111,"ANFCI"
"2064",2010-07-23,"ANFCI",-0.27052,2024-10-31,2024-10-31,-0.27052,"Chicago Fed Adjusted National Financial Conditions Index","1971-01-08","2024-10-25","Index","NSA",2024-10-30,"Weekly"," points",-0.95828,"ANFCI"
"2065",2010-07-30,"ANFCI",-0.3054,2024-10-31,2024-10-31,-0.3054,"Chicago Fed Adjusted National Financial Conditions Index","1971-01-08","2024-10-25","Index","NSA",2024-10-30,"Weekly"," points",-0.87908,"ANFCI"
"2066",2010-08-06,"ANFCI",-0.3178,2024-10-31,2024-10-31,-0.3178,"Chicago Fed Adjusted National Financial Conditions Index","1971-01-08","2024-10-25","Index","NSA",2024-10-30,"Weekly"," points",-0.81505,"ANFCI"
"2067",2010-08-13,"ANFCI",-0.30884,2024-10-31,2024-10-31,-0.30884,"Chicago Fed Adjusted National Financial Conditions Index","1971-01-08","2024-10-25","Index","NSA",2024-10-30,"Weekly"," points",-0.76356,"ANFCI"
"2068",2010-08-20,"ANFCI",-0.29202,2024-10-31,2024-10-31,-0.29202,"Chicago Fed Adjusted National Financial Conditions Index","1971-01-08","2024-10-25","Index","NSA",2024-10-30,"Weekly"," points",-0.71909,"ANFCI"
"2069",2010-08-27,"ANFCI",-0.27873,2024-10-31,2024-10-31,-0.27873,"Chicago Fed Adjusted National Financial Conditions Index","1971-01-08","2024-10-25","Index","NSA",2024-10-30,"Weekly"," points",-0.67278,"ANFCI"
"2070",2010-09-03,"ANFCI",-0.27883,2024-10-31,2024-10-31,-0.27883,"Chicago Fed Adjusted National Financial Conditions Index","1971-01-08","2024-10-25","Index","NSA",2024-10-30,"Weekly"," points",-0.62968,"ANFCI"
"2071",2010-09-10,"ANFCI",-0.29761,2024-10-31,2024-10-31,-0.29761,"Chicago Fed Adjusted National Financial Conditions Index","1971-01-08","2024-10-25","Index","NSA",2024-10-30,"Weekly"," points",-0.59409,"ANFCI"
"2072",2010-09-17,"ANFCI",-0.32639,2024-10-31,2024-10-31,-0.32639,"Chicago Fed Adjusted National Financial Conditions Index","1971-01-08","2024-10-25","Index","NSA",2024-10-30,"Weekly"," points",-0.56903,"ANFCI"
"2073",2010-09-24,"ANFCI",-0.35644,2024-10-31,2024-10-31,-0.35644,"Chicago Fed Adjusted National Financial Conditions Index","1971-01-08","2024-10-25","Index","NSA",2024-10-30,"Weekly"," points",-0.55763,"ANFCI"
"2074",2010-10-01,"ANFCI",-0.38657,2024-10-31,2024-10-31,-0.38657,"Chicago Fed Adjusted National Financial Conditions Index","1971-01-08","2024-10-25","Index","NSA",2024-10-30,"Weekly"," points",-0.56567,"ANFCI"
"2075",2010-10-08,"ANFCI",-0.41428,2024-10-31,2024-10-31,-0.41428,"Chicago Fed Adjusted National Financial Conditions Index","1971-01-08","2024-10-25","Index","NSA",2024-10-30,"Weekly"," points",-0.5791,"ANFCI"
"2076",2010-10-15,"ANFCI",-0.43965,2024-10-31,2024-10-31,-0.43965,"Chicago Fed Adjusted National Financial Conditions Index","1971-01-08","2024-10-25","Index","NSA",2024-10-30,"Weekly"," points",-0.5925,"ANFCI"
"2077",2010-10-22,"ANFCI",-0.46189,2024-10-31,2024-10-31,-0.46189,"Chicago Fed Adjusted National Financial Conditions Index","1971-01-08","2024-10-25","Index","NSA",2024-10-30,"Weekly"," points",-0.59805,"ANFCI"
"2078",2010-10-29,"ANFCI",-0.47983,2024-10-31,2024-10-31,-0.47983,"Chicago Fed Adjusted National Financial Conditions Index","1971-01-08","2024-10-25","Index","NSA",2024-10-30,"Weekly"," points",-0.59646,"ANFCI"
"2079",2010-11-05,"ANFCI",-0.48888,2024-10-31,2024-10-31,-0.48888,"Chicago Fed Adjusted National Financial Conditions Index","1971-01-08","2024-10-25","Index","NSA",2024-10-30,"Weekly"," points",-0.57896,"ANFCI"
"2080",2010-11-12,"ANFCI",-0.48841,2024-10-31,2024-10-31,-0.48841,"Chicago Fed Adjusted National Financial Conditions Index","1971-01-08","2024-10-25","Index","NSA",2024-10-30,"Weekly"," points",-0.5507,"ANFCI"
"2081",2010-11-19,"ANFCI",-0.48546,2024-10-31,2024-10-31,-0.48546,"Chicago Fed Adjusted National Financial Conditions Index","1971-01-08","2024-10-25","Index","NSA",2024-10-30,"Weekly"," points",-0.52457,"ANFCI"
"2082",2010-11-26,"ANFCI",-0.4856,2024-10-31,2024-10-31,-0.4856,"Chicago Fed Adjusted National Financial Conditions Index","1971-01-08","2024-10-25","Index","NSA",2024-10-30,"Weekly"," points",-0.5008,"ANFCI"
"2083",2010-12-03,"ANFCI",-0.49772,2024-10-31,2024-10-31,-0.49772,"Chicago Fed Adjusted National Financial Conditions Index","1971-01-08","2024-10-25","Index","NSA",2024-10-30,"Weekly"," points",-0.48221,"ANFCI"
"2084",2010-12-10,"ANFCI",-0.52444,2024-10-31,2024-10-31,-0.52444,"Chicago Fed Adjusted National Financial Conditions Index","1971-01-08","2024-10-25","Index","NSA",2024-10-30,"Weekly"," points",-0.466,"ANFCI"
"2085",2010-12-17,"ANFCI",-0.55634,2024-10-31,2024-10-31,-0.55634,"Chicago Fed Adjusted National Financial Conditions Index","1971-01-08","2024-10-25","Index","NSA",2024-10-30,"Weekly"," points",-0.44482,"ANFCI"
"2086",2010-12-24,"ANFCI",-0.58617,2024-10-31,2024-10-31,-0.58617,"Chicago Fed Adjusted National Financial Conditions Index","1971-01-08","2024-10-25","Index","NSA",2024-10-30,"Weekly"," points",-0.41988,"ANFCI"
"2087",2010-12-31,"ANFCI",-0.60893,2024-10-31,2024-10-31,-0.60893,"Chicago Fed Adjusted National Financial Conditions Index","1971-01-08","2024-10-25","Index","NSA",2024-10-30,"Weekly"," points",-0.40089,"ANFCI"
"2088",2011-01-07,"ANFCI",-0.62407,2024-10-31,2024-10-31,-0.62407,"Chicago Fed Adjusted National Financial Conditions Index","1971-01-08","2024-10-25","Index","NSA",2024-10-30,"Weekly"," points",-0.39129,"ANFCI"
"2089",2011-01-14,"ANFCI",-0.63885,2024-10-31,2024-10-31,-0.63885,"Chicago Fed Adjusted National Financial Conditions Index","1971-01-08","2024-10-25","Index","NSA",2024-10-30,"Weekly"," points",-0.40831,"ANFCI"
"2090",2011-01-21,"ANFCI",-0.65982,2024-10-31,2024-10-31,-0.65982,"Chicago Fed Adjusted National Financial Conditions Index","1971-01-08","2024-10-25","Index","NSA",2024-10-30,"Weekly"," points",-0.45431,"ANFCI"
"2091",2011-01-28,"ANFCI",-0.68563,2024-10-31,2024-10-31,-0.68563,"Chicago Fed Adjusted National Financial Conditions Index","1971-01-08","2024-10-25","Index","NSA",2024-10-30,"Weekly"," points",-0.50758,"ANFCI"
"2092",2011-02-04,"ANFCI",-0.71102,2024-10-31,2024-10-31,-0.71102,"Chicago Fed Adjusted National Financial Conditions Index","1971-01-08","2024-10-25","Index","NSA",2024-10-30,"Weekly"," points",-0.54855,"ANFCI"
"2093",2011-02-11,"ANFCI",-0.72479,2024-10-31,2024-10-31,-0.72479,"Chicago Fed Adjusted National Financial Conditions Index","1971-01-08","2024-10-25","Index","NSA",2024-10-30,"Weekly"," points",-0.55403,"ANFCI"
"2094",2011-02-18,"ANFCI",-0.71574,2024-10-31,2024-10-31,-0.71574,"Chicago Fed Adjusted National Financial Conditions Index","1971-01-08","2024-10-25","Index","NSA",2024-10-30,"Weekly"," points",-0.50859,"ANFCI"
"2095",2011-02-25,"ANFCI",-0.6851,2024-10-31,2024-10-31,-0.6851,"Chicago Fed Adjusted National Financial Conditions Index","1971-01-08","2024-10-25","Index","NSA",2024-10-30,"Weekly"," points",-0.42649,"ANFCI"
"2096",2011-03-04,"ANFCI",-0.64485,2024-10-31,2024-10-31,-0.64485,"Chicago Fed Adjusted National Financial Conditions Index","1971-01-08","2024-10-25","Index","NSA",2024-10-30,"Weekly"," points",-0.33103,"ANFCI"
"2097",2011-03-11,"ANFCI",-0.60822,2024-10-31,2024-10-31,-0.60822,"Chicago Fed Adjusted National Financial Conditions Index","1971-01-08","2024-10-25","Index","NSA",2024-10-30,"Weekly"," points",-0.24272,"ANFCI"
"2098",2011-03-18,"ANFCI",-0.58754,2024-10-31,2024-10-31,-0.58754,"Chicago Fed Adjusted National Financial Conditions Index","1971-01-08","2024-10-25","Index","NSA",2024-10-30,"Weekly"," points",-0.17999,"ANFCI"
"2099",2011-03-25,"ANFCI",-0.59175,2024-10-31,2024-10-31,-0.59175,"Chicago Fed Adjusted National Financial Conditions Index","1971-01-08","2024-10-25","Index","NSA",2024-10-30,"Weekly"," points",-0.14699,"ANFCI"
"2100",2011-04-01,"ANFCI",-0.61183,2024-10-31,2024-10-31,-0.61183,"Chicago Fed Adjusted National Financial Conditions Index","1971-01-08","2024-10-25","Index","NSA",2024-10-30,"Weekly"," points",-0.13368,"ANFCI"
"2101",2011-04-08,"ANFCI",-0.63891,2024-10-31,2024-10-31,-0.63891,"Chicago Fed Adjusted National Financial Conditions Index","1971-01-08","2024-10-25","Index","NSA",2024-10-30,"Weekly"," points",-0.13717,"ANFCI"
"2102",2011-04-15,"ANFCI",-0.66096,2024-10-31,2024-10-31,-0.66096,"Chicago Fed Adjusted National Financial Conditions Index","1971-01-08","2024-10-25","Index","NSA",2024-10-30,"Weekly"," points",-0.15768,"ANFCI"
"2103",2011-04-22,"ANFCI",-0.67385,2024-10-31,2024-10-31,-0.67385,"Chicago Fed Adjusted National Financial Conditions Index","1971-01-08","2024-10-25","Index","NSA",2024-10-30,"Weekly"," points",-0.20324,"ANFCI"
"2104",2011-04-29,"ANFCI",-0.68074,2024-10-31,2024-10-31,-0.68074,"Chicago Fed Adjusted National Financial Conditions Index","1971-01-08","2024-10-25","Index","NSA",2024-10-30,"Weekly"," points",-0.28449,"ANFCI"
"2105",2011-05-06,"ANFCI",-0.68548,2024-10-31,2024-10-31,-0.68548,"Chicago Fed Adjusted National Financial Conditions Index","1971-01-08","2024-10-25","Index","NSA",2024-10-30,"Weekly"," points",-0.396,"ANFCI"
"2106",2011-05-13,"ANFCI",-0.68927,2024-10-31,2024-10-31,-0.68927,"Chicago Fed Adjusted National Financial Conditions Index","1971-01-08","2024-10-25","Index","NSA",2024-10-30,"Weekly"," points",-0.50961,"ANFCI"
"2107",2011-05-20,"ANFCI",-0.69162,2024-10-31,2024-10-31,-0.69162,"Chicago Fed Adjusted National Financial Conditions Index","1971-01-08","2024-10-25","Index","NSA",2024-10-30,"Weekly"," points",-0.61262,"ANFCI"
"2108",2011-05-27,"ANFCI",-0.68677,2024-10-31,2024-10-31,-0.68677,"Chicago Fed Adjusted National Financial Conditions Index","1971-01-08","2024-10-25","Index","NSA",2024-10-30,"Weekly"," points",-0.67255,"ANFCI"
"2109",2011-06-03,"ANFCI",-0.67299,2024-10-31,2024-10-31,-0.67299,"Chicago Fed Adjusted National Financial Conditions Index","1971-01-08","2024-10-25","Index","NSA",2024-10-30,"Weekly"," points",-0.68176,"ANFCI"
"2110",2011-06-10,"ANFCI",-0.65046,2024-10-31,2024-10-31,-0.65046,"Chicago Fed Adjusted National Financial Conditions Index","1971-01-08","2024-10-25","Index","NSA",2024-10-30,"Weekly"," points",-0.65378,"ANFCI"
"2111",2011-06-17,"ANFCI",-0.63213,2024-10-31,2024-10-31,-0.63213,"Chicago Fed Adjusted National Financial Conditions Index","1971-01-08","2024-10-25","Index","NSA",2024-10-30,"Weekly"," points",-0.60352,"ANFCI"
"2112",2011-06-24,"ANFCI",-0.62526,2024-10-31,2024-10-31,-0.62526,"Chicago Fed Adjusted National Financial Conditions Index","1971-01-08","2024-10-25","Index","NSA",2024-10-30,"Weekly"," points",-0.55665,"ANFCI"
"2113",2011-07-01,"ANFCI",-0.63396,2024-10-31,2024-10-31,-0.63396,"Chicago Fed Adjusted National Financial Conditions Index","1971-01-08","2024-10-25","Index","NSA",2024-10-30,"Weekly"," points",-0.52159,"ANFCI"
"2114",2011-07-08,"ANFCI",-0.64496,2024-10-31,2024-10-31,-0.64496,"Chicago Fed Adjusted National Financial Conditions Index","1971-01-08","2024-10-25","Index","NSA",2024-10-30,"Weekly"," points",-0.47857,"ANFCI"
"2115",2011-07-15,"ANFCI",-0.63794,2024-10-31,2024-10-31,-0.63794,"Chicago Fed Adjusted National Financial Conditions Index","1971-01-08","2024-10-25","Index","NSA",2024-10-30,"Weekly"," points",-0.41588,"ANFCI"
"2116",2011-07-22,"ANFCI",-0.60017,2024-10-31,2024-10-31,-0.60017,"Chicago Fed Adjusted National Financial Conditions Index","1971-01-08","2024-10-25","Index","NSA",2024-10-30,"Weekly"," points",-0.32965,"ANFCI"
"2117",2011-07-29,"ANFCI",-0.52365,2024-10-31,2024-10-31,-0.52365,"Chicago Fed Adjusted National Financial Conditions Index","1971-01-08","2024-10-25","Index","NSA",2024-10-30,"Weekly"," points",-0.21825,"ANFCI"
"2118",2011-08-05,"ANFCI",-0.41449,2024-10-31,2024-10-31,-0.41449,"Chicago Fed Adjusted National Financial Conditions Index","1971-01-08","2024-10-25","Index","NSA",2024-10-30,"Weekly"," points",-0.09669,"ANFCI"
"2119",2011-08-12,"ANFCI",-0.29924,2024-10-31,2024-10-31,-0.29924,"Chicago Fed Adjusted National Financial Conditions Index","1971-01-08","2024-10-25","Index","NSA",2024-10-30,"Weekly"," points",0.0096,"ANFCI"
"2120",2011-08-19,"ANFCI",-0.20774,2024-10-31,2024-10-31,-0.20774,"Chicago Fed Adjusted National Financial Conditions Index","1971-01-08","2024-10-25","Index","NSA",2024-10-30,"Weekly"," points",0.08428,"ANFCI"
"2121",2011-08-26,"ANFCI",-0.1388,2024-10-31,2024-10-31,-0.1388,"Chicago Fed Adjusted National Financial Conditions Index","1971-01-08","2024-10-25","Index","NSA",2024-10-30,"Weekly"," points",0.13993,"ANFCI"
"2122",2011-09-02,"ANFCI",-0.09704,2024-10-31,2024-10-31,-0.09704,"Chicago Fed Adjusted National Financial Conditions Index","1971-01-08","2024-10-25","Index","NSA",2024-10-30,"Weekly"," points",0.18179,"ANFCI"
"2123",2011-09-09,"ANFCI",-0.06156,2024-10-31,2024-10-31,-0.06156,"Chicago Fed Adjusted National Financial Conditions Index","1971-01-08","2024-10-25","Index","NSA",2024-10-30,"Weekly"," points",0.23605,"ANFCI"
"2124",2011-09-16,"ANFCI",-0.03045,2024-10-31,2024-10-31,-0.03045,"Chicago Fed Adjusted National Financial Conditions Index","1971-01-08","2024-10-25","Index","NSA",2024-10-30,"Weekly"," points",0.29594,"ANFCI"
"2125",2011-09-23,"ANFCI",-0.00271,2024-10-31,2024-10-31,-0.00271,"Chicago Fed Adjusted National Financial Conditions Index","1971-01-08","2024-10-25","Index","NSA",2024-10-30,"Weekly"," points",0.35373,"ANFCI"
"2126",2011-09-30,"ANFCI",0.00553,2024-10-31,2024-10-31,0.00553,"Chicago Fed Adjusted National Financial Conditions Index","1971-01-08","2024-10-25","Index","NSA",2024-10-30,"Weekly"," points",0.3921,"ANFCI"
"2127",2011-10-07,"ANFCI",-0.01472,2024-10-31,2024-10-31,-0.01472,"Chicago Fed Adjusted National Financial Conditions Index","1971-01-08","2024-10-25","Index","NSA",2024-10-30,"Weekly"," points",0.39956,"ANFCI"
"2128",2011-10-14,"ANFCI",-0.06458,2024-10-31,2024-10-31,-0.06458,"Chicago Fed Adjusted National Financial Conditions Index","1971-01-08","2024-10-25","Index","NSA",2024-10-30,"Weekly"," points",0.37507,"ANFCI"
"2129",2011-10-21,"ANFCI",-0.117,2024-10-31,2024-10-31,-0.117,"Chicago Fed Adjusted National Financial Conditions Index","1971-01-08","2024-10-25","Index","NSA",2024-10-30,"Weekly"," points",0.34489,"ANFCI"
"2130",2011-10-28,"ANFCI",-0.15433,2024-10-31,2024-10-31,-0.15433,"Chicago Fed Adjusted National Financial Conditions Index","1971-01-08","2024-10-25","Index","NSA",2024-10-30,"Weekly"," points",0.3255,"ANFCI"
"2131",2011-11-04,"ANFCI",-0.15377,2024-10-31,2024-10-31,-0.15377,"Chicago Fed Adjusted National Financial Conditions Index","1971-01-08","2024-10-25","Index","NSA",2024-10-30,"Weekly"," points",0.33511,"ANFCI"
"2132",2011-11-11,"ANFCI",-0.12066,2024-10-31,2024-10-31,-0.12066,"Chicago Fed Adjusted National Financial Conditions Index","1971-01-08","2024-10-25","Index","NSA",2024-10-30,"Weekly"," points",0.36775,"ANFCI"
"2133",2011-11-18,"ANFCI",-0.07236,2024-10-31,2024-10-31,-0.07236,"Chicago Fed Adjusted National Financial Conditions Index","1971-01-08","2024-10-25","Index","NSA",2024-10-30,"Weekly"," points",0.4131,"ANFCI"
"2134",2011-11-25,"ANFCI",-0.03034,2024-10-31,2024-10-31,-0.03034,"Chicago Fed Adjusted National Financial Conditions Index","1971-01-08","2024-10-25","Index","NSA",2024-10-30,"Weekly"," points",0.45526,"ANFCI"
"2135",2011-12-02,"ANFCI",-0.01768,2024-10-31,2024-10-31,-0.01768,"Chicago Fed Adjusted National Financial Conditions Index","1971-01-08","2024-10-25","Index","NSA",2024-10-30,"Weekly"," points",0.48004,"ANFCI"
"2136",2011-12-09,"ANFCI",-0.02738,2024-10-31,2024-10-31,-0.02738,"Chicago Fed Adjusted National Financial Conditions Index","1971-01-08","2024-10-25","Index","NSA",2024-10-30,"Weekly"," points",0.49706,"ANFCI"
"2137",2011-12-16,"ANFCI",-0.04957,2024-10-31,2024-10-31,-0.04957,"Chicago Fed Adjusted National Financial Conditions Index","1971-01-08","2024-10-25","Index","NSA",2024-10-30,"Weekly"," points",0.50677,"ANFCI"
"2138",2011-12-23,"ANFCI",-0.08156,2024-10-31,2024-10-31,-0.08156,"Chicago Fed Adjusted National Financial Conditions Index","1971-01-08","2024-10-25","Index","NSA",2024-10-30,"Weekly"," points",0.50461,"ANFCI"
"2139",2011-12-30,"ANFCI",-0.12061,2024-10-31,2024-10-31,-0.12061,"Chicago Fed Adjusted National Financial Conditions Index","1971-01-08","2024-10-25","Index","NSA",2024-10-30,"Weekly"," points",0.48832,"ANFCI"
"2140",2012-01-06,"ANFCI",-0.16785,2024-10-31,2024-10-31,-0.16785,"Chicago Fed Adjusted National Financial Conditions Index","1971-01-08","2024-10-25","Index","NSA",2024-10-30,"Weekly"," points",0.45622,"ANFCI"
"2141",2012-01-13,"ANFCI",-0.22827,2024-10-31,2024-10-31,-0.22827,"Chicago Fed Adjusted National Financial Conditions Index","1971-01-08","2024-10-25","Index","NSA",2024-10-30,"Weekly"," points",0.41058,"ANFCI"
"2142",2012-01-20,"ANFCI",-0.29563,2024-10-31,2024-10-31,-0.29563,"Chicago Fed Adjusted National Financial Conditions Index","1971-01-08","2024-10-25","Index","NSA",2024-10-30,"Weekly"," points",0.36419,"ANFCI"
"2143",2012-01-27,"ANFCI",-0.35657,2024-10-31,2024-10-31,-0.35657,"Chicago Fed Adjusted National Financial Conditions Index","1971-01-08","2024-10-25","Index","NSA",2024-10-30,"Weekly"," points",0.32906,"ANFCI"
"2144",2012-02-03,"ANFCI",-0.39758,2024-10-31,2024-10-31,-0.39758,"Chicago Fed Adjusted National Financial Conditions Index","1971-01-08","2024-10-25","Index","NSA",2024-10-30,"Weekly"," points",0.31344,"ANFCI"
"2145",2012-02-10,"ANFCI",-0.41726,2024-10-31,2024-10-31,-0.41726,"Chicago Fed Adjusted National Financial Conditions Index","1971-01-08","2024-10-25","Index","NSA",2024-10-30,"Weekly"," points",0.30753,"ANFCI"
"2146",2012-02-17,"ANFCI",-0.42092,2024-10-31,2024-10-31,-0.42092,"Chicago Fed Adjusted National Financial Conditions Index","1971-01-08","2024-10-25","Index","NSA",2024-10-30,"Weekly"," points",0.29482,"ANFCI"
"2147",2012-02-24,"ANFCI",-0.42561,2024-10-31,2024-10-31,-0.42561,"Chicago Fed Adjusted National Financial Conditions Index","1971-01-08","2024-10-25","Index","NSA",2024-10-30,"Weekly"," points",0.25949,"ANFCI"
"2148",2012-03-02,"ANFCI",-0.44195,2024-10-31,2024-10-31,-0.44195,"Chicago Fed Adjusted National Financial Conditions Index","1971-01-08","2024-10-25","Index","NSA",2024-10-30,"Weekly"," points",0.2029,"ANFCI"
"2149",2012-03-09,"ANFCI",-0.46694,2024-10-31,2024-10-31,-0.46694,"Chicago Fed Adjusted National Financial Conditions Index","1971-01-08","2024-10-25","Index","NSA",2024-10-30,"Weekly"," points",0.14128,"ANFCI"
"2150",2012-03-16,"ANFCI",-0.49499,2024-10-31,2024-10-31,-0.49499,"Chicago Fed Adjusted National Financial Conditions Index","1971-01-08","2024-10-25","Index","NSA",2024-10-30,"Weekly"," points",0.09255,"ANFCI"
"2151",2012-03-23,"ANFCI",-0.50995,2024-10-31,2024-10-31,-0.50995,"Chicago Fed Adjusted National Financial Conditions Index","1971-01-08","2024-10-25","Index","NSA",2024-10-30,"Weekly"," points",0.0818,"ANFCI"
"2152",2012-03-30,"ANFCI",-0.50332,2024-10-31,2024-10-31,-0.50332,"Chicago Fed Adjusted National Financial Conditions Index","1971-01-08","2024-10-25","Index","NSA",2024-10-30,"Weekly"," points",0.10851,"ANFCI"
"2153",2012-04-06,"ANFCI",-0.48024,2024-10-31,2024-10-31,-0.48024,"Chicago Fed Adjusted National Financial Conditions Index","1971-01-08","2024-10-25","Index","NSA",2024-10-30,"Weekly"," points",0.15867,"ANFCI"
"2154",2012-04-13,"ANFCI",-0.45024,2024-10-31,2024-10-31,-0.45024,"Chicago Fed Adjusted National Financial Conditions Index","1971-01-08","2024-10-25","Index","NSA",2024-10-30,"Weekly"," points",0.21072,"ANFCI"
"2155",2012-04-20,"ANFCI",-0.4243,2024-10-31,2024-10-31,-0.4243,"Chicago Fed Adjusted National Financial Conditions Index","1971-01-08","2024-10-25","Index","NSA",2024-10-30,"Weekly"," points",0.24955,"ANFCI"
"2156",2012-04-27,"ANFCI",-0.4001,2024-10-31,2024-10-31,-0.4001,"Chicago Fed Adjusted National Financial Conditions Index","1971-01-08","2024-10-25","Index","NSA",2024-10-30,"Weekly"," points",0.28064,"ANFCI"
"2157",2012-05-04,"ANFCI",-0.37196,2024-10-31,2024-10-31,-0.37196,"Chicago Fed Adjusted National Financial Conditions Index","1971-01-08","2024-10-25","Index","NSA",2024-10-30,"Weekly"," points",0.31352,"ANFCI"
"2158",2012-05-11,"ANFCI",-0.33071,2024-10-31,2024-10-31,-0.33071,"Chicago Fed Adjusted National Financial Conditions Index","1971-01-08","2024-10-25","Index","NSA",2024-10-30,"Weekly"," points",0.35856,"ANFCI"
"2159",2012-05-18,"ANFCI",-0.2768,2024-10-31,2024-10-31,-0.2768,"Chicago Fed Adjusted National Financial Conditions Index","1971-01-08","2024-10-25","Index","NSA",2024-10-30,"Weekly"," points",0.41482,"ANFCI"
"2160",2012-05-25,"ANFCI",-0.22508,2024-10-31,2024-10-31,-0.22508,"Chicago Fed Adjusted National Financial Conditions Index","1971-01-08","2024-10-25","Index","NSA",2024-10-30,"Weekly"," points",0.46169,"ANFCI"
"2161",2012-06-01,"ANFCI",-0.18502,2024-10-31,2024-10-31,-0.18502,"Chicago Fed Adjusted National Financial Conditions Index","1971-01-08","2024-10-25","Index","NSA",2024-10-30,"Weekly"," points",0.48797,"ANFCI"
"2162",2012-06-08,"ANFCI",-0.16906,2024-10-31,2024-10-31,-0.16906,"Chicago Fed Adjusted National Financial Conditions Index","1971-01-08","2024-10-25","Index","NSA",2024-10-30,"Weekly"," points",0.4814,"ANFCI"
"2163",2012-06-15,"ANFCI",-0.18152,2024-10-31,2024-10-31,-0.18152,"Chicago Fed Adjusted National Financial Conditions Index","1971-01-08","2024-10-25","Index","NSA",2024-10-30,"Weekly"," points",0.45061,"ANFCI"
"2164",2012-06-22,"ANFCI",-0.21292,2024-10-31,2024-10-31,-0.21292,"Chicago Fed Adjusted National Financial Conditions Index","1971-01-08","2024-10-25","Index","NSA",2024-10-30,"Weekly"," points",0.41234,"ANFCI"
"2165",2012-06-29,"ANFCI",-0.24688,2024-10-31,2024-10-31,-0.24688,"Chicago Fed Adjusted National Financial Conditions Index","1971-01-08","2024-10-25","Index","NSA",2024-10-30,"Weekly"," points",0.38708,"ANFCI"
"2166",2012-07-06,"ANFCI",-0.27691,2024-10-31,2024-10-31,-0.27691,"Chicago Fed Adjusted National Financial Conditions Index","1971-01-08","2024-10-25","Index","NSA",2024-10-30,"Weekly"," points",0.36805,"ANFCI"
"2167",2012-07-13,"ANFCI",-0.29688,2024-10-31,2024-10-31,-0.29688,"Chicago Fed Adjusted National Financial Conditions Index","1971-01-08","2024-10-25","Index","NSA",2024-10-30,"Weekly"," points",0.34106,"ANFCI"
"2168",2012-07-20,"ANFCI",-0.31148,2024-10-31,2024-10-31,-0.31148,"Chicago Fed Adjusted National Financial Conditions Index","1971-01-08","2024-10-25","Index","NSA",2024-10-30,"Weekly"," points",0.28869,"ANFCI"
"2169",2012-07-27,"ANFCI",-0.32396,2024-10-31,2024-10-31,-0.32396,"Chicago Fed Adjusted National Financial Conditions Index","1971-01-08","2024-10-25","Index","NSA",2024-10-30,"Weekly"," points",0.19969,"ANFCI"
"2170",2012-08-03,"ANFCI",-0.34128,2024-10-31,2024-10-31,-0.34128,"Chicago Fed Adjusted National Financial Conditions Index","1971-01-08","2024-10-25","Index","NSA",2024-10-30,"Weekly"," points",0.0732100000000001,"ANFCI"
"2171",2012-08-10,"ANFCI",-0.36277,2024-10-31,2024-10-31,-0.36277,"Chicago Fed Adjusted National Financial Conditions Index","1971-01-08","2024-10-25","Index","NSA",2024-10-30,"Weekly"," points",-0.06353,"ANFCI"
"2172",2012-08-17,"ANFCI",-0.38695,2024-10-31,2024-10-31,-0.38695,"Chicago Fed Adjusted National Financial Conditions Index","1971-01-08","2024-10-25","Index","NSA",2024-10-30,"Weekly"," points",-0.17921,"ANFCI"
"2173",2012-08-24,"ANFCI",-0.41255,2024-10-31,2024-10-31,-0.41255,"Chicago Fed Adjusted National Financial Conditions Index","1971-01-08","2024-10-25","Index","NSA",2024-10-30,"Weekly"," points",-0.27375,"ANFCI"
"2174",2012-08-31,"ANFCI",-0.43789,2024-10-31,2024-10-31,-0.43789,"Chicago Fed Adjusted National Financial Conditions Index","1971-01-08","2024-10-25","Index","NSA",2024-10-30,"Weekly"," points",-0.34085,"ANFCI"
"2175",2012-09-07,"ANFCI",-0.46659,2024-10-31,2024-10-31,-0.46659,"Chicago Fed Adjusted National Financial Conditions Index","1971-01-08","2024-10-25","Index","NSA",2024-10-30,"Weekly"," points",-0.40503,"ANFCI"
"2176",2012-09-14,"ANFCI",-0.49934,2024-10-31,2024-10-31,-0.49934,"Chicago Fed Adjusted National Financial Conditions Index","1971-01-08","2024-10-25","Index","NSA",2024-10-30,"Weekly"," points",-0.46889,"ANFCI"
"2177",2012-09-21,"ANFCI",-0.53203,2024-10-31,2024-10-31,-0.53203,"Chicago Fed Adjusted National Financial Conditions Index","1971-01-08","2024-10-25","Index","NSA",2024-10-30,"Weekly"," points",-0.52932,"ANFCI"
"2178",2012-09-28,"ANFCI",-0.56124,2024-10-31,2024-10-31,-0.56124,"Chicago Fed Adjusted National Financial Conditions Index","1971-01-08","2024-10-25","Index","NSA",2024-10-30,"Weekly"," points",-0.56677,"ANFCI"
"2179",2012-10-05,"ANFCI",-0.58772,2024-10-31,2024-10-31,-0.58772,"Chicago Fed Adjusted National Financial Conditions Index","1971-01-08","2024-10-25","Index","NSA",2024-10-30,"Weekly"," points",-0.573,"ANFCI"
"2180",2012-10-12,"ANFCI",-0.6047,2024-10-31,2024-10-31,-0.6047,"Chicago Fed Adjusted National Financial Conditions Index","1971-01-08","2024-10-25","Index","NSA",2024-10-30,"Weekly"," points",-0.54012,"ANFCI"
"2181",2012-10-19,"ANFCI",-0.61334,2024-10-31,2024-10-31,-0.61334,"Chicago Fed Adjusted National Financial Conditions Index","1971-01-08","2024-10-25","Index","NSA",2024-10-30,"Weekly"," points",-0.49634,"ANFCI"
"2182",2012-10-26,"ANFCI",-0.61191,2024-10-31,2024-10-31,-0.61191,"Chicago Fed Adjusted National Financial Conditions Index","1971-01-08","2024-10-25","Index","NSA",2024-10-30,"Weekly"," points",-0.45758,"ANFCI"
"2183",2012-11-02,"ANFCI",-0.60717,2024-10-31,2024-10-31,-0.60717,"Chicago Fed Adjusted National Financial Conditions Index","1971-01-08","2024-10-25","Index","NSA",2024-10-30,"Weekly"," points",-0.4534,"ANFCI"
"2184",2012-11-09,"ANFCI",-0.60313,2024-10-31,2024-10-31,-0.60313,"Chicago Fed Adjusted National Financial Conditions Index","1971-01-08","2024-10-25","Index","NSA",2024-10-30,"Weekly"," points",-0.48247,"ANFCI"
"2185",2012-11-16,"ANFCI",-0.60082,2024-10-31,2024-10-31,-0.60082,"Chicago Fed Adjusted National Financial Conditions Index","1971-01-08","2024-10-25","Index","NSA",2024-10-30,"Weekly"," points",-0.52846,"ANFCI"
"2186",2012-11-23,"ANFCI",-0.6047,2024-10-31,2024-10-31,-0.6047,"Chicago Fed Adjusted National Financial Conditions Index","1971-01-08","2024-10-25","Index","NSA",2024-10-30,"Weekly"," points",-0.57436,"ANFCI"
"2187",2012-11-30,"ANFCI",-0.60886,2024-10-31,2024-10-31,-0.60886,"Chicago Fed Adjusted National Financial Conditions Index","1971-01-08","2024-10-25","Index","NSA",2024-10-30,"Weekly"," points",-0.59118,"ANFCI"
"2188",2012-12-07,"ANFCI",-0.61311,2024-10-31,2024-10-31,-0.61311,"Chicago Fed Adjusted National Financial Conditions Index","1971-01-08","2024-10-25","Index","NSA",2024-10-30,"Weekly"," points",-0.58573,"ANFCI"
"2189",2012-12-14,"ANFCI",-0.61948,2024-10-31,2024-10-31,-0.61948,"Chicago Fed Adjusted National Financial Conditions Index","1971-01-08","2024-10-25","Index","NSA",2024-10-30,"Weekly"," points",-0.56991,"ANFCI"
"2190",2012-12-21,"ANFCI",-0.62665,2024-10-31,2024-10-31,-0.62665,"Chicago Fed Adjusted National Financial Conditions Index","1971-01-08","2024-10-25","Index","NSA",2024-10-30,"Weekly"," points",-0.54509,"ANFCI"
"2191",2012-12-28,"ANFCI",-0.63446,2024-10-31,2024-10-31,-0.63446,"Chicago Fed Adjusted National Financial Conditions Index","1971-01-08","2024-10-25","Index","NSA",2024-10-30,"Weekly"," points",-0.51385,"ANFCI"
"2192",2013-01-04,"ANFCI",-0.64797,2024-10-31,2024-10-31,-0.64797,"Chicago Fed Adjusted National Financial Conditions Index","1971-01-08","2024-10-25","Index","NSA",2024-10-30,"Weekly"," points",-0.48012,"ANFCI"
"2193",2013-01-11,"ANFCI",-0.66047,2024-10-31,2024-10-31,-0.66047,"Chicago Fed Adjusted National Financial Conditions Index","1971-01-08","2024-10-25","Index","NSA",2024-10-30,"Weekly"," points",-0.4322,"ANFCI"
"2194",2013-01-18,"ANFCI",-0.66721,2024-10-31,2024-10-31,-0.66721,"Chicago Fed Adjusted National Financial Conditions Index","1971-01-08","2024-10-25","Index","NSA",2024-10-30,"Weekly"," points",-0.37158,"ANFCI"
"2195",2013-01-25,"ANFCI",-0.66884,2024-10-31,2024-10-31,-0.66884,"Chicago Fed Adjusted National Financial Conditions Index","1971-01-08","2024-10-25","Index","NSA",2024-10-30,"Weekly"," points",-0.31227,"ANFCI"
"2196",2013-02-01,"ANFCI",-0.66517,2024-10-31,2024-10-31,-0.66517,"Chicago Fed Adjusted National Financial Conditions Index","1971-01-08","2024-10-25","Index","NSA",2024-10-30,"Weekly"," points",-0.26759,"ANFCI"
"2197",2013-02-08,"ANFCI",-0.66173,2024-10-31,2024-10-31,-0.66173,"Chicago Fed Adjusted National Financial Conditions Index","1971-01-08","2024-10-25","Index","NSA",2024-10-30,"Weekly"," points",-0.24447,"ANFCI"
"2198",2013-02-15,"ANFCI",-0.66653,2024-10-31,2024-10-31,-0.66653,"Chicago Fed Adjusted National Financial Conditions Index","1971-01-08","2024-10-25","Index","NSA",2024-10-30,"Weekly"," points",-0.24561,"ANFCI"
"2199",2013-02-22,"ANFCI",-0.67991,2024-10-31,2024-10-31,-0.67991,"Chicago Fed Adjusted National Financial Conditions Index","1971-01-08","2024-10-25","Index","NSA",2024-10-30,"Weekly"," points",-0.2543,"ANFCI"
"2200",2013-03-01,"ANFCI",-0.69886,2024-10-31,2024-10-31,-0.69886,"Chicago Fed Adjusted National Financial Conditions Index","1971-01-08","2024-10-25","Index","NSA",2024-10-30,"Weekly"," points",-0.25691,"ANFCI"
"2201",2013-03-08,"ANFCI",-0.72397,2024-10-31,2024-10-31,-0.72397,"Chicago Fed Adjusted National Financial Conditions Index","1971-01-08","2024-10-25","Index","NSA",2024-10-30,"Weekly"," points",-0.25703,"ANFCI"
"2202",2013-03-15,"ANFCI",-0.74434,2024-10-31,2024-10-31,-0.74434,"Chicago Fed Adjusted National Financial Conditions Index","1971-01-08","2024-10-25","Index","NSA",2024-10-30,"Weekly"," points",-0.24935,"ANFCI"
"2203",2013-03-22,"ANFCI",-0.75535,2024-10-31,2024-10-31,-0.75535,"Chicago Fed Adjusted National Financial Conditions Index","1971-01-08","2024-10-25","Index","NSA",2024-10-30,"Weekly"," points",-0.2454,"ANFCI"
"2204",2013-03-29,"ANFCI",-0.76052,2024-10-31,2024-10-31,-0.76052,"Chicago Fed Adjusted National Financial Conditions Index","1971-01-08","2024-10-25","Index","NSA",2024-10-30,"Weekly"," points",-0.2572,"ANFCI"
"2205",2013-04-05,"ANFCI",-0.762,2024-10-31,2024-10-31,-0.762,"Chicago Fed Adjusted National Financial Conditions Index","1971-01-08","2024-10-25","Index","NSA",2024-10-30,"Weekly"," points",-0.28176,"ANFCI"
"2206",2013-04-12,"ANFCI",-0.76562,2024-10-31,2024-10-31,-0.76562,"Chicago Fed Adjusted National Financial Conditions Index","1971-01-08","2024-10-25","Index","NSA",2024-10-30,"Weekly"," points",-0.31538,"ANFCI"
"2207",2013-04-19,"ANFCI",-0.77344,2024-10-31,2024-10-31,-0.77344,"Chicago Fed Adjusted National Financial Conditions Index","1971-01-08","2024-10-25","Index","NSA",2024-10-30,"Weekly"," points",-0.34914,"ANFCI"
"2208",2013-04-26,"ANFCI",-0.78878,2024-10-31,2024-10-31,-0.78878,"Chicago Fed Adjusted National Financial Conditions Index","1971-01-08","2024-10-25","Index","NSA",2024-10-30,"Weekly"," points",-0.38868,"ANFCI"
"2209",2013-05-03,"ANFCI",-0.8067,2024-10-31,2024-10-31,-0.8067,"Chicago Fed Adjusted National Financial Conditions Index","1971-01-08","2024-10-25","Index","NSA",2024-10-30,"Weekly"," points",-0.43474,"ANFCI"
"2210",2013-05-10,"ANFCI",-0.82208,2024-10-31,2024-10-31,-0.82208,"Chicago Fed Adjusted National Financial Conditions Index","1971-01-08","2024-10-25","Index","NSA",2024-10-30,"Weekly"," points",-0.49137,"ANFCI"
"2211",2013-05-17,"ANFCI",-0.82458,2024-10-31,2024-10-31,-0.82458,"Chicago Fed Adjusted National Financial Conditions Index","1971-01-08","2024-10-25","Index","NSA",2024-10-30,"Weekly"," points",-0.54778,"ANFCI"
"2212",2013-05-24,"ANFCI",-0.81001,2024-10-31,2024-10-31,-0.81001,"Chicago Fed Adjusted National Financial Conditions Index","1971-01-08","2024-10-25","Index","NSA",2024-10-30,"Weekly"," points",-0.58493,"ANFCI"
"2213",2013-05-31,"ANFCI",-0.77759,2024-10-31,2024-10-31,-0.77759,"Chicago Fed Adjusted National Financial Conditions Index","1971-01-08","2024-10-25","Index","NSA",2024-10-30,"Weekly"," points",-0.59257,"ANFCI"
"2214",2013-06-07,"ANFCI",-0.73287,2024-10-31,2024-10-31,-0.73287,"Chicago Fed Adjusted National Financial Conditions Index","1971-01-08","2024-10-25","Index","NSA",2024-10-30,"Weekly"," points",-0.56381,"ANFCI"
"2215",2013-06-14,"ANFCI",-0.68852,2024-10-31,2024-10-31,-0.68852,"Chicago Fed Adjusted National Financial Conditions Index","1971-01-08","2024-10-25","Index","NSA",2024-10-30,"Weekly"," points",-0.507,"ANFCI"
"2216",2013-06-21,"ANFCI",-0.65611,2024-10-31,2024-10-31,-0.65611,"Chicago Fed Adjusted National Financial Conditions Index","1971-01-08","2024-10-25","Index","NSA",2024-10-30,"Weekly"," points",-0.44319,"ANFCI"
"2217",2013-06-28,"ANFCI",-0.64433,2024-10-31,2024-10-31,-0.64433,"Chicago Fed Adjusted National Financial Conditions Index","1971-01-08","2024-10-25","Index","NSA",2024-10-30,"Weekly"," points",-0.39745,"ANFCI"
"2218",2013-07-05,"ANFCI",-0.65411,2024-10-31,2024-10-31,-0.65411,"Chicago Fed Adjusted National Financial Conditions Index","1971-01-08","2024-10-25","Index","NSA",2024-10-30,"Weekly"," points",-0.3772,"ANFCI"
"2219",2013-07-12,"ANFCI",-0.67957,2024-10-31,2024-10-31,-0.67957,"Chicago Fed Adjusted National Financial Conditions Index","1971-01-08","2024-10-25","Index","NSA",2024-10-30,"Weekly"," points",-0.38269,"ANFCI"
"2220",2013-07-19,"ANFCI",-0.71119,2024-10-31,2024-10-31,-0.71119,"Chicago Fed Adjusted National Financial Conditions Index","1971-01-08","2024-10-25","Index","NSA",2024-10-30,"Weekly"," points",-0.39971,"ANFCI"
"2221",2013-07-26,"ANFCI",-0.73707,2024-10-31,2024-10-31,-0.73707,"Chicago Fed Adjusted National Financial Conditions Index","1971-01-08","2024-10-25","Index","NSA",2024-10-30,"Weekly"," points",-0.41311,"ANFCI"
"2222",2013-08-02,"ANFCI",-0.75049,2024-10-31,2024-10-31,-0.75049,"Chicago Fed Adjusted National Financial Conditions Index","1971-01-08","2024-10-25","Index","NSA",2024-10-30,"Weekly"," points",-0.40921,"ANFCI"
"2223",2013-08-09,"ANFCI",-0.75277,2024-10-31,2024-10-31,-0.75277,"Chicago Fed Adjusted National Financial Conditions Index","1971-01-08","2024-10-25","Index","NSA",2024-10-30,"Weekly"," points",-0.39,"ANFCI"
"2224",2013-08-16,"ANFCI",-0.74639,2024-10-31,2024-10-31,-0.74639,"Chicago Fed Adjusted National Financial Conditions Index","1971-01-08","2024-10-25","Index","NSA",2024-10-30,"Weekly"," points",-0.35944,"ANFCI"
"2225",2013-08-23,"ANFCI",-0.73797,2024-10-31,2024-10-31,-0.73797,"Chicago Fed Adjusted National Financial Conditions Index","1971-01-08","2024-10-25","Index","NSA",2024-10-30,"Weekly"," points",-0.32542,"ANFCI"
"2226",2013-08-30,"ANFCI",-0.73403,2024-10-31,2024-10-31,-0.73403,"Chicago Fed Adjusted National Financial Conditions Index","1971-01-08","2024-10-25","Index","NSA",2024-10-30,"Weekly"," points",-0.29614,"ANFCI"
"2227",2013-09-06,"ANFCI",-0.73767,2024-10-31,2024-10-31,-0.73767,"Chicago Fed Adjusted National Financial Conditions Index","1971-01-08","2024-10-25","Index","NSA",2024-10-30,"Weekly"," points",-0.27108,"ANFCI"
"2228",2013-09-13,"ANFCI",-0.74679,2024-10-31,2024-10-31,-0.74679,"Chicago Fed Adjusted National Financial Conditions Index","1971-01-08","2024-10-25","Index","NSA",2024-10-30,"Weekly"," points",-0.24745,"ANFCI"
"2229",2013-09-20,"ANFCI",-0.7582,2024-10-31,2024-10-31,-0.7582,"Chicago Fed Adjusted National Financial Conditions Index","1971-01-08","2024-10-25","Index","NSA",2024-10-30,"Weekly"," points",-0.22617,"ANFCI"
"2230",2013-09-27,"ANFCI",-0.76918,2024-10-31,2024-10-31,-0.76918,"Chicago Fed Adjusted National Financial Conditions Index","1971-01-08","2024-10-25","Index","NSA",2024-10-30,"Weekly"," points",-0.20794,"ANFCI"
"2231",2013-10-04,"ANFCI",-0.77947,2024-10-31,2024-10-31,-0.77947,"Chicago Fed Adjusted National Financial Conditions Index","1971-01-08","2024-10-25","Index","NSA",2024-10-30,"Weekly"," points",-0.19175,"ANFCI"
"2232",2013-10-11,"ANFCI",-0.7926,2024-10-31,2024-10-31,-0.7926,"Chicago Fed Adjusted National Financial Conditions Index","1971-01-08","2024-10-25","Index","NSA",2024-10-30,"Weekly"," points",-0.1879,"ANFCI"
"2233",2013-10-18,"ANFCI",-0.80898,2024-10-31,2024-10-31,-0.80898,"Chicago Fed Adjusted National Financial Conditions Index","1971-01-08","2024-10-25","Index","NSA",2024-10-30,"Weekly"," points",-0.19564,"ANFCI"
"2234",2013-10-25,"ANFCI",-0.82771,2024-10-31,2024-10-31,-0.82771,"Chicago Fed Adjusted National Financial Conditions Index","1971-01-08","2024-10-25","Index","NSA",2024-10-30,"Weekly"," points",-0.2158,"ANFCI"
"2235",2013-11-01,"ANFCI",-0.84639,2024-10-31,2024-10-31,-0.84639,"Chicago Fed Adjusted National Financial Conditions Index","1971-01-08","2024-10-25","Index","NSA",2024-10-30,"Weekly"," points",-0.23922,"ANFCI"
"2236",2013-11-08,"ANFCI",-0.86463,2024-10-31,2024-10-31,-0.86463,"Chicago Fed Adjusted National Financial Conditions Index","1971-01-08","2024-10-25","Index","NSA",2024-10-30,"Weekly"," points",-0.2615,"ANFCI"
"2237",2013-11-15,"ANFCI",-0.87887,2024-10-31,2024-10-31,-0.87887,"Chicago Fed Adjusted National Financial Conditions Index","1971-01-08","2024-10-25","Index","NSA",2024-10-30,"Weekly"," points",-0.27805,"ANFCI"
"2238",2013-11-22,"ANFCI",-0.88853,2024-10-31,2024-10-31,-0.88853,"Chicago Fed Adjusted National Financial Conditions Index","1971-01-08","2024-10-25","Index","NSA",2024-10-30,"Weekly"," points",-0.28383,"ANFCI"
"2239",2013-11-29,"ANFCI",-0.89623,2024-10-31,2024-10-31,-0.89623,"Chicago Fed Adjusted National Financial Conditions Index","1971-01-08","2024-10-25","Index","NSA",2024-10-30,"Weekly"," points",-0.28737,"ANFCI"
"2240",2013-12-06,"ANFCI",-0.90451,2024-10-31,2024-10-31,-0.90451,"Chicago Fed Adjusted National Financial Conditions Index","1971-01-08","2024-10-25","Index","NSA",2024-10-30,"Weekly"," points",-0.2914,"ANFCI"
"2241",2013-12-13,"ANFCI",-0.91491,2024-10-31,2024-10-31,-0.91491,"Chicago Fed Adjusted National Financial Conditions Index","1971-01-08","2024-10-25","Index","NSA",2024-10-30,"Weekly"," points",-0.29543,"ANFCI"
"2242",2013-12-20,"ANFCI",-0.92661,2024-10-31,2024-10-31,-0.92661,"Chicago Fed Adjusted National Financial Conditions Index","1971-01-08","2024-10-25","Index","NSA",2024-10-30,"Weekly"," points",-0.29996,"ANFCI"
"2243",2013-12-27,"ANFCI",-0.93596,2024-10-31,2024-10-31,-0.93596,"Chicago Fed Adjusted National Financial Conditions Index","1971-01-08","2024-10-25","Index","NSA",2024-10-30,"Weekly"," points",-0.3015,"ANFCI"
"2244",2014-01-03,"ANFCI",-0.93613,2024-10-31,2024-10-31,-0.93613,"Chicago Fed Adjusted National Financial Conditions Index","1971-01-08","2024-10-25","Index","NSA",2024-10-30,"Weekly"," points",-0.28816,"ANFCI"
"2245",2014-01-10,"ANFCI",-0.92701,2024-10-31,2024-10-31,-0.92701,"Chicago Fed Adjusted National Financial Conditions Index","1971-01-08","2024-10-25","Index","NSA",2024-10-30,"Weekly"," points",-0.26654,"ANFCI"
"2246",2014-01-17,"ANFCI",-0.91049,2024-10-31,2024-10-31,-0.91049,"Chicago Fed Adjusted National Financial Conditions Index","1971-01-08","2024-10-25","Index","NSA",2024-10-30,"Weekly"," points",-0.24328,"ANFCI"
"2247",2014-01-24,"ANFCI",-0.89225,2024-10-31,2024-10-31,-0.89225,"Chicago Fed Adjusted National Financial Conditions Index","1971-01-08","2024-10-25","Index","NSA",2024-10-30,"Weekly"," points",-0.22341,"ANFCI"
"2248",2014-01-31,"ANFCI",-0.88028,2024-10-31,2024-10-31,-0.88028,"Chicago Fed Adjusted National Financial Conditions Index","1971-01-08","2024-10-25","Index","NSA",2024-10-30,"Weekly"," points",-0.21511,"ANFCI"
"2249",2014-02-07,"ANFCI",-0.87969,2024-10-31,2024-10-31,-0.87969,"Chicago Fed Adjusted National Financial Conditions Index","1971-01-08","2024-10-25","Index","NSA",2024-10-30,"Weekly"," points",-0.21796,"ANFCI"
"2250",2014-02-14,"ANFCI",-0.88715,2024-10-31,2024-10-31,-0.88715,"Chicago Fed Adjusted National Financial Conditions Index","1971-01-08","2024-10-25","Index","NSA",2024-10-30,"Weekly"," points",-0.22062,"ANFCI"
"2251",2014-02-21,"ANFCI",-0.89535,2024-10-31,2024-10-31,-0.89535,"Chicago Fed Adjusted National Financial Conditions Index","1971-01-08","2024-10-25","Index","NSA",2024-10-30,"Weekly"," points",-0.21544,"ANFCI"
"2252",2014-02-28,"ANFCI",-0.89747,2024-10-31,2024-10-31,-0.89747,"Chicago Fed Adjusted National Financial Conditions Index","1971-01-08","2024-10-25","Index","NSA",2024-10-30,"Weekly"," points",-0.19861,"ANFCI"
"2253",2014-03-07,"ANFCI",-0.88753,2024-10-31,2024-10-31,-0.88753,"Chicago Fed Adjusted National Financial Conditions Index","1971-01-08","2024-10-25","Index","NSA",2024-10-30,"Weekly"," points",-0.16356,"ANFCI"
"2254",2014-03-14,"ANFCI",-0.86915,2024-10-31,2024-10-31,-0.86915,"Chicago Fed Adjusted National Financial Conditions Index","1971-01-08","2024-10-25","Index","NSA",2024-10-30,"Weekly"," points",-0.12481,"ANFCI"
"2255",2014-03-21,"ANFCI",-0.84799,2024-10-31,2024-10-31,-0.84799,"Chicago Fed Adjusted National Financial Conditions Index","1971-01-08","2024-10-25","Index","NSA",2024-10-30,"Weekly"," points",-0.0926400000000001,"ANFCI"
"2256",2014-03-28,"ANFCI",-0.82739,2024-10-31,2024-10-31,-0.82739,"Chicago Fed Adjusted National Financial Conditions Index","1971-01-08","2024-10-25","Index","NSA",2024-10-30,"Weekly"," points",-0.06687,"ANFCI"
"2257",2014-04-04,"ANFCI",-0.81399,2024-10-31,2024-10-31,-0.81399,"Chicago Fed Adjusted National Financial Conditions Index","1971-01-08","2024-10-25","Index","NSA",2024-10-30,"Weekly"," points",-0.05199,"ANFCI"
"2258",2014-04-11,"ANFCI",-0.80438,2024-10-31,2024-10-31,-0.80438,"Chicago Fed Adjusted National Financial Conditions Index","1971-01-08","2024-10-25","Index","NSA",2024-10-30,"Weekly"," points",-0.03876,"ANFCI"
"2259",2014-04-18,"ANFCI",-0.79562,2024-10-31,2024-10-31,-0.79562,"Chicago Fed Adjusted National Financial Conditions Index","1971-01-08","2024-10-25","Index","NSA",2024-10-30,"Weekly"," points",-0.02218,"ANFCI"
"2260",2014-04-25,"ANFCI",-0.78609,2024-10-31,2024-10-31,-0.78609,"Chicago Fed Adjusted National Financial Conditions Index","1971-01-08","2024-10-25","Index","NSA",2024-10-30,"Weekly"," points",0.00269000000000008,"ANFCI"
"2261",2014-05-02,"ANFCI",-0.77679,2024-10-31,2024-10-31,-0.77679,"Chicago Fed Adjusted National Financial Conditions Index","1971-01-08","2024-10-25","Index","NSA",2024-10-30,"Weekly"," points",0.02991,"ANFCI"
"2262",2014-05-09,"ANFCI",-0.76964,2024-10-31,2024-10-31,-0.76964,"Chicago Fed Adjusted National Financial Conditions Index","1971-01-08","2024-10-25","Index","NSA",2024-10-30,"Weekly"," points",0.05244,"ANFCI"
"2263",2014-05-16,"ANFCI",-0.7694,2024-10-31,2024-10-31,-0.7694,"Chicago Fed Adjusted National Financial Conditions Index","1971-01-08","2024-10-25","Index","NSA",2024-10-30,"Weekly"," points",0.05518,"ANFCI"
"2264",2014-05-23,"ANFCI",-0.77865,2024-10-31,2024-10-31,-0.77865,"Chicago Fed Adjusted National Financial Conditions Index","1971-01-08","2024-10-25","Index","NSA",2024-10-30,"Weekly"," points",0.0313600000000001,"ANFCI"
"2265",2014-05-30,"ANFCI",-0.79274,2024-10-31,2024-10-31,-0.79274,"Chicago Fed Adjusted National Financial Conditions Index","1971-01-08","2024-10-25","Index","NSA",2024-10-30,"Weekly"," points",-0.01515,"ANFCI"
"2266",2014-06-06,"ANFCI",-0.80675,2024-10-31,2024-10-31,-0.80675,"Chicago Fed Adjusted National Financial Conditions Index","1971-01-08","2024-10-25","Index","NSA",2024-10-30,"Weekly"," points",-0.0738799999999999,"ANFCI"
"2267",2014-06-13,"ANFCI",-0.81565,2024-10-31,2024-10-31,-0.81565,"Chicago Fed Adjusted National Financial Conditions Index","1971-01-08","2024-10-25","Index","NSA",2024-10-30,"Weekly"," points",-0.12713,"ANFCI"
"2268",2014-06-20,"ANFCI",-0.8164,2024-10-31,2024-10-31,-0.8164,"Chicago Fed Adjusted National Financial Conditions Index","1971-01-08","2024-10-25","Index","NSA",2024-10-30,"Weekly"," points",-0.16029,"ANFCI"
"2269",2014-06-27,"ANFCI",-0.80924,2024-10-31,2024-10-31,-0.80924,"Chicago Fed Adjusted National Financial Conditions Index","1971-01-08","2024-10-25","Index","NSA",2024-10-30,"Weekly"," points",-0.16491,"ANFCI"
"2270",2014-07-04,"ANFCI",-0.79593,2024-10-31,2024-10-31,-0.79593,"Chicago Fed Adjusted National Financial Conditions Index","1971-01-08","2024-10-25","Index","NSA",2024-10-30,"Weekly"," points",-0.14182,"ANFCI"
"2271",2014-07-11,"ANFCI",-0.7801,2024-10-31,2024-10-31,-0.7801,"Chicago Fed Adjusted National Financial Conditions Index","1971-01-08","2024-10-25","Index","NSA",2024-10-30,"Weekly"," points",-0.10053,"ANFCI"
"2272",2014-07-18,"ANFCI",-0.76375,2024-10-31,2024-10-31,-0.76375,"Chicago Fed Adjusted National Financial Conditions Index","1971-01-08","2024-10-25","Index","NSA",2024-10-30,"Weekly"," points",-0.0525600000000001,"ANFCI"
"2273",2014-07-25,"ANFCI",-0.75012,2024-10-31,2024-10-31,-0.75012,"Chicago Fed Adjusted National Financial Conditions Index","1971-01-08","2024-10-25","Index","NSA",2024-10-30,"Weekly"," points",-0.01305,"ANFCI"
"2274",2014-08-01,"ANFCI",-0.74028,2024-10-31,2024-10-31,-0.74028,"Chicago Fed Adjusted National Financial Conditions Index","1971-01-08","2024-10-25","Index","NSA",2024-10-30,"Weekly"," points",0.0102099999999999,"ANFCI"
"2275",2014-08-08,"ANFCI",-0.73944,2024-10-31,2024-10-31,-0.73944,"Chicago Fed Adjusted National Financial Conditions Index","1971-01-08","2024-10-25","Index","NSA",2024-10-30,"Weekly"," points",0.0133300000000001,"ANFCI"
"2276",2014-08-15,"ANFCI",-0.74616,2024-10-31,2024-10-31,-0.74616,"Chicago Fed Adjusted National Financial Conditions Index","1971-01-08","2024-10-25","Index","NSA",2024-10-30,"Weekly"," points",0.000229999999999952,"ANFCI"
"2277",2014-08-22,"ANFCI",-0.75593,2024-10-31,2024-10-31,-0.75593,"Chicago Fed Adjusted National Financial Conditions Index","1971-01-08","2024-10-25","Index","NSA",2024-10-30,"Weekly"," points",-0.01796,"ANFCI"
"2278",2014-08-29,"ANFCI",-0.76397,2024-10-31,2024-10-31,-0.76397,"Chicago Fed Adjusted National Financial Conditions Index","1971-01-08","2024-10-25","Index","NSA",2024-10-30,"Weekly"," points",-0.0299400000000001,"ANFCI"
"2279",2014-09-05,"ANFCI",-0.76722,2024-10-31,2024-10-31,-0.76722,"Chicago Fed Adjusted National Financial Conditions Index","1971-01-08","2024-10-25","Index","NSA",2024-10-30,"Weekly"," points",-0.02955,"ANFCI"
"2280",2014-09-12,"ANFCI",-0.75959,2024-10-31,2024-10-31,-0.75959,"Chicago Fed Adjusted National Financial Conditions Index","1971-01-08","2024-10-25","Index","NSA",2024-10-30,"Weekly"," points",-0.0128,"ANFCI"
"2281",2014-09-19,"ANFCI",-0.74272,2024-10-31,2024-10-31,-0.74272,"Chicago Fed Adjusted National Financial Conditions Index","1971-01-08","2024-10-25","Index","NSA",2024-10-30,"Weekly"," points",0.0154799999999999,"ANFCI"
"2282",2014-09-26,"ANFCI",-0.71971,2024-10-31,2024-10-31,-0.71971,"Chicago Fed Adjusted National Financial Conditions Index","1971-01-08","2024-10-25","Index","NSA",2024-10-30,"Weekly"," points",0.04947,"ANFCI"
"2283",2014-10-03,"ANFCI",-0.6992,2024-10-31,2024-10-31,-0.6992,"Chicago Fed Adjusted National Financial Conditions Index","1971-01-08","2024-10-25","Index","NSA",2024-10-30,"Weekly"," points",0.08027,"ANFCI"
"2284",2014-10-10,"ANFCI",-0.68681,2024-10-31,2024-10-31,-0.68681,"Chicago Fed Adjusted National Financial Conditions Index","1971-01-08","2024-10-25","Index","NSA",2024-10-30,"Weekly"," points",0.10579,"ANFCI"
"2285",2014-10-17,"ANFCI",-0.68265,2024-10-31,2024-10-31,-0.68265,"Chicago Fed Adjusted National Financial Conditions Index","1971-01-08","2024-10-25","Index","NSA",2024-10-30,"Weekly"," points",0.12633,"ANFCI"
"2286",2014-10-24,"ANFCI",-0.69179,2024-10-31,2024-10-31,-0.69179,"Chicago Fed Adjusted National Financial Conditions Index","1971-01-08","2024-10-25","Index","NSA",2024-10-30,"Weekly"," points",0.13592,"ANFCI"
"2287",2014-10-31,"ANFCI",-0.70596,2024-10-31,2024-10-31,-0.70596,"Chicago Fed Adjusted National Financial Conditions Index","1971-01-08","2024-10-25","Index","NSA",2024-10-30,"Weekly"," points",0.14043,"ANFCI"
"2288",2014-11-07,"ANFCI",-0.71903,2024-10-31,2024-10-31,-0.71903,"Chicago Fed Adjusted National Financial Conditions Index","1971-01-08","2024-10-25","Index","NSA",2024-10-30,"Weekly"," points",0.1456,"ANFCI"
"2289",2014-11-14,"ANFCI",-0.72436,2024-10-31,2024-10-31,-0.72436,"Chicago Fed Adjusted National Financial Conditions Index","1971-01-08","2024-10-25","Index","NSA",2024-10-30,"Weekly"," points",0.15451,"ANFCI"
"2290",2014-11-21,"ANFCI",-0.71778,2024-10-31,2024-10-31,-0.71778,"Chicago Fed Adjusted National Financial Conditions Index","1971-01-08","2024-10-25","Index","NSA",2024-10-30,"Weekly"," points",0.17075,"ANFCI"
"2291",2014-11-28,"ANFCI",-0.70121,2024-10-31,2024-10-31,-0.70121,"Chicago Fed Adjusted National Financial Conditions Index","1971-01-08","2024-10-25","Index","NSA",2024-10-30,"Weekly"," points",0.19502,"ANFCI"
"2292",2014-12-05,"ANFCI",-0.67759,2024-10-31,2024-10-31,-0.67759,"Chicago Fed Adjusted National Financial Conditions Index","1971-01-08","2024-10-25","Index","NSA",2024-10-30,"Weekly"," points",0.22692,"ANFCI"
"2293",2014-12-12,"ANFCI",-0.64958,2024-10-31,2024-10-31,-0.64958,"Chicago Fed Adjusted National Financial Conditions Index","1971-01-08","2024-10-25","Index","NSA",2024-10-30,"Weekly"," points",0.26533,"ANFCI"
"2294",2014-12-19,"ANFCI",-0.62261,2024-10-31,2024-10-31,-0.62261,"Chicago Fed Adjusted National Financial Conditions Index","1971-01-08","2024-10-25","Index","NSA",2024-10-30,"Weekly"," points",0.304,"ANFCI"
"2295",2014-12-26,"ANFCI",-0.59947,2024-10-31,2024-10-31,-0.59947,"Chicago Fed Adjusted National Financial Conditions Index","1971-01-08","2024-10-25","Index","NSA",2024-10-30,"Weekly"," points",0.33649,"ANFCI"
"2296",2015-01-02,"ANFCI",-0.57714,2024-10-31,2024-10-31,-0.57714,"Chicago Fed Adjusted National Financial Conditions Index","1971-01-08","2024-10-25","Index","NSA",2024-10-30,"Weekly"," points",0.35899,"ANFCI"
"2297",2015-01-09,"ANFCI",-0.55527,2024-10-31,2024-10-31,-0.55527,"Chicago Fed Adjusted National Financial Conditions Index","1971-01-08","2024-10-25","Index","NSA",2024-10-30,"Weekly"," points",0.37174,"ANFCI"
"2298",2015-01-16,"ANFCI",-0.53307,2024-10-31,2024-10-31,-0.53307,"Chicago Fed Adjusted National Financial Conditions Index","1971-01-08","2024-10-25","Index","NSA",2024-10-30,"Weekly"," points",0.37742,"ANFCI"
"2299",2015-01-23,"ANFCI",-0.51471,2024-10-31,2024-10-31,-0.51471,"Chicago Fed Adjusted National Financial Conditions Index","1971-01-08","2024-10-25","Index","NSA",2024-10-30,"Weekly"," points",0.37754,"ANFCI"
"2300",2015-01-30,"ANFCI",-0.50224,2024-10-31,2024-10-31,-0.50224,"Chicago Fed Adjusted National Financial Conditions Index","1971-01-08","2024-10-25","Index","NSA",2024-10-30,"Weekly"," points",0.37804,"ANFCI"
"2301",2015-02-06,"ANFCI",-0.49708,2024-10-31,2024-10-31,-0.49708,"Chicago Fed Adjusted National Financial Conditions Index","1971-01-08","2024-10-25","Index","NSA",2024-10-30,"Weekly"," points",0.38261,"ANFCI"
"2302",2015-02-13,"ANFCI",-0.49917,2024-10-31,2024-10-31,-0.49917,"Chicago Fed Adjusted National Financial Conditions Index","1971-01-08","2024-10-25","Index","NSA",2024-10-30,"Weekly"," points",0.38798,"ANFCI"
"2303",2015-02-20,"ANFCI",-0.50566,2024-10-31,2024-10-31,-0.50566,"Chicago Fed Adjusted National Financial Conditions Index","1971-01-08","2024-10-25","Index","NSA",2024-10-30,"Weekly"," points",0.38969,"ANFCI"
"2304",2015-02-27,"ANFCI",-0.51193,2024-10-31,2024-10-31,-0.51193,"Chicago Fed Adjusted National Financial Conditions Index","1971-01-08","2024-10-25","Index","NSA",2024-10-30,"Weekly"," points",0.38554,"ANFCI"
"2305",2015-03-06,"ANFCI",-0.51413,2024-10-31,2024-10-31,-0.51413,"Chicago Fed Adjusted National Financial Conditions Index","1971-01-08","2024-10-25","Index","NSA",2024-10-30,"Weekly"," points",0.3734,"ANFCI"
"2306",2015-03-13,"ANFCI",-0.51425,2024-10-31,2024-10-31,-0.51425,"Chicago Fed Adjusted National Financial Conditions Index","1971-01-08","2024-10-25","Index","NSA",2024-10-30,"Weekly"," points",0.3549,"ANFCI"
"2307",2015-03-20,"ANFCI",-0.51469,2024-10-31,2024-10-31,-0.51469,"Chicago Fed Adjusted National Financial Conditions Index","1971-01-08","2024-10-25","Index","NSA",2024-10-30,"Weekly"," points",0.3333,"ANFCI"
"2308",2015-03-27,"ANFCI",-0.51675,2024-10-31,2024-10-31,-0.51675,"Chicago Fed Adjusted National Financial Conditions Index","1971-01-08","2024-10-25","Index","NSA",2024-10-30,"Weekly"," points",0.31064,"ANFCI"
"2309",2015-04-03,"ANFCI",-0.52107,2024-10-31,2024-10-31,-0.52107,"Chicago Fed Adjusted National Financial Conditions Index","1971-01-08","2024-10-25","Index","NSA",2024-10-30,"Weekly"," points",0.29292,"ANFCI"
"2310",2015-04-10,"ANFCI",-0.52565,2024-10-31,2024-10-31,-0.52565,"Chicago Fed Adjusted National Financial Conditions Index","1971-01-08","2024-10-25","Index","NSA",2024-10-30,"Weekly"," points",0.27873,"ANFCI"
"2311",2015-04-17,"ANFCI",-0.5266,2024-10-31,2024-10-31,-0.5266,"Chicago Fed Adjusted National Financial Conditions Index","1971-01-08","2024-10-25","Index","NSA",2024-10-30,"Weekly"," points",0.26902,"ANFCI"
"2312",2015-04-24,"ANFCI",-0.52533,2024-10-31,2024-10-31,-0.52533,"Chicago Fed Adjusted National Financial Conditions Index","1971-01-08","2024-10-25","Index","NSA",2024-10-30,"Weekly"," points",0.26076,"ANFCI"
"2313",2015-05-01,"ANFCI",-0.51981,2024-10-31,2024-10-31,-0.51981,"Chicago Fed Adjusted National Financial Conditions Index","1971-01-08","2024-10-25","Index","NSA",2024-10-30,"Weekly"," points",0.25698,"ANFCI"
"2314",2015-05-08,"ANFCI",-0.51421,2024-10-31,2024-10-31,-0.51421,"Chicago Fed Adjusted National Financial Conditions Index","1971-01-08","2024-10-25","Index","NSA",2024-10-30,"Weekly"," points",0.25543,"ANFCI"
"2315",2015-05-15,"ANFCI",-0.51384,2024-10-31,2024-10-31,-0.51384,"Chicago Fed Adjusted National Financial Conditions Index","1971-01-08","2024-10-25","Index","NSA",2024-10-30,"Weekly"," points",0.25556,"ANFCI"
"2316",2015-05-22,"ANFCI",-0.51823,2024-10-31,2024-10-31,-0.51823,"Chicago Fed Adjusted National Financial Conditions Index","1971-01-08","2024-10-25","Index","NSA",2024-10-30,"Weekly"," points",0.26042,"ANFCI"
"2317",2015-05-29,"ANFCI",-0.52552,2024-10-31,2024-10-31,-0.52552,"Chicago Fed Adjusted National Financial Conditions Index","1971-01-08","2024-10-25","Index","NSA",2024-10-30,"Weekly"," points",0.26722,"ANFCI"
"2318",2015-06-05,"ANFCI",-0.53275,2024-10-31,2024-10-31,-0.53275,"Chicago Fed Adjusted National Financial Conditions Index","1971-01-08","2024-10-25","Index","NSA",2024-10-30,"Weekly"," points",0.274,"ANFCI"
"2319",2015-06-12,"ANFCI",-0.53461,2024-10-31,2024-10-31,-0.53461,"Chicago Fed Adjusted National Financial Conditions Index","1971-01-08","2024-10-25","Index","NSA",2024-10-30,"Weekly"," points",0.28104,"ANFCI"
"2320",2015-06-19,"ANFCI",-0.5297,2024-10-31,2024-10-31,-0.5297,"Chicago Fed Adjusted National Financial Conditions Index","1971-01-08","2024-10-25","Index","NSA",2024-10-30,"Weekly"," points",0.2867,"ANFCI"
"2321",2015-06-26,"ANFCI",-0.52298,2024-10-31,2024-10-31,-0.52298,"Chicago Fed Adjusted National Financial Conditions Index","1971-01-08","2024-10-25","Index","NSA",2024-10-30,"Weekly"," points",0.28626,"ANFCI"
"2322",2015-07-03,"ANFCI",-0.51352,2024-10-31,2024-10-31,-0.51352,"Chicago Fed Adjusted National Financial Conditions Index","1971-01-08","2024-10-25","Index","NSA",2024-10-30,"Weekly"," points",0.28241,"ANFCI"
"2323",2015-07-10,"ANFCI",-0.50732,2024-10-31,2024-10-31,-0.50732,"Chicago Fed Adjusted National Financial Conditions Index","1971-01-08","2024-10-25","Index","NSA",2024-10-30,"Weekly"," points",0.27278,"ANFCI"
"2324",2015-07-17,"ANFCI",-0.50527,2024-10-31,2024-10-31,-0.50527,"Chicago Fed Adjusted National Financial Conditions Index","1971-01-08","2024-10-25","Index","NSA",2024-10-30,"Weekly"," points",0.25848,"ANFCI"
"2325",2015-07-24,"ANFCI",-0.5002,2024-10-31,2024-10-31,-0.5002,"Chicago Fed Adjusted National Financial Conditions Index","1971-01-08","2024-10-25","Index","NSA",2024-10-30,"Weekly"," points",0.24992,"ANFCI"
"2326",2015-07-31,"ANFCI",-0.4886,2024-10-31,2024-10-31,-0.4886,"Chicago Fed Adjusted National Financial Conditions Index","1971-01-08","2024-10-25","Index","NSA",2024-10-30,"Weekly"," points",0.25168,"ANFCI"
"2327",2015-08-07,"ANFCI",-0.46906,2024-10-31,2024-10-31,-0.46906,"Chicago Fed Adjusted National Financial Conditions Index","1971-01-08","2024-10-25","Index","NSA",2024-10-30,"Weekly"," points",0.27038,"ANFCI"
"2328",2015-08-14,"ANFCI",-0.44307,2024-10-31,2024-10-31,-0.44307,"Chicago Fed Adjusted National Financial Conditions Index","1971-01-08","2024-10-25","Index","NSA",2024-10-30,"Weekly"," points",0.30309,"ANFCI"
"2329",2015-08-21,"ANFCI",-0.41342,2024-10-31,2024-10-31,-0.41342,"Chicago Fed Adjusted National Financial Conditions Index","1971-01-08","2024-10-25","Index","NSA",2024-10-30,"Weekly"," points",0.34251,"ANFCI"
"2330",2015-08-28,"ANFCI",-0.38718,2024-10-31,2024-10-31,-0.38718,"Chicago Fed Adjusted National Financial Conditions Index","1971-01-08","2024-10-25","Index","NSA",2024-10-30,"Weekly"," points",0.37679,"ANFCI"
"2331",2015-09-04,"ANFCI",-0.3687,2024-10-31,2024-10-31,-0.3687,"Chicago Fed Adjusted National Financial Conditions Index","1971-01-08","2024-10-25","Index","NSA",2024-10-30,"Weekly"," points",0.39852,"ANFCI"
"2332",2015-09-11,"ANFCI",-0.35973,2024-10-31,2024-10-31,-0.35973,"Chicago Fed Adjusted National Financial Conditions Index","1971-01-08","2024-10-25","Index","NSA",2024-10-30,"Weekly"," points",0.39986,"ANFCI"
"2333",2015-09-18,"ANFCI",-0.35784,2024-10-31,2024-10-31,-0.35784,"Chicago Fed Adjusted National Financial Conditions Index","1971-01-08","2024-10-25","Index","NSA",2024-10-30,"Weekly"," points",0.38488,"ANFCI"
"2334",2015-09-25,"ANFCI",-0.36076,2024-10-31,2024-10-31,-0.36076,"Chicago Fed Adjusted National Financial Conditions Index","1971-01-08","2024-10-25","Index","NSA",2024-10-30,"Weekly"," points",0.35895,"ANFCI"
"2335",2015-10-02,"ANFCI",-0.36635,2024-10-31,2024-10-31,-0.36635,"Chicago Fed Adjusted National Financial Conditions Index","1971-01-08","2024-10-25","Index","NSA",2024-10-30,"Weekly"," points",0.33285,"ANFCI"
"2336",2015-10-09,"ANFCI",-0.37762,2024-10-31,2024-10-31,-0.37762,"Chicago Fed Adjusted National Financial Conditions Index","1971-01-08","2024-10-25","Index","NSA",2024-10-30,"Weekly"," points",0.30919,"ANFCI"
"2337",2015-10-16,"ANFCI",-0.38868,2024-10-31,2024-10-31,-0.38868,"Chicago Fed Adjusted National Financial Conditions Index","1971-01-08","2024-10-25","Index","NSA",2024-10-30,"Weekly"," points",0.29397,"ANFCI"
"2338",2015-10-23,"ANFCI",-0.40025,2024-10-31,2024-10-31,-0.40025,"Chicago Fed Adjusted National Financial Conditions Index","1971-01-08","2024-10-25","Index","NSA",2024-10-30,"Weekly"," points",0.29154,"ANFCI"
"2339",2015-10-30,"ANFCI",-0.41172,2024-10-31,2024-10-31,-0.41172,"Chicago Fed Adjusted National Financial Conditions Index","1971-01-08","2024-10-25","Index","NSA",2024-10-30,"Weekly"," points",0.29424,"ANFCI"
"2340",2015-11-06,"ANFCI",-0.41891,2024-10-31,2024-10-31,-0.41891,"Chicago Fed Adjusted National Financial Conditions Index","1971-01-08","2024-10-25","Index","NSA",2024-10-30,"Weekly"," points",0.30012,"ANFCI"
"2341",2015-11-13,"ANFCI",-0.42016,2024-10-31,2024-10-31,-0.42016,"Chicago Fed Adjusted National Financial Conditions Index","1971-01-08","2024-10-25","Index","NSA",2024-10-30,"Weekly"," points",0.3042,"ANFCI"
"2342",2015-11-20,"ANFCI",-0.41294,2024-10-31,2024-10-31,-0.41294,"Chicago Fed Adjusted National Financial Conditions Index","1971-01-08","2024-10-25","Index","NSA",2024-10-30,"Weekly"," points",0.30484,"ANFCI"
"2343",2015-11-27,"ANFCI",-0.39553,2024-10-31,2024-10-31,-0.39553,"Chicago Fed Adjusted National Financial Conditions Index","1971-01-08","2024-10-25","Index","NSA",2024-10-30,"Weekly"," points",0.30568,"ANFCI"
"2344",2015-12-04,"ANFCI",-0.36741,2024-10-31,2024-10-31,-0.36741,"Chicago Fed Adjusted National Financial Conditions Index","1971-01-08","2024-10-25","Index","NSA",2024-10-30,"Weekly"," points",0.31018,"ANFCI"
"2345",2015-12-11,"ANFCI",-0.33236,2024-10-31,2024-10-31,-0.33236,"Chicago Fed Adjusted National Financial Conditions Index","1971-01-08","2024-10-25","Index","NSA",2024-10-30,"Weekly"," points",0.31722,"ANFCI"
"2346",2015-12-18,"ANFCI",-0.29831,2024-10-31,2024-10-31,-0.29831,"Chicago Fed Adjusted National Financial Conditions Index","1971-01-08","2024-10-25","Index","NSA",2024-10-30,"Weekly"," points",0.3243,"ANFCI"
"2347",2015-12-25,"ANFCI",-0.27062,2024-10-31,2024-10-31,-0.27062,"Chicago Fed Adjusted National Financial Conditions Index","1971-01-08","2024-10-25","Index","NSA",2024-10-30,"Weekly"," points",0.32885,"ANFCI"
"2348",2016-01-01,"ANFCI",-0.25352,2024-10-31,2024-10-31,-0.25352,"Chicago Fed Adjusted National Financial Conditions Index","1971-01-08","2024-10-25","Index","NSA",2024-10-30,"Weekly"," points",0.32362,"ANFCI"
"2349",2016-01-08,"ANFCI",-0.24475,2024-10-31,2024-10-31,-0.24475,"Chicago Fed Adjusted National Financial Conditions Index","1971-01-08","2024-10-25","Index","NSA",2024-10-30,"Weekly"," points",0.31052,"ANFCI"
"2350",2016-01-15,"ANFCI",-0.23878,2024-10-31,2024-10-31,-0.23878,"Chicago Fed Adjusted National Financial Conditions Index","1971-01-08","2024-10-25","Index","NSA",2024-10-30,"Weekly"," points",0.29429,"ANFCI"
"2351",2016-01-22,"ANFCI",-0.23181,2024-10-31,2024-10-31,-0.23181,"Chicago Fed Adjusted National Financial Conditions Index","1971-01-08","2024-10-25","Index","NSA",2024-10-30,"Weekly"," points",0.2829,"ANFCI"
"2352",2016-01-29,"ANFCI",-0.22066,2024-10-31,2024-10-31,-0.22066,"Chicago Fed Adjusted National Financial Conditions Index","1971-01-08","2024-10-25","Index","NSA",2024-10-30,"Weekly"," points",0.28158,"ANFCI"
"2353",2016-02-05,"ANFCI",-0.20605,2024-10-31,2024-10-31,-0.20605,"Chicago Fed Adjusted National Financial Conditions Index","1971-01-08","2024-10-25","Index","NSA",2024-10-30,"Weekly"," points",0.29103,"ANFCI"
"2354",2016-02-12,"ANFCI",-0.19466,2024-10-31,2024-10-31,-0.19466,"Chicago Fed Adjusted National Financial Conditions Index","1971-01-08","2024-10-25","Index","NSA",2024-10-30,"Weekly"," points",0.30451,"ANFCI"
"2355",2016-02-19,"ANFCI",-0.19653,2024-10-31,2024-10-31,-0.19653,"Chicago Fed Adjusted National Financial Conditions Index","1971-01-08","2024-10-25","Index","NSA",2024-10-30,"Weekly"," points",0.30913,"ANFCI"
"2356",2016-02-26,"ANFCI",-0.20964,2024-10-31,2024-10-31,-0.20964,"Chicago Fed Adjusted National Financial Conditions Index","1971-01-08","2024-10-25","Index","NSA",2024-10-30,"Weekly"," points",0.30229,"ANFCI"
"2357",2016-03-04,"ANFCI",-0.22919,2024-10-31,2024-10-31,-0.22919,"Chicago Fed Adjusted National Financial Conditions Index","1971-01-08","2024-10-25","Index","NSA",2024-10-30,"Weekly"," points",0.28494,"ANFCI"
"2358",2016-03-11,"ANFCI",-0.24801,2024-10-31,2024-10-31,-0.24801,"Chicago Fed Adjusted National Financial Conditions Index","1971-01-08","2024-10-25","Index","NSA",2024-10-30,"Weekly"," points",0.26624,"ANFCI"
"2359",2016-03-18,"ANFCI",-0.25792,2024-10-31,2024-10-31,-0.25792,"Chicago Fed Adjusted National Financial Conditions Index","1971-01-08","2024-10-25","Index","NSA",2024-10-30,"Weekly"," points",0.25677,"ANFCI"
"2360",2016-03-25,"ANFCI",-0.25431,2024-10-31,2024-10-31,-0.25431,"Chicago Fed Adjusted National Financial Conditions Index","1971-01-08","2024-10-25","Index","NSA",2024-10-30,"Weekly"," points",0.26244,"ANFCI"
"2361",2016-04-01,"ANFCI",-0.24095,2024-10-31,2024-10-31,-0.24095,"Chicago Fed Adjusted National Financial Conditions Index","1971-01-08","2024-10-25","Index","NSA",2024-10-30,"Weekly"," points",0.28012,"ANFCI"
"2362",2016-04-08,"ANFCI",-0.22284,2024-10-31,2024-10-31,-0.22284,"Chicago Fed Adjusted National Financial Conditions Index","1971-01-08","2024-10-25","Index","NSA",2024-10-30,"Weekly"," points",0.30281,"ANFCI"
"2363",2016-04-15,"ANFCI",-0.20835,2024-10-31,2024-10-31,-0.20835,"Chicago Fed Adjusted National Financial Conditions Index","1971-01-08","2024-10-25","Index","NSA",2024-10-30,"Weekly"," points",0.31825,"ANFCI"
"2364",2016-04-22,"ANFCI",-0.20068,2024-10-31,2024-10-31,-0.20068,"Chicago Fed Adjusted National Financial Conditions Index","1971-01-08","2024-10-25","Index","NSA",2024-10-30,"Weekly"," points",0.32465,"ANFCI"
"2365",2016-04-29,"ANFCI",-0.19856,2024-10-31,2024-10-31,-0.19856,"Chicago Fed Adjusted National Financial Conditions Index","1971-01-08","2024-10-25","Index","NSA",2024-10-30,"Weekly"," points",0.32125,"ANFCI"
"2366",2016-05-06,"ANFCI",-0.20031,2024-10-31,2024-10-31,-0.20031,"Chicago Fed Adjusted National Financial Conditions Index","1971-01-08","2024-10-25","Index","NSA",2024-10-30,"Weekly"," points",0.3139,"ANFCI"
"2367",2016-05-13,"ANFCI",-0.20481,2024-10-31,2024-10-31,-0.20481,"Chicago Fed Adjusted National Financial Conditions Index","1971-01-08","2024-10-25","Index","NSA",2024-10-30,"Weekly"," points",0.30903,"ANFCI"
"2368",2016-05-20,"ANFCI",-0.2078,2024-10-31,2024-10-31,-0.2078,"Chicago Fed Adjusted National Financial Conditions Index","1971-01-08","2024-10-25","Index","NSA",2024-10-30,"Weekly"," points",0.31043,"ANFCI"
"2369",2016-05-27,"ANFCI",-0.20754,2024-10-31,2024-10-31,-0.20754,"Chicago Fed Adjusted National Financial Conditions Index","1971-01-08","2024-10-25","Index","NSA",2024-10-30,"Weekly"," points",0.31798,"ANFCI"
"2370",2016-06-03,"ANFCI",-0.20245,2024-10-31,2024-10-31,-0.20245,"Chicago Fed Adjusted National Financial Conditions Index","1971-01-08","2024-10-25","Index","NSA",2024-10-30,"Weekly"," points",0.3303,"ANFCI"
"2371",2016-06-10,"ANFCI",-0.19274,2024-10-31,2024-10-31,-0.19274,"Chicago Fed Adjusted National Financial Conditions Index","1971-01-08","2024-10-25","Index","NSA",2024-10-30,"Weekly"," points",0.34187,"ANFCI"
"2372",2016-06-17,"ANFCI",-0.17913,2024-10-31,2024-10-31,-0.17913,"Chicago Fed Adjusted National Financial Conditions Index","1971-01-08","2024-10-25","Index","NSA",2024-10-30,"Weekly"," points",0.35057,"ANFCI"
"2373",2016-06-24,"ANFCI",-0.1677,2024-10-31,2024-10-31,-0.1677,"Chicago Fed Adjusted National Financial Conditions Index","1971-01-08","2024-10-25","Index","NSA",2024-10-30,"Weekly"," points",0.35528,"ANFCI"
"2374",2016-07-01,"ANFCI",-0.15882,2024-10-31,2024-10-31,-0.15882,"Chicago Fed Adjusted National Financial Conditions Index","1971-01-08","2024-10-25","Index","NSA",2024-10-30,"Weekly"," points",0.3547,"ANFCI"
"2375",2016-07-08,"ANFCI",-0.15895,2024-10-31,2024-10-31,-0.15895,"Chicago Fed Adjusted National Financial Conditions Index","1971-01-08","2024-10-25","Index","NSA",2024-10-30,"Weekly"," points",0.34837,"ANFCI"
"2376",2016-07-15,"ANFCI",-0.16627,2024-10-31,2024-10-31,-0.16627,"Chicago Fed Adjusted National Financial Conditions Index","1971-01-08","2024-10-25","Index","NSA",2024-10-30,"Weekly"," points",0.339,"ANFCI"
"2377",2016-07-22,"ANFCI",-0.17594,2024-10-31,2024-10-31,-0.17594,"Chicago Fed Adjusted National Financial Conditions Index","1971-01-08","2024-10-25","Index","NSA",2024-10-30,"Weekly"," points",0.32426,"ANFCI"
"2378",2016-07-29,"ANFCI",-0.18547,2024-10-31,2024-10-31,-0.18547,"Chicago Fed Adjusted National Financial Conditions Index","1971-01-08","2024-10-25","Index","NSA",2024-10-30,"Weekly"," points",0.30313,"ANFCI"
"2379",2016-08-05,"ANFCI",-0.18879,2024-10-31,2024-10-31,-0.18879,"Chicago Fed Adjusted National Financial Conditions Index","1971-01-08","2024-10-25","Index","NSA",2024-10-30,"Weekly"," points",0.28027,"ANFCI"
"2380",2016-08-12,"ANFCI",-0.18562,2024-10-31,2024-10-31,-0.18562,"Chicago Fed Adjusted National Financial Conditions Index","1971-01-08","2024-10-25","Index","NSA",2024-10-30,"Weekly"," points",0.25745,"ANFCI"
"2381",2016-08-19,"ANFCI",-0.17504,2024-10-31,2024-10-31,-0.17504,"Chicago Fed Adjusted National Financial Conditions Index","1971-01-08","2024-10-25","Index","NSA",2024-10-30,"Weekly"," points",0.23838,"ANFCI"
"2382",2016-08-26,"ANFCI",-0.15817,2024-10-31,2024-10-31,-0.15817,"Chicago Fed Adjusted National Financial Conditions Index","1971-01-08","2024-10-25","Index","NSA",2024-10-30,"Weekly"," points",0.22901,"ANFCI"
"2383",2016-09-02,"ANFCI",-0.13803,2024-10-31,2024-10-31,-0.13803,"Chicago Fed Adjusted National Financial Conditions Index","1971-01-08","2024-10-25","Index","NSA",2024-10-30,"Weekly"," points",0.23067,"ANFCI"
"2384",2016-09-09,"ANFCI",-0.12215,2024-10-31,2024-10-31,-0.12215,"Chicago Fed Adjusted National Financial Conditions Index","1971-01-08","2024-10-25","Index","NSA",2024-10-30,"Weekly"," points",0.23758,"ANFCI"
"2385",2016-09-16,"ANFCI",-0.11237,2024-10-31,2024-10-31,-0.11237,"Chicago Fed Adjusted National Financial Conditions Index","1971-01-08","2024-10-25","Index","NSA",2024-10-30,"Weekly"," points",0.24547,"ANFCI"
"2386",2016-09-23,"ANFCI",-0.10992,2024-10-31,2024-10-31,-0.10992,"Chicago Fed Adjusted National Financial Conditions Index","1971-01-08","2024-10-25","Index","NSA",2024-10-30,"Weekly"," points",0.25084,"ANFCI"
"2387",2016-09-30,"ANFCI",-0.11655,2024-10-31,2024-10-31,-0.11655,"Chicago Fed Adjusted National Financial Conditions Index","1971-01-08","2024-10-25","Index","NSA",2024-10-30,"Weekly"," points",0.2498,"ANFCI"
"2388",2016-10-07,"ANFCI",-0.13245,2024-10-31,2024-10-31,-0.13245,"Chicago Fed Adjusted National Financial Conditions Index","1971-01-08","2024-10-25","Index","NSA",2024-10-30,"Weekly"," points",0.24517,"ANFCI"
"2389",2016-10-14,"ANFCI",-0.15134,2024-10-31,2024-10-31,-0.15134,"Chicago Fed Adjusted National Financial Conditions Index","1971-01-08","2024-10-25","Index","NSA",2024-10-30,"Weekly"," points",0.23734,"ANFCI"
"2390",2016-10-21,"ANFCI",-0.17467,2024-10-31,2024-10-31,-0.17467,"Chicago Fed Adjusted National Financial Conditions Index","1971-01-08","2024-10-25","Index","NSA",2024-10-30,"Weekly"," points",0.22558,"ANFCI"
"2391",2016-10-28,"ANFCI",-0.20397,2024-10-31,2024-10-31,-0.20397,"Chicago Fed Adjusted National Financial Conditions Index","1971-01-08","2024-10-25","Index","NSA",2024-10-30,"Weekly"," points",0.20775,"ANFCI"
"2392",2016-11-04,"ANFCI",-0.23558,2024-10-31,2024-10-31,-0.23558,"Chicago Fed Adjusted National Financial Conditions Index","1971-01-08","2024-10-25","Index","NSA",2024-10-30,"Weekly"," points",0.18333,"ANFCI"
"2393",2016-11-11,"ANFCI",-0.27013,2024-10-31,2024-10-31,-0.27013,"Chicago Fed Adjusted National Financial Conditions Index","1971-01-08","2024-10-25","Index","NSA",2024-10-30,"Weekly"," points",0.15003,"ANFCI"
"2394",2016-11-18,"ANFCI",-0.30036,2024-10-31,2024-10-31,-0.30036,"Chicago Fed Adjusted National Financial Conditions Index","1971-01-08","2024-10-25","Index","NSA",2024-10-30,"Weekly"," points",0.11258,"ANFCI"
"2395",2016-11-25,"ANFCI",-0.32176,2024-10-31,2024-10-31,-0.32176,"Chicago Fed Adjusted National Financial Conditions Index","1971-01-08","2024-10-25","Index","NSA",2024-10-30,"Weekly"," points",0.07377,"ANFCI"
"2396",2016-12-02,"ANFCI",-0.33308,2024-10-31,2024-10-31,-0.33308,"Chicago Fed Adjusted National Financial Conditions Index","1971-01-08","2024-10-25","Index","NSA",2024-10-30,"Weekly"," points",0.03433,"ANFCI"
"2397",2016-12-09,"ANFCI",-0.33439,2024-10-31,2024-10-31,-0.33439,"Chicago Fed Adjusted National Financial Conditions Index","1971-01-08","2024-10-25","Index","NSA",2024-10-30,"Weekly"," points",-0.00203000000000003,"ANFCI"
"2398",2016-12-16,"ANFCI",-0.32854,2024-10-31,2024-10-31,-0.32854,"Chicago Fed Adjusted National Financial Conditions Index","1971-01-08","2024-10-25","Index","NSA",2024-10-30,"Weekly"," points",-0.03023,"ANFCI"
"2399",2016-12-23,"ANFCI",-0.32015,2024-10-31,2024-10-31,-0.32015,"Chicago Fed Adjusted National Financial Conditions Index","1971-01-08","2024-10-25","Index","NSA",2024-10-30,"Weekly"," points",-0.04953,"ANFCI"
"2400",2016-12-30,"ANFCI",-0.31481,2024-10-31,2024-10-31,-0.31481,"Chicago Fed Adjusted National Financial Conditions Index","1971-01-08","2024-10-25","Index","NSA",2024-10-30,"Weekly"," points",-0.06129,"ANFCI"
"2401",2017-01-06,"ANFCI",-0.31057,2024-10-31,2024-10-31,-0.31057,"Chicago Fed Adjusted National Financial Conditions Index","1971-01-08","2024-10-25","Index","NSA",2024-10-30,"Weekly"," points",-0.06582,"ANFCI"
"2402",2017-01-13,"ANFCI",-0.30899,2024-10-31,2024-10-31,-0.30899,"Chicago Fed Adjusted National Financial Conditions Index","1971-01-08","2024-10-25","Index","NSA",2024-10-30,"Weekly"," points",-0.07021,"ANFCI"
"2403",2017-01-20,"ANFCI",-0.30809,2024-10-31,2024-10-31,-0.30809,"Chicago Fed Adjusted National Financial Conditions Index","1971-01-08","2024-10-25","Index","NSA",2024-10-30,"Weekly"," points",-0.07628,"ANFCI"
"2404",2017-01-27,"ANFCI",-0.30642,2024-10-31,2024-10-31,-0.30642,"Chicago Fed Adjusted National Financial Conditions Index","1971-01-08","2024-10-25","Index","NSA",2024-10-30,"Weekly"," points",-0.08576,"ANFCI"
"2405",2017-02-03,"ANFCI",-0.30416,2024-10-31,2024-10-31,-0.30416,"Chicago Fed Adjusted National Financial Conditions Index","1971-01-08","2024-10-25","Index","NSA",2024-10-30,"Weekly"," points",-0.09811,"ANFCI"
"2406",2017-02-10,"ANFCI",-0.30368,2024-10-31,2024-10-31,-0.30368,"Chicago Fed Adjusted National Financial Conditions Index","1971-01-08","2024-10-25","Index","NSA",2024-10-30,"Weekly"," points",-0.10902,"ANFCI"
"2407",2017-02-17,"ANFCI",-0.30413,2024-10-31,2024-10-31,-0.30413,"Chicago Fed Adjusted National Financial Conditions Index","1971-01-08","2024-10-25","Index","NSA",2024-10-30,"Weekly"," points",-0.1076,"ANFCI"
"2408",2017-02-24,"ANFCI",-0.30447,2024-10-31,2024-10-31,-0.30447,"Chicago Fed Adjusted National Financial Conditions Index","1971-01-08","2024-10-25","Index","NSA",2024-10-30,"Weekly"," points",-0.09483,"ANFCI"
"2409",2017-03-03,"ANFCI",-0.30808,2024-10-31,2024-10-31,-0.30808,"Chicago Fed Adjusted National Financial Conditions Index","1971-01-08","2024-10-25","Index","NSA",2024-10-30,"Weekly"," points",-0.07889,"ANFCI"
"2410",2017-03-10,"ANFCI",-0.31001,2024-10-31,2024-10-31,-0.31001,"Chicago Fed Adjusted National Financial Conditions Index","1971-01-08","2024-10-25","Index","NSA",2024-10-30,"Weekly"," points",-0.062,"ANFCI"
"2411",2017-03-17,"ANFCI",-0.30983,2024-10-31,2024-10-31,-0.30983,"Chicago Fed Adjusted National Financial Conditions Index","1971-01-08","2024-10-25","Index","NSA",2024-10-30,"Weekly"," points",-0.05191,"ANFCI"
"2412",2017-03-24,"ANFCI",-0.30909,2024-10-31,2024-10-31,-0.30909,"Chicago Fed Adjusted National Financial Conditions Index","1971-01-08","2024-10-25","Index","NSA",2024-10-30,"Weekly"," points",-0.05478,"ANFCI"
"2413",2017-03-31,"ANFCI",-0.31064,2024-10-31,2024-10-31,-0.31064,"Chicago Fed Adjusted National Financial Conditions Index","1971-01-08","2024-10-25","Index","NSA",2024-10-30,"Weekly"," points",-0.06969,"ANFCI"
"2414",2017-04-07,"ANFCI",-0.31265,2024-10-31,2024-10-31,-0.31265,"Chicago Fed Adjusted National Financial Conditions Index","1971-01-08","2024-10-25","Index","NSA",2024-10-30,"Weekly"," points",-0.08981,"ANFCI"
"2415",2017-04-14,"ANFCI",-0.31743,2024-10-31,2024-10-31,-0.31743,"Chicago Fed Adjusted National Financial Conditions Index","1971-01-08","2024-10-25","Index","NSA",2024-10-30,"Weekly"," points",-0.10908,"ANFCI"
"2416",2017-04-21,"ANFCI",-0.32368,2024-10-31,2024-10-31,-0.32368,"Chicago Fed Adjusted National Financial Conditions Index","1971-01-08","2024-10-25","Index","NSA",2024-10-30,"Weekly"," points",-0.123,"ANFCI"
"2417",2017-04-28,"ANFCI",-0.33355,2024-10-31,2024-10-31,-0.33355,"Chicago Fed Adjusted National Financial Conditions Index","1971-01-08","2024-10-25","Index","NSA",2024-10-30,"Weekly"," points",-0.13499,"ANFCI"
"2418",2017-05-05,"ANFCI",-0.34582,2024-10-31,2024-10-31,-0.34582,"Chicago Fed Adjusted National Financial Conditions Index","1971-01-08","2024-10-25","Index","NSA",2024-10-30,"Weekly"," points",-0.14551,"ANFCI"
"2419",2017-05-12,"ANFCI",-0.35996,2024-10-31,2024-10-31,-0.35996,"Chicago Fed Adjusted National Financial Conditions Index","1971-01-08","2024-10-25","Index","NSA",2024-10-30,"Weekly"," points",-0.15515,"ANFCI"
"2420",2017-05-19,"ANFCI",-0.37334,2024-10-31,2024-10-31,-0.37334,"Chicago Fed Adjusted National Financial Conditions Index","1971-01-08","2024-10-25","Index","NSA",2024-10-30,"Weekly"," points",-0.16554,"ANFCI"
"2421",2017-05-26,"ANFCI",-0.38656,2024-10-31,2024-10-31,-0.38656,"Chicago Fed Adjusted National Financial Conditions Index","1971-01-08","2024-10-25","Index","NSA",2024-10-30,"Weekly"," points",-0.17902,"ANFCI"
"2422",2017-06-02,"ANFCI",-0.39298,2024-10-31,2024-10-31,-0.39298,"Chicago Fed Adjusted National Financial Conditions Index","1971-01-08","2024-10-25","Index","NSA",2024-10-30,"Weekly"," points",-0.19053,"ANFCI"
"2423",2017-06-09,"ANFCI",-0.39289,2024-10-31,2024-10-31,-0.39289,"Chicago Fed Adjusted National Financial Conditions Index","1971-01-08","2024-10-25","Index","NSA",2024-10-30,"Weekly"," points",-0.20015,"ANFCI"
"2424",2017-06-16,"ANFCI",-0.39043,2024-10-31,2024-10-31,-0.39043,"Chicago Fed Adjusted National Financial Conditions Index","1971-01-08","2024-10-25","Index","NSA",2024-10-30,"Weekly"," points",-0.2113,"ANFCI"
"2425",2017-06-23,"ANFCI",-0.38888,2024-10-31,2024-10-31,-0.38888,"Chicago Fed Adjusted National Financial Conditions Index","1971-01-08","2024-10-25","Index","NSA",2024-10-30,"Weekly"," points",-0.22118,"ANFCI"
"2426",2017-06-30,"ANFCI",-0.39603,2024-10-31,2024-10-31,-0.39603,"Chicago Fed Adjusted National Financial Conditions Index","1971-01-08","2024-10-25","Index","NSA",2024-10-30,"Weekly"," points",-0.23721,"ANFCI"
"2427",2017-07-07,"ANFCI",-0.41115,2024-10-31,2024-10-31,-0.41115,"Chicago Fed Adjusted National Financial Conditions Index","1971-01-08","2024-10-25","Index","NSA",2024-10-30,"Weekly"," points",-0.2522,"ANFCI"
"2428",2017-07-14,"ANFCI",-0.42905,2024-10-31,2024-10-31,-0.42905,"Chicago Fed Adjusted National Financial Conditions Index","1971-01-08","2024-10-25","Index","NSA",2024-10-30,"Weekly"," points",-0.26278,"ANFCI"
"2429",2017-07-21,"ANFCI",-0.44253,2024-10-31,2024-10-31,-0.44253,"Chicago Fed Adjusted National Financial Conditions Index","1971-01-08","2024-10-25","Index","NSA",2024-10-30,"Weekly"," points",-0.26659,"ANFCI"
"2430",2017-07-28,"ANFCI",-0.44321,2024-10-31,2024-10-31,-0.44321,"Chicago Fed Adjusted National Financial Conditions Index","1971-01-08","2024-10-25","Index","NSA",2024-10-30,"Weekly"," points",-0.25774,"ANFCI"
"2431",2017-08-04,"ANFCI",-0.42913,2024-10-31,2024-10-31,-0.42913,"Chicago Fed Adjusted National Financial Conditions Index","1971-01-08","2024-10-25","Index","NSA",2024-10-30,"Weekly"," points",-0.24034,"ANFCI"
"2432",2017-08-11,"ANFCI",-0.40649,2024-10-31,2024-10-31,-0.40649,"Chicago Fed Adjusted National Financial Conditions Index","1971-01-08","2024-10-25","Index","NSA",2024-10-30,"Weekly"," points",-0.22087,"ANFCI"
"2433",2017-08-18,"ANFCI",-0.38421,2024-10-31,2024-10-31,-0.38421,"Chicago Fed Adjusted National Financial Conditions Index","1971-01-08","2024-10-25","Index","NSA",2024-10-30,"Weekly"," points",-0.20917,"ANFCI"
"2434",2017-08-25,"ANFCI",-0.37006,2024-10-31,2024-10-31,-0.37006,"Chicago Fed Adjusted National Financial Conditions Index","1971-01-08","2024-10-25","Index","NSA",2024-10-30,"Weekly"," points",-0.21189,"ANFCI"
"2435",2017-09-01,"ANFCI",-0.36691,2024-10-31,2024-10-31,-0.36691,"Chicago Fed Adjusted National Financial Conditions Index","1971-01-08","2024-10-25","Index","NSA",2024-10-30,"Weekly"," points",-0.22888,"ANFCI"
"2436",2017-09-08,"ANFCI",-0.37338,2024-10-31,2024-10-31,-0.37338,"Chicago Fed Adjusted National Financial Conditions Index","1971-01-08","2024-10-25","Index","NSA",2024-10-30,"Weekly"," points",-0.25123,"ANFCI"
"2437",2017-09-15,"ANFCI",-0.38589,2024-10-31,2024-10-31,-0.38589,"Chicago Fed Adjusted National Financial Conditions Index","1971-01-08","2024-10-25","Index","NSA",2024-10-30,"Weekly"," points",-0.27352,"ANFCI"
"2438",2017-09-22,"ANFCI",-0.39957,2024-10-31,2024-10-31,-0.39957,"Chicago Fed Adjusted National Financial Conditions Index","1971-01-08","2024-10-25","Index","NSA",2024-10-30,"Weekly"," points",-0.28965,"ANFCI"
"2439",2017-09-29,"ANFCI",-0.41362,2024-10-31,2024-10-31,-0.41362,"Chicago Fed Adjusted National Financial Conditions Index","1971-01-08","2024-10-25","Index","NSA",2024-10-30,"Weekly"," points",-0.29707,"ANFCI"
"2440",2017-10-06,"ANFCI",-0.43055,2024-10-31,2024-10-31,-0.43055,"Chicago Fed Adjusted National Financial Conditions Index","1971-01-08","2024-10-25","Index","NSA",2024-10-30,"Weekly"," points",-0.2981,"ANFCI"
"2441",2017-10-13,"ANFCI",-0.45075,2024-10-31,2024-10-31,-0.45075,"Chicago Fed Adjusted National Financial Conditions Index","1971-01-08","2024-10-25","Index","NSA",2024-10-30,"Weekly"," points",-0.29941,"ANFCI"
"2442",2017-10-20,"ANFCI",-0.47503,2024-10-31,2024-10-31,-0.47503,"Chicago Fed Adjusted National Financial Conditions Index","1971-01-08","2024-10-25","Index","NSA",2024-10-30,"Weekly"," points",-0.30036,"ANFCI"
"2443",2017-10-27,"ANFCI",-0.50086,2024-10-31,2024-10-31,-0.50086,"Chicago Fed Adjusted National Financial Conditions Index","1971-01-08","2024-10-25","Index","NSA",2024-10-30,"Weekly"," points",-0.29689,"ANFCI"
"2444",2017-11-03,"ANFCI",-0.52604,2024-10-31,2024-10-31,-0.52604,"Chicago Fed Adjusted National Financial Conditions Index","1971-01-08","2024-10-25","Index","NSA",2024-10-30,"Weekly"," points",-0.29046,"ANFCI"
"2445",2017-11-10,"ANFCI",-0.54427,2024-10-31,2024-10-31,-0.54427,"Chicago Fed Adjusted National Financial Conditions Index","1971-01-08","2024-10-25","Index","NSA",2024-10-30,"Weekly"," points",-0.27414,"ANFCI"
"2446",2017-11-17,"ANFCI",-0.55545,2024-10-31,2024-10-31,-0.55545,"Chicago Fed Adjusted National Financial Conditions Index","1971-01-08","2024-10-25","Index","NSA",2024-10-30,"Weekly"," points",-0.25509,"ANFCI"
"2447",2017-11-24,"ANFCI",-0.55985,2024-10-31,2024-10-31,-0.55985,"Chicago Fed Adjusted National Financial Conditions Index","1971-01-08","2024-10-25","Index","NSA",2024-10-30,"Weekly"," points",-0.23809,"ANFCI"
"2448",2017-12-01,"ANFCI",-0.56091,2024-10-31,2024-10-31,-0.56091,"Chicago Fed Adjusted National Financial Conditions Index","1971-01-08","2024-10-25","Index","NSA",2024-10-30,"Weekly"," points",-0.22783,"ANFCI"
"2449",2017-12-08,"ANFCI",-0.56151,2024-10-31,2024-10-31,-0.56151,"Chicago Fed Adjusted National Financial Conditions Index","1971-01-08","2024-10-25","Index","NSA",2024-10-30,"Weekly"," points",-0.22712,"ANFCI"
"2450",2017-12-15,"ANFCI",-0.56454,2024-10-31,2024-10-31,-0.56454,"Chicago Fed Adjusted National Financial Conditions Index","1971-01-08","2024-10-25","Index","NSA",2024-10-30,"Weekly"," points",-0.236,"ANFCI"
"2451",2017-12-22,"ANFCI",-0.57198,2024-10-31,2024-10-31,-0.57198,"Chicago Fed Adjusted National Financial Conditions Index","1971-01-08","2024-10-25","Index","NSA",2024-10-30,"Weekly"," points",-0.25183,"ANFCI"
"2452",2017-12-29,"ANFCI",-0.58162,2024-10-31,2024-10-31,-0.58162,"Chicago Fed Adjusted National Financial Conditions Index","1971-01-08","2024-10-25","Index","NSA",2024-10-30,"Weekly"," points",-0.26681,"ANFCI"
"2453",2018-01-05,"ANFCI",-0.59026,2024-10-31,2024-10-31,-0.59026,"Chicago Fed Adjusted National Financial Conditions Index","1971-01-08","2024-10-25","Index","NSA",2024-10-30,"Weekly"," points",-0.27969,"ANFCI"
"2454",2018-01-12,"ANFCI",-0.59199,2024-10-31,2024-10-31,-0.59199,"Chicago Fed Adjusted National Financial Conditions Index","1971-01-08","2024-10-25","Index","NSA",2024-10-30,"Weekly"," points",-0.283,"ANFCI"
"2455",2018-01-19,"ANFCI",-0.58481,2024-10-31,2024-10-31,-0.58481,"Chicago Fed Adjusted National Financial Conditions Index","1971-01-08","2024-10-25","Index","NSA",2024-10-30,"Weekly"," points",-0.27672,"ANFCI"
"2456",2018-01-26,"ANFCI",-0.56868,2024-10-31,2024-10-31,-0.56868,"Chicago Fed Adjusted National Financial Conditions Index","1971-01-08","2024-10-25","Index","NSA",2024-10-30,"Weekly"," points",-0.26226,"ANFCI"
"2457",2018-02-02,"ANFCI",-0.54572,2024-10-31,2024-10-31,-0.54572,"Chicago Fed Adjusted National Financial Conditions Index","1971-01-08","2024-10-25","Index","NSA",2024-10-30,"Weekly"," points",-0.24156,"ANFCI"
"2458",2018-02-09,"ANFCI",-0.51982,2024-10-31,2024-10-31,-0.51982,"Chicago Fed Adjusted National Financial Conditions Index","1971-01-08","2024-10-25","Index","NSA",2024-10-30,"Weekly"," points",-0.21614,"ANFCI"
"2459",2018-02-16,"ANFCI",-0.49904,2024-10-31,2024-10-31,-0.49904,"Chicago Fed Adjusted National Financial Conditions Index","1971-01-08","2024-10-25","Index","NSA",2024-10-30,"Weekly"," points",-0.19491,"ANFCI"
"2460",2018-02-23,"ANFCI",-0.48126,2024-10-31,2024-10-31,-0.48126,"Chicago Fed Adjusted National Financial Conditions Index","1971-01-08","2024-10-25","Index","NSA",2024-10-30,"Weekly"," points",-0.17679,"ANFCI"
"2461",2018-03-02,"ANFCI",-0.46394,2024-10-31,2024-10-31,-0.46394,"Chicago Fed Adjusted National Financial Conditions Index","1971-01-08","2024-10-25","Index","NSA",2024-10-30,"Weekly"," points",-0.15586,"ANFCI"
"2462",2018-03-09,"ANFCI",-0.44426,2024-10-31,2024-10-31,-0.44426,"Chicago Fed Adjusted National Financial Conditions Index","1971-01-08","2024-10-25","Index","NSA",2024-10-30,"Weekly"," points",-0.13425,"ANFCI"
"2463",2018-03-16,"ANFCI",-0.42237,2024-10-31,2024-10-31,-0.42237,"Chicago Fed Adjusted National Financial Conditions Index","1971-01-08","2024-10-25","Index","NSA",2024-10-30,"Weekly"," points",-0.11254,"ANFCI"
"2464",2018-03-23,"ANFCI",-0.39958,2024-10-31,2024-10-31,-0.39958,"Chicago Fed Adjusted National Financial Conditions Index","1971-01-08","2024-10-25","Index","NSA",2024-10-30,"Weekly"," points",-0.09049,"ANFCI"
"2465",2018-03-30,"ANFCI",-0.38375,2024-10-31,2024-10-31,-0.38375,"Chicago Fed Adjusted National Financial Conditions Index","1971-01-08","2024-10-25","Index","NSA",2024-10-30,"Weekly"," points",-0.07311,"ANFCI"
"2466",2018-04-06,"ANFCI",-0.37556,2024-10-31,2024-10-31,-0.37556,"Chicago Fed Adjusted National Financial Conditions Index","1971-01-08","2024-10-25","Index","NSA",2024-10-30,"Weekly"," points",-0.06291,"ANFCI"
"2467",2018-04-13,"ANFCI",-0.3811,2024-10-31,2024-10-31,-0.3811,"Chicago Fed Adjusted National Financial Conditions Index","1971-01-08","2024-10-25","Index","NSA",2024-10-30,"Weekly"," points",-0.06367,"ANFCI"
"2468",2018-04-20,"ANFCI",-0.39758,2024-10-31,2024-10-31,-0.39758,"Chicago Fed Adjusted National Financial Conditions Index","1971-01-08","2024-10-25","Index","NSA",2024-10-30,"Weekly"," points",-0.0739,"ANFCI"
"2469",2018-04-27,"ANFCI",-0.41657,2024-10-31,2024-10-31,-0.41657,"Chicago Fed Adjusted National Financial Conditions Index","1971-01-08","2024-10-25","Index","NSA",2024-10-30,"Weekly"," points",-0.08302,"ANFCI"
"2470",2018-05-04,"ANFCI",-0.43495,2024-10-31,2024-10-31,-0.43495,"Chicago Fed Adjusted National Financial Conditions Index","1971-01-08","2024-10-25","Index","NSA",2024-10-30,"Weekly"," points",-0.08913,"ANFCI"
"2471",2018-05-11,"ANFCI",-0.44942,2024-10-31,2024-10-31,-0.44942,"Chicago Fed Adjusted National Financial Conditions Index","1971-01-08","2024-10-25","Index","NSA",2024-10-30,"Weekly"," points",-0.08946,"ANFCI"
"2472",2018-05-18,"ANFCI",-0.45635,2024-10-31,2024-10-31,-0.45635,"Chicago Fed Adjusted National Financial Conditions Index","1971-01-08","2024-10-25","Index","NSA",2024-10-30,"Weekly"," points",-0.08301,"ANFCI"
"2473",2018-05-25,"ANFCI",-0.45404,2024-10-31,2024-10-31,-0.45404,"Chicago Fed Adjusted National Financial Conditions Index","1971-01-08","2024-10-25","Index","NSA",2024-10-30,"Weekly"," points",-0.06748,"ANFCI"
"2474",2018-06-01,"ANFCI",-0.44467,2024-10-31,2024-10-31,-0.44467,"Chicago Fed Adjusted National Financial Conditions Index","1971-01-08","2024-10-25","Index","NSA",2024-10-30,"Weekly"," points",-0.05169,"ANFCI"
"2475",2018-06-08,"ANFCI",-0.43276,2024-10-31,2024-10-31,-0.43276,"Chicago Fed Adjusted National Financial Conditions Index","1971-01-08","2024-10-25","Index","NSA",2024-10-30,"Weekly"," points",-0.03987,"ANFCI"
"2476",2018-06-15,"ANFCI",-0.41986,2024-10-31,2024-10-31,-0.41986,"Chicago Fed Adjusted National Financial Conditions Index","1971-01-08","2024-10-25","Index","NSA",2024-10-30,"Weekly"," points",-0.02943,"ANFCI"
"2477",2018-06-22,"ANFCI",-0.41023,2024-10-31,2024-10-31,-0.41023,"Chicago Fed Adjusted National Financial Conditions Index","1971-01-08","2024-10-25","Index","NSA",2024-10-30,"Weekly"," points",-0.02135,"ANFCI"
"2478",2018-06-29,"ANFCI",-0.40647,2024-10-31,2024-10-31,-0.40647,"Chicago Fed Adjusted National Financial Conditions Index","1971-01-08","2024-10-25","Index","NSA",2024-10-30,"Weekly"," points",-0.01044,"ANFCI"
"2479",2018-07-06,"ANFCI",-0.41217,2024-10-31,2024-10-31,-0.41217,"Chicago Fed Adjusted National Financial Conditions Index","1971-01-08","2024-10-25","Index","NSA",2024-10-30,"Weekly"," points",-0.00101999999999997,"ANFCI"
"2480",2018-07-13,"ANFCI",-0.42565,2024-10-31,2024-10-31,-0.42565,"Chicago Fed Adjusted National Financial Conditions Index","1971-01-08","2024-10-25","Index","NSA",2024-10-30,"Weekly"," points",0.00340000000000001,"ANFCI"
"2481",2018-07-20,"ANFCI",-0.4435,2024-10-31,2024-10-31,-0.4435,"Chicago Fed Adjusted National Financial Conditions Index","1971-01-08","2024-10-25","Index","NSA",2024-10-30,"Weekly"," points",-0.000970000000000026,"ANFCI"
"2482",2018-07-27,"ANFCI",-0.46265,2024-10-31,2024-10-31,-0.46265,"Chicago Fed Adjusted National Financial Conditions Index","1971-01-08","2024-10-25","Index","NSA",2024-10-30,"Weekly"," points",-0.01944,"ANFCI"
"2483",2018-08-03,"ANFCI",-0.47957,2024-10-31,2024-10-31,-0.47957,"Chicago Fed Adjusted National Financial Conditions Index","1971-01-08","2024-10-25","Index","NSA",2024-10-30,"Weekly"," points",-0.05044,"ANFCI"
"2484",2018-08-10,"ANFCI",-0.49341,2024-10-31,2024-10-31,-0.49341,"Chicago Fed Adjusted National Financial Conditions Index","1971-01-08","2024-10-25","Index","NSA",2024-10-30,"Weekly"," points",-0.08692,"ANFCI"
"2485",2018-08-17,"ANFCI",-0.503,2024-10-31,2024-10-31,-0.503,"Chicago Fed Adjusted National Financial Conditions Index","1971-01-08","2024-10-25","Index","NSA",2024-10-30,"Weekly"," points",-0.11879,"ANFCI"
"2486",2018-08-24,"ANFCI",-0.51076,2024-10-31,2024-10-31,-0.51076,"Chicago Fed Adjusted National Financial Conditions Index","1971-01-08","2024-10-25","Index","NSA",2024-10-30,"Weekly"," points",-0.1407,"ANFCI"
"2487",2018-08-31,"ANFCI",-0.51874,2024-10-31,2024-10-31,-0.51874,"Chicago Fed Adjusted National Financial Conditions Index","1971-01-08","2024-10-25","Index","NSA",2024-10-30,"Weekly"," points",-0.15183,"ANFCI"
"2488",2018-09-07,"ANFCI",-0.52785,2024-10-31,2024-10-31,-0.52785,"Chicago Fed Adjusted National Financial Conditions Index","1971-01-08","2024-10-25","Index","NSA",2024-10-30,"Weekly"," points",-0.15447,"ANFCI"
"2489",2018-09-14,"ANFCI",-0.5365,2024-10-31,2024-10-31,-0.5365,"Chicago Fed Adjusted National Financial Conditions Index","1971-01-08","2024-10-25","Index","NSA",2024-10-30,"Weekly"," points",-0.15061,"ANFCI"
"2490",2018-09-21,"ANFCI",-0.54142,2024-10-31,2024-10-31,-0.54142,"Chicago Fed Adjusted National Financial Conditions Index","1971-01-08","2024-10-25","Index","NSA",2024-10-30,"Weekly"," points",-0.14185,"ANFCI"
"2491",2018-09-28,"ANFCI",-0.54009,2024-10-31,2024-10-31,-0.54009,"Chicago Fed Adjusted National Financial Conditions Index","1971-01-08","2024-10-25","Index","NSA",2024-10-30,"Weekly"," points",-0.12647,"ANFCI"
"2492",2018-10-05,"ANFCI",-0.53272,2024-10-31,2024-10-31,-0.53272,"Chicago Fed Adjusted National Financial Conditions Index","1971-01-08","2024-10-25","Index","NSA",2024-10-30,"Weekly"," points",-0.10217,"ANFCI"
"2493",2018-10-12,"ANFCI",-0.51971,2024-10-31,2024-10-31,-0.51971,"Chicago Fed Adjusted National Financial Conditions Index","1971-01-08","2024-10-25","Index","NSA",2024-10-30,"Weekly"," points",-0.06896,"ANFCI"
"2494",2018-10-19,"ANFCI",-0.50722,2024-10-31,2024-10-31,-0.50722,"Chicago Fed Adjusted National Financial Conditions Index","1971-01-08","2024-10-25","Index","NSA",2024-10-30,"Weekly"," points",-0.03219,"ANFCI"
"2495",2018-10-26,"ANFCI",-0.49738,2024-10-31,2024-10-31,-0.49738,"Chicago Fed Adjusted National Financial Conditions Index","1971-01-08","2024-10-25","Index","NSA",2024-10-30,"Weekly"," points",0.00347999999999998,"ANFCI"
"2496",2018-11-02,"ANFCI",-0.49095,2024-10-31,2024-10-31,-0.49095,"Chicago Fed Adjusted National Financial Conditions Index","1971-01-08","2024-10-25","Index","NSA",2024-10-30,"Weekly"," points",0.03509,"ANFCI"
"2497",2018-11-09,"ANFCI",-0.48524,2024-10-31,2024-10-31,-0.48524,"Chicago Fed Adjusted National Financial Conditions Index","1971-01-08","2024-10-25","Index","NSA",2024-10-30,"Weekly"," points",0.05903,"ANFCI"
"2498",2018-11-16,"ANFCI",-0.47125,2024-10-31,2024-10-31,-0.47125,"Chicago Fed Adjusted National Financial Conditions Index","1971-01-08","2024-10-25","Index","NSA",2024-10-30,"Weekly"," points",0.0842,"ANFCI"
"2499",2018-11-23,"ANFCI",-0.4467,2024-10-31,2024-10-31,-0.4467,"Chicago Fed Adjusted National Financial Conditions Index","1971-01-08","2024-10-25","Index","NSA",2024-10-30,"Weekly"," points",0.11315,"ANFCI"
"2500",2018-11-30,"ANFCI",-0.41505,2024-10-31,2024-10-31,-0.41505,"Chicago Fed Adjusted National Financial Conditions Index","1971-01-08","2024-10-25","Index","NSA",2024-10-30,"Weekly"," points",0.14586,"ANFCI"
"2501",2018-12-07,"ANFCI",-0.38147,2024-10-31,2024-10-31,-0.38147,"Chicago Fed Adjusted National Financial Conditions Index","1971-01-08","2024-10-25","Index","NSA",2024-10-30,"Weekly"," points",0.18004,"ANFCI"
"2502",2018-12-14,"ANFCI",-0.35713,2024-10-31,2024-10-31,-0.35713,"Chicago Fed Adjusted National Financial Conditions Index","1971-01-08","2024-10-25","Index","NSA",2024-10-30,"Weekly"," points",0.20741,"ANFCI"
"2503",2018-12-21,"ANFCI",-0.34693,2024-10-31,2024-10-31,-0.34693,"Chicago Fed Adjusted National Financial Conditions Index","1971-01-08","2024-10-25","Index","NSA",2024-10-30,"Weekly"," points",0.22505,"ANFCI"
"2504",2018-12-28,"ANFCI",-0.35255,2024-10-31,2024-10-31,-0.35255,"Chicago Fed Adjusted National Financial Conditions Index","1971-01-08","2024-10-25","Index","NSA",2024-10-30,"Weekly"," points",0.22907,"ANFCI"
"2505",2019-01-04,"ANFCI",-0.37017,2024-10-31,2024-10-31,-0.37017,"Chicago Fed Adjusted National Financial Conditions Index","1971-01-08","2024-10-25","Index","NSA",2024-10-30,"Weekly"," points",0.22009,"ANFCI"
"2506",2019-01-11,"ANFCI",-0.38932,2024-10-31,2024-10-31,-0.38932,"Chicago Fed Adjusted National Financial Conditions Index","1971-01-08","2024-10-25","Index","NSA",2024-10-30,"Weekly"," points",0.20267,"ANFCI"
"2507",2019-01-18,"ANFCI",-0.40708,2024-10-31,2024-10-31,-0.40708,"Chicago Fed Adjusted National Financial Conditions Index","1971-01-08","2024-10-25","Index","NSA",2024-10-30,"Weekly"," points",0.17773,"ANFCI"
"2508",2019-01-25,"ANFCI",-0.42218,2024-10-31,2024-10-31,-0.42218,"Chicago Fed Adjusted National Financial Conditions Index","1971-01-08","2024-10-25","Index","NSA",2024-10-30,"Weekly"," points",0.1465,"ANFCI"
"2509",2019-02-01,"ANFCI",-0.43688,2024-10-31,2024-10-31,-0.43688,"Chicago Fed Adjusted National Financial Conditions Index","1971-01-08","2024-10-25","Index","NSA",2024-10-30,"Weekly"," points",0.10884,"ANFCI"
"2510",2019-02-08,"ANFCI",-0.45237,2024-10-31,2024-10-31,-0.45237,"Chicago Fed Adjusted National Financial Conditions Index","1971-01-08","2024-10-25","Index","NSA",2024-10-30,"Weekly"," points",0.06745,"ANFCI"
"2511",2019-02-15,"ANFCI",-0.47079,2024-10-31,2024-10-31,-0.47079,"Chicago Fed Adjusted National Financial Conditions Index","1971-01-08","2024-10-25","Index","NSA",2024-10-30,"Weekly"," points",0.02825,"ANFCI"
"2512",2019-02-22,"ANFCI",-0.48827,2024-10-31,2024-10-31,-0.48827,"Chicago Fed Adjusted National Financial Conditions Index","1971-01-08","2024-10-25","Index","NSA",2024-10-30,"Weekly"," points",-0.00700999999999996,"ANFCI"
"2513",2019-03-01,"ANFCI",-0.50068,2024-10-31,2024-10-31,-0.50068,"Chicago Fed Adjusted National Financial Conditions Index","1971-01-08","2024-10-25","Index","NSA",2024-10-30,"Weekly"," points",-0.03674,"ANFCI"
"2514",2019-03-08,"ANFCI",-0.50592,2024-10-31,2024-10-31,-0.50592,"Chicago Fed Adjusted National Financial Conditions Index","1971-01-08","2024-10-25","Index","NSA",2024-10-30,"Weekly"," points",-0.06166,"ANFCI"
"2515",2019-03-15,"ANFCI",-0.50608,2024-10-31,2024-10-31,-0.50608,"Chicago Fed Adjusted National Financial Conditions Index","1971-01-08","2024-10-25","Index","NSA",2024-10-30,"Weekly"," points",-0.08371,"ANFCI"
"2516",2019-03-22,"ANFCI",-0.50505,2024-10-31,2024-10-31,-0.50505,"Chicago Fed Adjusted National Financial Conditions Index","1971-01-08","2024-10-25","Index","NSA",2024-10-30,"Weekly"," points",-0.10547,"ANFCI"
"2517",2019-03-29,"ANFCI",-0.50534,2024-10-31,2024-10-31,-0.50534,"Chicago Fed Adjusted National Financial Conditions Index","1971-01-08","2024-10-25","Index","NSA",2024-10-30,"Weekly"," points",-0.12159,"ANFCI"
"2518",2019-04-05,"ANFCI",-0.51085,2024-10-31,2024-10-31,-0.51085,"Chicago Fed Adjusted National Financial Conditions Index","1971-01-08","2024-10-25","Index","NSA",2024-10-30,"Weekly"," points",-0.13529,"ANFCI"
"2519",2019-04-12,"ANFCI",-0.52037,2024-10-31,2024-10-31,-0.52037,"Chicago Fed Adjusted National Financial Conditions Index","1971-01-08","2024-10-25","Index","NSA",2024-10-30,"Weekly"," points",-0.13927,"ANFCI"
"2520",2019-04-19,"ANFCI",-0.53128,2024-10-31,2024-10-31,-0.53128,"Chicago Fed Adjusted National Financial Conditions Index","1971-01-08","2024-10-25","Index","NSA",2024-10-30,"Weekly"," points",-0.1337,"ANFCI"
"2521",2019-04-26,"ANFCI",-0.53946,2024-10-31,2024-10-31,-0.53946,"Chicago Fed Adjusted National Financial Conditions Index","1971-01-08","2024-10-25","Index","NSA",2024-10-30,"Weekly"," points",-0.12289,"ANFCI"
"2522",2019-05-03,"ANFCI",-0.54412,2024-10-31,2024-10-31,-0.54412,"Chicago Fed Adjusted National Financial Conditions Index","1971-01-08","2024-10-25","Index","NSA",2024-10-30,"Weekly"," points",-0.10917,"ANFCI"
"2523",2019-05-10,"ANFCI",-0.54315,2024-10-31,2024-10-31,-0.54315,"Chicago Fed Adjusted National Financial Conditions Index","1971-01-08","2024-10-25","Index","NSA",2024-10-30,"Weekly"," points",-0.09373,"ANFCI"
"2524",2019-05-17,"ANFCI",-0.53864,2024-10-31,2024-10-31,-0.53864,"Chicago Fed Adjusted National Financial Conditions Index","1971-01-08","2024-10-25","Index","NSA",2024-10-30,"Weekly"," points",-0.08229,"ANFCI"
"2525",2019-05-24,"ANFCI",-0.53222,2024-10-31,2024-10-31,-0.53222,"Chicago Fed Adjusted National Financial Conditions Index","1971-01-08","2024-10-25","Index","NSA",2024-10-30,"Weekly"," points",-0.07818,"ANFCI"
"2526",2019-05-31,"ANFCI",-0.5241,2024-10-31,2024-10-31,-0.5241,"Chicago Fed Adjusted National Financial Conditions Index","1971-01-08","2024-10-25","Index","NSA",2024-10-30,"Weekly"," points",-0.07943,"ANFCI"
"2527",2019-06-07,"ANFCI",-0.51754,2024-10-31,2024-10-31,-0.51754,"Chicago Fed Adjusted National Financial Conditions Index","1971-01-08","2024-10-25","Index","NSA",2024-10-30,"Weekly"," points",-0.08478,"ANFCI"
"2528",2019-06-14,"ANFCI",-0.5127,2024-10-31,2024-10-31,-0.5127,"Chicago Fed Adjusted National Financial Conditions Index","1971-01-08","2024-10-25","Index","NSA",2024-10-30,"Weekly"," points",-0.09284,"ANFCI"
"2529",2019-06-21,"ANFCI",-0.51093,2024-10-31,2024-10-31,-0.51093,"Chicago Fed Adjusted National Financial Conditions Index","1971-01-08","2024-10-25","Index","NSA",2024-10-30,"Weekly"," points",-0.1007,"ANFCI"
"2530",2019-06-28,"ANFCI",-0.51269,2024-10-31,2024-10-31,-0.51269,"Chicago Fed Adjusted National Financial Conditions Index","1971-01-08","2024-10-25","Index","NSA",2024-10-30,"Weekly"," points",-0.10622,"ANFCI"
"2531",2019-07-05,"ANFCI",-0.51859,2024-10-31,2024-10-31,-0.51859,"Chicago Fed Adjusted National Financial Conditions Index","1971-01-08","2024-10-25","Index","NSA",2024-10-30,"Weekly"," points",-0.10642,"ANFCI"
"2532",2019-07-12,"ANFCI",-0.52259,2024-10-31,2024-10-31,-0.52259,"Chicago Fed Adjusted National Financial Conditions Index","1971-01-08","2024-10-25","Index","NSA",2024-10-30,"Weekly"," points",-0.09694,"ANFCI"
"2533",2019-07-19,"ANFCI",-0.5227,2024-10-31,2024-10-31,-0.5227,"Chicago Fed Adjusted National Financial Conditions Index","1971-01-08","2024-10-25","Index","NSA",2024-10-30,"Weekly"," points",-0.0792,"ANFCI"
"2534",2019-07-26,"ANFCI",-0.51643,2024-10-31,2024-10-31,-0.51643,"Chicago Fed Adjusted National Financial Conditions Index","1971-01-08","2024-10-25","Index","NSA",2024-10-30,"Weekly"," points",-0.0537799999999999,"ANFCI"
"2535",2019-08-02,"ANFCI",-0.50065,2024-10-31,2024-10-31,-0.50065,"Chicago Fed Adjusted National Financial Conditions Index","1971-01-08","2024-10-25","Index","NSA",2024-10-30,"Weekly"," points",-0.02108,"ANFCI"
"2536",2019-08-09,"ANFCI",-0.4822,2024-10-31,2024-10-31,-0.4822,"Chicago Fed Adjusted National Financial Conditions Index","1971-01-08","2024-10-25","Index","NSA",2024-10-30,"Weekly"," points",0.01121,"ANFCI"
"2537",2019-08-16,"ANFCI",-0.465,2024-10-31,2024-10-31,-0.465,"Chicago Fed Adjusted National Financial Conditions Index","1971-01-08","2024-10-25","Index","NSA",2024-10-30,"Weekly"," points",0.038,"ANFCI"
"2538",2019-08-23,"ANFCI",-0.45686,2024-10-31,2024-10-31,-0.45686,"Chicago Fed Adjusted National Financial Conditions Index","1971-01-08","2024-10-25","Index","NSA",2024-10-30,"Weekly"," points",0.0539,"ANFCI"
"2539",2019-08-30,"ANFCI",-0.4572,2024-10-31,2024-10-31,-0.4572,"Chicago Fed Adjusted National Financial Conditions Index","1971-01-08","2024-10-25","Index","NSA",2024-10-30,"Weekly"," points",0.06154,"ANFCI"
"2540",2019-09-06,"ANFCI",-0.46696,2024-10-31,2024-10-31,-0.46696,"Chicago Fed Adjusted National Financial Conditions Index","1971-01-08","2024-10-25","Index","NSA",2024-10-30,"Weekly"," points",0.0608900000000001,"ANFCI"
"2541",2019-09-13,"ANFCI",-0.47504,2024-10-31,2024-10-31,-0.47504,"Chicago Fed Adjusted National Financial Conditions Index","1971-01-08","2024-10-25","Index","NSA",2024-10-30,"Weekly"," points",0.06146,"ANFCI"
"2542",2019-09-20,"ANFCI",-0.47774,2024-10-31,2024-10-31,-0.47774,"Chicago Fed Adjusted National Financial Conditions Index","1971-01-08","2024-10-25","Index","NSA",2024-10-30,"Weekly"," points",0.06368,"ANFCI"
"2543",2019-09-27,"ANFCI",-0.47515,2024-10-31,2024-10-31,-0.47515,"Chicago Fed Adjusted National Financial Conditions Index","1971-01-08","2024-10-25","Index","NSA",2024-10-30,"Weekly"," points",0.0649399999999999,"ANFCI"
"2544",2019-10-04,"ANFCI",-0.46819,2024-10-31,2024-10-31,-0.46819,"Chicago Fed Adjusted National Financial Conditions Index","1971-01-08","2024-10-25","Index","NSA",2024-10-30,"Weekly"," points",0.06453,"ANFCI"
"2545",2019-10-11,"ANFCI",-0.46412,2024-10-31,2024-10-31,-0.46412,"Chicago Fed Adjusted National Financial Conditions Index","1971-01-08","2024-10-25","Index","NSA",2024-10-30,"Weekly"," points",0.05559,"ANFCI"
"2546",2019-10-18,"ANFCI",-0.46753,2024-10-31,2024-10-31,-0.46753,"Chicago Fed Adjusted National Financial Conditions Index","1971-01-08","2024-10-25","Index","NSA",2024-10-30,"Weekly"," points",0.03969,"ANFCI"
"2547",2019-10-25,"ANFCI",-0.47977,2024-10-31,2024-10-31,-0.47977,"Chicago Fed Adjusted National Financial Conditions Index","1971-01-08","2024-10-25","Index","NSA",2024-10-30,"Weekly"," points",0.01761,"ANFCI"
"2548",2019-11-01,"ANFCI",-0.495,2024-10-31,2024-10-31,-0.495,"Chicago Fed Adjusted National Financial Conditions Index","1971-01-08","2024-10-25","Index","NSA",2024-10-30,"Weekly"," points",-0.00405,"ANFCI"
"2549",2019-11-08,"ANFCI",-0.50849,2024-10-31,2024-10-31,-0.50849,"Chicago Fed Adjusted National Financial Conditions Index","1971-01-08","2024-10-25","Index","NSA",2024-10-30,"Weekly"," points",-0.02325,"ANFCI"
"2550",2019-11-15,"ANFCI",-0.51375,2024-10-31,2024-10-31,-0.51375,"Chicago Fed Adjusted National Financial Conditions Index","1971-01-08","2024-10-25","Index","NSA",2024-10-30,"Weekly"," points",-0.0425,"ANFCI"
"2551",2019-11-22,"ANFCI",-0.50833,2024-10-31,2024-10-31,-0.50833,"Chicago Fed Adjusted National Financial Conditions Index","1971-01-08","2024-10-25","Index","NSA",2024-10-30,"Weekly"," points",-0.06163,"ANFCI"
"2552",2019-11-29,"ANFCI",-0.49412,2024-10-31,2024-10-31,-0.49412,"Chicago Fed Adjusted National Financial Conditions Index","1971-01-08","2024-10-25","Index","NSA",2024-10-30,"Weekly"," points",-0.07907,"ANFCI"
"2553",2019-12-06,"ANFCI",-0.4771,2024-10-31,2024-10-31,-0.4771,"Chicago Fed Adjusted National Financial Conditions Index","1971-01-08","2024-10-25","Index","NSA",2024-10-30,"Weekly"," points",-0.09563,"ANFCI"
"2554",2019-12-13,"ANFCI",-0.46628,2024-10-31,2024-10-31,-0.46628,"Chicago Fed Adjusted National Financial Conditions Index","1971-01-08","2024-10-25","Index","NSA",2024-10-30,"Weekly"," points",-0.10915,"ANFCI"
"2555",2019-12-20,"ANFCI",-0.46289,2024-10-31,2024-10-31,-0.46289,"Chicago Fed Adjusted National Financial Conditions Index","1971-01-08","2024-10-25","Index","NSA",2024-10-30,"Weekly"," points",-0.11596,"ANFCI"
"2556",2019-12-27,"ANFCI",-0.46575,2024-10-31,2024-10-31,-0.46575,"Chicago Fed Adjusted National Financial Conditions Index","1971-01-08","2024-10-25","Index","NSA",2024-10-30,"Weekly"," points",-0.1132,"ANFCI"
"2557",2020-01-03,"ANFCI",-0.46976,2024-10-31,2024-10-31,-0.46976,"Chicago Fed Adjusted National Financial Conditions Index","1971-01-08","2024-10-25","Index","NSA",2024-10-30,"Weekly"," points",-0.09959,"ANFCI"
"2558",2020-01-10,"ANFCI",-0.47391,2024-10-31,2024-10-31,-0.47391,"Chicago Fed Adjusted National Financial Conditions Index","1971-01-08","2024-10-25","Index","NSA",2024-10-30,"Weekly"," points",-0.08459,"ANFCI"
"2559",2020-01-17,"ANFCI",-0.48284,2024-10-31,2024-10-31,-0.48284,"Chicago Fed Adjusted National Financial Conditions Index","1971-01-08","2024-10-25","Index","NSA",2024-10-30,"Weekly"," points",-0.07576,"ANFCI"
"2560",2020-01-24,"ANFCI",-0.50248,2024-10-31,2024-10-31,-0.50248,"Chicago Fed Adjusted National Financial Conditions Index","1971-01-08","2024-10-25","Index","NSA",2024-10-30,"Weekly"," points",-0.0803,"ANFCI"
"2561",2020-01-31,"ANFCI",-0.53614,2024-10-31,2024-10-31,-0.53614,"Chicago Fed Adjusted National Financial Conditions Index","1971-01-08","2024-10-25","Index","NSA",2024-10-30,"Weekly"," points",-0.09926,"ANFCI"
"2562",2020-02-07,"ANFCI",-0.57164,2024-10-31,2024-10-31,-0.57164,"Chicago Fed Adjusted National Financial Conditions Index","1971-01-08","2024-10-25","Index","NSA",2024-10-30,"Weekly"," points",-0.11927,"ANFCI"
"2563",2020-02-14,"ANFCI",-0.57764,2024-10-31,2024-10-31,-0.57764,"Chicago Fed Adjusted National Financial Conditions Index","1971-01-08","2024-10-25","Index","NSA",2024-10-30,"Weekly"," points",-0.10685,"ANFCI"
"2564",2020-02-21,"ANFCI",-0.51421,2024-10-31,2024-10-31,-0.51421,"Chicago Fed Adjusted National Financial Conditions Index","1971-01-08","2024-10-25","Index","NSA",2024-10-30,"Weekly"," points",-0.02594,"ANFCI"
"2565",2020-02-28,"ANFCI",-0.3585,2024-10-31,2024-10-31,-0.3585,"Chicago Fed Adjusted National Financial Conditions Index","1971-01-08","2024-10-25","Index","NSA",2024-10-30,"Weekly"," points",0.14218,"ANFCI"
"2566",2020-03-06,"ANFCI",-0.12601,2024-10-31,2024-10-31,-0.12601,"Chicago Fed Adjusted National Financial Conditions Index","1971-01-08","2024-10-25","Index","NSA",2024-10-30,"Weekly"," points",0.37991,"ANFCI"
"2567",2020-03-13,"ANFCI",0.14513,2024-10-31,2024-10-31,0.14513,"Chicago Fed Adjusted National Financial Conditions Index","1971-01-08","2024-10-25","Index","NSA",2024-10-30,"Weekly"," points",0.65121,"ANFCI"
"2568",2020-03-20,"ANFCI",0.39028,2024-10-31,2024-10-31,0.39028,"Chicago Fed Adjusted National Financial Conditions Index","1971-01-08","2024-10-25","Index","NSA",2024-10-30,"Weekly"," points",0.89533,"ANFCI"
"2569",2020-03-27,"ANFCI",0.5373,2024-10-31,2024-10-31,0.5373,"Chicago Fed Adjusted National Financial Conditions Index","1971-01-08","2024-10-25","Index","NSA",2024-10-30,"Weekly"," points",1.04264,"ANFCI"
"2570",2020-04-03,"ANFCI",0.57285,2024-10-31,2024-10-31,0.57285,"Chicago Fed Adjusted National Financial Conditions Index","1971-01-08","2024-10-25","Index","NSA",2024-10-30,"Weekly"," points",1.0837,"ANFCI"
"2571",2020-04-10,"ANFCI",0.512,2024-10-31,2024-10-31,0.512,"Chicago Fed Adjusted National Financial Conditions Index","1971-01-08","2024-10-25","Index","NSA",2024-10-30,"Weekly"," points",1.03237,"ANFCI"
"2572",2020-04-17,"ANFCI",0.39409,2024-10-31,2024-10-31,0.39409,"Chicago Fed Adjusted National Financial Conditions Index","1971-01-08","2024-10-25","Index","NSA",2024-10-30,"Weekly"," points",0.92537,"ANFCI"
"2573",2020-04-24,"ANFCI",0.26521,2024-10-31,2024-10-31,0.26521,"Chicago Fed Adjusted National Financial Conditions Index","1971-01-08","2024-10-25","Index","NSA",2024-10-30,"Weekly"," points",0.80467,"ANFCI"
"2574",2020-05-01,"ANFCI",0.13864,2024-10-31,2024-10-31,0.13864,"Chicago Fed Adjusted National Financial Conditions Index","1971-01-08","2024-10-25","Index","NSA",2024-10-30,"Weekly"," points",0.68276,"ANFCI"
"2575",2020-05-08,"ANFCI",0.02079,2024-10-31,2024-10-31,0.02079,"Chicago Fed Adjusted National Financial Conditions Index","1971-01-08","2024-10-25","Index","NSA",2024-10-30,"Weekly"," points",0.56394,"ANFCI"
"2576",2020-05-15,"ANFCI",-0.08642,2024-10-31,2024-10-31,-0.08642,"Chicago Fed Adjusted National Financial Conditions Index","1971-01-08","2024-10-25","Index","NSA",2024-10-30,"Weekly"," points",0.45222,"ANFCI"
"2577",2020-05-22,"ANFCI",-0.19716,2024-10-31,2024-10-31,-0.19716,"Chicago Fed Adjusted National Financial Conditions Index","1971-01-08","2024-10-25","Index","NSA",2024-10-30,"Weekly"," points",0.33506,"ANFCI"
"2578",2020-05-29,"ANFCI",-0.30596,2024-10-31,2024-10-31,-0.30596,"Chicago Fed Adjusted National Financial Conditions Index","1971-01-08","2024-10-25","Index","NSA",2024-10-30,"Weekly"," points",0.21814,"ANFCI"
"2579",2020-06-05,"ANFCI",-0.40021,2024-10-31,2024-10-31,-0.40021,"Chicago Fed Adjusted National Financial Conditions Index","1971-01-08","2024-10-25","Index","NSA",2024-10-30,"Weekly"," points",0.11733,"ANFCI"
"2580",2020-06-12,"ANFCI",-0.46736,2024-10-31,2024-10-31,-0.46736,"Chicago Fed Adjusted National Financial Conditions Index","1971-01-08","2024-10-25","Index","NSA",2024-10-30,"Weekly"," points",0.04534,"ANFCI"
"2581",2020-06-19,"ANFCI",-0.51186,2024-10-31,2024-10-31,-0.51186,"Chicago Fed Adjusted National Financial Conditions Index","1971-01-08","2024-10-25","Index","NSA",2024-10-30,"Weekly"," points",-0.000929999999999986,"ANFCI"
"2582",2020-06-26,"ANFCI",-0.54022,2024-10-31,2024-10-31,-0.54022,"Chicago Fed Adjusted National Financial Conditions Index","1971-01-08","2024-10-25","Index","NSA",2024-10-30,"Weekly"," points",-0.0275300000000001,"ANFCI"
"2583",2020-07-03,"ANFCI",-0.56787,2024-10-31,2024-10-31,-0.56787,"Chicago Fed Adjusted National Financial Conditions Index","1971-01-08","2024-10-25","Index","NSA",2024-10-30,"Weekly"," points",-0.04928,"ANFCI"
"2584",2020-07-10,"ANFCI",-0.59754,2024-10-31,2024-10-31,-0.59754,"Chicago Fed Adjusted National Financial Conditions Index","1971-01-08","2024-10-25","Index","NSA",2024-10-30,"Weekly"," points",-0.07495,"ANFCI"
"2585",2020-07-17,"ANFCI",-0.62822,2024-10-31,2024-10-31,-0.62822,"Chicago Fed Adjusted National Financial Conditions Index","1971-01-08","2024-10-25","Index","NSA",2024-10-30,"Weekly"," points",-0.10552,"ANFCI"
"2586",2020-07-24,"ANFCI",-0.65578,2024-10-31,2024-10-31,-0.65578,"Chicago Fed Adjusted National Financial Conditions Index","1971-01-08","2024-10-25","Index","NSA",2024-10-30,"Weekly"," points",-0.13935,"ANFCI"
"2587",2020-07-31,"ANFCI",-0.67246,2024-10-31,2024-10-31,-0.67246,"Chicago Fed Adjusted National Financial Conditions Index","1971-01-08","2024-10-25","Index","NSA",2024-10-30,"Weekly"," points",-0.17181,"ANFCI"
"2588",2020-08-07,"ANFCI",-0.67993,2024-10-31,2024-10-31,-0.67993,"Chicago Fed Adjusted National Financial Conditions Index","1971-01-08","2024-10-25","Index","NSA",2024-10-30,"Weekly"," points",-0.19773,"ANFCI"
"2589",2020-08-14,"ANFCI",-0.68819,2024-10-31,2024-10-31,-0.68819,"Chicago Fed Adjusted National Financial Conditions Index","1971-01-08","2024-10-25","Index","NSA",2024-10-30,"Weekly"," points",-0.22319,"ANFCI"
"2590",2020-08-21,"ANFCI",-0.70691,2024-10-31,2024-10-31,-0.70691,"Chicago Fed Adjusted National Financial Conditions Index","1971-01-08","2024-10-25","Index","NSA",2024-10-30,"Weekly"," points",-0.25005,"ANFCI"
"2591",2020-08-28,"ANFCI",-0.73924,2024-10-31,2024-10-31,-0.73924,"Chicago Fed Adjusted National Financial Conditions Index","1971-01-08","2024-10-25","Index","NSA",2024-10-30,"Weekly"," points",-0.28204,"ANFCI"
"2592",2020-09-04,"ANFCI",-0.78207,2024-10-31,2024-10-31,-0.78207,"Chicago Fed Adjusted National Financial Conditions Index","1971-01-08","2024-10-25","Index","NSA",2024-10-30,"Weekly"," points",-0.31511,"ANFCI"
"2593",2020-09-11,"ANFCI",-0.81656,2024-10-31,2024-10-31,-0.81656,"Chicago Fed Adjusted National Financial Conditions Index","1971-01-08","2024-10-25","Index","NSA",2024-10-30,"Weekly"," points",-0.34152,"ANFCI"
"2594",2020-09-18,"ANFCI",-0.83474,2024-10-31,2024-10-31,-0.83474,"Chicago Fed Adjusted National Financial Conditions Index","1971-01-08","2024-10-25","Index","NSA",2024-10-30,"Weekly"," points",-0.357,"ANFCI"
"2595",2020-09-25,"ANFCI",-0.82602,2024-10-31,2024-10-31,-0.82602,"Chicago Fed Adjusted National Financial Conditions Index","1971-01-08","2024-10-25","Index","NSA",2024-10-30,"Weekly"," points",-0.35087,"ANFCI"
"2596",2020-10-02,"ANFCI",-0.79665,2024-10-31,2024-10-31,-0.79665,"Chicago Fed Adjusted National Financial Conditions Index","1971-01-08","2024-10-25","Index","NSA",2024-10-30,"Weekly"," points",-0.32846,"ANFCI"
"2597",2020-10-09,"ANFCI",-0.75358,2024-10-31,2024-10-31,-0.75358,"Chicago Fed Adjusted National Financial Conditions Index","1971-01-08","2024-10-25","Index","NSA",2024-10-30,"Weekly"," points",-0.28946,"ANFCI"
"2598",2020-10-16,"ANFCI",-0.71339,2024-10-31,2024-10-31,-0.71339,"Chicago Fed Adjusted National Financial Conditions Index","1971-01-08","2024-10-25","Index","NSA",2024-10-30,"Weekly"," points",-0.24586,"ANFCI"
"2599",2020-10-23,"ANFCI",-0.68156,2024-10-31,2024-10-31,-0.68156,"Chicago Fed Adjusted National Financial Conditions Index","1971-01-08","2024-10-25","Index","NSA",2024-10-30,"Weekly"," points",-0.20179,"ANFCI"
"2600",2020-10-30,"ANFCI",-0.66018,2024-10-31,2024-10-31,-0.66018,"Chicago Fed Adjusted National Financial Conditions Index","1971-01-08","2024-10-25","Index","NSA",2024-10-30,"Weekly"," points",-0.16518,"ANFCI"
"2601",2020-11-06,"ANFCI",-0.64538,2024-10-31,2024-10-31,-0.64538,"Chicago Fed Adjusted National Financial Conditions Index","1971-01-08","2024-10-25","Index","NSA",2024-10-30,"Weekly"," points",-0.13689,"ANFCI"
"2602",2020-11-13,"ANFCI",-0.63578,2024-10-31,2024-10-31,-0.63578,"Chicago Fed Adjusted National Financial Conditions Index","1971-01-08","2024-10-25","Index","NSA",2024-10-30,"Weekly"," points",-0.12203,"ANFCI"
"2603",2020-11-20,"ANFCI",-0.6231,2024-10-31,2024-10-31,-0.6231,"Chicago Fed Adjusted National Financial Conditions Index","1971-01-08","2024-10-25","Index","NSA",2024-10-30,"Weekly"," points",-0.11477,"ANFCI"
"2604",2020-11-27,"ANFCI",-0.60646,2024-10-31,2024-10-31,-0.60646,"Chicago Fed Adjusted National Financial Conditions Index","1971-01-08","2024-10-25","Index","NSA",2024-10-30,"Weekly"," points",-0.11234,"ANFCI"
"2605",2020-12-04,"ANFCI",-0.58715,2024-10-31,2024-10-31,-0.58715,"Chicago Fed Adjusted National Financial Conditions Index","1971-01-08","2024-10-25","Index","NSA",2024-10-30,"Weekly"," points",-0.11005,"ANFCI"
"2606",2020-12-11,"ANFCI",-0.57191,2024-10-31,2024-10-31,-0.57191,"Chicago Fed Adjusted National Financial Conditions Index","1971-01-08","2024-10-25","Index","NSA",2024-10-30,"Weekly"," points",-0.10563,"ANFCI"
"2607",2020-12-18,"ANFCI",-0.56093,2024-10-31,2024-10-31,-0.56093,"Chicago Fed Adjusted National Financial Conditions Index","1971-01-08","2024-10-25","Index","NSA",2024-10-30,"Weekly"," points",-0.09804,"ANFCI"
"2608",2020-12-25,"ANFCI",-0.55427,2024-10-31,2024-10-31,-0.55427,"Chicago Fed Adjusted National Financial Conditions Index","1971-01-08","2024-10-25","Index","NSA",2024-10-30,"Weekly"," points",-0.08852,"ANFCI"
"2609",2021-01-01,"ANFCI",-0.55318,2024-10-31,2024-10-31,-0.55318,"Chicago Fed Adjusted National Financial Conditions Index","1971-01-08","2024-10-25","Index","NSA",2024-10-30,"Weekly"," points",-0.08342,"ANFCI"
"2610",2021-01-08,"ANFCI",-0.55325,2024-10-31,2024-10-31,-0.55325,"Chicago Fed Adjusted National Financial Conditions Index","1971-01-08","2024-10-25","Index","NSA",2024-10-30,"Weekly"," points",-0.07934,"ANFCI"
"2611",2021-01-15,"ANFCI",-0.55674,2024-10-31,2024-10-31,-0.55674,"Chicago Fed Adjusted National Financial Conditions Index","1971-01-08","2024-10-25","Index","NSA",2024-10-30,"Weekly"," points",-0.0739,"ANFCI"
"2612",2021-01-22,"ANFCI",-0.56298,2024-10-31,2024-10-31,-0.56298,"Chicago Fed Adjusted National Financial Conditions Index","1971-01-08","2024-10-25","Index","NSA",2024-10-30,"Weekly"," points",-0.0605,"ANFCI"
"2613",2021-01-29,"ANFCI",-0.57284,2024-10-31,2024-10-31,-0.57284,"Chicago Fed Adjusted National Financial Conditions Index","1971-01-08","2024-10-25","Index","NSA",2024-10-30,"Weekly"," points",-0.0367000000000001,"ANFCI"
"2614",2021-02-05,"ANFCI",-0.58982,2024-10-31,2024-10-31,-0.58982,"Chicago Fed Adjusted National Financial Conditions Index","1971-01-08","2024-10-25","Index","NSA",2024-10-30,"Weekly"," points",-0.01818,"ANFCI"
"2615",2021-02-12,"ANFCI",-0.60724,2024-10-31,2024-10-31,-0.60724,"Chicago Fed Adjusted National Financial Conditions Index","1971-01-08","2024-10-25","Index","NSA",2024-10-30,"Weekly"," points",-0.0296,"ANFCI"
"2616",2021-02-19,"ANFCI",-0.62239,2024-10-31,2024-10-31,-0.62239,"Chicago Fed Adjusted National Financial Conditions Index","1971-01-08","2024-10-25","Index","NSA",2024-10-30,"Weekly"," points",-0.10818,"ANFCI"
"2617",2021-02-26,"ANFCI",-0.63271,2024-10-31,2024-10-31,-0.63271,"Chicago Fed Adjusted National Financial Conditions Index","1971-01-08","2024-10-25","Index","NSA",2024-10-30,"Weekly"," points",-0.27421,"ANFCI"
"2618",2021-03-05,"ANFCI",-0.63915,2024-10-31,2024-10-31,-0.63915,"Chicago Fed Adjusted National Financial Conditions Index","1971-01-08","2024-10-25","Index","NSA",2024-10-30,"Weekly"," points",-0.51314,"ANFCI"
"2619",2021-03-12,"ANFCI",-0.64079,2024-10-31,2024-10-31,-0.64079,"Chicago Fed Adjusted National Financial Conditions Index","1971-01-08","2024-10-25","Index","NSA",2024-10-30,"Weekly"," points",-0.78592,"ANFCI"
"2620",2021-03-19,"ANFCI",-0.6402,2024-10-31,2024-10-31,-0.6402,"Chicago Fed Adjusted National Financial Conditions Index","1971-01-08","2024-10-25","Index","NSA",2024-10-30,"Weekly"," points",-1.03048,"ANFCI"
"2621",2021-03-26,"ANFCI",-0.64127,2024-10-31,2024-10-31,-0.64127,"Chicago Fed Adjusted National Financial Conditions Index","1971-01-08","2024-10-25","Index","NSA",2024-10-30,"Weekly"," points",-1.17857,"ANFCI"
"2622",2021-04-02,"ANFCI",-0.64471,2024-10-31,2024-10-31,-0.64471,"Chicago Fed Adjusted National Financial Conditions Index","1971-01-08","2024-10-25","Index","NSA",2024-10-30,"Weekly"," points",-1.21756,"ANFCI"
"2623",2021-04-09,"ANFCI",-0.6501,2024-10-31,2024-10-31,-0.6501,"Chicago Fed Adjusted National Financial Conditions Index","1971-01-08","2024-10-25","Index","NSA",2024-10-30,"Weekly"," points",-1.1621,"ANFCI"
"2624",2021-04-16,"ANFCI",-0.65473,2024-10-31,2024-10-31,-0.65473,"Chicago Fed Adjusted National Financial Conditions Index","1971-01-08","2024-10-25","Index","NSA",2024-10-30,"Weekly"," points",-1.04882,"ANFCI"
"2625",2021-04-23,"ANFCI",-0.65778,2024-10-31,2024-10-31,-0.65778,"Chicago Fed Adjusted National Financial Conditions Index","1971-01-08","2024-10-25","Index","NSA",2024-10-30,"Weekly"," points",-0.92299,"ANFCI"
"2626",2021-04-30,"ANFCI",-0.65899,2024-10-31,2024-10-31,-0.65899,"Chicago Fed Adjusted National Financial Conditions Index","1971-01-08","2024-10-25","Index","NSA",2024-10-30,"Weekly"," points",-0.79763,"ANFCI"
"2627",2021-05-07,"ANFCI",-0.66024,2024-10-31,2024-10-31,-0.66024,"Chicago Fed Adjusted National Financial Conditions Index","1971-01-08","2024-10-25","Index","NSA",2024-10-30,"Weekly"," points",-0.68103,"ANFCI"
"2628",2021-05-14,"ANFCI",-0.66209,2024-10-31,2024-10-31,-0.66209,"Chicago Fed Adjusted National Financial Conditions Index","1971-01-08","2024-10-25","Index","NSA",2024-10-30,"Weekly"," points",-0.57567,"ANFCI"
"2629",2021-05-21,"ANFCI",-0.66852,2024-10-31,2024-10-31,-0.66852,"Chicago Fed Adjusted National Financial Conditions Index","1971-01-08","2024-10-25","Index","NSA",2024-10-30,"Weekly"," points",-0.47136,"ANFCI"
"2630",2021-05-28,"ANFCI",-0.67951,2024-10-31,2024-10-31,-0.67951,"Chicago Fed Adjusted National Financial Conditions Index","1971-01-08","2024-10-25","Index","NSA",2024-10-30,"Weekly"," points",-0.37355,"ANFCI"
"2631",2021-06-04,"ANFCI",-0.69284,2024-10-31,2024-10-31,-0.69284,"Chicago Fed Adjusted National Financial Conditions Index","1971-01-08","2024-10-25","Index","NSA",2024-10-30,"Weekly"," points",-0.29263,"ANFCI"
"2632",2021-06-11,"ANFCI",-0.70403,2024-10-31,2024-10-31,-0.70403,"Chicago Fed Adjusted National Financial Conditions Index","1971-01-08","2024-10-25","Index","NSA",2024-10-30,"Weekly"," points",-0.23667,"ANFCI"
"2633",2021-06-18,"ANFCI",-0.71142,2024-10-31,2024-10-31,-0.71142,"Chicago Fed Adjusted National Financial Conditions Index","1971-01-08","2024-10-25","Index","NSA",2024-10-30,"Weekly"," points",-0.19956,"ANFCI"
"2634",2021-06-25,"ANFCI",-0.7158,2024-10-31,2024-10-31,-0.7158,"Chicago Fed Adjusted National Financial Conditions Index","1971-01-08","2024-10-25","Index","NSA",2024-10-30,"Weekly"," points",-0.17558,"ANFCI"
"2635",2021-07-02,"ANFCI",-0.71667,2024-10-31,2024-10-31,-0.71667,"Chicago Fed Adjusted National Financial Conditions Index","1971-01-08","2024-10-25","Index","NSA",2024-10-30,"Weekly"," points",-0.1488,"ANFCI"
"2636",2021-07-09,"ANFCI",-0.71625,2024-10-31,2024-10-31,-0.71625,"Chicago Fed Adjusted National Financial Conditions Index","1971-01-08","2024-10-25","Index","NSA",2024-10-30,"Weekly"," points",-0.11871,"ANFCI"
"2637",2021-07-16,"ANFCI",-0.71383,2024-10-31,2024-10-31,-0.71383,"Chicago Fed Adjusted National Financial Conditions Index","1971-01-08","2024-10-25","Index","NSA",2024-10-30,"Weekly"," points",-0.08561,"ANFCI"
"2638",2021-07-23,"ANFCI",-0.71011,2024-10-31,2024-10-31,-0.71011,"Chicago Fed Adjusted National Financial Conditions Index","1971-01-08","2024-10-25","Index","NSA",2024-10-30,"Weekly"," points",-0.05433,"ANFCI"
"2639",2021-07-30,"ANFCI",-0.70657,2024-10-31,2024-10-31,-0.70657,"Chicago Fed Adjusted National Financial Conditions Index","1971-01-08","2024-10-25","Index","NSA",2024-10-30,"Weekly"," points",-0.0341100000000001,"ANFCI"
"2640",2021-08-06,"ANFCI",-0.70459,2024-10-31,2024-10-31,-0.70459,"Chicago Fed Adjusted National Financial Conditions Index","1971-01-08","2024-10-25","Index","NSA",2024-10-30,"Weekly"," points",-0.02466,"ANFCI"
"2641",2021-08-13,"ANFCI",-0.70637,2024-10-31,2024-10-31,-0.70637,"Chicago Fed Adjusted National Financial Conditions Index","1971-01-08","2024-10-25","Index","NSA",2024-10-30,"Weekly"," points",-0.0181800000000001,"ANFCI"
"2642",2021-08-20,"ANFCI",-0.71343,2024-10-31,2024-10-31,-0.71343,"Chicago Fed Adjusted National Financial Conditions Index","1971-01-08","2024-10-25","Index","NSA",2024-10-30,"Weekly"," points",-0.00651999999999997,"ANFCI"
"2643",2021-08-27,"ANFCI",-0.72649,2024-10-31,2024-10-31,-0.72649,"Chicago Fed Adjusted National Financial Conditions Index","1971-01-08","2024-10-25","Index","NSA",2024-10-30,"Weekly"," points",0.01275,"ANFCI"
"2644",2021-09-03,"ANFCI",-0.74207,2024-10-31,2024-10-31,-0.74207,"Chicago Fed Adjusted National Financial Conditions Index","1971-01-08","2024-10-25","Index","NSA",2024-10-30,"Weekly"," points",0.04,"ANFCI"
"2645",2021-09-10,"ANFCI",-0.75443,2024-10-31,2024-10-31,-0.75443,"Chicago Fed Adjusted National Financial Conditions Index","1971-01-08","2024-10-25","Index","NSA",2024-10-30,"Weekly"," points",0.0621299999999999,"ANFCI"
"2646",2021-09-17,"ANFCI",-0.76095,2024-10-31,2024-10-31,-0.76095,"Chicago Fed Adjusted National Financial Conditions Index","1971-01-08","2024-10-25","Index","NSA",2024-10-30,"Weekly"," points",0.07379,"ANFCI"
"2647",2021-09-24,"ANFCI",-0.76104,2024-10-31,2024-10-31,-0.76104,"Chicago Fed Adjusted National Financial Conditions Index","1971-01-08","2024-10-25","Index","NSA",2024-10-30,"Weekly"," points",0.0649799999999999,"ANFCI"
"2648",2021-10-01,"ANFCI",-0.7567,2024-10-31,2024-10-31,-0.7567,"Chicago Fed Adjusted National Financial Conditions Index","1971-01-08","2024-10-25","Index","NSA",2024-10-30,"Weekly"," points",0.0399499999999999,"ANFCI"
"2649",2021-10-08,"ANFCI",-0.74931,2024-10-31,2024-10-31,-0.74931,"Chicago Fed Adjusted National Financial Conditions Index","1971-01-08","2024-10-25","Index","NSA",2024-10-30,"Weekly"," points",0.00427,"ANFCI"
"2650",2021-10-15,"ANFCI",-0.74092,2024-10-31,2024-10-31,-0.74092,"Chicago Fed Adjusted National Financial Conditions Index","1971-01-08","2024-10-25","Index","NSA",2024-10-30,"Weekly"," points",-0.0275300000000001,"ANFCI"
"2651",2021-10-22,"ANFCI",-0.7297,2024-10-31,2024-10-31,-0.7297,"Chicago Fed Adjusted National Financial Conditions Index","1971-01-08","2024-10-25","Index","NSA",2024-10-30,"Weekly"," points",-0.04814,"ANFCI"
"2652",2021-10-29,"ANFCI",-0.71279,2024-10-31,2024-10-31,-0.71279,"Chicago Fed Adjusted National Financial Conditions Index","1971-01-08","2024-10-25","Index","NSA",2024-10-30,"Weekly"," points",-0.05261,"ANFCI"
"2653",2021-11-05,"ANFCI",-0.68827,2024-10-31,2024-10-31,-0.68827,"Chicago Fed Adjusted National Financial Conditions Index","1971-01-08","2024-10-25","Index","NSA",2024-10-30,"Weekly"," points",-0.0428900000000001,"ANFCI"
"2654",2021-11-12,"ANFCI",-0.65852,2024-10-31,2024-10-31,-0.65852,"Chicago Fed Adjusted National Financial Conditions Index","1971-01-08","2024-10-25","Index","NSA",2024-10-30,"Weekly"," points",-0.02274,"ANFCI"
"2655",2021-11-19,"ANFCI",-0.62862,2024-10-31,2024-10-31,-0.62862,"Chicago Fed Adjusted National Financial Conditions Index","1971-01-08","2024-10-25","Index","NSA",2024-10-30,"Weekly"," points",-0.00551999999999997,"ANFCI"
"2656",2021-11-26,"ANFCI",-0.60391,2024-10-31,2024-10-31,-0.60391,"Chicago Fed Adjusted National Financial Conditions Index","1971-01-08","2024-10-25","Index","NSA",2024-10-30,"Weekly"," points",0.00255000000000005,"ANFCI"
"2657",2021-12-03,"ANFCI",-0.59031,2024-10-31,2024-10-31,-0.59031,"Chicago Fed Adjusted National Financial Conditions Index","1971-01-08","2024-10-25","Index","NSA",2024-10-30,"Weekly"," points",-0.00316000000000005,"ANFCI"
"2658",2021-12-10,"ANFCI",-0.59181,2024-10-31,2024-10-31,-0.59181,"Chicago Fed Adjusted National Financial Conditions Index","1971-01-08","2024-10-25","Index","NSA",2024-10-30,"Weekly"," points",-0.0198999999999999,"ANFCI"
"2659",2021-12-17,"ANFCI",-0.60146,2024-10-31,2024-10-31,-0.60146,"Chicago Fed Adjusted National Financial Conditions Index","1971-01-08","2024-10-25","Index","NSA",2024-10-30,"Weekly"," points",-0.04053,"ANFCI"
"2660",2021-12-24,"ANFCI",-0.6147,2024-10-31,2024-10-31,-0.6147,"Chicago Fed Adjusted National Financial Conditions Index","1971-01-08","2024-10-25","Index","NSA",2024-10-30,"Weekly"," points",-0.06043,"ANFCI"
"2661",2021-12-31,"ANFCI",-0.62563,2024-10-31,2024-10-31,-0.62563,"Chicago Fed Adjusted National Financial Conditions Index","1971-01-08","2024-10-25","Index","NSA",2024-10-30,"Weekly"," points",-0.07245,"ANFCI"
"2662",2022-01-07,"ANFCI",-0.63214,2024-10-31,2024-10-31,-0.63214,"Chicago Fed Adjusted National Financial Conditions Index","1971-01-08","2024-10-25","Index","NSA",2024-10-30,"Weekly"," points",-0.07889,"ANFCI"
"2663",2022-01-14,"ANFCI",-0.63419,2024-10-31,2024-10-31,-0.63419,"Chicago Fed Adjusted National Financial Conditions Index","1971-01-08","2024-10-25","Index","NSA",2024-10-30,"Weekly"," points",-0.07745,"ANFCI"
"2664",2022-01-21,"ANFCI",-0.63397,2024-10-31,2024-10-31,-0.63397,"Chicago Fed Adjusted National Financial Conditions Index","1971-01-08","2024-10-25","Index","NSA",2024-10-30,"Weekly"," points",-0.07099,"ANFCI"
"2665",2022-01-28,"ANFCI",-0.62863,2024-10-31,2024-10-31,-0.62863,"Chicago Fed Adjusted National Financial Conditions Index","1971-01-08","2024-10-25","Index","NSA",2024-10-30,"Weekly"," points",-0.05579,"ANFCI"
"2666",2022-02-04,"ANFCI",-0.61509,2024-10-31,2024-10-31,-0.61509,"Chicago Fed Adjusted National Financial Conditions Index","1971-01-08","2024-10-25","Index","NSA",2024-10-30,"Weekly"," points",-0.02527,"ANFCI"
"2667",2022-02-11,"ANFCI",-0.58191,2024-10-31,2024-10-31,-0.58191,"Chicago Fed Adjusted National Financial Conditions Index","1971-01-08","2024-10-25","Index","NSA",2024-10-30,"Weekly"," points",0.02533,"ANFCI"
"2668",2022-02-18,"ANFCI",-0.52848,2024-10-31,2024-10-31,-0.52848,"Chicago Fed Adjusted National Financial Conditions Index","1971-01-08","2024-10-25","Index","NSA",2024-10-30,"Weekly"," points",0.09391,"ANFCI"
"2669",2022-02-25,"ANFCI",-0.46259,2024-10-31,2024-10-31,-0.46259,"Chicago Fed Adjusted National Financial Conditions Index","1971-01-08","2024-10-25","Index","NSA",2024-10-30,"Weekly"," points",0.17012,"ANFCI"
"2670",2022-03-04,"ANFCI",-0.39698,2024-10-31,2024-10-31,-0.39698,"Chicago Fed Adjusted National Financial Conditions Index","1971-01-08","2024-10-25","Index","NSA",2024-10-30,"Weekly"," points",0.24217,"ANFCI"
"2671",2022-03-11,"ANFCI",-0.35564,2024-10-31,2024-10-31,-0.35564,"Chicago Fed Adjusted National Financial Conditions Index","1971-01-08","2024-10-25","Index","NSA",2024-10-30,"Weekly"," points",0.28515,"ANFCI"
"2672",2022-03-18,"ANFCI",-0.34704,2024-10-31,2024-10-31,-0.34704,"Chicago Fed Adjusted National Financial Conditions Index","1971-01-08","2024-10-25","Index","NSA",2024-10-30,"Weekly"," points",0.29316,"ANFCI"
"2673",2022-03-25,"ANFCI",-0.36263,2024-10-31,2024-10-31,-0.36263,"Chicago Fed Adjusted National Financial Conditions Index","1971-01-08","2024-10-25","Index","NSA",2024-10-30,"Weekly"," points",0.27864,"ANFCI"
"2674",2022-04-01,"ANFCI",-0.3852,2024-10-31,2024-10-31,-0.3852,"Chicago Fed Adjusted National Financial Conditions Index","1971-01-08","2024-10-25","Index","NSA",2024-10-30,"Weekly"," points",0.25951,"ANFCI"
"2675",2022-04-08,"ANFCI",-0.39427,2024-10-31,2024-10-31,-0.39427,"Chicago Fed Adjusted National Financial Conditions Index","1971-01-08","2024-10-25","Index","NSA",2024-10-30,"Weekly"," points",0.25583,"ANFCI"
"2676",2022-04-15,"ANFCI",-0.37429,2024-10-31,2024-10-31,-0.37429,"Chicago Fed Adjusted National Financial Conditions Index","1971-01-08","2024-10-25","Index","NSA",2024-10-30,"Weekly"," points",0.28044,"ANFCI"
"2677",2022-04-22,"ANFCI",-0.3318,2024-10-31,2024-10-31,-0.3318,"Chicago Fed Adjusted National Financial Conditions Index","1971-01-08","2024-10-25","Index","NSA",2024-10-30,"Weekly"," points",0.32598,"ANFCI"
"2678",2022-04-29,"ANFCI",-0.28083,2024-10-31,2024-10-31,-0.28083,"Chicago Fed Adjusted National Financial Conditions Index","1971-01-08","2024-10-25","Index","NSA",2024-10-30,"Weekly"," points",0.37816,"ANFCI"
"2679",2022-05-06,"ANFCI",-0.24123,2024-10-31,2024-10-31,-0.24123,"Chicago Fed Adjusted National Financial Conditions Index","1971-01-08","2024-10-25","Index","NSA",2024-10-30,"Weekly"," points",0.41901,"ANFCI"
"2680",2022-05-13,"ANFCI",-0.22449,2024-10-31,2024-10-31,-0.22449,"Chicago Fed Adjusted National Financial Conditions Index","1971-01-08","2024-10-25","Index","NSA",2024-10-30,"Weekly"," points",0.4376,"ANFCI"
"2681",2022-05-20,"ANFCI",-0.22467,2024-10-31,2024-10-31,-0.22467,"Chicago Fed Adjusted National Financial Conditions Index","1971-01-08","2024-10-25","Index","NSA",2024-10-30,"Weekly"," points",0.44385,"ANFCI"
"2682",2022-05-27,"ANFCI",-0.22434,2024-10-31,2024-10-31,-0.22434,"Chicago Fed Adjusted National Financial Conditions Index","1971-01-08","2024-10-25","Index","NSA",2024-10-30,"Weekly"," points",0.45517,"ANFCI"
"2683",2022-06-03,"ANFCI",-0.21129,2024-10-31,2024-10-31,-0.21129,"Chicago Fed Adjusted National Financial Conditions Index","1971-01-08","2024-10-25","Index","NSA",2024-10-30,"Weekly"," points",0.48155,"ANFCI"
"2684",2022-06-10,"ANFCI",-0.17938,2024-10-31,2024-10-31,-0.17938,"Chicago Fed Adjusted National Financial Conditions Index","1971-01-08","2024-10-25","Index","NSA",2024-10-30,"Weekly"," points",0.52465,"ANFCI"
"2685",2022-06-17,"ANFCI",-0.14121,2024-10-31,2024-10-31,-0.14121,"Chicago Fed Adjusted National Financial Conditions Index","1971-01-08","2024-10-25","Index","NSA",2024-10-30,"Weekly"," points",0.57021,"ANFCI"
"2686",2022-06-24,"ANFCI",-0.11619,2024-10-31,2024-10-31,-0.11619,"Chicago Fed Adjusted National Financial Conditions Index","1971-01-08","2024-10-25","Index","NSA",2024-10-30,"Weekly"," points",0.59961,"ANFCI"
"2687",2022-07-01,"ANFCI",-0.12193,2024-10-31,2024-10-31,-0.12193,"Chicago Fed Adjusted National Financial Conditions Index","1971-01-08","2024-10-25","Index","NSA",2024-10-30,"Weekly"," points",0.59474,"ANFCI"
"2688",2022-07-08,"ANFCI",-0.15951,2024-10-31,2024-10-31,-0.15951,"Chicago Fed Adjusted National Financial Conditions Index","1971-01-08","2024-10-25","Index","NSA",2024-10-30,"Weekly"," points",0.55674,"ANFCI"
"2689",2022-07-15,"ANFCI",-0.21699,2024-10-31,2024-10-31,-0.21699,"Chicago Fed Adjusted National Financial Conditions Index","1971-01-08","2024-10-25","Index","NSA",2024-10-30,"Weekly"," points",0.49684,"ANFCI"
"2690",2022-07-22,"ANFCI",-0.27539,2024-10-31,2024-10-31,-0.27539,"Chicago Fed Adjusted National Financial Conditions Index","1971-01-08","2024-10-25","Index","NSA",2024-10-30,"Weekly"," points",0.43472,"ANFCI"
"2691",2022-07-29,"ANFCI",-0.3168,2024-10-31,2024-10-31,-0.3168,"Chicago Fed Adjusted National Financial Conditions Index","1971-01-08","2024-10-25","Index","NSA",2024-10-30,"Weekly"," points",0.38977,"ANFCI"
"2692",2022-08-05,"ANFCI",-0.33596,2024-10-31,2024-10-31,-0.33596,"Chicago Fed Adjusted National Financial Conditions Index","1971-01-08","2024-10-25","Index","NSA",2024-10-30,"Weekly"," points",0.36863,"ANFCI"
"2693",2022-08-12,"ANFCI",-0.33868,2024-10-31,2024-10-31,-0.33868,"Chicago Fed Adjusted National Financial Conditions Index","1971-01-08","2024-10-25","Index","NSA",2024-10-30,"Weekly"," points",0.36769,"ANFCI"
"2694",2022-08-19,"ANFCI",-0.33064,2024-10-31,2024-10-31,-0.33064,"Chicago Fed Adjusted National Financial Conditions Index","1971-01-08","2024-10-25","Index","NSA",2024-10-30,"Weekly"," points",0.38279,"ANFCI"
"2695",2022-08-26,"ANFCI",-0.31583,2024-10-31,2024-10-31,-0.31583,"Chicago Fed Adjusted National Financial Conditions Index","1971-01-08","2024-10-25","Index","NSA",2024-10-30,"Weekly"," points",0.41066,"ANFCI"
"2696",2022-09-02,"ANFCI",-0.29505,2024-10-31,2024-10-31,-0.29505,"Chicago Fed Adjusted National Financial Conditions Index","1971-01-08","2024-10-25","Index","NSA",2024-10-30,"Weekly"," points",0.44702,"ANFCI"
"2697",2022-09-09,"ANFCI",-0.26581,2024-10-31,2024-10-31,-0.26581,"Chicago Fed Adjusted National Financial Conditions Index","1971-01-08","2024-10-25","Index","NSA",2024-10-30,"Weekly"," points",0.48862,"ANFCI"
"2698",2022-09-16,"ANFCI",-0.22549,2024-10-31,2024-10-31,-0.22549,"Chicago Fed Adjusted National Financial Conditions Index","1971-01-08","2024-10-25","Index","NSA",2024-10-30,"Weekly"," points",0.53546,"ANFCI"
"2699",2022-09-23,"ANFCI",-0.18079,2024-10-31,2024-10-31,-0.18079,"Chicago Fed Adjusted National Financial Conditions Index","1971-01-08","2024-10-25","Index","NSA",2024-10-30,"Weekly"," points",0.58025,"ANFCI"
"2700",2022-09-30,"ANFCI",-0.14339,2024-10-31,2024-10-31,-0.14339,"Chicago Fed Adjusted National Financial Conditions Index","1971-01-08","2024-10-25","Index","NSA",2024-10-30,"Weekly"," points",0.61331,"ANFCI"
"2701",2022-10-07,"ANFCI",-0.12458,2024-10-31,2024-10-31,-0.12458,"Chicago Fed Adjusted National Financial Conditions Index","1971-01-08","2024-10-25","Index","NSA",2024-10-30,"Weekly"," points",0.62473,"ANFCI"
"2702",2022-10-14,"ANFCI",-0.13012,2024-10-31,2024-10-31,-0.13012,"Chicago Fed Adjusted National Financial Conditions Index","1971-01-08","2024-10-25","Index","NSA",2024-10-30,"Weekly"," points",0.6108,"ANFCI"
"2703",2022-10-21,"ANFCI",-0.15752,2024-10-31,2024-10-31,-0.15752,"Chicago Fed Adjusted National Financial Conditions Index","1971-01-08","2024-10-25","Index","NSA",2024-10-30,"Weekly"," points",0.57218,"ANFCI"
"2704",2022-10-28,"ANFCI",-0.19474,2024-10-31,2024-10-31,-0.19474,"Chicago Fed Adjusted National Financial Conditions Index","1971-01-08","2024-10-25","Index","NSA",2024-10-30,"Weekly"," points",0.51805,"ANFCI"
"2705",2022-11-04,"ANFCI",-0.23238,2024-10-31,2024-10-31,-0.23238,"Chicago Fed Adjusted National Financial Conditions Index","1971-01-08","2024-10-25","Index","NSA",2024-10-30,"Weekly"," points",0.45589,"ANFCI"
"2706",2022-11-11,"ANFCI",-0.25763,2024-10-31,2024-10-31,-0.25763,"Chicago Fed Adjusted National Financial Conditions Index","1971-01-08","2024-10-25","Index","NSA",2024-10-30,"Weekly"," points",0.40089,"ANFCI"
"2707",2022-11-18,"ANFCI",-0.2666,2024-10-31,2024-10-31,-0.2666,"Chicago Fed Adjusted National Financial Conditions Index","1971-01-08","2024-10-25","Index","NSA",2024-10-30,"Weekly"," points",0.36202,"ANFCI"
"2708",2022-11-25,"ANFCI",-0.26063,2024-10-31,2024-10-31,-0.26063,"Chicago Fed Adjusted National Financial Conditions Index","1971-01-08","2024-10-25","Index","NSA",2024-10-30,"Weekly"," points",0.34328,"ANFCI"
"2709",2022-12-02,"ANFCI",-0.24928,2024-10-31,2024-10-31,-0.24928,"Chicago Fed Adjusted National Financial Conditions Index","1971-01-08","2024-10-25","Index","NSA",2024-10-30,"Weekly"," points",0.34103,"ANFCI"
"2710",2022-12-09,"ANFCI",-0.24072,2024-10-31,2024-10-31,-0.24072,"Chicago Fed Adjusted National Financial Conditions Index","1971-01-08","2024-10-25","Index","NSA",2024-10-30,"Weekly"," points",0.35109,"ANFCI"
"2711",2022-12-16,"ANFCI",-0.24285,2024-10-31,2024-10-31,-0.24285,"Chicago Fed Adjusted National Financial Conditions Index","1971-01-08","2024-10-25","Index","NSA",2024-10-30,"Weekly"," points",0.35861,"ANFCI"
"2712",2022-12-23,"ANFCI",-0.25412,2024-10-31,2024-10-31,-0.25412,"Chicago Fed Adjusted National Financial Conditions Index","1971-01-08","2024-10-25","Index","NSA",2024-10-30,"Weekly"," points",0.36058,"ANFCI"
"2713",2022-12-30,"ANFCI",-0.27522,2024-10-31,2024-10-31,-0.27522,"Chicago Fed Adjusted National Financial Conditions Index","1971-01-08","2024-10-25","Index","NSA",2024-10-30,"Weekly"," points",0.35041,"ANFCI"
"2714",2023-01-06,"ANFCI",-0.29991,2024-10-31,2024-10-31,-0.29991,"Chicago Fed Adjusted National Financial Conditions Index","1971-01-08","2024-10-25","Index","NSA",2024-10-30,"Weekly"," points",0.33223,"ANFCI"
"2715",2023-01-13,"ANFCI",-0.32376,2024-10-31,2024-10-31,-0.32376,"Chicago Fed Adjusted National Financial Conditions Index","1971-01-08","2024-10-25","Index","NSA",2024-10-30,"Weekly"," points",0.31043,"ANFCI"
"2716",2023-01-20,"ANFCI",-0.34365,2024-10-31,2024-10-31,-0.34365,"Chicago Fed Adjusted National Financial Conditions Index","1971-01-08","2024-10-25","Index","NSA",2024-10-30,"Weekly"," points",0.29032,"ANFCI"
"2717",2023-01-27,"ANFCI",-0.36254,2024-10-31,2024-10-31,-0.36254,"Chicago Fed Adjusted National Financial Conditions Index","1971-01-08","2024-10-25","Index","NSA",2024-10-30,"Weekly"," points",0.26609,"ANFCI"
"2718",2023-02-03,"ANFCI",-0.37343,2024-10-31,2024-10-31,-0.37343,"Chicago Fed Adjusted National Financial Conditions Index","1971-01-08","2024-10-25","Index","NSA",2024-10-30,"Weekly"," points",0.24166,"ANFCI"
"2719",2023-02-10,"ANFCI",-0.36988,2024-10-31,2024-10-31,-0.36988,"Chicago Fed Adjusted National Financial Conditions Index","1971-01-08","2024-10-25","Index","NSA",2024-10-30,"Weekly"," points",0.21203,"ANFCI"
"2720",2023-02-17,"ANFCI",-0.34239,2024-10-31,2024-10-31,-0.34239,"Chicago Fed Adjusted National Financial Conditions Index","1971-01-08","2024-10-25","Index","NSA",2024-10-30,"Weekly"," points",0.18609,"ANFCI"
"2721",2023-02-24,"ANFCI",-0.2845,2024-10-31,2024-10-31,-0.2845,"Chicago Fed Adjusted National Financial Conditions Index","1971-01-08","2024-10-25","Index","NSA",2024-10-30,"Weekly"," points",0.17809,"ANFCI"
"2722",2023-03-03,"ANFCI",-0.20667,2024-10-31,2024-10-31,-0.20667,"Chicago Fed Adjusted National Financial Conditions Index","1971-01-08","2024-10-25","Index","NSA",2024-10-30,"Weekly"," points",0.19031,"ANFCI"
"2723",2023-03-10,"ANFCI",-0.12687,2024-10-31,2024-10-31,-0.12687,"Chicago Fed Adjusted National Financial Conditions Index","1971-01-08","2024-10-25","Index","NSA",2024-10-30,"Weekly"," points",0.22877,"ANFCI"
"2724",2023-03-17,"ANFCI",-0.06146,2024-10-31,2024-10-31,-0.06146,"Chicago Fed Adjusted National Financial Conditions Index","1971-01-08","2024-10-25","Index","NSA",2024-10-30,"Weekly"," points",0.28558,"ANFCI"
"2725",2023-03-24,"ANFCI",-0.04957,2024-10-31,2024-10-31,-0.04957,"Chicago Fed Adjusted National Financial Conditions Index","1971-01-08","2024-10-25","Index","NSA",2024-10-30,"Weekly"," points",0.31306,"ANFCI"
"2726",2023-03-31,"ANFCI",-0.08262,2024-10-31,2024-10-31,-0.08262,"Chicago Fed Adjusted National Financial Conditions Index","1971-01-08","2024-10-25","Index","NSA",2024-10-30,"Weekly"," points",0.30258,"ANFCI"
"2727",2023-04-07,"ANFCI",-0.13957,2024-10-31,2024-10-31,-0.13957,"Chicago Fed Adjusted National Financial Conditions Index","1971-01-08","2024-10-25","Index","NSA",2024-10-30,"Weekly"," points",0.2547,"ANFCI"
"2728",2023-04-14,"ANFCI",-0.2039,2024-10-31,2024-10-31,-0.2039,"Chicago Fed Adjusted National Financial Conditions Index","1971-01-08","2024-10-25","Index","NSA",2024-10-30,"Weekly"," points",0.17039,"ANFCI"
"2729",2023-04-21,"ANFCI",-0.25307,2024-10-31,2024-10-31,-0.25307,"Chicago Fed Adjusted National Financial Conditions Index","1971-01-08","2024-10-25","Index","NSA",2024-10-30,"Weekly"," points",0.07873,"ANFCI"
"2730",2023-04-28,"ANFCI",-0.27629,2024-10-31,2024-10-31,-0.27629,"Chicago Fed Adjusted National Financial Conditions Index","1971-01-08","2024-10-25","Index","NSA",2024-10-30,"Weekly"," points",0.00454000000000004,"ANFCI"
"2731",2023-05-05,"ANFCI",-0.28203,2024-10-31,2024-10-31,-0.28203,"Chicago Fed Adjusted National Financial Conditions Index","1971-01-08","2024-10-25","Index","NSA",2024-10-30,"Weekly"," points",-0.0408,"ANFCI"
"2732",2023-05-12,"ANFCI",-0.27946,2024-10-31,2024-10-31,-0.27946,"Chicago Fed Adjusted National Financial Conditions Index","1971-01-08","2024-10-25","Index","NSA",2024-10-30,"Weekly"," points",-0.05497,"ANFCI"
"2733",2023-05-19,"ANFCI",-0.27611,2024-10-31,2024-10-31,-0.27611,"Chicago Fed Adjusted National Financial Conditions Index","1971-01-08","2024-10-25","Index","NSA",2024-10-30,"Weekly"," points",-0.05144,"ANFCI"
"2734",2023-05-26,"ANFCI",-0.27624,2024-10-31,2024-10-31,-0.27624,"Chicago Fed Adjusted National Financial Conditions Index","1971-01-08","2024-10-25","Index","NSA",2024-10-30,"Weekly"," points",-0.0519,"ANFCI"
"2735",2023-06-02,"ANFCI",-0.27718,2024-10-31,2024-10-31,-0.27718,"Chicago Fed Adjusted National Financial Conditions Index","1971-01-08","2024-10-25","Index","NSA",2024-10-30,"Weekly"," points",-0.06589,"ANFCI"
"2736",2023-06-09,"ANFCI",-0.27238,2024-10-31,2024-10-31,-0.27238,"Chicago Fed Adjusted National Financial Conditions Index","1971-01-08","2024-10-25","Index","NSA",2024-10-30,"Weekly"," points",-0.093,"ANFCI"
"2737",2023-06-16,"ANFCI",-0.26528,2024-10-31,2024-10-31,-0.26528,"Chicago Fed Adjusted National Financial Conditions Index","1971-01-08","2024-10-25","Index","NSA",2024-10-30,"Weekly"," points",-0.12407,"ANFCI"
"2738",2023-06-23,"ANFCI",-0.25827,2024-10-31,2024-10-31,-0.25827,"Chicago Fed Adjusted National Financial Conditions Index","1971-01-08","2024-10-25","Index","NSA",2024-10-30,"Weekly"," points",-0.14208,"ANFCI"
"2739",2023-06-30,"ANFCI",-0.2531,2024-10-31,2024-10-31,-0.2531,"Chicago Fed Adjusted National Financial Conditions Index","1971-01-08","2024-10-25","Index","NSA",2024-10-30,"Weekly"," points",-0.13117,"ANFCI"
"2740",2023-07-07,"ANFCI",-0.25439,2024-10-31,2024-10-31,-0.25439,"Chicago Fed Adjusted National Financial Conditions Index","1971-01-08","2024-10-25","Index","NSA",2024-10-30,"Weekly"," points",-0.09488,"ANFCI"
"2741",2023-07-14,"ANFCI",-0.26324,2024-10-31,2024-10-31,-0.26324,"Chicago Fed Adjusted National Financial Conditions Index","1971-01-08","2024-10-25","Index","NSA",2024-10-30,"Weekly"," points",-0.04625,"ANFCI"
"2742",2023-07-21,"ANFCI",-0.27442,2024-10-31,2024-10-31,-0.27442,"Chicago Fed Adjusted National Financial Conditions Index","1971-01-08","2024-10-25","Index","NSA",2024-10-30,"Weekly"," points",0.000970000000000026,"ANFCI"
"2743",2023-07-28,"ANFCI",-0.28355,2024-10-31,2024-10-31,-0.28355,"Chicago Fed Adjusted National Financial Conditions Index","1971-01-08","2024-10-25","Index","NSA",2024-10-30,"Weekly"," points",0.03325,"ANFCI"
"2744",2023-08-04,"ANFCI",-0.28914,2024-10-31,2024-10-31,-0.28914,"Chicago Fed Adjusted National Financial Conditions Index","1971-01-08","2024-10-25","Index","NSA",2024-10-30,"Weekly"," points",0.04682,"ANFCI"
"2745",2023-08-11,"ANFCI",-0.29103,2024-10-31,2024-10-31,-0.29103,"Chicago Fed Adjusted National Financial Conditions Index","1971-01-08","2024-10-25","Index","NSA",2024-10-30,"Weekly"," points",0.04765,"ANFCI"
"2746",2023-08-18,"ANFCI",-0.28967,2024-10-31,2024-10-31,-0.28967,"Chicago Fed Adjusted National Financial Conditions Index","1971-01-08","2024-10-25","Index","NSA",2024-10-30,"Weekly"," points",0.04097,"ANFCI"
"2747",2023-08-25,"ANFCI",-0.28817,2024-10-31,2024-10-31,-0.28817,"Chicago Fed Adjusted National Financial Conditions Index","1971-01-08","2024-10-25","Index","NSA",2024-10-30,"Weekly"," points",0.02766,"ANFCI"
"2748",2023-09-01,"ANFCI",-0.28875,2024-10-31,2024-10-31,-0.28875,"Chicago Fed Adjusted National Financial Conditions Index","1971-01-08","2024-10-25","Index","NSA",2024-10-30,"Weekly"," points",0.00629999999999997,"ANFCI"
"2749",2023-09-08,"ANFCI",-0.28916,2024-10-31,2024-10-31,-0.28916,"Chicago Fed Adjusted National Financial Conditions Index","1971-01-08","2024-10-25","Index","NSA",2024-10-30,"Weekly"," points",-0.02335,"ANFCI"
"2750",2023-09-15,"ANFCI",-0.28925,2024-10-31,2024-10-31,-0.28925,"Chicago Fed Adjusted National Financial Conditions Index","1971-01-08","2024-10-25","Index","NSA",2024-10-30,"Weekly"," points",-0.06376,"ANFCI"
"2751",2023-09-22,"ANFCI",-0.28671,2024-10-31,2024-10-31,-0.28671,"Chicago Fed Adjusted National Financial Conditions Index","1971-01-08","2024-10-25","Index","NSA",2024-10-30,"Weekly"," points",-0.10592,"ANFCI"
"2752",2023-09-29,"ANFCI",-0.28028,2024-10-31,2024-10-31,-0.28028,"Chicago Fed Adjusted National Financial Conditions Index","1971-01-08","2024-10-25","Index","NSA",2024-10-30,"Weekly"," points",-0.13689,"ANFCI"
"2753",2023-10-06,"ANFCI",-0.27647,2024-10-31,2024-10-31,-0.27647,"Chicago Fed Adjusted National Financial Conditions Index","1971-01-08","2024-10-25","Index","NSA",2024-10-30,"Weekly"," points",-0.15189,"ANFCI"
"2754",2023-10-13,"ANFCI",-0.27606,2024-10-31,2024-10-31,-0.27606,"Chicago Fed Adjusted National Financial Conditions Index","1971-01-08","2024-10-25","Index","NSA",2024-10-30,"Weekly"," points",-0.14594,"ANFCI"
"2755",2023-10-20,"ANFCI",-0.28537,2024-10-31,2024-10-31,-0.28537,"Chicago Fed Adjusted National Financial Conditions Index","1971-01-08","2024-10-25","Index","NSA",2024-10-30,"Weekly"," points",-0.12785,"ANFCI"
"2756",2023-10-27,"ANFCI",-0.30706,2024-10-31,2024-10-31,-0.30706,"Chicago Fed Adjusted National Financial Conditions Index","1971-01-08","2024-10-25","Index","NSA",2024-10-30,"Weekly"," points",-0.11232,"ANFCI"
"2757",2023-11-03,"ANFCI",-0.33997,2024-10-31,2024-10-31,-0.33997,"Chicago Fed Adjusted National Financial Conditions Index","1971-01-08","2024-10-25","Index","NSA",2024-10-30,"Weekly"," points",-0.10759,"ANFCI"
"2758",2023-11-10,"ANFCI",-0.37561,2024-10-31,2024-10-31,-0.37561,"Chicago Fed Adjusted National Financial Conditions Index","1971-01-08","2024-10-25","Index","NSA",2024-10-30,"Weekly"," points",-0.11798,"ANFCI"
"2759",2023-11-17,"ANFCI",-0.40799,2024-10-31,2024-10-31,-0.40799,"Chicago Fed Adjusted National Financial Conditions Index","1971-01-08","2024-10-25","Index","NSA",2024-10-30,"Weekly"," points",-0.14139,"ANFCI"
"2760",2023-11-24,"ANFCI",-0.42952,2024-10-31,2024-10-31,-0.42952,"Chicago Fed Adjusted National Financial Conditions Index","1971-01-08","2024-10-25","Index","NSA",2024-10-30,"Weekly"," points",-0.16889,"ANFCI"
"2761",2023-12-01,"ANFCI",-0.4406,2024-10-31,2024-10-31,-0.4406,"Chicago Fed Adjusted National Financial Conditions Index","1971-01-08","2024-10-25","Index","NSA",2024-10-30,"Weekly"," points",-0.19132,"ANFCI"
"2762",2023-12-08,"ANFCI",-0.44554,2024-10-31,2024-10-31,-0.44554,"Chicago Fed Adjusted National Financial Conditions Index","1971-01-08","2024-10-25","Index","NSA",2024-10-30,"Weekly"," points",-0.20482,"ANFCI"
"2763",2023-12-15,"ANFCI",-0.45117,2024-10-31,2024-10-31,-0.45117,"Chicago Fed Adjusted National Financial Conditions Index","1971-01-08","2024-10-25","Index","NSA",2024-10-30,"Weekly"," points",-0.20832,"ANFCI"
"2764",2023-12-22,"ANFCI",-0.46177,2024-10-31,2024-10-31,-0.46177,"Chicago Fed Adjusted National Financial Conditions Index","1971-01-08","2024-10-25","Index","NSA",2024-10-30,"Weekly"," points",-0.20765,"ANFCI"
"2765",2023-12-29,"ANFCI",-0.47702,2024-10-31,2024-10-31,-0.47702,"Chicago Fed Adjusted National Financial Conditions Index","1971-01-08","2024-10-25","Index","NSA",2024-10-30,"Weekly"," points",-0.2018,"ANFCI"
"2766",2024-01-05,"ANFCI",-0.49418,2024-10-31,2024-10-31,-0.49418,"Chicago Fed Adjusted National Financial Conditions Index","1971-01-08","2024-10-25","Index","NSA",2024-10-30,"Weekly"," points",-0.19427,"ANFCI"
"2767",2024-01-12,"ANFCI",-0.50582,2024-10-31,2024-10-31,-0.50582,"Chicago Fed Adjusted National Financial Conditions Index","1971-01-08","2024-10-25","Index","NSA",2024-10-30,"Weekly"," points",-0.18206,"ANFCI"
"2768",2024-01-19,"ANFCI",-0.50745,2024-10-31,2024-10-31,-0.50745,"Chicago Fed Adjusted National Financial Conditions Index","1971-01-08","2024-10-25","Index","NSA",2024-10-30,"Weekly"," points",-0.1638,"ANFCI"
"2769",2024-01-26,"ANFCI",-0.49794,2024-10-31,2024-10-31,-0.49794,"Chicago Fed Adjusted National Financial Conditions Index","1971-01-08","2024-10-25","Index","NSA",2024-10-30,"Weekly"," points",-0.1354,"ANFCI"
"2770",2024-02-02,"ANFCI",-0.48502,2024-10-31,2024-10-31,-0.48502,"Chicago Fed Adjusted National Financial Conditions Index","1971-01-08","2024-10-25","Index","NSA",2024-10-30,"Weekly"," points",-0.11159,"ANFCI"
"2771",2024-02-09,"ANFCI",-0.47165,2024-10-31,2024-10-31,-0.47165,"Chicago Fed Adjusted National Financial Conditions Index","1971-01-08","2024-10-25","Index","NSA",2024-10-30,"Weekly"," points",-0.10177,"ANFCI"
"2772",2024-02-16,"ANFCI",-0.46632,2024-10-31,2024-10-31,-0.46632,"Chicago Fed Adjusted National Financial Conditions Index","1971-01-08","2024-10-25","Index","NSA",2024-10-30,"Weekly"," points",-0.12393,"ANFCI"
"2773",2024-02-23,"ANFCI",-0.47043,2024-10-31,2024-10-31,-0.47043,"Chicago Fed Adjusted National Financial Conditions Index","1971-01-08","2024-10-25","Index","NSA",2024-10-30,"Weekly"," points",-0.18593,"ANFCI"
"2774",2024-03-01,"ANFCI",-0.48372,2024-10-31,2024-10-31,-0.48372,"Chicago Fed Adjusted National Financial Conditions Index","1971-01-08","2024-10-25","Index","NSA",2024-10-30,"Weekly"," points",-0.27705,"ANFCI"
"2775",2024-03-08,"ANFCI",-0.50084,2024-10-31,2024-10-31,-0.50084,"Chicago Fed Adjusted National Financial Conditions Index","1971-01-08","2024-10-25","Index","NSA",2024-10-30,"Weekly"," points",-0.37397,"ANFCI"
"2776",2024-03-15,"ANFCI",-0.51489,2024-10-31,2024-10-31,-0.51489,"Chicago Fed Adjusted National Financial Conditions Index","1971-01-08","2024-10-25","Index","NSA",2024-10-30,"Weekly"," points",-0.45343,"ANFCI"
"2777",2024-03-22,"ANFCI",-0.52079,2024-10-31,2024-10-31,-0.52079,"Chicago Fed Adjusted National Financial Conditions Index","1971-01-08","2024-10-25","Index","NSA",2024-10-30,"Weekly"," points",-0.47122,"ANFCI"
"2778",2024-03-29,"ANFCI",-0.51762,2024-10-31,2024-10-31,-0.51762,"Chicago Fed Adjusted National Financial Conditions Index","1971-01-08","2024-10-25","Index","NSA",2024-10-30,"Weekly"," points",-0.435,"ANFCI"
"2779",2024-04-05,"ANFCI",-0.50769,2024-10-31,2024-10-31,-0.50769,"Chicago Fed Adjusted National Financial Conditions Index","1971-01-08","2024-10-25","Index","NSA",2024-10-30,"Weekly"," points",-0.36812,"ANFCI"
"2780",2024-04-12,"ANFCI",-0.49582,2024-10-31,2024-10-31,-0.49582,"Chicago Fed Adjusted National Financial Conditions Index","1971-01-08","2024-10-25","Index","NSA",2024-10-30,"Weekly"," points",-0.29192,"ANFCI"
"2781",2024-04-19,"ANFCI",-0.48823,2024-10-31,2024-10-31,-0.48823,"Chicago Fed Adjusted National Financial Conditions Index","1971-01-08","2024-10-25","Index","NSA",2024-10-30,"Weekly"," points",-0.23516,"ANFCI"
"2782",2024-04-26,"ANFCI",-0.48948,2024-10-31,2024-10-31,-0.48948,"Chicago Fed Adjusted National Financial Conditions Index","1971-01-08","2024-10-25","Index","NSA",2024-10-30,"Weekly"," points",-0.21319,"ANFCI"
"2783",2024-05-03,"ANFCI",-0.49803,2024-10-31,2024-10-31,-0.49803,"Chicago Fed Adjusted National Financial Conditions Index","1971-01-08","2024-10-25","Index","NSA",2024-10-30,"Weekly"," points",-0.216,"ANFCI"
"2784",2024-05-10,"ANFCI",-0.50986,2024-10-31,2024-10-31,-0.50986,"Chicago Fed Adjusted National Financial Conditions Index","1971-01-08","2024-10-25","Index","NSA",2024-10-30,"Weekly"," points",-0.2304,"ANFCI"
"2785",2024-05-17,"ANFCI",-0.51808,2024-10-31,2024-10-31,-0.51808,"Chicago Fed Adjusted National Financial Conditions Index","1971-01-08","2024-10-25","Index","NSA",2024-10-30,"Weekly"," points",-0.24197,"ANFCI"
"2786",2024-05-24,"ANFCI",-0.51883,2024-10-31,2024-10-31,-0.51883,"Chicago Fed Adjusted National Financial Conditions Index","1971-01-08","2024-10-25","Index","NSA",2024-10-30,"Weekly"," points",-0.24259,"ANFCI"
"2787",2024-05-31,"ANFCI",-0.51018,2024-10-31,2024-10-31,-0.51018,"Chicago Fed Adjusted National Financial Conditions Index","1971-01-08","2024-10-25","Index","NSA",2024-10-30,"Weekly"," points",-0.233,"ANFCI"
"2788",2024-06-07,"ANFCI",-0.49502,2024-10-31,2024-10-31,-0.49502,"Chicago Fed Adjusted National Financial Conditions Index","1971-01-08","2024-10-25","Index","NSA",2024-10-30,"Weekly"," points",-0.22264,"ANFCI"
"2789",2024-06-14,"ANFCI",-0.47995,2024-10-31,2024-10-31,-0.47995,"Chicago Fed Adjusted National Financial Conditions Index","1971-01-08","2024-10-25","Index","NSA",2024-10-30,"Weekly"," points",-0.21467,"ANFCI"
"2790",2024-06-21,"ANFCI",-0.46894,2024-10-31,2024-10-31,-0.46894,"Chicago Fed Adjusted National Financial Conditions Index","1971-01-08","2024-10-25","Index","NSA",2024-10-30,"Weekly"," points",-0.21067,"ANFCI"
"2791",2024-06-28,"ANFCI",-0.46342,2024-10-31,2024-10-31,-0.46342,"Chicago Fed Adjusted National Financial Conditions Index","1971-01-08","2024-10-25","Index","NSA",2024-10-30,"Weekly"," points",-0.21032,"ANFCI"
"2792",2024-07-05,"ANFCI",-0.4624,2024-10-31,2024-10-31,-0.4624,"Chicago Fed Adjusted National Financial Conditions Index","1971-01-08","2024-10-25","Index","NSA",2024-10-30,"Weekly"," points",-0.20801,"ANFCI"
"2793",2024-07-12,"ANFCI",-0.46189,2024-10-31,2024-10-31,-0.46189,"Chicago Fed Adjusted National Financial Conditions Index","1971-01-08","2024-10-25","Index","NSA",2024-10-30,"Weekly"," points",-0.19865,"ANFCI"
"2794",2024-07-19,"ANFCI",-0.45937,2024-10-31,2024-10-31,-0.45937,"Chicago Fed Adjusted National Financial Conditions Index","1971-01-08","2024-10-25","Index","NSA",2024-10-30,"Weekly"," points",-0.18495,"ANFCI"
"2795",2024-07-26,"ANFCI",-0.45524,2024-10-31,2024-10-31,-0.45524,"Chicago Fed Adjusted National Financial Conditions Index","1971-01-08","2024-10-25","Index","NSA",2024-10-30,"Weekly"," points",-0.17169,"ANFCI"
"2796",2024-08-02,"ANFCI",-0.45267,2024-10-31,2024-10-31,-0.45267,"Chicago Fed Adjusted National Financial Conditions Index","1971-01-08","2024-10-25","Index","NSA",2024-10-30,"Weekly"," points",-0.16353,"ANFCI"
"2797",2024-08-09,"ANFCI",-0.45441,2024-10-31,2024-10-31,-0.45441,"Chicago Fed Adjusted National Financial Conditions Index","1971-01-08","2024-10-25","Index","NSA",2024-10-30,"Weekly"," points",-0.16338,"ANFCI"
"2798",2024-08-16,"ANFCI",-0.46318,2024-10-31,2024-10-31,-0.46318,"Chicago Fed Adjusted National Financial Conditions Index","1971-01-08","2024-10-25","Index","NSA",2024-10-30,"Weekly"," points",-0.17351,"ANFCI"
"2799",2024-08-23,"ANFCI",-0.47607,2024-10-31,2024-10-31,-0.47607,"Chicago Fed Adjusted National Financial Conditions Index","1971-01-08","2024-10-25","Index","NSA",2024-10-30,"Weekly"," points",-0.1879,"ANFCI"
"2800",2024-08-30,"ANFCI",-0.49012,2024-10-31,2024-10-31,-0.49012,"Chicago Fed Adjusted National Financial Conditions Index","1971-01-08","2024-10-25","Index","NSA",2024-10-30,"Weekly"," points",-0.20137,"ANFCI"
"2801",2024-09-06,"ANFCI",-0.50435,2024-10-31,2024-10-31,-0.50435,"Chicago Fed Adjusted National Financial Conditions Index","1971-01-08","2024-10-25","Index","NSA",2024-10-30,"Weekly"," points",-0.21519,"ANFCI"
"2802",2024-09-13,"ANFCI",-0.51573,2024-10-31,2024-10-31,-0.51573,"Chicago Fed Adjusted National Financial Conditions Index","1971-01-08","2024-10-25","Index","NSA",2024-10-30,"Weekly"," points",-0.22648,"ANFCI"
"2803",2024-09-20,"ANFCI",-0.52696,2024-10-31,2024-10-31,-0.52696,"Chicago Fed Adjusted National Financial Conditions Index","1971-01-08","2024-10-25","Index","NSA",2024-10-30,"Weekly"," points",-0.24025,"ANFCI"
"2804",2024-09-27,"ANFCI",-0.53954,2024-10-31,2024-10-31,-0.53954,"Chicago Fed Adjusted National Financial Conditions Index","1971-01-08","2024-10-25","Index","NSA",2024-10-30,"Weekly"," points",-0.25926,"ANFCI"
"2805",2024-10-04,"ANFCI",-0.55391,2024-10-31,2024-10-31,-0.55391,"Chicago Fed Adjusted National Financial Conditions Index","1971-01-08","2024-10-25","Index","NSA",2024-10-30,"Weekly"," points",-0.27744,"ANFCI"
"2806",2024-10-11,"ANFCI",-0.56455,2024-10-31,2024-10-31,-0.56455,"Chicago Fed Adjusted National Financial Conditions Index","1971-01-08","2024-10-25","Index","NSA",2024-10-30,"Weekly"," points",-0.28849,"ANFCI"
"2807",2024-10-18,"ANFCI",-0.57279,2024-10-31,2024-10-31,-0.57279,"Chicago Fed Adjusted National Financial Conditions Index","1971-01-08","2024-10-25","Index","NSA",2024-10-30,"Weekly"," points",-0.28742,"ANFCI"
"2808",2024-10-25,"ANFCI",-0.5739,2024-10-31,2024-10-31,-0.5739,"Chicago Fed Adjusted National Financial Conditions Index","1971-01-08","2024-10-25","Index","NSA",2024-10-30,"Weekly"," points",-0.26684,"ANFCI"
