"","date","series_id","value","realtime_start","realtime_end","level","title","observation_start","observation_end","units_short","seasonal_adjustment_short","last_updated","frequency","corr_units_short","corr_value","sid1"
"1",1960-01-01,"BBKMGDP",16.0678991769096,2025-09-04,2025-09-04,16.0678991769096,"Brave-Butters-Kelley Real Gross Domestic Product","1960-01-01","2025-06-01","Annualized % Chg. from Preceding Period","SA",2025-09-02,"Monthly"," perc. points",NA,"BBKMGDP"
"2",1960-02-01,"BBKMGDP",5.0703993504522,2025-09-04,2025-09-04,5.0703993504522,"Brave-Butters-Kelley Real Gross Domestic Product","1960-01-01","2025-06-01","Annualized % Chg. from Preceding Period","SA",2025-09-02,"Monthly"," perc. points",NA,"BBKMGDP"
"3",1960-03-01,"BBKMGDP",-4.59899011371291,2025-09-04,2025-09-04,-4.59899011371291,"Brave-Butters-Kelley Real Gross Domestic Product","1960-01-01","2025-06-01","Annualized % Chg. from Preceding Period","SA",2025-09-02,"Monthly"," perc. points",NA,"BBKMGDP"
"4",1960-04-01,"BBKMGDP",-3.77884859182059,2025-09-04,2025-09-04,-3.77884859182059,"Brave-Butters-Kelley Real Gross Domestic Product","1960-01-01","2025-06-01","Annualized % Chg. from Preceding Period","SA",2025-09-02,"Monthly"," perc. points",NA,"BBKMGDP"
"5",1960-05-01,"BBKMGDP",-2.74533058938148,2025-09-04,2025-09-04,-2.74533058938148,"Brave-Butters-Kelley Real Gross Domestic Product","1960-01-01","2025-06-01","Annualized % Chg. from Preceding Period","SA",2025-09-02,"Monthly"," perc. points",NA,"BBKMGDP"
"6",1960-06-01,"BBKMGDP",1.45478291641474,2025-09-04,2025-09-04,1.45478291641474,"Brave-Butters-Kelley Real Gross Domestic Product","1960-01-01","2025-06-01","Annualized % Chg. from Preceding Period","SA",2025-09-02,"Monthly"," perc. points",NA,"BBKMGDP"
"7",1960-07-01,"BBKMGDP",5.51818427976891,2025-09-04,2025-09-04,5.51818427976891,"Brave-Butters-Kelley Real Gross Domestic Product","1960-01-01","2025-06-01","Annualized % Chg. from Preceding Period","SA",2025-09-02,"Monthly"," perc. points",NA,"BBKMGDP"
"8",1960-08-01,"BBKMGDP",2.50045629558756,2025-09-04,2025-09-04,2.50045629558756,"Brave-Butters-Kelley Real Gross Domestic Product","1960-01-01","2025-06-01","Annualized % Chg. from Preceding Period","SA",2025-09-02,"Monthly"," perc. points",NA,"BBKMGDP"
"9",1960-09-01,"BBKMGDP",-4.06254197292537,2025-09-04,2025-09-04,-4.06254197292537,"Brave-Butters-Kelley Real Gross Domestic Product","1960-01-01","2025-06-01","Annualized % Chg. from Preceding Period","SA",2025-09-02,"Monthly"," perc. points",NA,"BBKMGDP"
"10",1960-10-01,"BBKMGDP",-7.26327931420301,2025-09-04,2025-09-04,-7.26327931420301,"Brave-Butters-Kelley Real Gross Domestic Product","1960-01-01","2025-06-01","Annualized % Chg. from Preceding Period","SA",2025-09-02,"Monthly"," perc. points",NA,"BBKMGDP"
"11",1960-11-01,"BBKMGDP",-8.20775187459605,2025-09-04,2025-09-04,-8.20775187459605,"Brave-Butters-Kelley Real Gross Domestic Product","1960-01-01","2025-06-01","Annualized % Chg. from Preceding Period","SA",2025-09-02,"Monthly"," perc. points",NA,"BBKMGDP"
"12",1960-12-01,"BBKMGDP",-2.65420713463372,2025-09-04,2025-09-04,-2.65420713463372,"Brave-Butters-Kelley Real Gross Domestic Product","1960-01-01","2025-06-01","Annualized % Chg. from Preceding Period","SA",2025-09-02,"Monthly"," perc. points",NA,"BBKMGDP"
"13",1961-01-01,"BBKMGDP",6.32677592992895,2025-09-04,2025-09-04,6.32677592992895,"Brave-Butters-Kelley Real Gross Domestic Product","1960-01-01","2025-06-01","Annualized % Chg. from Preceding Period","SA",2025-09-02,"Monthly"," perc. points",-9.74112324698061,"BBKMGDP"
"14",1961-02-01,"BBKMGDP",5.98250281323978,2025-09-04,2025-09-04,5.98250281323978,"Brave-Butters-Kelley Real Gross Domestic Product","1960-01-01","2025-06-01","Annualized % Chg. from Preceding Period","SA",2025-09-02,"Monthly"," perc. points",0.912103462787582,"BBKMGDP"
"15",1961-03-01,"BBKMGDP",6.76391631178125,2025-09-04,2025-09-04,6.76391631178125,"Brave-Butters-Kelley Real Gross Domestic Product","1960-01-01","2025-06-01","Annualized % Chg. from Preceding Period","SA",2025-09-02,"Monthly"," perc. points",11.3629064254942,"BBKMGDP"
"16",1961-04-01,"BBKMGDP",6.61275837970813,2025-09-04,2025-09-04,6.61275837970813,"Brave-Butters-Kelley Real Gross Domestic Product","1960-01-01","2025-06-01","Annualized % Chg. from Preceding Period","SA",2025-09-02,"Monthly"," perc. points",10.3916069715287,"BBKMGDP"
"17",1961-05-01,"BBKMGDP",6.57953279731046,2025-09-04,2025-09-04,6.57953279731046,"Brave-Butters-Kelley Real Gross Domestic Product","1960-01-01","2025-06-01","Annualized % Chg. from Preceding Period","SA",2025-09-02,"Monthly"," perc. points",9.32486338669194,"BBKMGDP"
"18",1961-06-01,"BBKMGDP",8.08381759398972,2025-09-04,2025-09-04,8.08381759398972,"Brave-Butters-Kelley Real Gross Domestic Product","1960-01-01","2025-06-01","Annualized % Chg. from Preceding Period","SA",2025-09-02,"Monthly"," perc. points",6.62903467757498,"BBKMGDP"
"19",1961-07-01,"BBKMGDP",7.77268187366279,2025-09-04,2025-09-04,7.77268187366279,"Brave-Butters-Kelley Real Gross Domestic Product","1960-01-01","2025-06-01","Annualized % Chg. from Preceding Period","SA",2025-09-02,"Monthly"," perc. points",2.25449759389388,"BBKMGDP"
"20",1961-08-01,"BBKMGDP",9.06411330780271,2025-09-04,2025-09-04,9.06411330780271,"Brave-Butters-Kelley Real Gross Domestic Product","1960-01-01","2025-06-01","Annualized % Chg. from Preceding Period","SA",2025-09-02,"Monthly"," perc. points",6.56365701221515,"BBKMGDP"
"21",1961-09-01,"BBKMGDP",4.35329705311317,2025-09-04,2025-09-04,4.35329705311317,"Brave-Butters-Kelley Real Gross Domestic Product","1960-01-01","2025-06-01","Annualized % Chg. from Preceding Period","SA",2025-09-02,"Monthly"," perc. points",8.41583902603854,"BBKMGDP"
"22",1961-10-01,"BBKMGDP",8.43435126125006,2025-09-04,2025-09-04,8.43435126125006,"Brave-Butters-Kelley Real Gross Domestic Product","1960-01-01","2025-06-01","Annualized % Chg. from Preceding Period","SA",2025-09-02,"Monthly"," perc. points",15.6976305754531,"BBKMGDP"
"23",1961-11-01,"BBKMGDP",9.10250423971232,2025-09-04,2025-09-04,9.10250423971232,"Brave-Butters-Kelley Real Gross Domestic Product","1960-01-01","2025-06-01","Annualized % Chg. from Preceding Period","SA",2025-09-02,"Monthly"," perc. points",17.3102561143084,"BBKMGDP"
"24",1961-12-01,"BBKMGDP",8.62060410685852,2025-09-04,2025-09-04,8.62060410685852,"Brave-Butters-Kelley Real Gross Domestic Product","1960-01-01","2025-06-01","Annualized % Chg. from Preceding Period","SA",2025-09-02,"Monthly"," perc. points",11.2748112414922,"BBKMGDP"
"25",1962-01-01,"BBKMGDP",4.4983198323037,2025-09-04,2025-09-04,4.4983198323037,"Brave-Butters-Kelley Real Gross Domestic Product","1960-01-01","2025-06-01","Annualized % Chg. from Preceding Period","SA",2025-09-02,"Monthly"," perc. points",-1.82845609762525,"BBKMGDP"
"26",1962-02-01,"BBKMGDP",9.76406525590006,2025-09-04,2025-09-04,9.76406525590006,"Brave-Butters-Kelley Real Gross Domestic Product","1960-01-01","2025-06-01","Annualized % Chg. from Preceding Period","SA",2025-09-02,"Monthly"," perc. points",3.78156244266028,"BBKMGDP"
"27",1962-03-01,"BBKMGDP",4.22338306882774,2025-09-04,2025-09-04,4.22338306882774,"Brave-Butters-Kelley Real Gross Domestic Product","1960-01-01","2025-06-01","Annualized % Chg. from Preceding Period","SA",2025-09-02,"Monthly"," perc. points",-2.54053324295352,"BBKMGDP"
"28",1962-04-01,"BBKMGDP",1.96241919366985,2025-09-04,2025-09-04,1.96241919366985,"Brave-Butters-Kelley Real Gross Domestic Product","1960-01-01","2025-06-01","Annualized % Chg. from Preceding Period","SA",2025-09-02,"Monthly"," perc. points",-4.65033918603829,"BBKMGDP"
"29",1962-05-01,"BBKMGDP",2.26045559550048,2025-09-04,2025-09-04,2.26045559550048,"Brave-Butters-Kelley Real Gross Domestic Product","1960-01-01","2025-06-01","Annualized % Chg. from Preceding Period","SA",2025-09-02,"Monthly"," perc. points",-4.31907720180999,"BBKMGDP"
"30",1962-06-01,"BBKMGDP",3.80420117547559,2025-09-04,2025-09-04,3.80420117547559,"Brave-Butters-Kelley Real Gross Domestic Product","1960-01-01","2025-06-01","Annualized % Chg. from Preceding Period","SA",2025-09-02,"Monthly"," perc. points",-4.27961641851413,"BBKMGDP"
"31",1962-07-01,"BBKMGDP",7.65858444000018,2025-09-04,2025-09-04,7.65858444000018,"Brave-Butters-Kelley Real Gross Domestic Product","1960-01-01","2025-06-01","Annualized % Chg. from Preceding Period","SA",2025-09-02,"Monthly"," perc. points",-0.114097433662611,"BBKMGDP"
"32",1962-08-01,"BBKMGDP",4.20290833799102,2025-09-04,2025-09-04,4.20290833799102,"Brave-Butters-Kelley Real Gross Domestic Product","1960-01-01","2025-06-01","Annualized % Chg. from Preceding Period","SA",2025-09-02,"Monthly"," perc. points",-4.8612049698117,"BBKMGDP"
"33",1962-09-01,"BBKMGDP",2.81307672730667,2025-09-04,2025-09-04,2.81307672730667,"Brave-Butters-Kelley Real Gross Domestic Product","1960-01-01","2025-06-01","Annualized % Chg. from Preceding Period","SA",2025-09-02,"Monthly"," perc. points",-1.5402203258065,"BBKMGDP"
"34",1962-10-01,"BBKMGDP",-1.3261350083933,2025-09-04,2025-09-04,-1.3261350083933,"Brave-Butters-Kelley Real Gross Domestic Product","1960-01-01","2025-06-01","Annualized % Chg. from Preceding Period","SA",2025-09-02,"Monthly"," perc. points",-9.76048626964335,"BBKMGDP"
"35",1962-11-01,"BBKMGDP",1.58722764372101,2025-09-04,2025-09-04,1.58722764372101,"Brave-Butters-Kelley Real Gross Domestic Product","1960-01-01","2025-06-01","Annualized % Chg. from Preceding Period","SA",2025-09-02,"Monthly"," perc. points",-7.51527659599132,"BBKMGDP"
"36",1962-12-01,"BBKMGDP",2.7717308334644,2025-09-04,2025-09-04,2.7717308334644,"Brave-Butters-Kelley Real Gross Domestic Product","1960-01-01","2025-06-01","Annualized % Chg. from Preceding Period","SA",2025-09-02,"Monthly"," perc. points",-5.84887327339412,"BBKMGDP"
"37",1963-01-01,"BBKMGDP",5.53797412904029,2025-09-04,2025-09-04,5.53797412904029,"Brave-Butters-Kelley Real Gross Domestic Product","1960-01-01","2025-06-01","Annualized % Chg. from Preceding Period","SA",2025-09-02,"Monthly"," perc. points",1.03965429673659,"BBKMGDP"
"38",1963-02-01,"BBKMGDP",6.78143874611474,2025-09-04,2025-09-04,6.78143874611474,"Brave-Butters-Kelley Real Gross Domestic Product","1960-01-01","2025-06-01","Annualized % Chg. from Preceding Period","SA",2025-09-02,"Monthly"," perc. points",-2.98262650978532,"BBKMGDP"
"39",1963-03-01,"BBKMGDP",1.83090970651228,2025-09-04,2025-09-04,1.83090970651228,"Brave-Butters-Kelley Real Gross Domestic Product","1960-01-01","2025-06-01","Annualized % Chg. from Preceding Period","SA",2025-09-02,"Monthly"," perc. points",-2.39247336231545,"BBKMGDP"
"40",1963-04-01,"BBKMGDP",2.86043011237225,2025-09-04,2025-09-04,2.86043011237225,"Brave-Butters-Kelley Real Gross Domestic Product","1960-01-01","2025-06-01","Annualized % Chg. from Preceding Period","SA",2025-09-02,"Monthly"," perc. points",0.898010918702402,"BBKMGDP"
"41",1963-05-01,"BBKMGDP",5.62439283818574,2025-09-04,2025-09-04,5.62439283818574,"Brave-Butters-Kelley Real Gross Domestic Product","1960-01-01","2025-06-01","Annualized % Chg. from Preceding Period","SA",2025-09-02,"Monthly"," perc. points",3.36393724268527,"BBKMGDP"
"42",1963-06-01,"BBKMGDP",9.90739888422554,2025-09-04,2025-09-04,9.90739888422554,"Brave-Butters-Kelley Real Gross Domestic Product","1960-01-01","2025-06-01","Annualized % Chg. from Preceding Period","SA",2025-09-02,"Monthly"," perc. points",6.10319770874995,"BBKMGDP"
"43",1963-07-01,"BBKMGDP",11.394157087346,2025-09-04,2025-09-04,11.394157087346,"Brave-Butters-Kelley Real Gross Domestic Product","1960-01-01","2025-06-01","Annualized % Chg. from Preceding Period","SA",2025-09-02,"Monthly"," perc. points",3.73557264734579,"BBKMGDP"
"44",1963-08-01,"BBKMGDP",7.93608454322898,2025-09-04,2025-09-04,7.93608454322898,"Brave-Butters-Kelley Real Gross Domestic Product","1960-01-01","2025-06-01","Annualized % Chg. from Preceding Period","SA",2025-09-02,"Monthly"," perc. points",3.73317620523796,"BBKMGDP"
"45",1963-09-01,"BBKMGDP",2.83107744515345,2025-09-04,2025-09-04,2.83107744515345,"Brave-Butters-Kelley Real Gross Domestic Product","1960-01-01","2025-06-01","Annualized % Chg. from Preceding Period","SA",2025-09-02,"Monthly"," perc. points",0.0180007178467836,"BBKMGDP"
"46",1963-10-01,"BBKMGDP",0.38685817034066,2025-09-04,2025-09-04,0.38685817034066,"Brave-Butters-Kelley Real Gross Domestic Product","1960-01-01","2025-06-01","Annualized % Chg. from Preceding Period","SA",2025-09-02,"Monthly"," perc. points",1.71299317873396,"BBKMGDP"
"47",1963-11-01,"BBKMGDP",0.662187577625783,2025-09-04,2025-09-04,0.662187577625783,"Brave-Butters-Kelley Real Gross Domestic Product","1960-01-01","2025-06-01","Annualized % Chg. from Preceding Period","SA",2025-09-02,"Monthly"," perc. points",-0.925040066095227,"BBKMGDP"
"48",1963-12-01,"BBKMGDP",7.37024353532287,2025-09-04,2025-09-04,7.37024353532287,"Brave-Butters-Kelley Real Gross Domestic Product","1960-01-01","2025-06-01","Annualized % Chg. from Preceding Period","SA",2025-09-02,"Monthly"," perc. points",4.59851270185847,"BBKMGDP"
"49",1964-01-01,"BBKMGDP",11.9098066739225,2025-09-04,2025-09-04,11.9098066739225,"Brave-Butters-Kelley Real Gross Domestic Product","1960-01-01","2025-06-01","Annualized % Chg. from Preceding Period","SA",2025-09-02,"Monthly"," perc. points",6.37183254488217,"BBKMGDP"
"50",1964-02-01,"BBKMGDP",10.1376511600649,2025-09-04,2025-09-04,10.1376511600649,"Brave-Butters-Kelley Real Gross Domestic Product","1960-01-01","2025-06-01","Annualized % Chg. from Preceding Period","SA",2025-09-02,"Monthly"," perc. points",3.35621241395011,"BBKMGDP"
"51",1964-03-01,"BBKMGDP",3.79965782135062,2025-09-04,2025-09-04,3.79965782135062,"Brave-Butters-Kelley Real Gross Domestic Product","1960-01-01","2025-06-01","Annualized % Chg. from Preceding Period","SA",2025-09-02,"Monthly"," perc. points",1.96874811483834,"BBKMGDP"
"52",1964-04-01,"BBKMGDP",3.00418056406808,2025-09-04,2025-09-04,3.00418056406808,"Brave-Butters-Kelley Real Gross Domestic Product","1960-01-01","2025-06-01","Annualized % Chg. from Preceding Period","SA",2025-09-02,"Monthly"," perc. points",0.143750451695836,"BBKMGDP"
"53",1964-05-01,"BBKMGDP",3.35781102265682,2025-09-04,2025-09-04,3.35781102265682,"Brave-Butters-Kelley Real Gross Domestic Product","1960-01-01","2025-06-01","Annualized % Chg. from Preceding Period","SA",2025-09-02,"Monthly"," perc. points",-2.26658181552893,"BBKMGDP"
"54",1964-06-01,"BBKMGDP",5.49535169023338,2025-09-04,2025-09-04,5.49535169023338,"Brave-Butters-Kelley Real Gross Domestic Product","1960-01-01","2025-06-01","Annualized % Chg. from Preceding Period","SA",2025-09-02,"Monthly"," perc. points",-4.41204719399216,"BBKMGDP"
"55",1964-07-01,"BBKMGDP",10.2472158540542,2025-09-04,2025-09-04,10.2472158540542,"Brave-Butters-Kelley Real Gross Domestic Product","1960-01-01","2025-06-01","Annualized % Chg. from Preceding Period","SA",2025-09-02,"Monthly"," perc. points",-1.14694123329172,"BBKMGDP"
"56",1964-08-01,"BBKMGDP",4.97468441161017,2025-09-04,2025-09-04,4.97468441161017,"Brave-Butters-Kelley Real Gross Domestic Product","1960-01-01","2025-06-01","Annualized % Chg. from Preceding Period","SA",2025-09-02,"Monthly"," perc. points",-2.96140013161881,"BBKMGDP"
"57",1964-09-01,"BBKMGDP",0.756993484290763,2025-09-04,2025-09-04,0.756993484290763,"Brave-Butters-Kelley Real Gross Domestic Product","1960-01-01","2025-06-01","Annualized % Chg. from Preceding Period","SA",2025-09-02,"Monthly"," perc. points",-2.07408396086269,"BBKMGDP"
"58",1964-10-01,"BBKMGDP",-6.048771605267,2025-09-04,2025-09-04,-6.048771605267,"Brave-Butters-Kelley Real Gross Domestic Product","1960-01-01","2025-06-01","Annualized % Chg. from Preceding Period","SA",2025-09-02,"Monthly"," perc. points",-6.43562977560766,"BBKMGDP"
"59",1964-11-01,"BBKMGDP",6.36725600643853,2025-09-04,2025-09-04,6.36725600643853,"Brave-Butters-Kelley Real Gross Domestic Product","1960-01-01","2025-06-01","Annualized % Chg. from Preceding Period","SA",2025-09-02,"Monthly"," perc. points",5.70506842881275,"BBKMGDP"
"60",1964-12-01,"BBKMGDP",10.0132176778456,2025-09-04,2025-09-04,10.0132176778456,"Brave-Butters-Kelley Real Gross Domestic Product","1960-01-01","2025-06-01","Annualized % Chg. from Preceding Period","SA",2025-09-02,"Monthly"," perc. points",2.64297414252274,"BBKMGDP"
"61",1965-01-01,"BBKMGDP",11.2214449145232,2025-09-04,2025-09-04,11.2214449145232,"Brave-Butters-Kelley Real Gross Domestic Product","1960-01-01","2025-06-01","Annualized % Chg. from Preceding Period","SA",2025-09-02,"Monthly"," perc. points",-0.688361759399275,"BBKMGDP"
"62",1965-02-01,"BBKMGDP",9.13094577210513,2025-09-04,2025-09-04,9.13094577210513,"Brave-Butters-Kelley Real Gross Domestic Product","1960-01-01","2025-06-01","Annualized % Chg. from Preceding Period","SA",2025-09-02,"Monthly"," perc. points",-1.00670538795973,"BBKMGDP"
"63",1965-03-01,"BBKMGDP",7.78920897128975,2025-09-04,2025-09-04,7.78920897128975,"Brave-Butters-Kelley Real Gross Domestic Product","1960-01-01","2025-06-01","Annualized % Chg. from Preceding Period","SA",2025-09-02,"Monthly"," perc. points",3.98955114993913,"BBKMGDP"
"64",1965-04-01,"BBKMGDP",1.84485977140087,2025-09-04,2025-09-04,1.84485977140087,"Brave-Butters-Kelley Real Gross Domestic Product","1960-01-01","2025-06-01","Annualized % Chg. from Preceding Period","SA",2025-09-02,"Monthly"," perc. points",-1.15932079266721,"BBKMGDP"
"65",1965-05-01,"BBKMGDP",3.85569781141306,2025-09-04,2025-09-04,3.85569781141306,"Brave-Butters-Kelley Real Gross Domestic Product","1960-01-01","2025-06-01","Annualized % Chg. from Preceding Period","SA",2025-09-02,"Monthly"," perc. points",0.497886788756241,"BBKMGDP"
"66",1965-06-01,"BBKMGDP",7.23336762623504,2025-09-04,2025-09-04,7.23336762623504,"Brave-Butters-Kelley Real Gross Domestic Product","1960-01-01","2025-06-01","Annualized % Chg. from Preceding Period","SA",2025-09-02,"Monthly"," perc. points",1.73801593600166,"BBKMGDP"
"67",1965-07-01,"BBKMGDP",11.8967841746766,2025-09-04,2025-09-04,11.8967841746766,"Brave-Butters-Kelley Real Gross Domestic Product","1960-01-01","2025-06-01","Annualized % Chg. from Preceding Period","SA",2025-09-02,"Monthly"," perc. points",1.64956832062231,"BBKMGDP"
"68",1965-08-01,"BBKMGDP",8.77492908550482,2025-09-04,2025-09-04,8.77492908550482,"Brave-Butters-Kelley Real Gross Domestic Product","1960-01-01","2025-06-01","Annualized % Chg. from Preceding Period","SA",2025-09-02,"Monthly"," perc. points",3.80024467389465,"BBKMGDP"
"69",1965-09-01,"BBKMGDP",7.59331143230545,2025-09-04,2025-09-04,7.59331143230545,"Brave-Butters-Kelley Real Gross Domestic Product","1960-01-01","2025-06-01","Annualized % Chg. from Preceding Period","SA",2025-09-02,"Monthly"," perc. points",6.83631794801469,"BBKMGDP"
"70",1965-10-01,"BBKMGDP",9.19667986050185,2025-09-04,2025-09-04,9.19667986050185,"Brave-Butters-Kelley Real Gross Domestic Product","1960-01-01","2025-06-01","Annualized % Chg. from Preceding Period","SA",2025-09-02,"Monthly"," perc. points",15.2454514657688,"BBKMGDP"
"71",1965-11-01,"BBKMGDP",9.43828794635385,2025-09-04,2025-09-04,9.43828794635385,"Brave-Butters-Kelley Real Gross Domestic Product","1960-01-01","2025-06-01","Annualized % Chg. from Preceding Period","SA",2025-09-02,"Monthly"," perc. points",3.07103193991531,"BBKMGDP"
"72",1965-12-01,"BBKMGDP",11.6255439606108,2025-09-04,2025-09-04,11.6255439606108,"Brave-Butters-Kelley Real Gross Domestic Product","1960-01-01","2025-06-01","Annualized % Chg. from Preceding Period","SA",2025-09-02,"Monthly"," perc. points",1.61232628276515,"BBKMGDP"
"73",1966-01-01,"BBKMGDP",10.6189838442667,2025-09-04,2025-09-04,10.6189838442667,"Brave-Butters-Kelley Real Gross Domestic Product","1960-01-01","2025-06-01","Annualized % Chg. from Preceding Period","SA",2025-09-02,"Monthly"," perc. points",-0.602461070256453,"BBKMGDP"
"74",1966-02-01,"BBKMGDP",8.44595215406009,2025-09-04,2025-09-04,8.44595215406009,"Brave-Butters-Kelley Real Gross Domestic Product","1960-01-01","2025-06-01","Annualized % Chg. from Preceding Period","SA",2025-09-02,"Monthly"," perc. points",-0.684993618045032,"BBKMGDP"
"75",1966-03-01,"BBKMGDP",5.10698887415784,2025-09-04,2025-09-04,5.10698887415784,"Brave-Butters-Kelley Real Gross Domestic Product","1960-01-01","2025-06-01","Annualized % Chg. from Preceding Period","SA",2025-09-02,"Monthly"," perc. points",-2.68222009713192,"BBKMGDP"
"76",1966-04-01,"BBKMGDP",-2.10737068271386,2025-09-04,2025-09-04,-2.10737068271386,"Brave-Butters-Kelley Real Gross Domestic Product","1960-01-01","2025-06-01","Annualized % Chg. from Preceding Period","SA",2025-09-02,"Monthly"," perc. points",-3.95223045411473,"BBKMGDP"
"77",1966-05-01,"BBKMGDP",-1.51338577318414,2025-09-04,2025-09-04,-1.51338577318414,"Brave-Butters-Kelley Real Gross Domestic Product","1960-01-01","2025-06-01","Annualized % Chg. from Preceding Period","SA",2025-09-02,"Monthly"," perc. points",-5.3690835845972,"BBKMGDP"
"78",1966-06-01,"BBKMGDP",2.91694253700783,2025-09-04,2025-09-04,2.91694253700783,"Brave-Butters-Kelley Real Gross Domestic Product","1960-01-01","2025-06-01","Annualized % Chg. from Preceding Period","SA",2025-09-02,"Monthly"," perc. points",-4.3164250892272,"BBKMGDP"
"79",1966-07-01,"BBKMGDP",4.25804801858086,2025-09-04,2025-09-04,4.25804801858086,"Brave-Butters-Kelley Real Gross Domestic Product","1960-01-01","2025-06-01","Annualized % Chg. from Preceding Period","SA",2025-09-02,"Monthly"," perc. points",-7.6387361560957,"BBKMGDP"
"80",1966-08-01,"BBKMGDP",4.57373579073161,2025-09-04,2025-09-04,4.57373579073161,"Brave-Butters-Kelley Real Gross Domestic Product","1960-01-01","2025-06-01","Annualized % Chg. from Preceding Period","SA",2025-09-02,"Monthly"," perc. points",-4.20119329477321,"BBKMGDP"
"81",1966-09-01,"BBKMGDP",4.18496131939174,2025-09-04,2025-09-04,4.18496131939174,"Brave-Butters-Kelley Real Gross Domestic Product","1960-01-01","2025-06-01","Annualized % Chg. from Preceding Period","SA",2025-09-02,"Monthly"," perc. points",-3.40835011291371,"BBKMGDP"
"82",1966-10-01,"BBKMGDP",2.99801825899134,2025-09-04,2025-09-04,2.99801825899134,"Brave-Butters-Kelley Real Gross Domestic Product","1960-01-01","2025-06-01","Annualized % Chg. from Preceding Period","SA",2025-09-02,"Monthly"," perc. points",-6.19866160151051,"BBKMGDP"
"83",1966-11-01,"BBKMGDP",1.36520864627997,2025-09-04,2025-09-04,1.36520864627997,"Brave-Butters-Kelley Real Gross Domestic Product","1960-01-01","2025-06-01","Annualized % Chg. from Preceding Period","SA",2025-09-02,"Monthly"," perc. points",-8.07307930007388,"BBKMGDP"
"84",1966-12-01,"BBKMGDP",4.68372410672354,2025-09-04,2025-09-04,4.68372410672354,"Brave-Butters-Kelley Real Gross Domestic Product","1960-01-01","2025-06-01","Annualized % Chg. from Preceding Period","SA",2025-09-02,"Monthly"," perc. points",-6.94181985388722,"BBKMGDP"
"85",1967-01-01,"BBKMGDP",6.22358239844734,2025-09-04,2025-09-04,6.22358239844734,"Brave-Butters-Kelley Real Gross Domestic Product","1960-01-01","2025-06-01","Annualized % Chg. from Preceding Period","SA",2025-09-02,"Monthly"," perc. points",-4.39540144581939,"BBKMGDP"
"86",1967-02-01,"BBKMGDP",1.07002376437203,2025-09-04,2025-09-04,1.07002376437203,"Brave-Butters-Kelley Real Gross Domestic Product","1960-01-01","2025-06-01","Annualized % Chg. from Preceding Period","SA",2025-09-02,"Monthly"," perc. points",-7.37592838968806,"BBKMGDP"
"87",1967-03-01,"BBKMGDP",0.233033885928415,2025-09-04,2025-09-04,0.233033885928415,"Brave-Butters-Kelley Real Gross Domestic Product","1960-01-01","2025-06-01","Annualized % Chg. from Preceding Period","SA",2025-09-02,"Monthly"," perc. points",-4.87395498822942,"BBKMGDP"
"88",1967-04-01,"BBKMGDP",-0.739111753250897,2025-09-04,2025-09-04,-0.739111753250897,"Brave-Butters-Kelley Real Gross Domestic Product","1960-01-01","2025-06-01","Annualized % Chg. from Preceding Period","SA",2025-09-02,"Monthly"," perc. points",1.36825892946296,"BBKMGDP"
"89",1967-05-01,"BBKMGDP",-0.590518749605465,2025-09-04,2025-09-04,-0.590518749605465,"Brave-Butters-Kelley Real Gross Domestic Product","1960-01-01","2025-06-01","Annualized % Chg. from Preceding Period","SA",2025-09-02,"Monthly"," perc. points",0.922867023578672,"BBKMGDP"
"90",1967-06-01,"BBKMGDP",4.07912106453579,2025-09-04,2025-09-04,4.07912106453579,"Brave-Butters-Kelley Real Gross Domestic Product","1960-01-01","2025-06-01","Annualized % Chg. from Preceding Period","SA",2025-09-02,"Monthly"," perc. points",1.16217852752796,"BBKMGDP"
"91",1967-07-01,"BBKMGDP",3.84316330935785,2025-09-04,2025-09-04,3.84316330935785,"Brave-Butters-Kelley Real Gross Domestic Product","1960-01-01","2025-06-01","Annualized % Chg. from Preceding Period","SA",2025-09-02,"Monthly"," perc. points",-0.414884709223005,"BBKMGDP"
"92",1967-08-01,"BBKMGDP",7.3728861533527,2025-09-04,2025-09-04,7.3728861533527,"Brave-Butters-Kelley Real Gross Domestic Product","1960-01-01","2025-06-01","Annualized % Chg. from Preceding Period","SA",2025-09-02,"Monthly"," perc. points",2.79915036262109,"BBKMGDP"
"93",1967-09-01,"BBKMGDP",0.051900573277313,2025-09-04,2025-09-04,0.051900573277313,"Brave-Butters-Kelley Real Gross Domestic Product","1960-01-01","2025-06-01","Annualized % Chg. from Preceding Period","SA",2025-09-02,"Monthly"," perc. points",-4.13306074611443,"BBKMGDP"
"94",1967-10-01,"BBKMGDP",-1.22274551541974,2025-09-04,2025-09-04,-1.22274551541974,"Brave-Butters-Kelley Real Gross Domestic Product","1960-01-01","2025-06-01","Annualized % Chg. from Preceding Period","SA",2025-09-02,"Monthly"," perc. points",-4.22076377441107,"BBKMGDP"
"95",1967-11-01,"BBKMGDP",6.91242814255904,2025-09-04,2025-09-04,6.91242814255904,"Brave-Butters-Kelley Real Gross Domestic Product","1960-01-01","2025-06-01","Annualized % Chg. from Preceding Period","SA",2025-09-02,"Monthly"," perc. points",5.54721949627906,"BBKMGDP"
"96",1967-12-01,"BBKMGDP",9.4144816751873,2025-09-04,2025-09-04,9.4144816751873,"Brave-Butters-Kelley Real Gross Domestic Product","1960-01-01","2025-06-01","Annualized % Chg. from Preceding Period","SA",2025-09-02,"Monthly"," perc. points",4.73075756846376,"BBKMGDP"
"97",1968-01-01,"BBKMGDP",6.97596583941067,2025-09-04,2025-09-04,6.97596583941067,"Brave-Butters-Kelley Real Gross Domestic Product","1960-01-01","2025-06-01","Annualized % Chg. from Preceding Period","SA",2025-09-02,"Monthly"," perc. points",0.752383440963337,"BBKMGDP"
"98",1968-02-01,"BBKMGDP",8.99677604669161,2025-09-04,2025-09-04,8.99677604669161,"Brave-Butters-Kelley Real Gross Domestic Product","1960-01-01","2025-06-01","Annualized % Chg. from Preceding Period","SA",2025-09-02,"Monthly"," perc. points",7.92675228231958,"BBKMGDP"
"99",1968-03-01,"BBKMGDP",8.02913645369206,2025-09-04,2025-09-04,8.02913645369206,"Brave-Butters-Kelley Real Gross Domestic Product","1960-01-01","2025-06-01","Annualized % Chg. from Preceding Period","SA",2025-09-02,"Monthly"," perc. points",7.79610256776364,"BBKMGDP"
"100",1968-04-01,"BBKMGDP",5.16769624465716,2025-09-04,2025-09-04,5.16769624465716,"Brave-Butters-Kelley Real Gross Domestic Product","1960-01-01","2025-06-01","Annualized % Chg. from Preceding Period","SA",2025-09-02,"Monthly"," perc. points",5.90680799790806,"BBKMGDP"
"101",1968-05-01,"BBKMGDP",7.14116820323842,2025-09-04,2025-09-04,7.14116820323842,"Brave-Butters-Kelley Real Gross Domestic Product","1960-01-01","2025-06-01","Annualized % Chg. from Preceding Period","SA",2025-09-02,"Monthly"," perc. points",7.73168695284389,"BBKMGDP"
"102",1968-06-01,"BBKMGDP",4.73969281761309,2025-09-04,2025-09-04,4.73969281761309,"Brave-Butters-Kelley Real Gross Domestic Product","1960-01-01","2025-06-01","Annualized % Chg. from Preceding Period","SA",2025-09-02,"Monthly"," perc. points",0.6605717530773,"BBKMGDP"
"103",1968-07-01,"BBKMGDP",3.78855243322802,2025-09-04,2025-09-04,3.78855243322802,"Brave-Butters-Kelley Real Gross Domestic Product","1960-01-01","2025-06-01","Annualized % Chg. from Preceding Period","SA",2025-09-02,"Monthly"," perc. points",-0.0546108761298312,"BBKMGDP"
"104",1968-08-01,"BBKMGDP",-0.422611860970225,2025-09-04,2025-09-04,-0.422611860970225,"Brave-Butters-Kelley Real Gross Domestic Product","1960-01-01","2025-06-01","Annualized % Chg. from Preceding Period","SA",2025-09-02,"Monthly"," perc. points",-7.79549801432293,"BBKMGDP"
"105",1968-09-01,"BBKMGDP",0.68584453324115,2025-09-04,2025-09-04,0.68584453324115,"Brave-Butters-Kelley Real Gross Domestic Product","1960-01-01","2025-06-01","Annualized % Chg. from Preceding Period","SA",2025-09-02,"Monthly"," perc. points",0.633943959963837,"BBKMGDP"
"106",1968-10-01,"BBKMGDP",0.355750258422969,2025-09-04,2025-09-04,0.355750258422969,"Brave-Butters-Kelley Real Gross Domestic Product","1960-01-01","2025-06-01","Annualized % Chg. from Preceding Period","SA",2025-09-02,"Monthly"," perc. points",1.57849577384271,"BBKMGDP"
"107",1968-11-01,"BBKMGDP",3.56432002185665,2025-09-04,2025-09-04,3.56432002185665,"Brave-Butters-Kelley Real Gross Domestic Product","1960-01-01","2025-06-01","Annualized % Chg. from Preceding Period","SA",2025-09-02,"Monthly"," perc. points",-3.34810812070239,"BBKMGDP"
"108",1968-12-01,"BBKMGDP",4.93041512788743,2025-09-04,2025-09-04,4.93041512788743,"Brave-Butters-Kelley Real Gross Domestic Product","1960-01-01","2025-06-01","Annualized % Chg. from Preceding Period","SA",2025-09-02,"Monthly"," perc. points",-4.48406654729988,"BBKMGDP"
"109",1969-01-01,"BBKMGDP",8.58751984321978,2025-09-04,2025-09-04,8.58751984321978,"Brave-Butters-Kelley Real Gross Domestic Product","1960-01-01","2025-06-01","Annualized % Chg. from Preceding Period","SA",2025-09-02,"Monthly"," perc. points",1.6115540038091,"BBKMGDP"
"110",1969-02-01,"BBKMGDP",6.56436845549725,2025-09-04,2025-09-04,6.56436845549725,"Brave-Butters-Kelley Real Gross Domestic Product","1960-01-01","2025-06-01","Annualized % Chg. from Preceding Period","SA",2025-09-02,"Monthly"," perc. points",-2.43240759119437,"BBKMGDP"
"111",1969-03-01,"BBKMGDP",3.57740718582975,2025-09-04,2025-09-04,3.57740718582975,"Brave-Butters-Kelley Real Gross Domestic Product","1960-01-01","2025-06-01","Annualized % Chg. from Preceding Period","SA",2025-09-02,"Monthly"," perc. points",-4.45172926786231,"BBKMGDP"
"112",1969-04-01,"BBKMGDP",-1.06317397084564,2025-09-04,2025-09-04,-1.06317397084564,"Brave-Butters-Kelley Real Gross Domestic Product","1960-01-01","2025-06-01","Annualized % Chg. from Preceding Period","SA",2025-09-02,"Monthly"," perc. points",-6.2308702155028,"BBKMGDP"
"113",1969-05-01,"BBKMGDP",-1.43980709040645,2025-09-04,2025-09-04,-1.43980709040645,"Brave-Butters-Kelley Real Gross Domestic Product","1960-01-01","2025-06-01","Annualized % Chg. from Preceding Period","SA",2025-09-02,"Monthly"," perc. points",-8.58097529364487,"BBKMGDP"
"114",1969-06-01,"BBKMGDP",3.23513806552308,2025-09-04,2025-09-04,3.23513806552308,"Brave-Butters-Kelley Real Gross Domestic Product","1960-01-01","2025-06-01","Annualized % Chg. from Preceding Period","SA",2025-09-02,"Monthly"," perc. points",-1.50455475209001,"BBKMGDP"
"115",1969-07-01,"BBKMGDP",4.54747026555292,2025-09-04,2025-09-04,4.54747026555292,"Brave-Butters-Kelley Real Gross Domestic Product","1960-01-01","2025-06-01","Annualized % Chg. from Preceding Period","SA",2025-09-02,"Monthly"," perc. points",0.758917832324897,"BBKMGDP"
"116",1969-08-01,"BBKMGDP",2.99988181641226,2025-09-04,2025-09-04,2.99988181641226,"Brave-Butters-Kelley Real Gross Domestic Product","1960-01-01","2025-06-01","Annualized % Chg. from Preceding Period","SA",2025-09-02,"Monthly"," perc. points",3.42249367738248,"BBKMGDP"
"117",1969-09-01,"BBKMGDP",-0.975429769870524,2025-09-04,2025-09-04,-0.975429769870524,"Brave-Butters-Kelley Real Gross Domestic Product","1960-01-01","2025-06-01","Annualized % Chg. from Preceding Period","SA",2025-09-02,"Monthly"," perc. points",-1.66127430311167,"BBKMGDP"
"118",1969-10-01,"BBKMGDP",-2.87552958666388,2025-09-04,2025-09-04,-2.87552958666388,"Brave-Butters-Kelley Real Gross Domestic Product","1960-01-01","2025-06-01","Annualized % Chg. from Preceding Period","SA",2025-09-02,"Monthly"," perc. points",-3.23127984508685,"BBKMGDP"
"119",1969-11-01,"BBKMGDP",-5.26738423224275,2025-09-04,2025-09-04,-5.26738423224275,"Brave-Butters-Kelley Real Gross Domestic Product","1960-01-01","2025-06-01","Annualized % Chg. from Preceding Period","SA",2025-09-02,"Monthly"," perc. points",-8.8317042540994,"BBKMGDP"
"120",1969-12-01,"BBKMGDP",0.523604830758989,2025-09-04,2025-09-04,0.523604830758989,"Brave-Butters-Kelley Real Gross Domestic Product","1960-01-01","2025-06-01","Annualized % Chg. from Preceding Period","SA",2025-09-02,"Monthly"," perc. points",-4.40681029712844,"BBKMGDP"
"121",1970-01-01,"BBKMGDP",-1.2471330400837,2025-09-04,2025-09-04,-1.2471330400837,"Brave-Butters-Kelley Real Gross Domestic Product","1960-01-01","2025-06-01","Annualized % Chg. from Preceding Period","SA",2025-09-02,"Monthly"," perc. points",-9.83465288330347,"BBKMGDP"
"122",1970-02-01,"BBKMGDP",1.95707269520063,2025-09-04,2025-09-04,1.95707269520063,"Brave-Butters-Kelley Real Gross Domestic Product","1960-01-01","2025-06-01","Annualized % Chg. from Preceding Period","SA",2025-09-02,"Monthly"," perc. points",-4.60729576029662,"BBKMGDP"
"123",1970-03-01,"BBKMGDP",-1.31390661434633,2025-09-04,2025-09-04,-1.31390661434633,"Brave-Butters-Kelley Real Gross Domestic Product","1960-01-01","2025-06-01","Annualized % Chg. from Preceding Period","SA",2025-09-02,"Monthly"," perc. points",-4.89131380017608,"BBKMGDP"
"124",1970-04-01,"BBKMGDP",-1.65203214153544,2025-09-04,2025-09-04,-1.65203214153544,"Brave-Butters-Kelley Real Gross Domestic Product","1960-01-01","2025-06-01","Annualized % Chg. from Preceding Period","SA",2025-09-02,"Monthly"," perc. points",-0.588858170689795,"BBKMGDP"
"125",1970-05-01,"BBKMGDP",2.45113213813577,2025-09-04,2025-09-04,2.45113213813577,"Brave-Butters-Kelley Real Gross Domestic Product","1960-01-01","2025-06-01","Annualized % Chg. from Preceding Period","SA",2025-09-02,"Monthly"," perc. points",3.89093922854222,"BBKMGDP"
"126",1970-06-01,"BBKMGDP",5.81463941788406,2025-09-04,2025-09-04,5.81463941788406,"Brave-Butters-Kelley Real Gross Domestic Product","1960-01-01","2025-06-01","Annualized % Chg. from Preceding Period","SA",2025-09-02,"Monthly"," perc. points",2.57950135236098,"BBKMGDP"
"127",1970-07-01,"BBKMGDP",7.56786828808435,2025-09-04,2025-09-04,7.56786828808435,"Brave-Butters-Kelley Real Gross Domestic Product","1960-01-01","2025-06-01","Annualized % Chg. from Preceding Period","SA",2025-09-02,"Monthly"," perc. points",3.02039802253143,"BBKMGDP"
"128",1970-08-01,"BBKMGDP",0.975639564687744,2025-09-04,2025-09-04,0.975639564687744,"Brave-Butters-Kelley Real Gross Domestic Product","1960-01-01","2025-06-01","Annualized % Chg. from Preceding Period","SA",2025-09-02,"Monthly"," perc. points",-2.02424225172452,"BBKMGDP"
"129",1970-09-01,"BBKMGDP",-5.72333401387575,2025-09-04,2025-09-04,-5.72333401387575,"Brave-Butters-Kelley Real Gross Domestic Product","1960-01-01","2025-06-01","Annualized % Chg. from Preceding Period","SA",2025-09-02,"Monthly"," perc. points",-4.74790424400523,"BBKMGDP"
"130",1970-10-01,"BBKMGDP",-11.7108014362397,2025-09-04,2025-09-04,-11.7108014362397,"Brave-Butters-Kelley Real Gross Domestic Product","1960-01-01","2025-06-01","Annualized % Chg. from Preceding Period","SA",2025-09-02,"Monthly"," perc. points",-8.83527184957578,"BBKMGDP"
"131",1970-11-01,"BBKMGDP",-4.29208385297223,2025-09-04,2025-09-04,-4.29208385297223,"Brave-Butters-Kelley Real Gross Domestic Product","1960-01-01","2025-06-01","Annualized % Chg. from Preceding Period","SA",2025-09-02,"Monthly"," perc. points",0.975300379270518,"BBKMGDP"
"132",1970-12-01,"BBKMGDP",15.4063531339119,2025-09-04,2025-09-04,15.4063531339119,"Brave-Butters-Kelley Real Gross Domestic Product","1960-01-01","2025-06-01","Annualized % Chg. from Preceding Period","SA",2025-09-02,"Monthly"," perc. points",14.8827483031529,"BBKMGDP"
"133",1971-01-01,"BBKMGDP",15.355599439534,2025-09-04,2025-09-04,15.355599439534,"Brave-Butters-Kelley Real Gross Domestic Product","1960-01-01","2025-06-01","Annualized % Chg. from Preceding Period","SA",2025-09-02,"Monthly"," perc. points",16.6027324796177,"BBKMGDP"
"134",1971-02-01,"BBKMGDP",10.4938629652966,2025-09-04,2025-09-04,10.4938629652966,"Brave-Butters-Kelley Real Gross Domestic Product","1960-01-01","2025-06-01","Annualized % Chg. from Preceding Period","SA",2025-09-02,"Monthly"," perc. points",8.53679027009598,"BBKMGDP"
"135",1971-03-01,"BBKMGDP",2.87026281367208,2025-09-04,2025-09-04,2.87026281367208,"Brave-Butters-Kelley Real Gross Domestic Product","1960-01-01","2025-06-01","Annualized % Chg. from Preceding Period","SA",2025-09-02,"Monthly"," perc. points",4.18416942801841,"BBKMGDP"
"136",1971-04-01,"BBKMGDP",-0.884133384457032,2025-09-04,2025-09-04,-0.884133384457032,"Brave-Butters-Kelley Real Gross Domestic Product","1960-01-01","2025-06-01","Annualized % Chg. from Preceding Period","SA",2025-09-02,"Monthly"," perc. points",0.767898757078407,"BBKMGDP"
"137",1971-05-01,"BBKMGDP",0.463268458669035,2025-09-04,2025-09-04,0.463268458669035,"Brave-Butters-Kelley Real Gross Domestic Product","1960-01-01","2025-06-01","Annualized % Chg. from Preceding Period","SA",2025-09-02,"Monthly"," perc. points",-1.98786367946674,"BBKMGDP"
"138",1971-06-01,"BBKMGDP",4.94795114334492,2025-09-04,2025-09-04,4.94795114334492,"Brave-Butters-Kelley Real Gross Domestic Product","1960-01-01","2025-06-01","Annualized % Chg. from Preceding Period","SA",2025-09-02,"Monthly"," perc. points",-0.866688274539149,"BBKMGDP"
"139",1971-07-01,"BBKMGDP",3.2630632136791,2025-09-04,2025-09-04,3.2630632136791,"Brave-Butters-Kelley Real Gross Domestic Product","1960-01-01","2025-06-01","Annualized % Chg. from Preceding Period","SA",2025-09-02,"Monthly"," perc. points",-4.30480507440525,"BBKMGDP"
"140",1971-08-01,"BBKMGDP",3.13466751586276,2025-09-04,2025-09-04,3.13466751586276,"Brave-Butters-Kelley Real Gross Domestic Product","1960-01-01","2025-06-01","Annualized % Chg. from Preceding Period","SA",2025-09-02,"Monthly"," perc. points",2.15902795117501,"BBKMGDP"
"141",1971-09-01,"BBKMGDP",3.06059724797336,2025-09-04,2025-09-04,3.06059724797336,"Brave-Butters-Kelley Real Gross Domestic Product","1960-01-01","2025-06-01","Annualized % Chg. from Preceding Period","SA",2025-09-02,"Monthly"," perc. points",8.78393126184911,"BBKMGDP"
"142",1971-10-01,"BBKMGDP",-2.17059473062371,2025-09-04,2025-09-04,-2.17059473062371,"Brave-Butters-Kelley Real Gross Domestic Product","1960-01-01","2025-06-01","Annualized % Chg. from Preceding Period","SA",2025-09-02,"Monthly"," perc. points",9.54020670561594,"BBKMGDP"
"143",1971-11-01,"BBKMGDP",0.415742260980638,2025-09-04,2025-09-04,0.415742260980638,"Brave-Butters-Kelley Real Gross Domestic Product","1960-01-01","2025-06-01","Annualized % Chg. from Preceding Period","SA",2025-09-02,"Monthly"," perc. points",4.70782611395287,"BBKMGDP"
"144",1971-12-01,"BBKMGDP",4.83055600270643,2025-09-04,2025-09-04,4.83055600270643,"Brave-Butters-Kelley Real Gross Domestic Product","1960-01-01","2025-06-01","Annualized % Chg. from Preceding Period","SA",2025-09-02,"Monthly"," perc. points",-10.5757971312055,"BBKMGDP"
"145",1972-01-01,"BBKMGDP",9.12279869420639,2025-09-04,2025-09-04,9.12279869420639,"Brave-Butters-Kelley Real Gross Domestic Product","1960-01-01","2025-06-01","Annualized % Chg. from Preceding Period","SA",2025-09-02,"Monthly"," perc. points",-6.23280074532761,"BBKMGDP"
"146",1972-02-01,"BBKMGDP",8.57969398602452,2025-09-04,2025-09-04,8.57969398602452,"Brave-Butters-Kelley Real Gross Domestic Product","1960-01-01","2025-06-01","Annualized % Chg. from Preceding Period","SA",2025-09-02,"Monthly"," perc. points",-1.91416897927209,"BBKMGDP"
"147",1972-03-01,"BBKMGDP",10.9244202140643,2025-09-04,2025-09-04,10.9244202140643,"Brave-Butters-Kelley Real Gross Domestic Product","1960-01-01","2025-06-01","Annualized % Chg. from Preceding Period","SA",2025-09-02,"Monthly"," perc. points",8.0541574003922,"BBKMGDP"
"148",1972-04-01,"BBKMGDP",10.5272234212707,2025-09-04,2025-09-04,10.5272234212707,"Brave-Butters-Kelley Real Gross Domestic Product","1960-01-01","2025-06-01","Annualized % Chg. from Preceding Period","SA",2025-09-02,"Monthly"," perc. points",11.4113568057277,"BBKMGDP"
"149",1972-05-01,"BBKMGDP",7.14440118470895,2025-09-04,2025-09-04,7.14440118470895,"Brave-Butters-Kelley Real Gross Domestic Product","1960-01-01","2025-06-01","Annualized % Chg. from Preceding Period","SA",2025-09-02,"Monthly"," perc. points",6.68113272603992,"BBKMGDP"
"150",1972-06-01,"BBKMGDP",4.5322581578436,2025-09-04,2025-09-04,4.5322581578436,"Brave-Butters-Kelley Real Gross Domestic Product","1960-01-01","2025-06-01","Annualized % Chg. from Preceding Period","SA",2025-09-02,"Monthly"," perc. points",-0.415692985501313,"BBKMGDP"
"151",1972-07-01,"BBKMGDP",0.51478971237673,2025-09-04,2025-09-04,0.51478971237673,"Brave-Butters-Kelley Real Gross Domestic Product","1960-01-01","2025-06-01","Annualized % Chg. from Preceding Period","SA",2025-09-02,"Monthly"," perc. points",-2.74827350130237,"BBKMGDP"
"152",1972-08-01,"BBKMGDP",5.60633905860372,2025-09-04,2025-09-04,5.60633905860372,"Brave-Butters-Kelley Real Gross Domestic Product","1960-01-01","2025-06-01","Annualized % Chg. from Preceding Period","SA",2025-09-02,"Monthly"," perc. points",2.47167154274096,"BBKMGDP"
"153",1972-09-01,"BBKMGDP",4.87155996529589,2025-09-04,2025-09-04,4.87155996529589,"Brave-Butters-Kelley Real Gross Domestic Product","1960-01-01","2025-06-01","Annualized % Chg. from Preceding Period","SA",2025-09-02,"Monthly"," perc. points",1.81096271732253,"BBKMGDP"
"154",1972-10-01,"BBKMGDP",6.13706685314754,2025-09-04,2025-09-04,6.13706685314754,"Brave-Butters-Kelley Real Gross Domestic Product","1960-01-01","2025-06-01","Annualized % Chg. from Preceding Period","SA",2025-09-02,"Monthly"," perc. points",8.30766158377126,"BBKMGDP"
"155",1972-11-01,"BBKMGDP",8.35352629605478,2025-09-04,2025-09-04,8.35352629605478,"Brave-Butters-Kelley Real Gross Domestic Product","1960-01-01","2025-06-01","Annualized % Chg. from Preceding Period","SA",2025-09-02,"Monthly"," perc. points",7.93778403507415,"BBKMGDP"
"156",1972-12-01,"BBKMGDP",9.27221301659512,2025-09-04,2025-09-04,9.27221301659512,"Brave-Butters-Kelley Real Gross Domestic Product","1960-01-01","2025-06-01","Annualized % Chg. from Preceding Period","SA",2025-09-02,"Monthly"," perc. points",4.4416570138887,"BBKMGDP"
"157",1973-01-01,"BBKMGDP",10.455465016484,2025-09-04,2025-09-04,10.455465016484,"Brave-Butters-Kelley Real Gross Domestic Product","1960-01-01","2025-06-01","Annualized % Chg. from Preceding Period","SA",2025-09-02,"Monthly"," perc. points",1.33266632227756,"BBKMGDP"
"158",1973-02-01,"BBKMGDP",11.1411176944396,2025-09-04,2025-09-04,11.1411176944396,"Brave-Butters-Kelley Real Gross Domestic Product","1960-01-01","2025-06-01","Annualized % Chg. from Preceding Period","SA",2025-09-02,"Monthly"," perc. points",2.56142370841505,"BBKMGDP"
"159",1973-03-01,"BBKMGDP",7.45265285153992,2025-09-04,2025-09-04,7.45265285153992,"Brave-Butters-Kelley Real Gross Domestic Product","1960-01-01","2025-06-01","Annualized % Chg. from Preceding Period","SA",2025-09-02,"Monthly"," perc. points",-3.47176736252436,"BBKMGDP"
"160",1973-04-01,"BBKMGDP",3.83698455215962,2025-09-04,2025-09-04,3.83698455215962,"Brave-Butters-Kelley Real Gross Domestic Product","1960-01-01","2025-06-01","Annualized % Chg. from Preceding Period","SA",2025-09-02,"Monthly"," perc. points",-6.69023886911104,"BBKMGDP"
"161",1973-05-01,"BBKMGDP",2.02916981692448,2025-09-04,2025-09-04,2.02916981692448,"Brave-Butters-Kelley Real Gross Domestic Product","1960-01-01","2025-06-01","Annualized % Chg. from Preceding Period","SA",2025-09-02,"Monthly"," perc. points",-5.11523136778447,"BBKMGDP"
"162",1973-06-01,"BBKMGDP",-2.61016396566467,2025-09-04,2025-09-04,-2.61016396566467,"Brave-Butters-Kelley Real Gross Domestic Product","1960-01-01","2025-06-01","Annualized % Chg. from Preceding Period","SA",2025-09-02,"Monthly"," perc. points",-7.14242212350827,"BBKMGDP"
"163",1973-07-01,"BBKMGDP",-4.35981804257465,2025-09-04,2025-09-04,-4.35981804257465,"Brave-Butters-Kelley Real Gross Domestic Product","1960-01-01","2025-06-01","Annualized % Chg. from Preceding Period","SA",2025-09-02,"Monthly"," perc. points",-4.87460775495138,"BBKMGDP"
"164",1973-08-01,"BBKMGDP",-2.86510596709293,2025-09-04,2025-09-04,-2.86510596709293,"Brave-Butters-Kelley Real Gross Domestic Product","1960-01-01","2025-06-01","Annualized % Chg. from Preceding Period","SA",2025-09-02,"Monthly"," perc. points",-8.47144502569664,"BBKMGDP"
"165",1973-09-01,"BBKMGDP",3.02363400656348,2025-09-04,2025-09-04,3.02363400656348,"Brave-Butters-Kelley Real Gross Domestic Product","1960-01-01","2025-06-01","Annualized % Chg. from Preceding Period","SA",2025-09-02,"Monthly"," perc. points",-1.8479259587324,"BBKMGDP"
"166",1973-10-01,"BBKMGDP",8.69334160299092,2025-09-04,2025-09-04,8.69334160299092,"Brave-Butters-Kelley Real Gross Domestic Product","1960-01-01","2025-06-01","Annualized % Chg. from Preceding Period","SA",2025-09-02,"Monthly"," perc. points",2.55627474984338,"BBKMGDP"
"167",1973-11-01,"BBKMGDP",4.71089524530101,2025-09-04,2025-09-04,4.71089524530101,"Brave-Butters-Kelley Real Gross Domestic Product","1960-01-01","2025-06-01","Annualized % Chg. from Preceding Period","SA",2025-09-02,"Monthly"," perc. points",-3.64263105075377,"BBKMGDP"
"168",1973-12-01,"BBKMGDP",-4.69039012422524,2025-09-04,2025-09-04,-4.69039012422524,"Brave-Butters-Kelley Real Gross Domestic Product","1960-01-01","2025-06-01","Annualized % Chg. from Preceding Period","SA",2025-09-02,"Monthly"," perc. points",-13.9626031408204,"BBKMGDP"
"169",1974-01-01,"BBKMGDP",-6.59061066942083,2025-09-04,2025-09-04,-6.59061066942083,"Brave-Butters-Kelley Real Gross Domestic Product","1960-01-01","2025-06-01","Annualized % Chg. from Preceding Period","SA",2025-09-02,"Monthly"," perc. points",-17.0460756859048,"BBKMGDP"
"170",1974-02-01,"BBKMGDP",-4.03265367079067,2025-09-04,2025-09-04,-4.03265367079067,"Brave-Butters-Kelley Real Gross Domestic Product","1960-01-01","2025-06-01","Annualized % Chg. from Preceding Period","SA",2025-09-02,"Monthly"," perc. points",-15.1737713652302,"BBKMGDP"
"171",1974-03-01,"BBKMGDP",1.46677456836637,2025-09-04,2025-09-04,1.46677456836637,"Brave-Butters-Kelley Real Gross Domestic Product","1960-01-01","2025-06-01","Annualized % Chg. from Preceding Period","SA",2025-09-02,"Monthly"," perc. points",-5.98587828317356,"BBKMGDP"
"172",1974-04-01,"BBKMGDP",2.40241477586462,2025-09-04,2025-09-04,2.40241477586462,"Brave-Butters-Kelley Real Gross Domestic Product","1960-01-01","2025-06-01","Annualized % Chg. from Preceding Period","SA",2025-09-02,"Monthly"," perc. points",-1.434569776295,"BBKMGDP"
"173",1974-05-01,"BBKMGDP",3.31340345661716,2025-09-04,2025-09-04,3.31340345661716,"Brave-Butters-Kelley Real Gross Domestic Product","1960-01-01","2025-06-01","Annualized % Chg. from Preceding Period","SA",2025-09-02,"Monthly"," perc. points",1.28423363969268,"BBKMGDP"
"174",1974-06-01,"BBKMGDP",-4.18394384129071,2025-09-04,2025-09-04,-4.18394384129071,"Brave-Butters-Kelley Real Gross Domestic Product","1960-01-01","2025-06-01","Annualized % Chg. from Preceding Period","SA",2025-09-02,"Monthly"," perc. points",-1.57377987562604,"BBKMGDP"
"175",1974-07-01,"BBKMGDP",-6.0899116896774,2025-09-04,2025-09-04,-6.0899116896774,"Brave-Butters-Kelley Real Gross Domestic Product","1960-01-01","2025-06-01","Annualized % Chg. from Preceding Period","SA",2025-09-02,"Monthly"," perc. points",-1.73009364710275,"BBKMGDP"
"176",1974-08-01,"BBKMGDP",-5.56317158675891,2025-09-04,2025-09-04,-5.56317158675891,"Brave-Butters-Kelley Real Gross Domestic Product","1960-01-01","2025-06-01","Annualized % Chg. from Preceding Period","SA",2025-09-02,"Monthly"," perc. points",-2.69806561966599,"BBKMGDP"
"177",1974-09-01,"BBKMGDP",0.242936890159702,2025-09-04,2025-09-04,0.242936890159702,"Brave-Butters-Kelley Real Gross Domestic Product","1960-01-01","2025-06-01","Annualized % Chg. from Preceding Period","SA",2025-09-02,"Monthly"," perc. points",-2.78069711640378,"BBKMGDP"
"178",1974-10-01,"BBKMGDP",2.52378093857671,2025-09-04,2025-09-04,2.52378093857671,"Brave-Butters-Kelley Real Gross Domestic Product","1960-01-01","2025-06-01","Annualized % Chg. from Preceding Period","SA",2025-09-02,"Monthly"," perc. points",-6.16956066441421,"BBKMGDP"
"179",1974-11-01,"BBKMGDP",-3.50296797665723,2025-09-04,2025-09-04,-3.50296797665723,"Brave-Butters-Kelley Real Gross Domestic Product","1960-01-01","2025-06-01","Annualized % Chg. from Preceding Period","SA",2025-09-02,"Monthly"," perc. points",-8.21386322195824,"BBKMGDP"
"180",1974-12-01,"BBKMGDP",-9.48953346609782,2025-09-04,2025-09-04,-9.48953346609782,"Brave-Butters-Kelley Real Gross Domestic Product","1960-01-01","2025-06-01","Annualized % Chg. from Preceding Period","SA",2025-09-02,"Monthly"," perc. points",-4.79914334187259,"BBKMGDP"
"181",1975-01-01,"BBKMGDP",-3.21279212751436,2025-09-04,2025-09-04,-3.21279212751436,"Brave-Butters-Kelley Real Gross Domestic Product","1960-01-01","2025-06-01","Annualized % Chg. from Preceding Period","SA",2025-09-02,"Monthly"," perc. points",3.37781854190646,"BBKMGDP"
"182",1975-02-01,"BBKMGDP",-4.60940514735826,2025-09-04,2025-09-04,-4.60940514735826,"Brave-Butters-Kelley Real Gross Domestic Product","1960-01-01","2025-06-01","Annualized % Chg. from Preceding Period","SA",2025-09-02,"Monthly"," perc. points",-0.576751476567594,"BBKMGDP"
"183",1975-03-01,"BBKMGDP",-2.80731703448587,2025-09-04,2025-09-04,-2.80731703448587,"Brave-Butters-Kelley Real Gross Domestic Product","1960-01-01","2025-06-01","Annualized % Chg. from Preceding Period","SA",2025-09-02,"Monthly"," perc. points",-4.27409160285223,"BBKMGDP"
"184",1975-04-01,"BBKMGDP",6.44209616853703,2025-09-04,2025-09-04,6.44209616853703,"Brave-Butters-Kelley Real Gross Domestic Product","1960-01-01","2025-06-01","Annualized % Chg. from Preceding Period","SA",2025-09-02,"Monthly"," perc. points",4.03968139267241,"BBKMGDP"
"185",1975-05-01,"BBKMGDP",5.00241153304988,2025-09-04,2025-09-04,5.00241153304988,"Brave-Butters-Kelley Real Gross Domestic Product","1960-01-01","2025-06-01","Annualized % Chg. from Preceding Period","SA",2025-09-02,"Monthly"," perc. points",1.68900807643272,"BBKMGDP"
"186",1975-06-01,"BBKMGDP",6.54581373768061,2025-09-04,2025-09-04,6.54581373768061,"Brave-Butters-Kelley Real Gross Domestic Product","1960-01-01","2025-06-01","Annualized % Chg. from Preceding Period","SA",2025-09-02,"Monthly"," perc. points",10.7297575789713,"BBKMGDP"
"187",1975-07-01,"BBKMGDP",8.17989448069221,2025-09-04,2025-09-04,8.17989448069221,"Brave-Butters-Kelley Real Gross Domestic Product","1960-01-01","2025-06-01","Annualized % Chg. from Preceding Period","SA",2025-09-02,"Monthly"," perc. points",14.2698061703696,"BBKMGDP"
"188",1975-08-01,"BBKMGDP",6.21667084662729,2025-09-04,2025-09-04,6.21667084662729,"Brave-Butters-Kelley Real Gross Domestic Product","1960-01-01","2025-06-01","Annualized % Chg. from Preceding Period","SA",2025-09-02,"Monthly"," perc. points",11.7798424333862,"BBKMGDP"
"189",1975-09-01,"BBKMGDP",6.03555209550756,2025-09-04,2025-09-04,6.03555209550756,"Brave-Butters-Kelley Real Gross Domestic Product","1960-01-01","2025-06-01","Annualized % Chg. from Preceding Period","SA",2025-09-02,"Monthly"," perc. points",5.79261520534785,"BBKMGDP"
"190",1975-10-01,"BBKMGDP",3.94602964613519,2025-09-04,2025-09-04,3.94602964613519,"Brave-Butters-Kelley Real Gross Domestic Product","1960-01-01","2025-06-01","Annualized % Chg. from Preceding Period","SA",2025-09-02,"Monthly"," perc. points",1.42224870755847,"BBKMGDP"
"191",1975-11-01,"BBKMGDP",4.08591037196445,2025-09-04,2025-09-04,4.08591037196445,"Brave-Butters-Kelley Real Gross Domestic Product","1960-01-01","2025-06-01","Annualized % Chg. from Preceding Period","SA",2025-09-02,"Monthly"," perc. points",7.58887834862167,"BBKMGDP"
"192",1975-12-01,"BBKMGDP",9.87180041867103,2025-09-04,2025-09-04,9.87180041867103,"Brave-Butters-Kelley Real Gross Domestic Product","1960-01-01","2025-06-01","Annualized % Chg. from Preceding Period","SA",2025-09-02,"Monthly"," perc. points",19.3613338847688,"BBKMGDP"
"193",1976-01-01,"BBKMGDP",11.9008287684307,2025-09-04,2025-09-04,11.9008287684307,"Brave-Butters-Kelley Real Gross Domestic Product","1960-01-01","2025-06-01","Annualized % Chg. from Preceding Period","SA",2025-09-02,"Monthly"," perc. points",15.1136208959451,"BBKMGDP"
"194",1976-02-01,"BBKMGDP",8.38150270289247,2025-09-04,2025-09-04,8.38150270289247,"Brave-Butters-Kelley Real Gross Domestic Product","1960-01-01","2025-06-01","Annualized % Chg. from Preceding Period","SA",2025-09-02,"Monthly"," perc. points",12.9909078502507,"BBKMGDP"
"195",1976-03-01,"BBKMGDP",3.77801294470148,2025-09-04,2025-09-04,3.77801294470148,"Brave-Butters-Kelley Real Gross Domestic Product","1960-01-01","2025-06-01","Annualized % Chg. from Preceding Period","SA",2025-09-02,"Monthly"," perc. points",6.58532997918734,"BBKMGDP"
"196",1976-04-01,"BBKMGDP",1.7156493944784,2025-09-04,2025-09-04,1.7156493944784,"Brave-Butters-Kelley Real Gross Domestic Product","1960-01-01","2025-06-01","Annualized % Chg. from Preceding Period","SA",2025-09-02,"Monthly"," perc. points",-4.72644677405863,"BBKMGDP"
"197",1976-05-01,"BBKMGDP",1.6928177253095,2025-09-04,2025-09-04,1.6928177253095,"Brave-Butters-Kelley Real Gross Domestic Product","1960-01-01","2025-06-01","Annualized % Chg. from Preceding Period","SA",2025-09-02,"Monthly"," perc. points",-3.30959380774037,"BBKMGDP"
"198",1976-06-01,"BBKMGDP",1.84877981268235,2025-09-04,2025-09-04,1.84877981268235,"Brave-Butters-Kelley Real Gross Domestic Product","1960-01-01","2025-06-01","Annualized % Chg. from Preceding Period","SA",2025-09-02,"Monthly"," perc. points",-4.69703392499826,"BBKMGDP"
"199",1976-07-01,"BBKMGDP",2.57753921179371,2025-09-04,2025-09-04,2.57753921179371,"Brave-Butters-Kelley Real Gross Domestic Product","1960-01-01","2025-06-01","Annualized % Chg. from Preceding Period","SA",2025-09-02,"Monthly"," perc. points",-5.6023552688985,"BBKMGDP"
"200",1976-08-01,"BBKMGDP",2.13837201461061,2025-09-04,2025-09-04,2.13837201461061,"Brave-Butters-Kelley Real Gross Domestic Product","1960-01-01","2025-06-01","Annualized % Chg. from Preceding Period","SA",2025-09-02,"Monthly"," perc. points",-4.07829883201668,"BBKMGDP"
"201",1976-09-01,"BBKMGDP",2.27013120961297,2025-09-04,2025-09-04,2.27013120961297,"Brave-Butters-Kelley Real Gross Domestic Product","1960-01-01","2025-06-01","Annualized % Chg. from Preceding Period","SA",2025-09-02,"Monthly"," perc. points",-3.76542088589459,"BBKMGDP"
"202",1976-10-01,"BBKMGDP",0.891924906994548,2025-09-04,2025-09-04,0.891924906994548,"Brave-Butters-Kelley Real Gross Domestic Product","1960-01-01","2025-06-01","Annualized % Chg. from Preceding Period","SA",2025-09-02,"Monthly"," perc. points",-3.05410473914064,"BBKMGDP"
"203",1976-11-01,"BBKMGDP",5.22335619214079,2025-09-04,2025-09-04,5.22335619214079,"Brave-Butters-Kelley Real Gross Domestic Product","1960-01-01","2025-06-01","Annualized % Chg. from Preceding Period","SA",2025-09-02,"Monthly"," perc. points",1.13744582017634,"BBKMGDP"
"204",1976-12-01,"BBKMGDP",6.12909378664548,2025-09-04,2025-09-04,6.12909378664548,"Brave-Butters-Kelley Real Gross Domestic Product","1960-01-01","2025-06-01","Annualized % Chg. from Preceding Period","SA",2025-09-02,"Monthly"," perc. points",-3.74270663202554,"BBKMGDP"
"205",1977-01-01,"BBKMGDP",0.387816421545021,2025-09-04,2025-09-04,0.387816421545021,"Brave-Butters-Kelley Real Gross Domestic Product","1960-01-01","2025-06-01","Annualized % Chg. from Preceding Period","SA",2025-09-02,"Monthly"," perc. points",-11.5130123468857,"BBKMGDP"
"206",1977-02-01,"BBKMGDP",7.91168041209947,2025-09-04,2025-09-04,7.91168041209947,"Brave-Butters-Kelley Real Gross Domestic Product","1960-01-01","2025-06-01","Annualized % Chg. from Preceding Period","SA",2025-09-02,"Monthly"," perc. points",-0.469822290792997,"BBKMGDP"
"207",1977-03-01,"BBKMGDP",7.9702486968575,2025-09-04,2025-09-04,7.9702486968575,"Brave-Butters-Kelley Real Gross Domestic Product","1960-01-01","2025-06-01","Annualized % Chg. from Preceding Period","SA",2025-09-02,"Monthly"," perc. points",4.19223575215602,"BBKMGDP"
"208",1977-04-01,"BBKMGDP",6.81155926189179,2025-09-04,2025-09-04,6.81155926189179,"Brave-Butters-Kelley Real Gross Domestic Product","1960-01-01","2025-06-01","Annualized % Chg. from Preceding Period","SA",2025-09-02,"Monthly"," perc. points",5.09590986741338,"BBKMGDP"
"209",1977-05-01,"BBKMGDP",7.63442964317364,2025-09-04,2025-09-04,7.63442964317364,"Brave-Butters-Kelley Real Gross Domestic Product","1960-01-01","2025-06-01","Annualized % Chg. from Preceding Period","SA",2025-09-02,"Monthly"," perc. points",5.94161191786413,"BBKMGDP"
"210",1977-06-01,"BBKMGDP",9.70344967785525,2025-09-04,2025-09-04,9.70344967785525,"Brave-Butters-Kelley Real Gross Domestic Product","1960-01-01","2025-06-01","Annualized % Chg. from Preceding Period","SA",2025-09-02,"Monthly"," perc. points",7.8546698651729,"BBKMGDP"
"211",1977-07-01,"BBKMGDP",7.95691409187054,2025-09-04,2025-09-04,7.95691409187054,"Brave-Butters-Kelley Real Gross Domestic Product","1960-01-01","2025-06-01","Annualized % Chg. from Preceding Period","SA",2025-09-02,"Monthly"," perc. points",5.37937488007684,"BBKMGDP"
"212",1977-08-01,"BBKMGDP",5.95421422148575,2025-09-04,2025-09-04,5.95421422148575,"Brave-Butters-Kelley Real Gross Domestic Product","1960-01-01","2025-06-01","Annualized % Chg. from Preceding Period","SA",2025-09-02,"Monthly"," perc. points",3.81584220687514,"BBKMGDP"
"213",1977-09-01,"BBKMGDP",1.51958501807715,2025-09-04,2025-09-04,1.51958501807715,"Brave-Butters-Kelley Real Gross Domestic Product","1960-01-01","2025-06-01","Annualized % Chg. from Preceding Period","SA",2025-09-02,"Monthly"," perc. points",-0.750546191535818,"BBKMGDP"
"214",1977-10-01,"BBKMGDP",-1.48671478312419,2025-09-04,2025-09-04,-1.48671478312419,"Brave-Butters-Kelley Real Gross Domestic Product","1960-01-01","2025-06-01","Annualized % Chg. from Preceding Period","SA",2025-09-02,"Monthly"," perc. points",-2.37863969011873,"BBKMGDP"
"215",1977-11-01,"BBKMGDP",-1.79014721971815,2025-09-04,2025-09-04,-1.79014721971815,"Brave-Butters-Kelley Real Gross Domestic Product","1960-01-01","2025-06-01","Annualized % Chg. from Preceding Period","SA",2025-09-02,"Monthly"," perc. points",-7.01350341185894,"BBKMGDP"
"216",1977-12-01,"BBKMGDP",-0.899805407865215,2025-09-04,2025-09-04,-0.899805407865215,"Brave-Butters-Kelley Real Gross Domestic Product","1960-01-01","2025-06-01","Annualized % Chg. from Preceding Period","SA",2025-09-02,"Monthly"," perc. points",-7.0288991945107,"BBKMGDP"
"217",1978-01-01,"BBKMGDP",-6.37842447620924,2025-09-04,2025-09-04,-6.37842447620924,"Brave-Butters-Kelley Real Gross Domestic Product","1960-01-01","2025-06-01","Annualized % Chg. from Preceding Period","SA",2025-09-02,"Monthly"," perc. points",-6.76624089775426,"BBKMGDP"
"218",1978-02-01,"BBKMGDP",8.70052873610464,2025-09-04,2025-09-04,8.70052873610464,"Brave-Butters-Kelley Real Gross Domestic Product","1960-01-01","2025-06-01","Annualized % Chg. from Preceding Period","SA",2025-09-02,"Monthly"," perc. points",0.788848324005169,"BBKMGDP"
"219",1978-03-01,"BBKMGDP",16.8368532526419,2025-09-04,2025-09-04,16.8368532526419,"Brave-Butters-Kelley Real Gross Domestic Product","1960-01-01","2025-06-01","Annualized % Chg. from Preceding Period","SA",2025-09-02,"Monthly"," perc. points",8.86660455578439,"BBKMGDP"
"220",1978-04-01,"BBKMGDP",20.7392814761509,2025-09-04,2025-09-04,20.7392814761509,"Brave-Butters-Kelley Real Gross Domestic Product","1960-01-01","2025-06-01","Annualized % Chg. from Preceding Period","SA",2025-09-02,"Monthly"," perc. points",13.9277222142591,"BBKMGDP"
"221",1978-05-01,"BBKMGDP",12.3243845650152,2025-09-04,2025-09-04,12.3243845650152,"Brave-Butters-Kelley Real Gross Domestic Product","1960-01-01","2025-06-01","Annualized % Chg. from Preceding Period","SA",2025-09-02,"Monthly"," perc. points",4.68995492184154,"BBKMGDP"
"222",1978-06-01,"BBKMGDP",7.23833918447582,2025-09-04,2025-09-04,7.23833918447582,"Brave-Butters-Kelley Real Gross Domestic Product","1960-01-01","2025-06-01","Annualized % Chg. from Preceding Period","SA",2025-09-02,"Monthly"," perc. points",-2.46511049337943,"BBKMGDP"
"223",1978-07-01,"BBKMGDP",-0.191782361568827,2025-09-04,2025-09-04,-0.191782361568827,"Brave-Butters-Kelley Real Gross Domestic Product","1960-01-01","2025-06-01","Annualized % Chg. from Preceding Period","SA",2025-09-02,"Monthly"," perc. points",-8.14869645343937,"BBKMGDP"
"224",1978-08-01,"BBKMGDP",2.92632995765414,2025-09-04,2025-09-04,2.92632995765414,"Brave-Butters-Kelley Real Gross Domestic Product","1960-01-01","2025-06-01","Annualized % Chg. from Preceding Period","SA",2025-09-02,"Monthly"," perc. points",-3.02788426383161,"BBKMGDP"
"225",1978-09-01,"BBKMGDP",3.95034173035987,2025-09-04,2025-09-04,3.95034173035987,"Brave-Butters-Kelley Real Gross Domestic Product","1960-01-01","2025-06-01","Annualized % Chg. from Preceding Period","SA",2025-09-02,"Monthly"," perc. points",2.43075671228272,"BBKMGDP"
"226",1978-10-01,"BBKMGDP",7.14055645965941,2025-09-04,2025-09-04,7.14055645965941,"Brave-Butters-Kelley Real Gross Domestic Product","1960-01-01","2025-06-01","Annualized % Chg. from Preceding Period","SA",2025-09-02,"Monthly"," perc. points",8.6272712427836,"BBKMGDP"
"227",1978-11-01,"BBKMGDP",6.41692965260234,2025-09-04,2025-09-04,6.41692965260234,"Brave-Butters-Kelley Real Gross Domestic Product","1960-01-01","2025-06-01","Annualized % Chg. from Preceding Period","SA",2025-09-02,"Monthly"," perc. points",8.20707687232048,"BBKMGDP"
"228",1978-12-01,"BBKMGDP",3.01614144524172,2025-09-04,2025-09-04,3.01614144524172,"Brave-Butters-Kelley Real Gross Domestic Product","1960-01-01","2025-06-01","Annualized % Chg. from Preceding Period","SA",2025-09-02,"Monthly"," perc. points",3.91594685310694,"BBKMGDP"
"229",1979-01-01,"BBKMGDP",-2.55929783231521,2025-09-04,2025-09-04,-2.55929783231521,"Brave-Butters-Kelley Real Gross Domestic Product","1960-01-01","2025-06-01","Annualized % Chg. from Preceding Period","SA",2025-09-02,"Monthly"," perc. points",3.81912664389403,"BBKMGDP"
"230",1979-02-01,"BBKMGDP",-0.64854882646538,2025-09-04,2025-09-04,-0.64854882646538,"Brave-Butters-Kelley Real Gross Domestic Product","1960-01-01","2025-06-01","Annualized % Chg. from Preceding Period","SA",2025-09-02,"Monthly"," perc. points",-9.34907756257002,"BBKMGDP"
"231",1979-03-01,"BBKMGDP",2.94701851310153,2025-09-04,2025-09-04,2.94701851310153,"Brave-Butters-Kelley Real Gross Domestic Product","1960-01-01","2025-06-01","Annualized % Chg. from Preceding Period","SA",2025-09-02,"Monthly"," perc. points",-13.8898347395404,"BBKMGDP"
"232",1979-04-01,"BBKMGDP",-5.74758799409146,2025-09-04,2025-09-04,-5.74758799409146,"Brave-Butters-Kelley Real Gross Domestic Product","1960-01-01","2025-06-01","Annualized % Chg. from Preceding Period","SA",2025-09-02,"Monthly"," perc. points",-26.4868694702424,"BBKMGDP"
"233",1979-05-01,"BBKMGDP",6.34917554440835,2025-09-04,2025-09-04,6.34917554440835,"Brave-Butters-Kelley Real Gross Domestic Product","1960-01-01","2025-06-01","Annualized % Chg. from Preceding Period","SA",2025-09-02,"Monthly"," perc. points",-5.97520902060682,"BBKMGDP"
"234",1979-06-01,"BBKMGDP",3.17598579250461,2025-09-04,2025-09-04,3.17598579250461,"Brave-Butters-Kelley Real Gross Domestic Product","1960-01-01","2025-06-01","Annualized % Chg. from Preceding Period","SA",2025-09-02,"Monthly"," perc. points",-4.0623533919712,"BBKMGDP"
"235",1979-07-01,"BBKMGDP",3.7456622760617,2025-09-04,2025-09-04,3.7456622760617,"Brave-Butters-Kelley Real Gross Domestic Product","1960-01-01","2025-06-01","Annualized % Chg. from Preceding Period","SA",2025-09-02,"Monthly"," perc. points",3.93744463763053,"BBKMGDP"
"236",1979-08-01,"BBKMGDP",1.15457197015507,2025-09-04,2025-09-04,1.15457197015507,"Brave-Butters-Kelley Real Gross Domestic Product","1960-01-01","2025-06-01","Annualized % Chg. from Preceding Period","SA",2025-09-02,"Monthly"," perc. points",-1.77175798749907,"BBKMGDP"
"237",1979-09-01,"BBKMGDP",0.381380373758125,2025-09-04,2025-09-04,0.381380373758125,"Brave-Butters-Kelley Real Gross Domestic Product","1960-01-01","2025-06-01","Annualized % Chg. from Preceding Period","SA",2025-09-02,"Monthly"," perc. points",-3.56896135660175,"BBKMGDP"
"238",1979-10-01,"BBKMGDP",1.53909984322934,2025-09-04,2025-09-04,1.53909984322934,"Brave-Butters-Kelley Real Gross Domestic Product","1960-01-01","2025-06-01","Annualized % Chg. from Preceding Period","SA",2025-09-02,"Monthly"," perc. points",-5.60145661643007,"BBKMGDP"
"239",1979-11-01,"BBKMGDP",0.0164890371036881,2025-09-04,2025-09-04,0.0164890371036881,"Brave-Butters-Kelley Real Gross Domestic Product","1960-01-01","2025-06-01","Annualized % Chg. from Preceding Period","SA",2025-09-02,"Monthly"," perc. points",-6.40044061549865,"BBKMGDP"
"240",1979-12-01,"BBKMGDP",2.3961943479099,2025-09-04,2025-09-04,2.3961943479099,"Brave-Butters-Kelley Real Gross Domestic Product","1960-01-01","2025-06-01","Annualized % Chg. from Preceding Period","SA",2025-09-02,"Monthly"," perc. points",-0.619947097331818,"BBKMGDP"
"241",1980-01-01,"BBKMGDP",4.33634410825705,2025-09-04,2025-09-04,4.33634410825705,"Brave-Butters-Kelley Real Gross Domestic Product","1960-01-01","2025-06-01","Annualized % Chg. from Preceding Period","SA",2025-09-02,"Monthly"," perc. points",6.89564194057226,"BBKMGDP"
"242",1980-02-01,"BBKMGDP",0.221529833369006,2025-09-04,2025-09-04,0.221529833369006,"Brave-Butters-Kelley Real Gross Domestic Product","1960-01-01","2025-06-01","Annualized % Chg. from Preceding Period","SA",2025-09-02,"Monthly"," perc. points",0.870078659834387,"BBKMGDP"
"243",1980-03-01,"BBKMGDP",-6.91588083354403,2025-09-04,2025-09-04,-6.91588083354403,"Brave-Butters-Kelley Real Gross Domestic Product","1960-01-01","2025-06-01","Annualized % Chg. from Preceding Period","SA",2025-09-02,"Monthly"," perc. points",-9.86289934664556,"BBKMGDP"
"244",1980-04-01,"BBKMGDP",-11.6739835321403,2025-09-04,2025-09-04,-11.6739835321403,"Brave-Butters-Kelley Real Gross Domestic Product","1960-01-01","2025-06-01","Annualized % Chg. from Preceding Period","SA",2025-09-02,"Monthly"," perc. points",-5.92639553804884,"BBKMGDP"
"245",1980-05-01,"BBKMGDP",-11.1031390093833,2025-09-04,2025-09-04,-11.1031390093833,"Brave-Butters-Kelley Real Gross Domestic Product","1960-01-01","2025-06-01","Annualized % Chg. from Preceding Period","SA",2025-09-02,"Monthly"," perc. points",-17.4523145537917,"BBKMGDP"
"246",1980-06-01,"BBKMGDP",-4.12760490457873,2025-09-04,2025-09-04,-4.12760490457873,"Brave-Butters-Kelley Real Gross Domestic Product","1960-01-01","2025-06-01","Annualized % Chg. from Preceding Period","SA",2025-09-02,"Monthly"," perc. points",-7.30359069708334,"BBKMGDP"
"247",1980-07-01,"BBKMGDP",0.263830658118452,2025-09-04,2025-09-04,0.263830658118452,"Brave-Butters-Kelley Real Gross Domestic Product","1960-01-01","2025-06-01","Annualized % Chg. from Preceding Period","SA",2025-09-02,"Monthly"," perc. points",-3.48183161794325,"BBKMGDP"
"248",1980-08-01,"BBKMGDP",3.52415469780136,2025-09-04,2025-09-04,3.52415469780136,"Brave-Butters-Kelley Real Gross Domestic Product","1960-01-01","2025-06-01","Annualized % Chg. from Preceding Period","SA",2025-09-02,"Monthly"," perc. points",2.36958272764629,"BBKMGDP"
"249",1980-09-01,"BBKMGDP",7.21016953385816,2025-09-04,2025-09-04,7.21016953385816,"Brave-Butters-Kelley Real Gross Domestic Product","1960-01-01","2025-06-01","Annualized % Chg. from Preceding Period","SA",2025-09-02,"Monthly"," perc. points",6.82878916010004,"BBKMGDP"
"250",1980-10-01,"BBKMGDP",6.70722737929173,2025-09-04,2025-09-04,6.70722737929173,"Brave-Butters-Kelley Real Gross Domestic Product","1960-01-01","2025-06-01","Annualized % Chg. from Preceding Period","SA",2025-09-02,"Monthly"," perc. points",5.16812753606239,"BBKMGDP"
"251",1980-11-01,"BBKMGDP",8.36182481746709,2025-09-04,2025-09-04,8.36182481746709,"Brave-Butters-Kelley Real Gross Domestic Product","1960-01-01","2025-06-01","Annualized % Chg. from Preceding Period","SA",2025-09-02,"Monthly"," perc. points",8.34533578036341,"BBKMGDP"
"252",1980-12-01,"BBKMGDP",11.7619338733664,2025-09-04,2025-09-04,11.7619338733664,"Brave-Butters-Kelley Real Gross Domestic Product","1960-01-01","2025-06-01","Annualized % Chg. from Preceding Period","SA",2025-09-02,"Monthly"," perc. points",9.36573952545652,"BBKMGDP"
"253",1981-01-01,"BBKMGDP",10.7176021667398,2025-09-04,2025-09-04,10.7176021667398,"Brave-Butters-Kelley Real Gross Domestic Product","1960-01-01","2025-06-01","Annualized % Chg. from Preceding Period","SA",2025-09-02,"Monthly"," perc. points",6.38125805848272,"BBKMGDP"
"254",1981-02-01,"BBKMGDP",4.35779414591116,2025-09-04,2025-09-04,4.35779414591116,"Brave-Butters-Kelley Real Gross Domestic Product","1960-01-01","2025-06-01","Annualized % Chg. from Preceding Period","SA",2025-09-02,"Monthly"," perc. points",4.13626431254215,"BBKMGDP"
"255",1981-03-01,"BBKMGDP",-2.91900747842934,2025-09-04,2025-09-04,-2.91900747842934,"Brave-Butters-Kelley Real Gross Domestic Product","1960-01-01","2025-06-01","Annualized % Chg. from Preceding Period","SA",2025-09-02,"Monthly"," perc. points",3.99687335511469,"BBKMGDP"
"256",1981-04-01,"BBKMGDP",-6.77756214662538,2025-09-04,2025-09-04,-6.77756214662538,"Brave-Butters-Kelley Real Gross Domestic Product","1960-01-01","2025-06-01","Annualized % Chg. from Preceding Period","SA",2025-09-02,"Monthly"," perc. points",4.89642138551492,"BBKMGDP"
"257",1981-05-01,"BBKMGDP",-4.14990524963958,2025-09-04,2025-09-04,-4.14990524963958,"Brave-Butters-Kelley Real Gross Domestic Product","1960-01-01","2025-06-01","Annualized % Chg. from Preceding Period","SA",2025-09-02,"Monthly"," perc. points",6.95323375974375,"BBKMGDP"
"258",1981-06-01,"BBKMGDP",3.32338355359791,2025-09-04,2025-09-04,3.32338355359791,"Brave-Butters-Kelley Real Gross Domestic Product","1960-01-01","2025-06-01","Annualized % Chg. from Preceding Period","SA",2025-09-02,"Monthly"," perc. points",7.45098845817664,"BBKMGDP"
"259",1981-07-01,"BBKMGDP",9.34128509711124,2025-09-04,2025-09-04,9.34128509711124,"Brave-Butters-Kelley Real Gross Domestic Product","1960-01-01","2025-06-01","Annualized % Chg. from Preceding Period","SA",2025-09-02,"Monthly"," perc. points",9.07745443899278,"BBKMGDP"
"260",1981-08-01,"BBKMGDP",6.07769447603371,2025-09-04,2025-09-04,6.07769447603371,"Brave-Butters-Kelley Real Gross Domestic Product","1960-01-01","2025-06-01","Annualized % Chg. from Preceding Period","SA",2025-09-02,"Monthly"," perc. points",2.55353977823235,"BBKMGDP"
"261",1981-09-01,"BBKMGDP",0.197367375215182,2025-09-04,2025-09-04,0.197367375215182,"Brave-Butters-Kelley Real Gross Domestic Product","1960-01-01","2025-06-01","Annualized % Chg. from Preceding Period","SA",2025-09-02,"Monthly"," perc. points",-7.01280215864298,"BBKMGDP"
"262",1981-10-01,"BBKMGDP",-5.79541759458037,2025-09-04,2025-09-04,-5.79541759458037,"Brave-Butters-Kelley Real Gross Domestic Product","1960-01-01","2025-06-01","Annualized % Chg. from Preceding Period","SA",2025-09-02,"Monthly"," perc. points",-12.5026449738721,"BBKMGDP"
"263",1981-11-01,"BBKMGDP",-8.71896683972916,2025-09-04,2025-09-04,-8.71896683972916,"Brave-Butters-Kelley Real Gross Domestic Product","1960-01-01","2025-06-01","Annualized % Chg. from Preceding Period","SA",2025-09-02,"Monthly"," perc. points",-17.0807916571963,"BBKMGDP"
"264",1981-12-01,"BBKMGDP",-11.0710426484308,2025-09-04,2025-09-04,-11.0710426484308,"Brave-Butters-Kelley Real Gross Domestic Product","1960-01-01","2025-06-01","Annualized % Chg. from Preceding Period","SA",2025-09-02,"Monthly"," perc. points",-22.8329765217972,"BBKMGDP"
"265",1982-01-01,"BBKMGDP",-11.7340862932174,2025-09-04,2025-09-04,-11.7340862932174,"Brave-Butters-Kelley Real Gross Domestic Product","1960-01-01","2025-06-01","Annualized % Chg. from Preceding Period","SA",2025-09-02,"Monthly"," perc. points",-22.4516884599571,"BBKMGDP"
"266",1982-02-01,"BBKMGDP",4.52527763428007,2025-09-04,2025-09-04,4.52527763428007,"Brave-Butters-Kelley Real Gross Domestic Product","1960-01-01","2025-06-01","Annualized % Chg. from Preceding Period","SA",2025-09-02,"Monthly"," perc. points",0.16748348836891,"BBKMGDP"
"267",1982-03-01,"BBKMGDP",0.611667398024196,2025-09-04,2025-09-04,0.611667398024196,"Brave-Butters-Kelley Real Gross Domestic Product","1960-01-01","2025-06-01","Annualized % Chg. from Preceding Period","SA",2025-09-02,"Monthly"," perc. points",3.53067487645354,"BBKMGDP"
"268",1982-04-01,"BBKMGDP",2.04743299991153,2025-09-04,2025-09-04,2.04743299991153,"Brave-Butters-Kelley Real Gross Domestic Product","1960-01-01","2025-06-01","Annualized % Chg. from Preceding Period","SA",2025-09-02,"Monthly"," perc. points",8.82499514653691,"BBKMGDP"
"269",1982-05-01,"BBKMGDP",2.6809629763972,2025-09-04,2025-09-04,2.6809629763972,"Brave-Butters-Kelley Real Gross Domestic Product","1960-01-01","2025-06-01","Annualized % Chg. from Preceding Period","SA",2025-09-02,"Monthly"," perc. points",6.83086822603679,"BBKMGDP"
"270",1982-06-01,"BBKMGDP",-0.858402402842774,2025-09-04,2025-09-04,-0.858402402842774,"Brave-Butters-Kelley Real Gross Domestic Product","1960-01-01","2025-06-01","Annualized % Chg. from Preceding Period","SA",2025-09-02,"Monthly"," perc. points",-4.18178595644068,"BBKMGDP"
"271",1982-07-01,"BBKMGDP",-2.42200542274767,2025-09-04,2025-09-04,-2.42200542274767,"Brave-Butters-Kelley Real Gross Domestic Product","1960-01-01","2025-06-01","Annualized % Chg. from Preceding Period","SA",2025-09-02,"Monthly"," perc. points",-11.7632905198589,"BBKMGDP"
"272",1982-08-01,"BBKMGDP",-3.9845417329063,2025-09-04,2025-09-04,-3.9845417329063,"Brave-Butters-Kelley Real Gross Domestic Product","1960-01-01","2025-06-01","Annualized % Chg. from Preceding Period","SA",2025-09-02,"Monthly"," perc. points",-10.06223620894,"BBKMGDP"
"273",1982-09-01,"BBKMGDP",0.490832050191064,2025-09-04,2025-09-04,0.490832050191064,"Brave-Butters-Kelley Real Gross Domestic Product","1960-01-01","2025-06-01","Annualized % Chg. from Preceding Period","SA",2025-09-02,"Monthly"," perc. points",0.293464674975882,"BBKMGDP"
"274",1982-10-01,"BBKMGDP",-0.463003269728795,2025-09-04,2025-09-04,-0.463003269728795,"Brave-Butters-Kelley Real Gross Domestic Product","1960-01-01","2025-06-01","Annualized % Chg. from Preceding Period","SA",2025-09-02,"Monthly"," perc. points",5.33241432485158,"BBKMGDP"
"275",1982-11-01,"BBKMGDP",1.98308825379933,2025-09-04,2025-09-04,1.98308825379933,"Brave-Butters-Kelley Real Gross Domestic Product","1960-01-01","2025-06-01","Annualized % Chg. from Preceding Period","SA",2025-09-02,"Monthly"," perc. points",10.7020550935285,"BBKMGDP"
"276",1982-12-01,"BBKMGDP",1.85538770080037,2025-09-04,2025-09-04,1.85538770080037,"Brave-Butters-Kelley Real Gross Domestic Product","1960-01-01","2025-06-01","Annualized % Chg. from Preceding Period","SA",2025-09-02,"Monthly"," perc. points",12.9264303492312,"BBKMGDP"
"277",1983-01-01,"BBKMGDP",8.71467977503911,2025-09-04,2025-09-04,8.71467977503911,"Brave-Butters-Kelley Real Gross Domestic Product","1960-01-01","2025-06-01","Annualized % Chg. from Preceding Period","SA",2025-09-02,"Monthly"," perc. points",20.4487660682565,"BBKMGDP"
"278",1983-02-01,"BBKMGDP",3.02292215957676,2025-09-04,2025-09-04,3.02292215957676,"Brave-Butters-Kelley Real Gross Domestic Product","1960-01-01","2025-06-01","Annualized % Chg. from Preceding Period","SA",2025-09-02,"Monthly"," perc. points",-1.50235547470331,"BBKMGDP"
"279",1983-03-01,"BBKMGDP",9.27176339543209,2025-09-04,2025-09-04,9.27176339543209,"Brave-Butters-Kelley Real Gross Domestic Product","1960-01-01","2025-06-01","Annualized % Chg. from Preceding Period","SA",2025-09-02,"Monthly"," perc. points",8.66009599740789,"BBKMGDP"
"280",1983-04-01,"BBKMGDP",10.3092010580316,2025-09-04,2025-09-04,10.3092010580316,"Brave-Butters-Kelley Real Gross Domestic Product","1960-01-01","2025-06-01","Annualized % Chg. from Preceding Period","SA",2025-09-02,"Monthly"," perc. points",8.2617680581201,"BBKMGDP"
"281",1983-05-01,"BBKMGDP",9.56156489893861,2025-09-04,2025-09-04,9.56156489893861,"Brave-Butters-Kelley Real Gross Domestic Product","1960-01-01","2025-06-01","Annualized % Chg. from Preceding Period","SA",2025-09-02,"Monthly"," perc. points",6.88060192254141,"BBKMGDP"
"282",1983-06-01,"BBKMGDP",9.38779899493261,2025-09-04,2025-09-04,9.38779899493261,"Brave-Butters-Kelley Real Gross Domestic Product","1960-01-01","2025-06-01","Annualized % Chg. from Preceding Period","SA",2025-09-02,"Monthly"," perc. points",10.2462013977754,"BBKMGDP"
"283",1983-07-01,"BBKMGDP",6.97625818192951,2025-09-04,2025-09-04,6.97625818192951,"Brave-Butters-Kelley Real Gross Domestic Product","1960-01-01","2025-06-01","Annualized % Chg. from Preceding Period","SA",2025-09-02,"Monthly"," perc. points",9.39826360467719,"BBKMGDP"
"284",1983-08-01,"BBKMGDP",6.06126136548335,2025-09-04,2025-09-04,6.06126136548335,"Brave-Butters-Kelley Real Gross Domestic Product","1960-01-01","2025-06-01","Annualized % Chg. from Preceding Period","SA",2025-09-02,"Monthly"," perc. points",10.0458030983897,"BBKMGDP"
"285",1983-09-01,"BBKMGDP",9.82172128144765,2025-09-04,2025-09-04,9.82172128144765,"Brave-Butters-Kelley Real Gross Domestic Product","1960-01-01","2025-06-01","Annualized % Chg. from Preceding Period","SA",2025-09-02,"Monthly"," perc. points",9.33088923125658,"BBKMGDP"
"286",1983-10-01,"BBKMGDP",8.48837426621548,2025-09-04,2025-09-04,8.48837426621548,"Brave-Butters-Kelley Real Gross Domestic Product","1960-01-01","2025-06-01","Annualized % Chg. from Preceding Period","SA",2025-09-02,"Monthly"," perc. points",8.95137753594427,"BBKMGDP"
"287",1983-11-01,"BBKMGDP",7.90349968693129,2025-09-04,2025-09-04,7.90349968693129,"Brave-Butters-Kelley Real Gross Domestic Product","1960-01-01","2025-06-01","Annualized % Chg. from Preceding Period","SA",2025-09-02,"Monthly"," perc. points",5.92041143313196,"BBKMGDP"
"288",1983-12-01,"BBKMGDP",7.37728007196235,2025-09-04,2025-09-04,7.37728007196235,"Brave-Butters-Kelley Real Gross Domestic Product","1960-01-01","2025-06-01","Annualized % Chg. from Preceding Period","SA",2025-09-02,"Monthly"," perc. points",5.52189237116199,"BBKMGDP"
"289",1984-01-01,"BBKMGDP",8.64642885434795,2025-09-04,2025-09-04,8.64642885434795,"Brave-Butters-Kelley Real Gross Domestic Product","1960-01-01","2025-06-01","Annualized % Chg. from Preceding Period","SA",2025-09-02,"Monthly"," perc. points",-0.0682509206911508,"BBKMGDP"
"290",1984-02-01,"BBKMGDP",7.47653635688071,2025-09-04,2025-09-04,7.47653635688071,"Brave-Butters-Kelley Real Gross Domestic Product","1960-01-01","2025-06-01","Annualized % Chg. from Preceding Period","SA",2025-09-02,"Monthly"," perc. points",4.45361419730396,"BBKMGDP"
"291",1984-03-01,"BBKMGDP",6.11925128046811,2025-09-04,2025-09-04,6.11925128046811,"Brave-Butters-Kelley Real Gross Domestic Product","1960-01-01","2025-06-01","Annualized % Chg. from Preceding Period","SA",2025-09-02,"Monthly"," perc. points",-3.15251211496398,"BBKMGDP"
"292",1984-04-01,"BBKMGDP",7.16243576706211,2025-09-04,2025-09-04,7.16243576706211,"Brave-Butters-Kelley Real Gross Domestic Product","1960-01-01","2025-06-01","Annualized % Chg. from Preceding Period","SA",2025-09-02,"Monthly"," perc. points",-3.14676529096952,"BBKMGDP"
"293",1984-05-01,"BBKMGDP",7.50421886101636,2025-09-04,2025-09-04,7.50421886101636,"Brave-Butters-Kelley Real Gross Domestic Product","1960-01-01","2025-06-01","Annualized % Chg. from Preceding Period","SA",2025-09-02,"Monthly"," perc. points",-2.05734603792225,"BBKMGDP"
"294",1984-06-01,"BBKMGDP",5.49168589008098,2025-09-04,2025-09-04,5.49168589008098,"Brave-Butters-Kelley Real Gross Domestic Product","1960-01-01","2025-06-01","Annualized % Chg. from Preceding Period","SA",2025-09-02,"Monthly"," perc. points",-3.89611310485163,"BBKMGDP"
"295",1984-07-01,"BBKMGDP",3.25495595255387,2025-09-04,2025-09-04,3.25495595255387,"Brave-Butters-Kelley Real Gross Domestic Product","1960-01-01","2025-06-01","Annualized % Chg. from Preceding Period","SA",2025-09-02,"Monthly"," perc. points",-3.72130222937565,"BBKMGDP"
"296",1984-08-01,"BBKMGDP",2.77365941155852,2025-09-04,2025-09-04,2.77365941155852,"Brave-Butters-Kelley Real Gross Domestic Product","1960-01-01","2025-06-01","Annualized % Chg. from Preceding Period","SA",2025-09-02,"Monthly"," perc. points",-3.28760195392482,"BBKMGDP"
"297",1984-09-01,"BBKMGDP",0.740429927963511,2025-09-04,2025-09-04,0.740429927963511,"Brave-Butters-Kelley Real Gross Domestic Product","1960-01-01","2025-06-01","Annualized % Chg. from Preceding Period","SA",2025-09-02,"Monthly"," perc. points",-9.08129135348414,"BBKMGDP"
"298",1984-10-01,"BBKMGDP",3.74594542815937,2025-09-04,2025-09-04,3.74594542815937,"Brave-Butters-Kelley Real Gross Domestic Product","1960-01-01","2025-06-01","Annualized % Chg. from Preceding Period","SA",2025-09-02,"Monthly"," perc. points",-4.7424288380561,"BBKMGDP"
"299",1984-11-01,"BBKMGDP",4.9364902505961,2025-09-04,2025-09-04,4.9364902505961,"Brave-Butters-Kelley Real Gross Domestic Product","1960-01-01","2025-06-01","Annualized % Chg. from Preceding Period","SA",2025-09-02,"Monthly"," perc. points",-2.96700943633519,"BBKMGDP"
"300",1984-12-01,"BBKMGDP",4.04705368473652,2025-09-04,2025-09-04,4.04705368473652,"Brave-Butters-Kelley Real Gross Domestic Product","1960-01-01","2025-06-01","Annualized % Chg. from Preceding Period","SA",2025-09-02,"Monthly"," perc. points",-3.33022638722583,"BBKMGDP"
"301",1985-01-01,"BBKMGDP",3.44616875236296,2025-09-04,2025-09-04,3.44616875236296,"Brave-Butters-Kelley Real Gross Domestic Product","1960-01-01","2025-06-01","Annualized % Chg. from Preceding Period","SA",2025-09-02,"Monthly"," perc. points",-5.200260101985,"BBKMGDP"
"302",1985-02-01,"BBKMGDP",3.53290197430741,2025-09-04,2025-09-04,3.53290197430741,"Brave-Butters-Kelley Real Gross Domestic Product","1960-01-01","2025-06-01","Annualized % Chg. from Preceding Period","SA",2025-09-02,"Monthly"," perc. points",-3.9436343825733,"BBKMGDP"
"303",1985-03-01,"BBKMGDP",4.27141922830013,2025-09-04,2025-09-04,4.27141922830013,"Brave-Butters-Kelley Real Gross Domestic Product","1960-01-01","2025-06-01","Annualized % Chg. from Preceding Period","SA",2025-09-02,"Monthly"," perc. points",-1.84783205216798,"BBKMGDP"
"304",1985-04-01,"BBKMGDP",1.61640310727655,2025-09-04,2025-09-04,1.61640310727655,"Brave-Butters-Kelley Real Gross Domestic Product","1960-01-01","2025-06-01","Annualized % Chg. from Preceding Period","SA",2025-09-02,"Monthly"," perc. points",-5.54603265978556,"BBKMGDP"
"305",1985-05-01,"BBKMGDP",5.09505950801982,2025-09-04,2025-09-04,5.09505950801982,"Brave-Butters-Kelley Real Gross Domestic Product","1960-01-01","2025-06-01","Annualized % Chg. from Preceding Period","SA",2025-09-02,"Monthly"," perc. points",-2.40915935299654,"BBKMGDP"
"306",1985-06-01,"BBKMGDP",4.45734436129138,2025-09-04,2025-09-04,4.45734436129138,"Brave-Butters-Kelley Real Gross Domestic Product","1960-01-01","2025-06-01","Annualized % Chg. from Preceding Period","SA",2025-09-02,"Monthly"," perc. points",-1.03434152878961,"BBKMGDP"
"307",1985-07-01,"BBKMGDP",6.97804359387426,2025-09-04,2025-09-04,6.97804359387426,"Brave-Butters-Kelley Real Gross Domestic Product","1960-01-01","2025-06-01","Annualized % Chg. from Preceding Period","SA",2025-09-02,"Monthly"," perc. points",3.72308764132039,"BBKMGDP"
"308",1985-08-01,"BBKMGDP",8.10658897175292,2025-09-04,2025-09-04,8.10658897175292,"Brave-Butters-Kelley Real Gross Domestic Product","1960-01-01","2025-06-01","Annualized % Chg. from Preceding Period","SA",2025-09-02,"Monthly"," perc. points",5.33292956019439,"BBKMGDP"
"309",1985-09-01,"BBKMGDP",3.39519013500316,2025-09-04,2025-09-04,3.39519013500316,"Brave-Butters-Kelley Real Gross Domestic Product","1960-01-01","2025-06-01","Annualized % Chg. from Preceding Period","SA",2025-09-02,"Monthly"," perc. points",2.65476020703965,"BBKMGDP"
"310",1985-10-01,"BBKMGDP",0.654316787541164,2025-09-04,2025-09-04,0.654316787541164,"Brave-Butters-Kelley Real Gross Domestic Product","1960-01-01","2025-06-01","Annualized % Chg. from Preceding Period","SA",2025-09-02,"Monthly"," perc. points",-3.09162864061821,"BBKMGDP"
"311",1985-11-01,"BBKMGDP",3.01539572215238,2025-09-04,2025-09-04,3.01539572215238,"Brave-Butters-Kelley Real Gross Domestic Product","1960-01-01","2025-06-01","Annualized % Chg. from Preceding Period","SA",2025-09-02,"Monthly"," perc. points",-1.92109452844372,"BBKMGDP"
"312",1985-12-01,"BBKMGDP",3.78781126829867,2025-09-04,2025-09-04,3.78781126829867,"Brave-Butters-Kelley Real Gross Domestic Product","1960-01-01","2025-06-01","Annualized % Chg. from Preceding Period","SA",2025-09-02,"Monthly"," perc. points",-0.259242416437849,"BBKMGDP"
"313",1986-01-01,"BBKMGDP",7.13791709048024,2025-09-04,2025-09-04,7.13791709048024,"Brave-Butters-Kelley Real Gross Domestic Product","1960-01-01","2025-06-01","Annualized % Chg. from Preceding Period","SA",2025-09-02,"Monthly"," perc. points",3.69174833811728,"BBKMGDP"
"314",1986-02-01,"BBKMGDP",0.864545321620148,2025-09-04,2025-09-04,0.864545321620148,"Brave-Butters-Kelley Real Gross Domestic Product","1960-01-01","2025-06-01","Annualized % Chg. from Preceding Period","SA",2025-09-02,"Monthly"," perc. points",-2.66835665268726,"BBKMGDP"
"315",1986-03-01,"BBKMGDP",-0.29100801451685,2025-09-04,2025-09-04,-0.29100801451685,"Brave-Butters-Kelley Real Gross Domestic Product","1960-01-01","2025-06-01","Annualized % Chg. from Preceding Period","SA",2025-09-02,"Monthly"," perc. points",-4.56242724281698,"BBKMGDP"
"316",1986-04-01,"BBKMGDP",3.25663368199711,2025-09-04,2025-09-04,3.25663368199711,"Brave-Butters-Kelley Real Gross Domestic Product","1960-01-01","2025-06-01","Annualized % Chg. from Preceding Period","SA",2025-09-02,"Monthly"," perc. points",1.64023057472056,"BBKMGDP"
"317",1986-05-01,"BBKMGDP",1.60612586547905,2025-09-04,2025-09-04,1.60612586547905,"Brave-Butters-Kelley Real Gross Domestic Product","1960-01-01","2025-06-01","Annualized % Chg. from Preceding Period","SA",2025-09-02,"Monthly"," perc. points",-3.48893364254077,"BBKMGDP"
"318",1986-06-01,"BBKMGDP",2.91087657397402,2025-09-04,2025-09-04,2.91087657397402,"Brave-Butters-Kelley Real Gross Domestic Product","1960-01-01","2025-06-01","Annualized % Chg. from Preceding Period","SA",2025-09-02,"Monthly"," perc. points",-1.54646778731736,"BBKMGDP"
"319",1986-07-01,"BBKMGDP",5.11722952592444,2025-09-04,2025-09-04,5.11722952592444,"Brave-Butters-Kelley Real Gross Domestic Product","1960-01-01","2025-06-01","Annualized % Chg. from Preceding Period","SA",2025-09-02,"Monthly"," perc. points",-1.86081406794982,"BBKMGDP"
"320",1986-08-01,"BBKMGDP",3.68659782469708,2025-09-04,2025-09-04,3.68659782469708,"Brave-Butters-Kelley Real Gross Domestic Product","1960-01-01","2025-06-01","Annualized % Chg. from Preceding Period","SA",2025-09-02,"Monthly"," perc. points",-4.41999114705584,"BBKMGDP"
"321",1986-09-01,"BBKMGDP",4.13301606427128,2025-09-04,2025-09-04,4.13301606427128,"Brave-Butters-Kelley Real Gross Domestic Product","1960-01-01","2025-06-01","Annualized % Chg. from Preceding Period","SA",2025-09-02,"Monthly"," perc. points",0.737825929268116,"BBKMGDP"
"322",1986-10-01,"BBKMGDP",0.429146114915343,2025-09-04,2025-09-04,0.429146114915343,"Brave-Butters-Kelley Real Gross Domestic Product","1960-01-01","2025-06-01","Annualized % Chg. from Preceding Period","SA",2025-09-02,"Monthly"," perc. points",-0.225170672625822,"BBKMGDP"
"323",1986-11-01,"BBKMGDP",0.888246548682762,2025-09-04,2025-09-04,0.888246548682762,"Brave-Butters-Kelley Real Gross Domestic Product","1960-01-01","2025-06-01","Annualized % Chg. from Preceding Period","SA",2025-09-02,"Monthly"," perc. points",-2.12714917346962,"BBKMGDP"
"324",1986-12-01,"BBKMGDP",4.24520839964725,2025-09-04,2025-09-04,4.24520839964725,"Brave-Butters-Kelley Real Gross Domestic Product","1960-01-01","2025-06-01","Annualized % Chg. from Preceding Period","SA",2025-09-02,"Monthly"," perc. points",0.457397131348578,"BBKMGDP"
"325",1987-01-01,"BBKMGDP",-0.738858385922609,2025-09-04,2025-09-04,-0.738858385922609,"Brave-Butters-Kelley Real Gross Domestic Product","1960-01-01","2025-06-01","Annualized % Chg. from Preceding Period","SA",2025-09-02,"Monthly"," perc. points",-7.87677547640285,"BBKMGDP"
"326",1987-02-01,"BBKMGDP",7.84166878237558,2025-09-04,2025-09-04,7.84166878237558,"Brave-Butters-Kelley Real Gross Domestic Product","1960-01-01","2025-06-01","Annualized % Chg. from Preceding Period","SA",2025-09-02,"Monthly"," perc. points",6.97712346075544,"BBKMGDP"
"327",1987-03-01,"BBKMGDP",3.77281397303777,2025-09-04,2025-09-04,3.77281397303777,"Brave-Butters-Kelley Real Gross Domestic Product","1960-01-01","2025-06-01","Annualized % Chg. from Preceding Period","SA",2025-09-02,"Monthly"," perc. points",4.06382198755462,"BBKMGDP"
"328",1987-04-01,"BBKMGDP",4.47884131873479,2025-09-04,2025-09-04,4.47884131873479,"Brave-Butters-Kelley Real Gross Domestic Product","1960-01-01","2025-06-01","Annualized % Chg. from Preceding Period","SA",2025-09-02,"Monthly"," perc. points",1.22220763673768,"BBKMGDP"
"329",1987-05-01,"BBKMGDP",3.66830003091808,2025-09-04,2025-09-04,3.66830003091808,"Brave-Butters-Kelley Real Gross Domestic Product","1960-01-01","2025-06-01","Annualized % Chg. from Preceding Period","SA",2025-09-02,"Monthly"," perc. points",2.06217416543903,"BBKMGDP"
"330",1987-06-01,"BBKMGDP",2.4504409654097,2025-09-04,2025-09-04,2.4504409654097,"Brave-Butters-Kelley Real Gross Domestic Product","1960-01-01","2025-06-01","Annualized % Chg. from Preceding Period","SA",2025-09-02,"Monthly"," perc. points",-0.460435608564315,"BBKMGDP"
"331",1987-07-01,"BBKMGDP",3.02307634044031,2025-09-04,2025-09-04,3.02307634044031,"Brave-Butters-Kelley Real Gross Domestic Product","1960-01-01","2025-06-01","Annualized % Chg. from Preceding Period","SA",2025-09-02,"Monthly"," perc. points",-2.09415318548413,"BBKMGDP"
"332",1987-08-01,"BBKMGDP",2.74253823309632,2025-09-04,2025-09-04,2.74253823309632,"Brave-Butters-Kelley Real Gross Domestic Product","1960-01-01","2025-06-01","Annualized % Chg. from Preceding Period","SA",2025-09-02,"Monthly"," perc. points",-0.944059591600756,"BBKMGDP"
"333",1987-09-01,"BBKMGDP",7.93347046842894,2025-09-04,2025-09-04,7.93347046842894,"Brave-Butters-Kelley Real Gross Domestic Product","1960-01-01","2025-06-01","Annualized % Chg. from Preceding Period","SA",2025-09-02,"Monthly"," perc. points",3.80045440415766,"BBKMGDP"
"334",1987-10-01,"BBKMGDP",9.51683186976835,2025-09-04,2025-09-04,9.51683186976835,"Brave-Butters-Kelley Real Gross Domestic Product","1960-01-01","2025-06-01","Annualized % Chg. from Preceding Period","SA",2025-09-02,"Monthly"," perc. points",9.08768575485301,"BBKMGDP"
"335",1987-11-01,"BBKMGDP",5.53439461525077,2025-09-04,2025-09-04,5.53439461525077,"Brave-Butters-Kelley Real Gross Domestic Product","1960-01-01","2025-06-01","Annualized % Chg. from Preceding Period","SA",2025-09-02,"Monthly"," perc. points",4.646148066568,"BBKMGDP"
"336",1987-12-01,"BBKMGDP",3.05411920826054,2025-09-04,2025-09-04,3.05411920826054,"Brave-Butters-Kelley Real Gross Domestic Product","1960-01-01","2025-06-01","Annualized % Chg. from Preceding Period","SA",2025-09-02,"Monthly"," perc. points",-1.19108919138671,"BBKMGDP"
"337",1988-01-01,"BBKMGDP",-1.45427197238644,2025-09-04,2025-09-04,-1.45427197238644,"Brave-Butters-Kelley Real Gross Domestic Product","1960-01-01","2025-06-01","Annualized % Chg. from Preceding Period","SA",2025-09-02,"Monthly"," perc. points",-0.71541358646383,"BBKMGDP"
"338",1988-02-01,"BBKMGDP",2.82241284114173,2025-09-04,2025-09-04,2.82241284114173,"Brave-Butters-Kelley Real Gross Domestic Product","1960-01-01","2025-06-01","Annualized % Chg. from Preceding Period","SA",2025-09-02,"Monthly"," perc. points",-5.01925594123385,"BBKMGDP"
"339",1988-03-01,"BBKMGDP",5.64679638124004,2025-09-04,2025-09-04,5.64679638124004,"Brave-Butters-Kelley Real Gross Domestic Product","1960-01-01","2025-06-01","Annualized % Chg. from Preceding Period","SA",2025-09-02,"Monthly"," perc. points",1.87398240820226,"BBKMGDP"
"340",1988-04-01,"BBKMGDP",6.67814689323727,2025-09-04,2025-09-04,6.67814689323727,"Brave-Butters-Kelley Real Gross Domestic Product","1960-01-01","2025-06-01","Annualized % Chg. from Preceding Period","SA",2025-09-02,"Monthly"," perc. points",2.19930557450247,"BBKMGDP"
"341",1988-05-01,"BBKMGDP",4.49375974534786,2025-09-04,2025-09-04,4.49375974534786,"Brave-Butters-Kelley Real Gross Domestic Product","1960-01-01","2025-06-01","Annualized % Chg. from Preceding Period","SA",2025-09-02,"Monthly"," perc. points",0.825459714429786,"BBKMGDP"
"342",1988-06-01,"BBKMGDP",3.86213440958023,2025-09-04,2025-09-04,3.86213440958023,"Brave-Butters-Kelley Real Gross Domestic Product","1960-01-01","2025-06-01","Annualized % Chg. from Preceding Period","SA",2025-09-02,"Monthly"," perc. points",1.41169344417052,"BBKMGDP"
"343",1988-07-01,"BBKMGDP",0.328256860686027,2025-09-04,2025-09-04,0.328256860686027,"Brave-Butters-Kelley Real Gross Domestic Product","1960-01-01","2025-06-01","Annualized % Chg. from Preceding Period","SA",2025-09-02,"Monthly"," perc. points",-2.69481947975428,"BBKMGDP"
"344",1988-08-01,"BBKMGDP",1.85910240619525,2025-09-04,2025-09-04,1.85910240619525,"Brave-Butters-Kelley Real Gross Domestic Product","1960-01-01","2025-06-01","Annualized % Chg. from Preceding Period","SA",2025-09-02,"Monthly"," perc. points",-0.883435826901069,"BBKMGDP"
"345",1988-09-01,"BBKMGDP",4.10780016159751,2025-09-04,2025-09-04,4.10780016159751,"Brave-Butters-Kelley Real Gross Domestic Product","1960-01-01","2025-06-01","Annualized % Chg. from Preceding Period","SA",2025-09-02,"Monthly"," perc. points",-3.82567030683143,"BBKMGDP"
"346",1988-10-01,"BBKMGDP",6.14690959971644,2025-09-04,2025-09-04,6.14690959971644,"Brave-Butters-Kelley Real Gross Domestic Product","1960-01-01","2025-06-01","Annualized % Chg. from Preceding Period","SA",2025-09-02,"Monthly"," perc. points",-3.36992227005191,"BBKMGDP"
"347",1988-11-01,"BBKMGDP",6.16868228937308,2025-09-04,2025-09-04,6.16868228937308,"Brave-Butters-Kelley Real Gross Domestic Product","1960-01-01","2025-06-01","Annualized % Chg. from Preceding Period","SA",2025-09-02,"Monthly"," perc. points",0.634287674122316,"BBKMGDP"
"348",1988-12-01,"BBKMGDP",6.79925554660545,2025-09-04,2025-09-04,6.79925554660545,"Brave-Butters-Kelley Real Gross Domestic Product","1960-01-01","2025-06-01","Annualized % Chg. from Preceding Period","SA",2025-09-02,"Monthly"," perc. points",3.74513633834491,"BBKMGDP"
"349",1989-01-01,"BBKMGDP",4.22416293106006,2025-09-04,2025-09-04,4.22416293106006,"Brave-Butters-Kelley Real Gross Domestic Product","1960-01-01","2025-06-01","Annualized % Chg. from Preceding Period","SA",2025-09-02,"Monthly"," perc. points",5.6784349034465,"BBKMGDP"
"350",1989-02-01,"BBKMGDP",0.632737252712584,2025-09-04,2025-09-04,0.632737252712584,"Brave-Butters-Kelley Real Gross Domestic Product","1960-01-01","2025-06-01","Annualized % Chg. from Preceding Period","SA",2025-09-02,"Monthly"," perc. points",-2.18967558842915,"BBKMGDP"
"351",1989-03-01,"BBKMGDP",2.69301196684007,2025-09-04,2025-09-04,2.69301196684007,"Brave-Butters-Kelley Real Gross Domestic Product","1960-01-01","2025-06-01","Annualized % Chg. from Preceding Period","SA",2025-09-02,"Monthly"," perc. points",-2.95378441439997,"BBKMGDP"
"352",1989-04-01,"BBKMGDP",4.15911547643542,2025-09-04,2025-09-04,4.15911547643542,"Brave-Butters-Kelley Real Gross Domestic Product","1960-01-01","2025-06-01","Annualized % Chg. from Preceding Period","SA",2025-09-02,"Monthly"," perc. points",-2.51903141680185,"BBKMGDP"
"353",1989-05-01,"BBKMGDP",2.52460875891842,2025-09-04,2025-09-04,2.52460875891842,"Brave-Butters-Kelley Real Gross Domestic Product","1960-01-01","2025-06-01","Annualized % Chg. from Preceding Period","SA",2025-09-02,"Monthly"," perc. points",-1.96915098642944,"BBKMGDP"
"354",1989-06-01,"BBKMGDP",3.83374454432675,2025-09-04,2025-09-04,3.83374454432675,"Brave-Butters-Kelley Real Gross Domestic Product","1960-01-01","2025-06-01","Annualized % Chg. from Preceding Period","SA",2025-09-02,"Monthly"," perc. points",-0.0283898652534713,"BBKMGDP"
"355",1989-07-01,"BBKMGDP",1.57658604429109,2025-09-04,2025-09-04,1.57658604429109,"Brave-Butters-Kelley Real Gross Domestic Product","1960-01-01","2025-06-01","Annualized % Chg. from Preceding Period","SA",2025-09-02,"Monthly"," perc. points",1.24832918360507,"BBKMGDP"
"356",1989-08-01,"BBKMGDP",6.08854151428932,2025-09-04,2025-09-04,6.08854151428932,"Brave-Butters-Kelley Real Gross Domestic Product","1960-01-01","2025-06-01","Annualized % Chg. from Preceding Period","SA",2025-09-02,"Monthly"," perc. points",4.22943910809407,"BBKMGDP"
"357",1989-09-01,"BBKMGDP",-0.543456980926309,2025-09-04,2025-09-04,-0.543456980926309,"Brave-Butters-Kelley Real Gross Domestic Product","1960-01-01","2025-06-01","Annualized % Chg. from Preceding Period","SA",2025-09-02,"Monthly"," perc. points",-4.65125714252382,"BBKMGDP"
"358",1989-10-01,"BBKMGDP",-1.68337317154089,2025-09-04,2025-09-04,-1.68337317154089,"Brave-Butters-Kelley Real Gross Domestic Product","1960-01-01","2025-06-01","Annualized % Chg. from Preceding Period","SA",2025-09-02,"Monthly"," perc. points",-7.83028277125733,"BBKMGDP"
"359",1989-11-01,"BBKMGDP",1.86001519709797,2025-09-04,2025-09-04,1.86001519709797,"Brave-Butters-Kelley Real Gross Domestic Product","1960-01-01","2025-06-01","Annualized % Chg. from Preceding Period","SA",2025-09-02,"Monthly"," perc. points",-4.30866709227512,"BBKMGDP"
"360",1989-12-01,"BBKMGDP",3.43491971209288,2025-09-04,2025-09-04,3.43491971209288,"Brave-Butters-Kelley Real Gross Domestic Product","1960-01-01","2025-06-01","Annualized % Chg. from Preceding Period","SA",2025-09-02,"Monthly"," perc. points",-3.36433583451257,"BBKMGDP"
"361",1990-01-01,"BBKMGDP",4.73039871597908,2025-09-04,2025-09-04,4.73039871597908,"Brave-Butters-Kelley Real Gross Domestic Product","1960-01-01","2025-06-01","Annualized % Chg. from Preceding Period","SA",2025-09-02,"Monthly"," perc. points",0.506235784919019,"BBKMGDP"
"362",1990-02-01,"BBKMGDP",6.3554250520603,2025-09-04,2025-09-04,6.3554250520603,"Brave-Butters-Kelley Real Gross Domestic Product","1960-01-01","2025-06-01","Annualized % Chg. from Preceding Period","SA",2025-09-02,"Monthly"," perc. points",5.72268779934771,"BBKMGDP"
"363",1990-03-01,"BBKMGDP",3.49147904364523,2025-09-04,2025-09-04,3.49147904364523,"Brave-Butters-Kelley Real Gross Domestic Product","1960-01-01","2025-06-01","Annualized % Chg. from Preceding Period","SA",2025-09-02,"Monthly"," perc. points",0.798467076805166,"BBKMGDP"
"364",1990-04-01,"BBKMGDP",-1.46549851345858,2025-09-04,2025-09-04,-1.46549851345858,"Brave-Butters-Kelley Real Gross Domestic Product","1960-01-01","2025-06-01","Annualized % Chg. from Preceding Period","SA",2025-09-02,"Monthly"," perc. points",-5.624613989894,"BBKMGDP"
"365",1990-05-01,"BBKMGDP",1.18418474853863,2025-09-04,2025-09-04,1.18418474853863,"Brave-Butters-Kelley Real Gross Domestic Product","1960-01-01","2025-06-01","Annualized % Chg. from Preceding Period","SA",2025-09-02,"Monthly"," perc. points",-1.34042401037979,"BBKMGDP"
"366",1990-06-01,"BBKMGDP",1.74405573868182,2025-09-04,2025-09-04,1.74405573868182,"Brave-Butters-Kelley Real Gross Domestic Product","1960-01-01","2025-06-01","Annualized % Chg. from Preceding Period","SA",2025-09-02,"Monthly"," perc. points",-2.08968880564494,"BBKMGDP"
"367",1990-07-01,"BBKMGDP",-0.205736662960961,2025-09-04,2025-09-04,-0.205736662960961,"Brave-Butters-Kelley Real Gross Domestic Product","1960-01-01","2025-06-01","Annualized % Chg. from Preceding Period","SA",2025-09-02,"Monthly"," perc. points",-1.78232270725205,"BBKMGDP"
"368",1990-08-01,"BBKMGDP",0.739717552009537,2025-09-04,2025-09-04,0.739717552009537,"Brave-Butters-Kelley Real Gross Domestic Product","1960-01-01","2025-06-01","Annualized % Chg. from Preceding Period","SA",2025-09-02,"Monthly"," perc. points",-5.34882396227979,"BBKMGDP"
"369",1990-09-01,"BBKMGDP",-3.14338392630599,2025-09-04,2025-09-04,-3.14338392630599,"Brave-Butters-Kelley Real Gross Domestic Product","1960-01-01","2025-06-01","Annualized % Chg. from Preceding Period","SA",2025-09-02,"Monthly"," perc. points",-2.59992694537968,"BBKMGDP"
"370",1990-10-01,"BBKMGDP",-3.99215761085473,2025-09-04,2025-09-04,-3.99215761085473,"Brave-Butters-Kelley Real Gross Domestic Product","1960-01-01","2025-06-01","Annualized % Chg. from Preceding Period","SA",2025-09-02,"Monthly"," perc. points",-2.30878443931384,"BBKMGDP"
"371",1990-11-01,"BBKMGDP",-6.3690346491034,2025-09-04,2025-09-04,-6.3690346491034,"Brave-Butters-Kelley Real Gross Domestic Product","1960-01-01","2025-06-01","Annualized % Chg. from Preceding Period","SA",2025-09-02,"Monthly"," perc. points",-8.22904984620136,"BBKMGDP"
"372",1990-12-01,"BBKMGDP",-2.67557390384214,2025-09-04,2025-09-04,-2.67557390384214,"Brave-Butters-Kelley Real Gross Domestic Product","1960-01-01","2025-06-01","Annualized % Chg. from Preceding Period","SA",2025-09-02,"Monthly"," perc. points",-6.11049361593502,"BBKMGDP"
"373",1991-01-01,"BBKMGDP",-1.65046385922585,2025-09-04,2025-09-04,-1.65046385922585,"Brave-Butters-Kelley Real Gross Domestic Product","1960-01-01","2025-06-01","Annualized % Chg. from Preceding Period","SA",2025-09-02,"Monthly"," perc. points",-6.38086257520493,"BBKMGDP"
"374",1991-02-01,"BBKMGDP",-0.23804938291944,2025-09-04,2025-09-04,-0.23804938291944,"Brave-Butters-Kelley Real Gross Domestic Product","1960-01-01","2025-06-01","Annualized % Chg. from Preceding Period","SA",2025-09-02,"Monthly"," perc. points",-6.59347443497974,"BBKMGDP"
"375",1991-03-01,"BBKMGDP",0.257924217759428,2025-09-04,2025-09-04,0.257924217759428,"Brave-Butters-Kelley Real Gross Domestic Product","1960-01-01","2025-06-01","Annualized % Chg. from Preceding Period","SA",2025-09-02,"Monthly"," perc. points",-3.23355482588581,"BBKMGDP"
"376",1991-04-01,"BBKMGDP",5.45306684946303,2025-09-04,2025-09-04,5.45306684946303,"Brave-Butters-Kelley Real Gross Domestic Product","1960-01-01","2025-06-01","Annualized % Chg. from Preceding Period","SA",2025-09-02,"Monthly"," perc. points",6.91856536292161,"BBKMGDP"
"377",1991-05-01,"BBKMGDP",4.49626293028767,2025-09-04,2025-09-04,4.49626293028767,"Brave-Butters-Kelley Real Gross Domestic Product","1960-01-01","2025-06-01","Annualized % Chg. from Preceding Period","SA",2025-09-02,"Monthly"," perc. points",3.31207818174904,"BBKMGDP"
"378",1991-06-01,"BBKMGDP",2.33261978247066,2025-09-04,2025-09-04,2.33261978247066,"Brave-Butters-Kelley Real Gross Domestic Product","1960-01-01","2025-06-01","Annualized % Chg. from Preceding Period","SA",2025-09-02,"Monthly"," perc. points",0.588564043788842,"BBKMGDP"
"379",1991-07-01,"BBKMGDP",2.10598030274582,2025-09-04,2025-09-04,2.10598030274582,"Brave-Butters-Kelley Real Gross Domestic Product","1960-01-01","2025-06-01","Annualized % Chg. from Preceding Period","SA",2025-09-02,"Monthly"," perc. points",2.31171696570678,"BBKMGDP"
"380",1991-08-01,"BBKMGDP",0.293929167124714,2025-09-04,2025-09-04,0.293929167124714,"Brave-Butters-Kelley Real Gross Domestic Product","1960-01-01","2025-06-01","Annualized % Chg. from Preceding Period","SA",2025-09-02,"Monthly"," perc. points",-0.445788384884823,"BBKMGDP"
"381",1991-09-01,"BBKMGDP",2.08517062328945,2025-09-04,2025-09-04,2.08517062328945,"Brave-Butters-Kelley Real Gross Domestic Product","1960-01-01","2025-06-01","Annualized % Chg. from Preceding Period","SA",2025-09-02,"Monthly"," perc. points",5.22855454959544,"BBKMGDP"
"382",1991-10-01,"BBKMGDP",0.685429859003323,2025-09-04,2025-09-04,0.685429859003323,"Brave-Butters-Kelley Real Gross Domestic Product","1960-01-01","2025-06-01","Annualized % Chg. from Preceding Period","SA",2025-09-02,"Monthly"," perc. points",4.67758746985805,"BBKMGDP"
"383",1991-11-01,"BBKMGDP",1.94359578494925,2025-09-04,2025-09-04,1.94359578494925,"Brave-Butters-Kelley Real Gross Domestic Product","1960-01-01","2025-06-01","Annualized % Chg. from Preceding Period","SA",2025-09-02,"Monthly"," perc. points",8.31263043405265,"BBKMGDP"
"384",1991-12-01,"BBKMGDP",2.10593982919255,2025-09-04,2025-09-04,2.10593982919255,"Brave-Butters-Kelley Real Gross Domestic Product","1960-01-01","2025-06-01","Annualized % Chg. from Preceding Period","SA",2025-09-02,"Monthly"," perc. points",4.7815137330347,"BBKMGDP"
"385",1992-01-01,"BBKMGDP",5.92485793662367,2025-09-04,2025-09-04,5.92485793662367,"Brave-Butters-Kelley Real Gross Domestic Product","1960-01-01","2025-06-01","Annualized % Chg. from Preceding Period","SA",2025-09-02,"Monthly"," perc. points",7.57532179584952,"BBKMGDP"
"386",1992-02-01,"BBKMGDP",6.42129931691447,2025-09-04,2025-09-04,6.42129931691447,"Brave-Butters-Kelley Real Gross Domestic Product","1960-01-01","2025-06-01","Annualized % Chg. from Preceding Period","SA",2025-09-02,"Monthly"," perc. points",6.65934869983391,"BBKMGDP"
"387",1992-03-01,"BBKMGDP",6.07047042034048,2025-09-04,2025-09-04,6.07047042034048,"Brave-Butters-Kelley Real Gross Domestic Product","1960-01-01","2025-06-01","Annualized % Chg. from Preceding Period","SA",2025-09-02,"Monthly"," perc. points",5.81254620258106,"BBKMGDP"
"388",1992-04-01,"BBKMGDP",4.00894739757179,2025-09-04,2025-09-04,4.00894739757179,"Brave-Butters-Kelley Real Gross Domestic Product","1960-01-01","2025-06-01","Annualized % Chg. from Preceding Period","SA",2025-09-02,"Monthly"," perc. points",-1.44411945189124,"BBKMGDP"
"389",1992-05-01,"BBKMGDP",2.25772570186567,2025-09-04,2025-09-04,2.25772570186567,"Brave-Butters-Kelley Real Gross Domestic Product","1960-01-01","2025-06-01","Annualized % Chg. from Preceding Period","SA",2025-09-02,"Monthly"," perc. points",-2.238537228422,"BBKMGDP"
"390",1992-06-01,"BBKMGDP",3.72249269662088,2025-09-04,2025-09-04,3.72249269662088,"Brave-Butters-Kelley Real Gross Domestic Product","1960-01-01","2025-06-01","Annualized % Chg. from Preceding Period","SA",2025-09-02,"Monthly"," perc. points",1.38987291415021,"BBKMGDP"
"391",1992-07-01,"BBKMGDP",5.34898720597207,2025-09-04,2025-09-04,5.34898720597207,"Brave-Butters-Kelley Real Gross Domestic Product","1960-01-01","2025-06-01","Annualized % Chg. from Preceding Period","SA",2025-09-02,"Monthly"," perc. points",3.24300690322625,"BBKMGDP"
"392",1992-08-01,"BBKMGDP",2.01055893114282,2025-09-04,2025-09-04,2.01055893114282,"Brave-Butters-Kelley Real Gross Domestic Product","1960-01-01","2025-06-01","Annualized % Chg. from Preceding Period","SA",2025-09-02,"Monthly"," perc. points",1.71662976401811,"BBKMGDP"
"393",1992-09-01,"BBKMGDP",5.64597141157253,2025-09-04,2025-09-04,5.64597141157253,"Brave-Butters-Kelley Real Gross Domestic Product","1960-01-01","2025-06-01","Annualized % Chg. from Preceding Period","SA",2025-09-02,"Monthly"," perc. points",3.56080078828307,"BBKMGDP"
"394",1992-10-01,"BBKMGDP",5.59846731473805,2025-09-04,2025-09-04,5.59846731473805,"Brave-Butters-Kelley Real Gross Domestic Product","1960-01-01","2025-06-01","Annualized % Chg. from Preceding Period","SA",2025-09-02,"Monthly"," perc. points",4.91303745573473,"BBKMGDP"
"395",1992-11-01,"BBKMGDP",2.945396619849,2025-09-04,2025-09-04,2.945396619849,"Brave-Butters-Kelley Real Gross Domestic Product","1960-01-01","2025-06-01","Annualized % Chg. from Preceding Period","SA",2025-09-02,"Monthly"," perc. points",1.00180083489975,"BBKMGDP"
"396",1992-12-01,"BBKMGDP",1.33402898240748,2025-09-04,2025-09-04,1.33402898240748,"Brave-Butters-Kelley Real Gross Domestic Product","1960-01-01","2025-06-01","Annualized % Chg. from Preceding Period","SA",2025-09-02,"Monthly"," perc. points",-0.771910846785072,"BBKMGDP"
"397",1993-01-01,"BBKMGDP",-0.244639227222563,2025-09-04,2025-09-04,-0.244639227222563,"Brave-Butters-Kelley Real Gross Domestic Product","1960-01-01","2025-06-01","Annualized % Chg. from Preceding Period","SA",2025-09-02,"Monthly"," perc. points",-6.16949716384623,"BBKMGDP"
"398",1993-02-01,"BBKMGDP",0.16234173902861,2025-09-04,2025-09-04,0.16234173902861,"Brave-Butters-Kelley Real Gross Domestic Product","1960-01-01","2025-06-01","Annualized % Chg. from Preceding Period","SA",2025-09-02,"Monthly"," perc. points",-6.25895757788586,"BBKMGDP"
"399",1993-03-01,"BBKMGDP",0.825617933493007,2025-09-04,2025-09-04,0.825617933493007,"Brave-Butters-Kelley Real Gross Domestic Product","1960-01-01","2025-06-01","Annualized % Chg. from Preceding Period","SA",2025-09-02,"Monthly"," perc. points",-5.24485248684748,"BBKMGDP"
"400",1993-04-01,"BBKMGDP",3.9914326672392,2025-09-04,2025-09-04,3.9914326672392,"Brave-Butters-Kelley Real Gross Domestic Product","1960-01-01","2025-06-01","Annualized % Chg. from Preceding Period","SA",2025-09-02,"Monthly"," perc. points",-0.0175147303325924,"BBKMGDP"
"401",1993-05-01,"BBKMGDP",2.78270988432509,2025-09-04,2025-09-04,2.78270988432509,"Brave-Butters-Kelley Real Gross Domestic Product","1960-01-01","2025-06-01","Annualized % Chg. from Preceding Period","SA",2025-09-02,"Monthly"," perc. points",0.524984182459426,"BBKMGDP"
"402",1993-06-01,"BBKMGDP",1.51967309644517,2025-09-04,2025-09-04,1.51967309644517,"Brave-Butters-Kelley Real Gross Domestic Product","1960-01-01","2025-06-01","Annualized % Chg. from Preceding Period","SA",2025-09-02,"Monthly"," perc. points",-2.20281960017571,"BBKMGDP"
"403",1993-07-01,"BBKMGDP",0.742969257200413,2025-09-04,2025-09-04,0.742969257200413,"Brave-Butters-Kelley Real Gross Domestic Product","1960-01-01","2025-06-01","Annualized % Chg. from Preceding Period","SA",2025-09-02,"Monthly"," perc. points",-4.60601794877166,"BBKMGDP"
"404",1993-08-01,"BBKMGDP",1.82741985672464,2025-09-04,2025-09-04,1.82741985672464,"Brave-Butters-Kelley Real Gross Domestic Product","1960-01-01","2025-06-01","Annualized % Chg. from Preceding Period","SA",2025-09-02,"Monthly"," perc. points",-0.183139074418186,"BBKMGDP"
"405",1993-09-01,"BBKMGDP",5.44480281204926,2025-09-04,2025-09-04,5.44480281204926,"Brave-Butters-Kelley Real Gross Domestic Product","1960-01-01","2025-06-01","Annualized % Chg. from Preceding Period","SA",2025-09-02,"Monthly"," perc. points",-0.201168599523267,"BBKMGDP"
"406",1993-10-01,"BBKMGDP",6.92664023588242,2025-09-04,2025-09-04,6.92664023588242,"Brave-Butters-Kelley Real Gross Domestic Product","1960-01-01","2025-06-01","Annualized % Chg. from Preceding Period","SA",2025-09-02,"Monthly"," perc. points",1.32817292114437,"BBKMGDP"
"407",1993-11-01,"BBKMGDP",5.30444789634536,2025-09-04,2025-09-04,5.30444789634536,"Brave-Butters-Kelley Real Gross Domestic Product","1960-01-01","2025-06-01","Annualized % Chg. from Preceding Period","SA",2025-09-02,"Monthly"," perc. points",2.35905127649636,"BBKMGDP"
"408",1993-12-01,"BBKMGDP",4.53586147194115,2025-09-04,2025-09-04,4.53586147194115,"Brave-Butters-Kelley Real Gross Domestic Product","1960-01-01","2025-06-01","Annualized % Chg. from Preceding Period","SA",2025-09-02,"Monthly"," perc. points",3.20183248953367,"BBKMGDP"
"409",1994-01-01,"BBKMGDP",2.06971299668999,2025-09-04,2025-09-04,2.06971299668999,"Brave-Butters-Kelley Real Gross Domestic Product","1960-01-01","2025-06-01","Annualized % Chg. from Preceding Period","SA",2025-09-02,"Monthly"," perc. points",2.31435222391256,"BBKMGDP"
"410",1994-02-01,"BBKMGDP",3.00893442540028,2025-09-04,2025-09-04,3.00893442540028,"Brave-Butters-Kelley Real Gross Domestic Product","1960-01-01","2025-06-01","Annualized % Chg. from Preceding Period","SA",2025-09-02,"Monthly"," perc. points",2.84659268637167,"BBKMGDP"
"411",1994-03-01,"BBKMGDP",8.1519033878609,2025-09-04,2025-09-04,8.1519033878609,"Brave-Butters-Kelley Real Gross Domestic Product","1960-01-01","2025-06-01","Annualized % Chg. from Preceding Period","SA",2025-09-02,"Monthly"," perc. points",7.32628545436789,"BBKMGDP"
"412",1994-04-01,"BBKMGDP",5.53336830688417,2025-09-04,2025-09-04,5.53336830688417,"Brave-Butters-Kelley Real Gross Domestic Product","1960-01-01","2025-06-01","Annualized % Chg. from Preceding Period","SA",2025-09-02,"Monthly"," perc. points",1.54193563964497,"BBKMGDP"
"413",1994-05-01,"BBKMGDP",4.7871628772971,2025-09-04,2025-09-04,4.7871628772971,"Brave-Butters-Kelley Real Gross Domestic Product","1960-01-01","2025-06-01","Annualized % Chg. from Preceding Period","SA",2025-09-02,"Monthly"," perc. points",2.004452992972,"BBKMGDP"
"414",1994-06-01,"BBKMGDP",2.98971435159846,2025-09-04,2025-09-04,2.98971435159846,"Brave-Butters-Kelley Real Gross Domestic Product","1960-01-01","2025-06-01","Annualized % Chg. from Preceding Period","SA",2025-09-02,"Monthly"," perc. points",1.47004125515329,"BBKMGDP"
"415",1994-07-01,"BBKMGDP",0.0885611526255699,2025-09-04,2025-09-04,0.0885611526255699,"Brave-Butters-Kelley Real Gross Domestic Product","1960-01-01","2025-06-01","Annualized % Chg. from Preceding Period","SA",2025-09-02,"Monthly"," perc. points",-0.654408104574843,"BBKMGDP"
"416",1994-08-01,"BBKMGDP",3.30883510560768,2025-09-04,2025-09-04,3.30883510560768,"Brave-Butters-Kelley Real Gross Domestic Product","1960-01-01","2025-06-01","Annualized % Chg. from Preceding Period","SA",2025-09-02,"Monthly"," perc. points",1.48141524888304,"BBKMGDP"
"417",1994-09-01,"BBKMGDP",3.32890870175151,2025-09-04,2025-09-04,3.32890870175151,"Brave-Butters-Kelley Real Gross Domestic Product","1960-01-01","2025-06-01","Annualized % Chg. from Preceding Period","SA",2025-09-02,"Monthly"," perc. points",-2.11589411029775,"BBKMGDP"
"418",1994-10-01,"BBKMGDP",5.47431750727467,2025-09-04,2025-09-04,5.47431750727467,"Brave-Butters-Kelley Real Gross Domestic Product","1960-01-01","2025-06-01","Annualized % Chg. from Preceding Period","SA",2025-09-02,"Monthly"," perc. points",-1.45232272860775,"BBKMGDP"
"419",1994-11-01,"BBKMGDP",5.29485261296379,2025-09-04,2025-09-04,5.29485261296379,"Brave-Butters-Kelley Real Gross Domestic Product","1960-01-01","2025-06-01","Annualized % Chg. from Preceding Period","SA",2025-09-02,"Monthly"," perc. points",-0.00959528338156801,"BBKMGDP"
"420",1994-12-01,"BBKMGDP",4.00882426293296,2025-09-04,2025-09-04,4.00882426293296,"Brave-Butters-Kelley Real Gross Domestic Product","1960-01-01","2025-06-01","Annualized % Chg. from Preceding Period","SA",2025-09-02,"Monthly"," perc. points",-0.527037209008188,"BBKMGDP"
"421",1995-01-01,"BBKMGDP",0.161287686440749,2025-09-04,2025-09-04,0.161287686440749,"Brave-Butters-Kelley Real Gross Domestic Product","1960-01-01","2025-06-01","Annualized % Chg. from Preceding Period","SA",2025-09-02,"Monthly"," perc. points",-1.90842531024925,"BBKMGDP"
"422",1995-02-01,"BBKMGDP",-0.723071704442648,2025-09-04,2025-09-04,-0.723071704442648,"Brave-Butters-Kelley Real Gross Domestic Product","1960-01-01","2025-06-01","Annualized % Chg. from Preceding Period","SA",2025-09-02,"Monthly"," perc. points",-3.73200612984293,"BBKMGDP"
"423",1995-03-01,"BBKMGDP",0.425070384261184,2025-09-04,2025-09-04,0.425070384261184,"Brave-Butters-Kelley Real Gross Domestic Product","1960-01-01","2025-06-01","Annualized % Chg. from Preceding Period","SA",2025-09-02,"Monthly"," perc. points",-7.72683300359971,"BBKMGDP"
"424",1995-04-01,"BBKMGDP",0.428112396562037,2025-09-04,2025-09-04,0.428112396562037,"Brave-Butters-Kelley Real Gross Domestic Product","1960-01-01","2025-06-01","Annualized % Chg. from Preceding Period","SA",2025-09-02,"Monthly"," perc. points",-5.10525591032213,"BBKMGDP"
"425",1995-05-01,"BBKMGDP",2.75143731933356,2025-09-04,2025-09-04,2.75143731933356,"Brave-Butters-Kelley Real Gross Domestic Product","1960-01-01","2025-06-01","Annualized % Chg. from Preceding Period","SA",2025-09-02,"Monthly"," perc. points",-2.03572555796354,"BBKMGDP"
"426",1995-06-01,"BBKMGDP",3.7871122931609,2025-09-04,2025-09-04,3.7871122931609,"Brave-Butters-Kelley Real Gross Domestic Product","1960-01-01","2025-06-01","Annualized % Chg. from Preceding Period","SA",2025-09-02,"Monthly"," perc. points",0.797397941562441,"BBKMGDP"
"427",1995-07-01,"BBKMGDP",1.52444176347932,2025-09-04,2025-09-04,1.52444176347932,"Brave-Butters-Kelley Real Gross Domestic Product","1960-01-01","2025-06-01","Annualized % Chg. from Preceding Period","SA",2025-09-02,"Monthly"," perc. points",1.43588061085375,"BBKMGDP"
"428",1995-08-01,"BBKMGDP",5.84557010786084,2025-09-04,2025-09-04,5.84557010786084,"Brave-Butters-Kelley Real Gross Domestic Product","1960-01-01","2025-06-01","Annualized % Chg. from Preceding Period","SA",2025-09-02,"Monthly"," perc. points",2.53673500225316,"BBKMGDP"
"429",1995-09-01,"BBKMGDP",3.90996732180753,2025-09-04,2025-09-04,3.90996732180753,"Brave-Butters-Kelley Real Gross Domestic Product","1960-01-01","2025-06-01","Annualized % Chg. from Preceding Period","SA",2025-09-02,"Monthly"," perc. points",0.581058620056017,"BBKMGDP"
"430",1995-10-01,"BBKMGDP",1.00645495564107,2025-09-04,2025-09-04,1.00645495564107,"Brave-Butters-Kelley Real Gross Domestic Product","1960-01-01","2025-06-01","Annualized % Chg. from Preceding Period","SA",2025-09-02,"Monthly"," perc. points",-4.4678625516336,"BBKMGDP"
"431",1995-11-01,"BBKMGDP",2.27452562806377,2025-09-04,2025-09-04,2.27452562806377,"Brave-Butters-Kelley Real Gross Domestic Product","1960-01-01","2025-06-01","Annualized % Chg. from Preceding Period","SA",2025-09-02,"Monthly"," perc. points",-3.02032698490002,"BBKMGDP"
"432",1995-12-01,"BBKMGDP",3.14384870434701,2025-09-04,2025-09-04,3.14384870434701,"Brave-Butters-Kelley Real Gross Domestic Product","1960-01-01","2025-06-01","Annualized % Chg. from Preceding Period","SA",2025-09-02,"Monthly"," perc. points",-0.864975558585954,"BBKMGDP"
"433",1996-01-01,"BBKMGDP",-0.336806781500911,2025-09-04,2025-09-04,-0.336806781500911,"Brave-Butters-Kelley Real Gross Domestic Product","1960-01-01","2025-06-01","Annualized % Chg. from Preceding Period","SA",2025-09-02,"Monthly"," perc. points",-0.498094467941661,"BBKMGDP"
"434",1996-02-01,"BBKMGDP",6.56142830754144,2025-09-04,2025-09-04,6.56142830754144,"Brave-Butters-Kelley Real Gross Domestic Product","1960-01-01","2025-06-01","Annualized % Chg. from Preceding Period","SA",2025-09-02,"Monthly"," perc. points",7.28450001198409,"BBKMGDP"
"435",1996-03-01,"BBKMGDP",6.17476837882019,2025-09-04,2025-09-04,6.17476837882019,"Brave-Butters-Kelley Real Gross Domestic Product","1960-01-01","2025-06-01","Annualized % Chg. from Preceding Period","SA",2025-09-02,"Monthly"," perc. points",5.749697994559,"BBKMGDP"
"436",1996-04-01,"BBKMGDP",7.59219141459133,2025-09-04,2025-09-04,7.59219141459133,"Brave-Butters-Kelley Real Gross Domestic Product","1960-01-01","2025-06-01","Annualized % Chg. from Preceding Period","SA",2025-09-02,"Monthly"," perc. points",7.16407901802929,"BBKMGDP"
"437",1996-05-01,"BBKMGDP",6.83983300632298,2025-09-04,2025-09-04,6.83983300632298,"Brave-Butters-Kelley Real Gross Domestic Product","1960-01-01","2025-06-01","Annualized % Chg. from Preceding Period","SA",2025-09-02,"Monthly"," perc. points",4.08839568698942,"BBKMGDP"
"438",1996-06-01,"BBKMGDP",4.17689946902241,2025-09-04,2025-09-04,4.17689946902241,"Brave-Butters-Kelley Real Gross Domestic Product","1960-01-01","2025-06-01","Annualized % Chg. from Preceding Period","SA",2025-09-02,"Monthly"," perc. points",0.38978717586151,"BBKMGDP"
"439",1996-07-01,"BBKMGDP",1.77015056525064,2025-09-04,2025-09-04,1.77015056525064,"Brave-Butters-Kelley Real Gross Domestic Product","1960-01-01","2025-06-01","Annualized % Chg. from Preceding Period","SA",2025-09-02,"Monthly"," perc. points",0.245708801771323,"BBKMGDP"
"440",1996-08-01,"BBKMGDP",3.35952579999635,2025-09-04,2025-09-04,3.35952579999635,"Brave-Butters-Kelley Real Gross Domestic Product","1960-01-01","2025-06-01","Annualized % Chg. from Preceding Period","SA",2025-09-02,"Monthly"," perc. points",-2.48604430786449,"BBKMGDP"
"441",1996-09-01,"BBKMGDP",4.94947436341177,2025-09-04,2025-09-04,4.94947436341177,"Brave-Butters-Kelley Real Gross Domestic Product","1960-01-01","2025-06-01","Annualized % Chg. from Preceding Period","SA",2025-09-02,"Monthly"," perc. points",1.03950704160425,"BBKMGDP"
"442",1996-10-01,"BBKMGDP",4.53580173996875,2025-09-04,2025-09-04,4.53580173996875,"Brave-Butters-Kelley Real Gross Domestic Product","1960-01-01","2025-06-01","Annualized % Chg. from Preceding Period","SA",2025-09-02,"Monthly"," perc. points",3.52934678432768,"BBKMGDP"
"443",1996-11-01,"BBKMGDP",4.78375443816607,2025-09-04,2025-09-04,4.78375443816607,"Brave-Butters-Kelley Real Gross Domestic Product","1960-01-01","2025-06-01","Annualized % Chg. from Preceding Period","SA",2025-09-02,"Monthly"," perc. points",2.5092288101023,"BBKMGDP"
"444",1996-12-01,"BBKMGDP",0.751465963877931,2025-09-04,2025-09-04,0.751465963877931,"Brave-Butters-Kelley Real Gross Domestic Product","1960-01-01","2025-06-01","Annualized % Chg. from Preceding Period","SA",2025-09-02,"Monthly"," perc. points",-2.39238274046908,"BBKMGDP"
"445",1997-01-01,"BBKMGDP",0.0542367830297668,2025-09-04,2025-09-04,0.0542367830297668,"Brave-Butters-Kelley Real Gross Domestic Product","1960-01-01","2025-06-01","Annualized % Chg. from Preceding Period","SA",2025-09-02,"Monthly"," perc. points",0.391043564530678,"BBKMGDP"
"446",1997-02-01,"BBKMGDP",5.31504960924753,2025-09-04,2025-09-04,5.31504960924753,"Brave-Butters-Kelley Real Gross Domestic Product","1960-01-01","2025-06-01","Annualized % Chg. from Preceding Period","SA",2025-09-02,"Monthly"," perc. points",-1.24637869829391,"BBKMGDP"
"447",1997-03-01,"BBKMGDP",6.08263635699292,2025-09-04,2025-09-04,6.08263635699292,"Brave-Butters-Kelley Real Gross Domestic Product","1960-01-01","2025-06-01","Annualized % Chg. from Preceding Period","SA",2025-09-02,"Monthly"," perc. points",-0.0921320218272665,"BBKMGDP"
"448",1997-04-01,"BBKMGDP",7.65955019919865,2025-09-04,2025-09-04,7.65955019919865,"Brave-Butters-Kelley Real Gross Domestic Product","1960-01-01","2025-06-01","Annualized % Chg. from Preceding Period","SA",2025-09-02,"Monthly"," perc. points",0.0673587846073165,"BBKMGDP"
"449",1997-05-01,"BBKMGDP",6.60473766174586,2025-09-04,2025-09-04,6.60473766174586,"Brave-Butters-Kelley Real Gross Domestic Product","1960-01-01","2025-06-01","Annualized % Chg. from Preceding Period","SA",2025-09-02,"Monthly"," perc. points",-0.235095344577117,"BBKMGDP"
"450",1997-06-01,"BBKMGDP",5.77127768158366,2025-09-04,2025-09-04,5.77127768158366,"Brave-Butters-Kelley Real Gross Domestic Product","1960-01-01","2025-06-01","Annualized % Chg. from Preceding Period","SA",2025-09-02,"Monthly"," perc. points",1.59437821256125,"BBKMGDP"
"451",1997-07-01,"BBKMGDP",5.32305470565408,2025-09-04,2025-09-04,5.32305470565408,"Brave-Butters-Kelley Real Gross Domestic Product","1960-01-01","2025-06-01","Annualized % Chg. from Preceding Period","SA",2025-09-02,"Monthly"," perc. points",3.55290414040344,"BBKMGDP"
"452",1997-08-01,"BBKMGDP",3.45592615121475,2025-09-04,2025-09-04,3.45592615121475,"Brave-Butters-Kelley Real Gross Domestic Product","1960-01-01","2025-06-01","Annualized % Chg. from Preceding Period","SA",2025-09-02,"Monthly"," perc. points",0.0964003512183966,"BBKMGDP"
"453",1997-09-01,"BBKMGDP",3.64513236282167,2025-09-04,2025-09-04,3.64513236282167,"Brave-Butters-Kelley Real Gross Domestic Product","1960-01-01","2025-06-01","Annualized % Chg. from Preceding Period","SA",2025-09-02,"Monthly"," perc. points",-1.3043420005901,"BBKMGDP"
"454",1997-10-01,"BBKMGDP",2.82987063795089,2025-09-04,2025-09-04,2.82987063795089,"Brave-Butters-Kelley Real Gross Domestic Product","1960-01-01","2025-06-01","Annualized % Chg. from Preceding Period","SA",2025-09-02,"Monthly"," perc. points",-1.70593110201786,"BBKMGDP"
"455",1997-11-01,"BBKMGDP",3.91043481446614,2025-09-04,2025-09-04,3.91043481446614,"Brave-Butters-Kelley Real Gross Domestic Product","1960-01-01","2025-06-01","Annualized % Chg. from Preceding Period","SA",2025-09-02,"Monthly"," perc. points",-0.873319623699926,"BBKMGDP"
"456",1997-12-01,"BBKMGDP",3.55612358137637,2025-09-04,2025-09-04,3.55612358137637,"Brave-Butters-Kelley Real Gross Domestic Product","1960-01-01","2025-06-01","Annualized % Chg. from Preceding Period","SA",2025-09-02,"Monthly"," perc. points",2.80465761749844,"BBKMGDP"
"457",1998-01-01,"BBKMGDP",4.14526288323491,2025-09-04,2025-09-04,4.14526288323491,"Brave-Butters-Kelley Real Gross Domestic Product","1960-01-01","2025-06-01","Annualized % Chg. from Preceding Period","SA",2025-09-02,"Monthly"," perc. points",4.09102610020514,"BBKMGDP"
"458",1998-02-01,"BBKMGDP",4.63221107794968,2025-09-04,2025-09-04,4.63221107794968,"Brave-Butters-Kelley Real Gross Domestic Product","1960-01-01","2025-06-01","Annualized % Chg. from Preceding Period","SA",2025-09-02,"Monthly"," perc. points",-0.682838531297858,"BBKMGDP"
"459",1998-03-01,"BBKMGDP",3.21873765612613,2025-09-04,2025-09-04,3.21873765612613,"Brave-Butters-Kelley Real Gross Domestic Product","1960-01-01","2025-06-01","Annualized % Chg. from Preceding Period","SA",2025-09-02,"Monthly"," perc. points",-2.86389870086679,"BBKMGDP"
"460",1998-04-01,"BBKMGDP",3.44300747002412,2025-09-04,2025-09-04,3.44300747002412,"Brave-Butters-Kelley Real Gross Domestic Product","1960-01-01","2025-06-01","Annualized % Chg. from Preceding Period","SA",2025-09-02,"Monthly"," perc. points",-4.21654272917452,"BBKMGDP"
"461",1998-05-01,"BBKMGDP",4.51630911790487,2025-09-04,2025-09-04,4.51630911790487,"Brave-Butters-Kelley Real Gross Domestic Product","1960-01-01","2025-06-01","Annualized % Chg. from Preceding Period","SA",2025-09-02,"Monthly"," perc. points",-2.08842854384099,"BBKMGDP"
"462",1998-06-01,"BBKMGDP",2.74109181246688,2025-09-04,2025-09-04,2.74109181246688,"Brave-Butters-Kelley Real Gross Domestic Product","1960-01-01","2025-06-01","Annualized % Chg. from Preceding Period","SA",2025-09-02,"Monthly"," perc. points",-3.03018586911678,"BBKMGDP"
"463",1998-07-01,"BBKMGDP",3.82575896069887,2025-09-04,2025-09-04,3.82575896069887,"Brave-Butters-Kelley Real Gross Domestic Product","1960-01-01","2025-06-01","Annualized % Chg. from Preceding Period","SA",2025-09-02,"Monthly"," perc. points",-1.49729574495521,"BBKMGDP"
"464",1998-08-01,"BBKMGDP",8.54529108566375,2025-09-04,2025-09-04,8.54529108566375,"Brave-Butters-Kelley Real Gross Domestic Product","1960-01-01","2025-06-01","Annualized % Chg. from Preceding Period","SA",2025-09-02,"Monthly"," perc. points",5.089364934449,"BBKMGDP"
"465",1998-09-01,"BBKMGDP",6.49684293402822,2025-09-04,2025-09-04,6.49684293402822,"Brave-Butters-Kelley Real Gross Domestic Product","1960-01-01","2025-06-01","Annualized % Chg. from Preceding Period","SA",2025-09-02,"Monthly"," perc. points",2.85171057120655,"BBKMGDP"
"466",1998-10-01,"BBKMGDP",7.31354051418803,2025-09-04,2025-09-04,7.31354051418803,"Brave-Butters-Kelley Real Gross Domestic Product","1960-01-01","2025-06-01","Annualized % Chg. from Preceding Period","SA",2025-09-02,"Monthly"," perc. points",4.48366987623714,"BBKMGDP"
"467",1998-11-01,"BBKMGDP",4.87557716424197,2025-09-04,2025-09-04,4.87557716424197,"Brave-Butters-Kelley Real Gross Domestic Product","1960-01-01","2025-06-01","Annualized % Chg. from Preceding Period","SA",2025-09-02,"Monthly"," perc. points",0.965142349775832,"BBKMGDP"
"468",1998-12-01,"BBKMGDP",4.23402917414136,2025-09-04,2025-09-04,4.23402917414136,"Brave-Butters-Kelley Real Gross Domestic Product","1960-01-01","2025-06-01","Annualized % Chg. from Preceding Period","SA",2025-09-02,"Monthly"," perc. points",0.677905592764994,"BBKMGDP"
"469",1999-01-01,"BBKMGDP",3.08232916763666,2025-09-04,2025-09-04,3.08232916763666,"Brave-Butters-Kelley Real Gross Domestic Product","1960-01-01","2025-06-01","Annualized % Chg. from Preceding Period","SA",2025-09-02,"Monthly"," perc. points",-1.06293371559825,"BBKMGDP"
"470",1999-02-01,"BBKMGDP",4.37074707327044,2025-09-04,2025-09-04,4.37074707327044,"Brave-Butters-Kelley Real Gross Domestic Product","1960-01-01","2025-06-01","Annualized % Chg. from Preceding Period","SA",2025-09-02,"Monthly"," perc. points",-0.261464004679234,"BBKMGDP"
"471",1999-03-01,"BBKMGDP",2.32225340030034,2025-09-04,2025-09-04,2.32225340030034,"Brave-Butters-Kelley Real Gross Domestic Product","1960-01-01","2025-06-01","Annualized % Chg. from Preceding Period","SA",2025-09-02,"Monthly"," perc. points",-0.89648425582579,"BBKMGDP"
"472",1999-04-01,"BBKMGDP",3.01796924864982,2025-09-04,2025-09-04,3.01796924864982,"Brave-Butters-Kelley Real Gross Domestic Product","1960-01-01","2025-06-01","Annualized % Chg. from Preceding Period","SA",2025-09-02,"Monthly"," perc. points",-0.425038221374302,"BBKMGDP"
"473",1999-05-01,"BBKMGDP",4.21275964963841,2025-09-04,2025-09-04,4.21275964963841,"Brave-Butters-Kelley Real Gross Domestic Product","1960-01-01","2025-06-01","Annualized % Chg. from Preceding Period","SA",2025-09-02,"Monthly"," perc. points",-0.303549468266463,"BBKMGDP"
"474",1999-06-01,"BBKMGDP",3.41765280485758,2025-09-04,2025-09-04,3.41765280485758,"Brave-Butters-Kelley Real Gross Domestic Product","1960-01-01","2025-06-01","Annualized % Chg. from Preceding Period","SA",2025-09-02,"Monthly"," perc. points",0.676560992390705,"BBKMGDP"
"475",1999-07-01,"BBKMGDP",5.41634236781728,2025-09-04,2025-09-04,5.41634236781728,"Brave-Butters-Kelley Real Gross Domestic Product","1960-01-01","2025-06-01","Annualized % Chg. from Preceding Period","SA",2025-09-02,"Monthly"," perc. points",1.5905834071184,"BBKMGDP"
"476",1999-08-01,"BBKMGDP",6.66647826856145,2025-09-04,2025-09-04,6.66647826856145,"Brave-Butters-Kelley Real Gross Domestic Product","1960-01-01","2025-06-01","Annualized % Chg. from Preceding Period","SA",2025-09-02,"Monthly"," perc. points",-1.8788128171023,"BBKMGDP"
"477",1999-09-01,"BBKMGDP",6.80862655493636,2025-09-04,2025-09-04,6.80862655493636,"Brave-Butters-Kelley Real Gross Domestic Product","1960-01-01","2025-06-01","Annualized % Chg. from Preceding Period","SA",2025-09-02,"Monthly"," perc. points",0.311783620908143,"BBKMGDP"
"478",1999-10-01,"BBKMGDP",9.19632042935517,2025-09-04,2025-09-04,9.19632042935517,"Brave-Butters-Kelley Real Gross Domestic Product","1960-01-01","2025-06-01","Annualized % Chg. from Preceding Period","SA",2025-09-02,"Monthly"," perc. points",1.88277991516714,"BBKMGDP"
"479",1999-11-01,"BBKMGDP",4.76475250337116,2025-09-04,2025-09-04,4.76475250337116,"Brave-Butters-Kelley Real Gross Domestic Product","1960-01-01","2025-06-01","Annualized % Chg. from Preceding Period","SA",2025-09-02,"Monthly"," perc. points",-0.110824660870815,"BBKMGDP"
"480",1999-12-01,"BBKMGDP",1.18006380271018,2025-09-04,2025-09-04,1.18006380271018,"Brave-Butters-Kelley Real Gross Domestic Product","1960-01-01","2025-06-01","Annualized % Chg. from Preceding Period","SA",2025-09-02,"Monthly"," perc. points",-3.05396537143118,"BBKMGDP"
"481",2000-01-01,"BBKMGDP",-1.24980883523802,2025-09-04,2025-09-04,-1.24980883523802,"Brave-Butters-Kelley Real Gross Domestic Product","1960-01-01","2025-06-01","Annualized % Chg. from Preceding Period","SA",2025-09-02,"Monthly"," perc. points",-4.33213800287468,"BBKMGDP"
"482",2000-02-01,"BBKMGDP",0.32199497904519,2025-09-04,2025-09-04,0.32199497904519,"Brave-Butters-Kelley Real Gross Domestic Product","1960-01-01","2025-06-01","Annualized % Chg. from Preceding Period","SA",2025-09-02,"Monthly"," perc. points",-4.04875209422525,"BBKMGDP"
"483",2000-03-01,"BBKMGDP",9.00008618732458,2025-09-04,2025-09-04,9.00008618732458,"Brave-Butters-Kelley Real Gross Domestic Product","1960-01-01","2025-06-01","Annualized % Chg. from Preceding Period","SA",2025-09-02,"Monthly"," perc. points",6.67783278702424,"BBKMGDP"
"484",2000-04-01,"BBKMGDP",10.6948745777273,2025-09-04,2025-09-04,10.6948745777273,"Brave-Butters-Kelley Real Gross Domestic Product","1960-01-01","2025-06-01","Annualized % Chg. from Preceding Period","SA",2025-09-02,"Monthly"," perc. points",7.67690532907744,"BBKMGDP"
"485",2000-05-01,"BBKMGDP",6.0482605589045,2025-09-04,2025-09-04,6.0482605589045,"Brave-Butters-Kelley Real Gross Domestic Product","1960-01-01","2025-06-01","Annualized % Chg. from Preceding Period","SA",2025-09-02,"Monthly"," perc. points",1.83550090926609,"BBKMGDP"
"486",2000-06-01,"BBKMGDP",2.48327880106768,2025-09-04,2025-09-04,2.48327880106768,"Brave-Butters-Kelley Real Gross Domestic Product","1960-01-01","2025-06-01","Annualized % Chg. from Preceding Period","SA",2025-09-02,"Monthly"," perc. points",-0.934374003789903,"BBKMGDP"
"487",2000-07-01,"BBKMGDP",-3.17234420409253,2025-09-04,2025-09-04,-3.17234420409253,"Brave-Butters-Kelley Real Gross Domestic Product","1960-01-01","2025-06-01","Annualized % Chg. from Preceding Period","SA",2025-09-02,"Monthly"," perc. points",-8.58868657190981,"BBKMGDP"
"488",2000-08-01,"BBKMGDP",-1.21748135353594,2025-09-04,2025-09-04,-1.21748135353594,"Brave-Butters-Kelley Real Gross Domestic Product","1960-01-01","2025-06-01","Annualized % Chg. from Preceding Period","SA",2025-09-02,"Monthly"," perc. points",-7.88395962209739,"BBKMGDP"
"489",2000-09-01,"BBKMGDP",4.60386536122272,2025-09-04,2025-09-04,4.60386536122272,"Brave-Butters-Kelley Real Gross Domestic Product","1960-01-01","2025-06-01","Annualized % Chg. from Preceding Period","SA",2025-09-02,"Monthly"," perc. points",-2.20476119371364,"BBKMGDP"
"490",2000-10-01,"BBKMGDP",3.55225549000965,2025-09-04,2025-09-04,3.55225549000965,"Brave-Butters-Kelley Real Gross Domestic Product","1960-01-01","2025-06-01","Annualized % Chg. from Preceding Period","SA",2025-09-02,"Monthly"," perc. points",-5.64406493934553,"BBKMGDP"
"491",2000-11-01,"BBKMGDP",2.20251010765957,2025-09-04,2025-09-04,2.20251010765957,"Brave-Butters-Kelley Real Gross Domestic Product","1960-01-01","2025-06-01","Annualized % Chg. from Preceding Period","SA",2025-09-02,"Monthly"," perc. points",-2.56224239571159,"BBKMGDP"
"492",2000-12-01,"BBKMGDP",-1.6106385439967,2025-09-04,2025-09-04,-1.6106385439967,"Brave-Butters-Kelley Real Gross Domestic Product","1960-01-01","2025-06-01","Annualized % Chg. from Preceding Period","SA",2025-09-02,"Monthly"," perc. points",-2.79070234670688,"BBKMGDP"
"493",2001-01-01,"BBKMGDP",-3.22303616973468,2025-09-04,2025-09-04,-3.22303616973468,"Brave-Butters-Kelley Real Gross Domestic Product","1960-01-01","2025-06-01","Annualized % Chg. from Preceding Period","SA",2025-09-02,"Monthly"," perc. points",-1.97322733449666,"BBKMGDP"
"494",2001-02-01,"BBKMGDP",-1.80029613312264,2025-09-04,2025-09-04,-1.80029613312264,"Brave-Butters-Kelley Real Gross Domestic Product","1960-01-01","2025-06-01","Annualized % Chg. from Preceding Period","SA",2025-09-02,"Monthly"," perc. points",-2.12229111216783,"BBKMGDP"
"495",2001-03-01,"BBKMGDP",2.45439581018808,2025-09-04,2025-09-04,2.45439581018808,"Brave-Butters-Kelley Real Gross Domestic Product","1960-01-01","2025-06-01","Annualized % Chg. from Preceding Period","SA",2025-09-02,"Monthly"," perc. points",-6.54569037713651,"BBKMGDP"
"496",2001-04-01,"BBKMGDP",4.12953337579897,2025-09-04,2025-09-04,4.12953337579897,"Brave-Butters-Kelley Real Gross Domestic Product","1960-01-01","2025-06-01","Annualized % Chg. from Preceding Period","SA",2025-09-02,"Monthly"," perc. points",-6.5653412019283,"BBKMGDP"
"497",2001-05-01,"BBKMGDP",4.14690691907203,2025-09-04,2025-09-04,4.14690691907203,"Brave-Butters-Kelley Real Gross Domestic Product","1960-01-01","2025-06-01","Annualized % Chg. from Preceding Period","SA",2025-09-02,"Monthly"," perc. points",-1.90135363983247,"BBKMGDP"
"498",2001-06-01,"BBKMGDP",-1.37212381390716,2025-09-04,2025-09-04,-1.37212381390716,"Brave-Butters-Kelley Real Gross Domestic Product","1960-01-01","2025-06-01","Annualized % Chg. from Preceding Period","SA",2025-09-02,"Monthly"," perc. points",-3.85540261497483,"BBKMGDP"
"499",2001-07-01,"BBKMGDP",-3.43043002947916,2025-09-04,2025-09-04,-3.43043002947916,"Brave-Butters-Kelley Real Gross Domestic Product","1960-01-01","2025-06-01","Annualized % Chg. from Preceding Period","SA",2025-09-02,"Monthly"," perc. points",-0.25808582538663,"BBKMGDP"
"500",2001-08-01,"BBKMGDP",-2.01440200020796,2025-09-04,2025-09-04,-2.01440200020796,"Brave-Butters-Kelley Real Gross Domestic Product","1960-01-01","2025-06-01","Annualized % Chg. from Preceding Period","SA",2025-09-02,"Monthly"," perc. points",-0.796920646672016,"BBKMGDP"
"501",2001-09-01,"BBKMGDP",-1.54011143592831,2025-09-04,2025-09-04,-1.54011143592831,"Brave-Butters-Kelley Real Gross Domestic Product","1960-01-01","2025-06-01","Annualized % Chg. from Preceding Period","SA",2025-09-02,"Monthly"," perc. points",-6.14397679715104,"BBKMGDP"
"502",2001-10-01,"BBKMGDP",2.41140293086851,2025-09-04,2025-09-04,2.41140293086851,"Brave-Butters-Kelley Real Gross Domestic Product","1960-01-01","2025-06-01","Annualized % Chg. from Preceding Period","SA",2025-09-02,"Monthly"," perc. points",-1.14085255914114,"BBKMGDP"
"503",2001-11-01,"BBKMGDP",2.14356022111112,2025-09-04,2025-09-04,2.14356022111112,"Brave-Butters-Kelley Real Gross Domestic Product","1960-01-01","2025-06-01","Annualized % Chg. from Preceding Period","SA",2025-09-02,"Monthly"," perc. points",-0.0589498865484472,"BBKMGDP"
"504",2001-12-01,"BBKMGDP",3.46226529173194,2025-09-04,2025-09-04,3.46226529173194,"Brave-Butters-Kelley Real Gross Domestic Product","1960-01-01","2025-06-01","Annualized % Chg. from Preceding Period","SA",2025-09-02,"Monthly"," perc. points",5.07290383572863,"BBKMGDP"
"505",2002-01-01,"BBKMGDP",4.17599698876676,2025-09-04,2025-09-04,4.17599698876676,"Brave-Butters-Kelley Real Gross Domestic Product","1960-01-01","2025-06-01","Annualized % Chg. from Preceding Period","SA",2025-09-02,"Monthly"," perc. points",7.39903315850144,"BBKMGDP"
"506",2002-02-01,"BBKMGDP",3.22667476922915,2025-09-04,2025-09-04,3.22667476922915,"Brave-Butters-Kelley Real Gross Domestic Product","1960-01-01","2025-06-01","Annualized % Chg. from Preceding Period","SA",2025-09-02,"Monthly"," perc. points",5.02697090235179,"BBKMGDP"
"507",2002-03-01,"BBKMGDP",1.931459069317,2025-09-04,2025-09-04,1.931459069317,"Brave-Butters-Kelley Real Gross Domestic Product","1960-01-01","2025-06-01","Annualized % Chg. from Preceding Period","SA",2025-09-02,"Monthly"," perc. points",-0.522936740871073,"BBKMGDP"
"508",2002-04-01,"BBKMGDP",2.73885393117917,2025-09-04,2025-09-04,2.73885393117917,"Brave-Butters-Kelley Real Gross Domestic Product","1960-01-01","2025-06-01","Annualized % Chg. from Preceding Period","SA",2025-09-02,"Monthly"," perc. points",-1.3906794446198,"BBKMGDP"
"509",2002-05-01,"BBKMGDP",2.06858735213631,2025-09-04,2025-09-04,2.06858735213631,"Brave-Butters-Kelley Real Gross Domestic Product","1960-01-01","2025-06-01","Annualized % Chg. from Preceding Period","SA",2025-09-02,"Monthly"," perc. points",-2.07831956693572,"BBKMGDP"
"510",2002-06-01,"BBKMGDP",2.53110206559592,2025-09-04,2025-09-04,2.53110206559592,"Brave-Butters-Kelley Real Gross Domestic Product","1960-01-01","2025-06-01","Annualized % Chg. from Preceding Period","SA",2025-09-02,"Monthly"," perc. points",3.90322587950308,"BBKMGDP"
"511",2002-07-01,"BBKMGDP",1.36366418956289,2025-09-04,2025-09-04,1.36366418956289,"Brave-Butters-Kelley Real Gross Domestic Product","1960-01-01","2025-06-01","Annualized % Chg. from Preceding Period","SA",2025-09-02,"Monthly"," perc. points",4.79409421904205,"BBKMGDP"
"512",2002-08-01,"BBKMGDP",1.70030495916985,2025-09-04,2025-09-04,1.70030495916985,"Brave-Butters-Kelley Real Gross Domestic Product","1960-01-01","2025-06-01","Annualized % Chg. from Preceding Period","SA",2025-09-02,"Monthly"," perc. points",3.71470695937781,"BBKMGDP"
"513",2002-09-01,"BBKMGDP",-0.0138799075548164,2025-09-04,2025-09-04,-0.0138799075548164,"Brave-Butters-Kelley Real Gross Domestic Product","1960-01-01","2025-06-01","Annualized % Chg. from Preceding Period","SA",2025-09-02,"Monthly"," perc. points",1.5262315283735,"BBKMGDP"
"514",2002-10-01,"BBKMGDP",-0.188407562075227,2025-09-04,2025-09-04,-0.188407562075227,"Brave-Butters-Kelley Real Gross Domestic Product","1960-01-01","2025-06-01","Annualized % Chg. from Preceding Period","SA",2025-09-02,"Monthly"," perc. points",-2.59981049294373,"BBKMGDP"
"515",2002-11-01,"BBKMGDP",1.8208307420596,2025-09-04,2025-09-04,1.8208307420596,"Brave-Butters-Kelley Real Gross Domestic Product","1960-01-01","2025-06-01","Annualized % Chg. from Preceding Period","SA",2025-09-02,"Monthly"," perc. points",-0.322729479051521,"BBKMGDP"
"516",2002-12-01,"BBKMGDP",-0.288815151507682,2025-09-04,2025-09-04,-0.288815151507682,"Brave-Butters-Kelley Real Gross Domestic Product","1960-01-01","2025-06-01","Annualized % Chg. from Preceding Period","SA",2025-09-02,"Monthly"," perc. points",-3.75108044323962,"BBKMGDP"
"517",2003-01-01,"BBKMGDP",3.53860513766057,2025-09-04,2025-09-04,3.53860513766057,"Brave-Butters-Kelley Real Gross Domestic Product","1960-01-01","2025-06-01","Annualized % Chg. from Preceding Period","SA",2025-09-02,"Monthly"," perc. points",-0.637391851106191,"BBKMGDP"
"518",2003-02-01,"BBKMGDP",1.98649427260356,2025-09-04,2025-09-04,1.98649427260356,"Brave-Butters-Kelley Real Gross Domestic Product","1960-01-01","2025-06-01","Annualized % Chg. from Preceding Period","SA",2025-09-02,"Monthly"," perc. points",-1.24018049662559,"BBKMGDP"
"519",2003-03-01,"BBKMGDP",3.06230586105308,2025-09-04,2025-09-04,3.06230586105308,"Brave-Butters-Kelley Real Gross Domestic Product","1960-01-01","2025-06-01","Annualized % Chg. from Preceding Period","SA",2025-09-02,"Monthly"," perc. points",1.13084679173608,"BBKMGDP"
"520",2003-04-01,"BBKMGDP",2.02152993737512,2025-09-04,2025-09-04,2.02152993737512,"Brave-Butters-Kelley Real Gross Domestic Product","1960-01-01","2025-06-01","Annualized % Chg. from Preceding Period","SA",2025-09-02,"Monthly"," perc. points",-0.717323993804047,"BBKMGDP"
"521",2003-05-01,"BBKMGDP",5.28232600204978,2025-09-04,2025-09-04,5.28232600204978,"Brave-Butters-Kelley Real Gross Domestic Product","1960-01-01","2025-06-01","Annualized % Chg. from Preceding Period","SA",2025-09-02,"Monthly"," perc. points",3.21373864991347,"BBKMGDP"
"522",2003-06-01,"BBKMGDP",7.01983938285566,2025-09-04,2025-09-04,7.01983938285566,"Brave-Butters-Kelley Real Gross Domestic Product","1960-01-01","2025-06-01","Annualized % Chg. from Preceding Period","SA",2025-09-02,"Monthly"," perc. points",4.48873731725974,"BBKMGDP"
"523",2003-07-01,"BBKMGDP",7.40492392659574,2025-09-04,2025-09-04,7.40492392659574,"Brave-Butters-Kelley Real Gross Domestic Product","1960-01-01","2025-06-01","Annualized % Chg. from Preceding Period","SA",2025-09-02,"Monthly"," perc. points",6.04125973703285,"BBKMGDP"
"524",2003-08-01,"BBKMGDP",5.60468796457571,2025-09-04,2025-09-04,5.60468796457571,"Brave-Butters-Kelley Real Gross Domestic Product","1960-01-01","2025-06-01","Annualized % Chg. from Preceding Period","SA",2025-09-02,"Monthly"," perc. points",3.90438300540586,"BBKMGDP"
"525",2003-09-01,"BBKMGDP",6.63284232075878,2025-09-04,2025-09-04,6.63284232075878,"Brave-Butters-Kelley Real Gross Domestic Product","1960-01-01","2025-06-01","Annualized % Chg. from Preceding Period","SA",2025-09-02,"Monthly"," perc. points",6.6467222283136,"BBKMGDP"
"526",2003-10-01,"BBKMGDP",4.37439380246725,2025-09-04,2025-09-04,4.37439380246725,"Brave-Butters-Kelley Real Gross Domestic Product","1960-01-01","2025-06-01","Annualized % Chg. from Preceding Period","SA",2025-09-02,"Monthly"," perc. points",4.56280136454247,"BBKMGDP"
"527",2003-11-01,"BBKMGDP",3.74378767802989,2025-09-04,2025-09-04,3.74378767802989,"Brave-Butters-Kelley Real Gross Domestic Product","1960-01-01","2025-06-01","Annualized % Chg. from Preceding Period","SA",2025-09-02,"Monthly"," perc. points",1.92295693597029,"BBKMGDP"
"528",2003-12-01,"BBKMGDP",2.06936570970402,2025-09-04,2025-09-04,2.06936570970402,"Brave-Butters-Kelley Real Gross Domestic Product","1960-01-01","2025-06-01","Annualized % Chg. from Preceding Period","SA",2025-09-02,"Monthly"," perc. points",2.3581808612117,"BBKMGDP"
"529",2004-01-01,"BBKMGDP",1.21922954894451,2025-09-04,2025-09-04,1.21922954894451,"Brave-Butters-Kelley Real Gross Domestic Product","1960-01-01","2025-06-01","Annualized % Chg. from Preceding Period","SA",2025-09-02,"Monthly"," perc. points",-2.31937558871605,"BBKMGDP"
"530",2004-02-01,"BBKMGDP",2.55190000207774,2025-09-04,2025-09-04,2.55190000207774,"Brave-Butters-Kelley Real Gross Domestic Product","1960-01-01","2025-06-01","Annualized % Chg. from Preceding Period","SA",2025-09-02,"Monthly"," perc. points",0.56540572947418,"BBKMGDP"
"531",2004-03-01,"BBKMGDP",3.69308988948215,2025-09-04,2025-09-04,3.69308988948215,"Brave-Butters-Kelley Real Gross Domestic Product","1960-01-01","2025-06-01","Annualized % Chg. from Preceding Period","SA",2025-09-02,"Monthly"," perc. points",0.630784028429073,"BBKMGDP"
"532",2004-04-01,"BBKMGDP",2.32536349955926,2025-09-04,2025-09-04,2.32536349955926,"Brave-Butters-Kelley Real Gross Domestic Product","1960-01-01","2025-06-01","Annualized % Chg. from Preceding Period","SA",2025-09-02,"Monthly"," perc. points",0.303833562184146,"BBKMGDP"
"533",2004-05-01,"BBKMGDP",3.87241117514127,2025-09-04,2025-09-04,3.87241117514127,"Brave-Butters-Kelley Real Gross Domestic Product","1960-01-01","2025-06-01","Annualized % Chg. from Preceding Period","SA",2025-09-02,"Monthly"," perc. points",-1.40991482690851,"BBKMGDP"
"534",2004-06-01,"BBKMGDP",3.13873886824625,2025-09-04,2025-09-04,3.13873886824625,"Brave-Butters-Kelley Real Gross Domestic Product","1960-01-01","2025-06-01","Annualized % Chg. from Preceding Period","SA",2025-09-02,"Monthly"," perc. points",-3.88110051460941,"BBKMGDP"
"535",2004-07-01,"BBKMGDP",4.43226202202311,2025-09-04,2025-09-04,4.43226202202311,"Brave-Butters-Kelley Real Gross Domestic Product","1960-01-01","2025-06-01","Annualized % Chg. from Preceding Period","SA",2025-09-02,"Monthly"," perc. points",-2.97266190457262,"BBKMGDP"
"536",2004-08-01,"BBKMGDP",3.68939559461238,2025-09-04,2025-09-04,3.68939559461238,"Brave-Butters-Kelley Real Gross Domestic Product","1960-01-01","2025-06-01","Annualized % Chg. from Preceding Period","SA",2025-09-02,"Monthly"," perc. points",-1.91529236996333,"BBKMGDP"
"537",2004-09-01,"BBKMGDP",3.14683859637507,2025-09-04,2025-09-04,3.14683859637507,"Brave-Butters-Kelley Real Gross Domestic Product","1960-01-01","2025-06-01","Annualized % Chg. from Preceding Period","SA",2025-09-02,"Monthly"," perc. points",-3.48600372438372,"BBKMGDP"
"538",2004-10-01,"BBKMGDP",4.19123693264788,2025-09-04,2025-09-04,4.19123693264788,"Brave-Butters-Kelley Real Gross Domestic Product","1960-01-01","2025-06-01","Annualized % Chg. from Preceding Period","SA",2025-09-02,"Monthly"," perc. points",-0.183156869819363,"BBKMGDP"
"539",2004-11-01,"BBKMGDP",3.96172348495002,2025-09-04,2025-09-04,3.96172348495002,"Brave-Butters-Kelley Real Gross Domestic Product","1960-01-01","2025-06-01","Annualized % Chg. from Preceding Period","SA",2025-09-02,"Monthly"," perc. points",0.217935806920133,"BBKMGDP"
"540",2004-12-01,"BBKMGDP",6.0701820231689,2025-09-04,2025-09-04,6.0701820231689,"Brave-Butters-Kelley Real Gross Domestic Product","1960-01-01","2025-06-01","Annualized % Chg. from Preceding Period","SA",2025-09-02,"Monthly"," perc. points",4.00081631346488,"BBKMGDP"
"541",2005-01-01,"BBKMGDP",5.1739484972547,2025-09-04,2025-09-04,5.1739484972547,"Brave-Butters-Kelley Real Gross Domestic Product","1960-01-01","2025-06-01","Annualized % Chg. from Preceding Period","SA",2025-09-02,"Monthly"," perc. points",3.95471894831018,"BBKMGDP"
"542",2005-02-01,"BBKMGDP",3.74934387545698,2025-09-04,2025-09-04,3.74934387545698,"Brave-Butters-Kelley Real Gross Domestic Product","1960-01-01","2025-06-01","Annualized % Chg. from Preceding Period","SA",2025-09-02,"Monthly"," perc. points",1.19744387337924,"BBKMGDP"
"543",2005-03-01,"BBKMGDP",0.583832086976812,2025-09-04,2025-09-04,0.583832086976812,"Brave-Butters-Kelley Real Gross Domestic Product","1960-01-01","2025-06-01","Annualized % Chg. from Preceding Period","SA",2025-09-02,"Monthly"," perc. points",-3.10925780250534,"BBKMGDP"
"544",2005-04-01,"BBKMGDP",2.18778488755508,2025-09-04,2025-09-04,2.18778488755508,"Brave-Butters-Kelley Real Gross Domestic Product","1960-01-01","2025-06-01","Annualized % Chg. from Preceding Period","SA",2025-09-02,"Monthly"," perc. points",-0.13757861200418,"BBKMGDP"
"545",2005-05-01,"BBKMGDP",1.20133383246016,2025-09-04,2025-09-04,1.20133383246016,"Brave-Butters-Kelley Real Gross Domestic Product","1960-01-01","2025-06-01","Annualized % Chg. from Preceding Period","SA",2025-09-02,"Monthly"," perc. points",-2.67107734268111,"BBKMGDP"
"546",2005-06-01,"BBKMGDP",3.8181149105351,2025-09-04,2025-09-04,3.8181149105351,"Brave-Butters-Kelley Real Gross Domestic Product","1960-01-01","2025-06-01","Annualized % Chg. from Preceding Period","SA",2025-09-02,"Monthly"," perc. points",0.679376042288846,"BBKMGDP"
"547",2005-07-01,"BBKMGDP",3.30352911761778,2025-09-04,2025-09-04,3.30352911761778,"Brave-Butters-Kelley Real Gross Domestic Product","1960-01-01","2025-06-01","Annualized % Chg. from Preceding Period","SA",2025-09-02,"Monthly"," perc. points",-1.12873290440534,"BBKMGDP"
"548",2005-08-01,"BBKMGDP",4.50601371102417,2025-09-04,2025-09-04,4.50601371102417,"Brave-Butters-Kelley Real Gross Domestic Product","1960-01-01","2025-06-01","Annualized % Chg. from Preceding Period","SA",2025-09-02,"Monthly"," perc. points",0.816618116411795,"BBKMGDP"
"549",2005-09-01,"BBKMGDP",0.345962382464786,2025-09-04,2025-09-04,0.345962382464786,"Brave-Butters-Kelley Real Gross Domestic Product","1960-01-01","2025-06-01","Annualized % Chg. from Preceding Period","SA",2025-09-02,"Monthly"," perc. points",-2.80087621391028,"BBKMGDP"
"550",2005-10-01,"BBKMGDP",0.973912720989258,2025-09-04,2025-09-04,0.973912720989258,"Brave-Butters-Kelley Real Gross Domestic Product","1960-01-01","2025-06-01","Annualized % Chg. from Preceding Period","SA",2025-09-02,"Monthly"," perc. points",-3.21732421165862,"BBKMGDP"
"551",2005-11-01,"BBKMGDP",3.33410779423553,2025-09-04,2025-09-04,3.33410779423553,"Brave-Butters-Kelley Real Gross Domestic Product","1960-01-01","2025-06-01","Annualized % Chg. from Preceding Period","SA",2025-09-02,"Monthly"," perc. points",-0.627615690714495,"BBKMGDP"
"552",2005-12-01,"BBKMGDP",5.14485880095841,2025-09-04,2025-09-04,5.14485880095841,"Brave-Butters-Kelley Real Gross Domestic Product","1960-01-01","2025-06-01","Annualized % Chg. from Preceding Period","SA",2025-09-02,"Monthly"," perc. points",-0.92532322221049,"BBKMGDP"
"553",2006-01-01,"BBKMGDP",7.22754331555228,2025-09-04,2025-09-04,7.22754331555228,"Brave-Butters-Kelley Real Gross Domestic Product","1960-01-01","2025-06-01","Annualized % Chg. from Preceding Period","SA",2025-09-02,"Monthly"," perc. points",2.05359481829758,"BBKMGDP"
"554",2006-02-01,"BBKMGDP",4.80613366718099,2025-09-04,2025-09-04,4.80613366718099,"Brave-Butters-Kelley Real Gross Domestic Product","1960-01-01","2025-06-01","Annualized % Chg. from Preceding Period","SA",2025-09-02,"Monthly"," perc. points",1.05678979172401,"BBKMGDP"
"555",2006-03-01,"BBKMGDP",3.19205629750821,2025-09-04,2025-09-04,3.19205629750821,"Brave-Butters-Kelley Real Gross Domestic Product","1960-01-01","2025-06-01","Annualized % Chg. from Preceding Period","SA",2025-09-02,"Monthly"," perc. points",2.6082242105314,"BBKMGDP"
"556",2006-04-01,"BBKMGDP",-0.254548402967658,2025-09-04,2025-09-04,-0.254548402967658,"Brave-Butters-Kelley Real Gross Domestic Product","1960-01-01","2025-06-01","Annualized % Chg. from Preceding Period","SA",2025-09-02,"Monthly"," perc. points",-2.44233329052274,"BBKMGDP"
"557",2006-05-01,"BBKMGDP",-0.190781638575171,2025-09-04,2025-09-04,-0.190781638575171,"Brave-Butters-Kelley Real Gross Domestic Product","1960-01-01","2025-06-01","Annualized % Chg. from Preceding Period","SA",2025-09-02,"Monthly"," perc. points",-1.39211547103533,"BBKMGDP"
"558",2006-06-01,"BBKMGDP",-0.723505850536637,2025-09-04,2025-09-04,-0.723505850536637,"Brave-Butters-Kelley Real Gross Domestic Product","1960-01-01","2025-06-01","Annualized % Chg. from Preceding Period","SA",2025-09-02,"Monthly"," perc. points",-4.54162076107174,"BBKMGDP"
"559",2006-07-01,"BBKMGDP",-0.583382166685634,2025-09-04,2025-09-04,-0.583382166685634,"Brave-Butters-Kelley Real Gross Domestic Product","1960-01-01","2025-06-01","Annualized % Chg. from Preceding Period","SA",2025-09-02,"Monthly"," perc. points",-3.88691128430341,"BBKMGDP"
"560",2006-08-01,"BBKMGDP",2.72218179896994,2025-09-04,2025-09-04,2.72218179896994,"Brave-Butters-Kelley Real Gross Domestic Product","1960-01-01","2025-06-01","Annualized % Chg. from Preceding Period","SA",2025-09-02,"Monthly"," perc. points",-1.78383191205424,"BBKMGDP"
"561",2006-09-01,"BBKMGDP",3.31885644108246,2025-09-04,2025-09-04,3.31885644108246,"Brave-Butters-Kelley Real Gross Domestic Product","1960-01-01","2025-06-01","Annualized % Chg. from Preceding Period","SA",2025-09-02,"Monthly"," perc. points",2.97289405861768,"BBKMGDP"
"562",2006-10-01,"BBKMGDP",3.74901161755577,2025-09-04,2025-09-04,3.74901161755577,"Brave-Butters-Kelley Real Gross Domestic Product","1960-01-01","2025-06-01","Annualized % Chg. from Preceding Period","SA",2025-09-02,"Monthly"," perc. points",2.77509889656651,"BBKMGDP"
"563",2006-11-01,"BBKMGDP",3.40808280075763,2025-09-04,2025-09-04,3.40808280075763,"Brave-Butters-Kelley Real Gross Domestic Product","1960-01-01","2025-06-01","Annualized % Chg. from Preceding Period","SA",2025-09-02,"Monthly"," perc. points",0.073975006522101,"BBKMGDP"
"564",2006-12-01,"BBKMGDP",3.40061830267054,2025-09-04,2025-09-04,3.40061830267054,"Brave-Butters-Kelley Real Gross Domestic Product","1960-01-01","2025-06-01","Annualized % Chg. from Preceding Period","SA",2025-09-02,"Monthly"," perc. points",-1.74424049828787,"BBKMGDP"
"565",2007-01-01,"BBKMGDP",-1.47450253269091,2025-09-04,2025-09-04,-1.47450253269091,"Brave-Butters-Kelley Real Gross Domestic Product","1960-01-01","2025-06-01","Annualized % Chg. from Preceding Period","SA",2025-09-02,"Monthly"," perc. points",-8.70204584824319,"BBKMGDP"
"566",2007-02-01,"BBKMGDP",1.10237128857727,2025-09-04,2025-09-04,1.10237128857727,"Brave-Butters-Kelley Real Gross Domestic Product","1960-01-01","2025-06-01","Annualized % Chg. from Preceding Period","SA",2025-09-02,"Monthly"," perc. points",-3.70376237860372,"BBKMGDP"
"567",2007-03-01,"BBKMGDP",2.8180485204014,2025-09-04,2025-09-04,2.8180485204014,"Brave-Butters-Kelley Real Gross Domestic Product","1960-01-01","2025-06-01","Annualized % Chg. from Preceding Period","SA",2025-09-02,"Monthly"," perc. points",-0.374007777106811,"BBKMGDP"
"568",2007-04-01,"BBKMGDP",2.41656299563448,2025-09-04,2025-09-04,2.41656299563448,"Brave-Butters-Kelley Real Gross Domestic Product","1960-01-01","2025-06-01","Annualized % Chg. from Preceding Period","SA",2025-09-02,"Monthly"," perc. points",2.67111139860214,"BBKMGDP"
"569",2007-05-01,"BBKMGDP",2.94958940839689,2025-09-04,2025-09-04,2.94958940839689,"Brave-Butters-Kelley Real Gross Domestic Product","1960-01-01","2025-06-01","Annualized % Chg. from Preceding Period","SA",2025-09-02,"Monthly"," perc. points",3.14037104697206,"BBKMGDP"
"570",2007-06-01,"BBKMGDP",2.06381965067053,2025-09-04,2025-09-04,2.06381965067053,"Brave-Butters-Kelley Real Gross Domestic Product","1960-01-01","2025-06-01","Annualized % Chg. from Preceding Period","SA",2025-09-02,"Monthly"," perc. points",2.78732550120717,"BBKMGDP"
"571",2007-07-01,"BBKMGDP",1.20821286626226,2025-09-04,2025-09-04,1.20821286626226,"Brave-Butters-Kelley Real Gross Domestic Product","1960-01-01","2025-06-01","Annualized % Chg. from Preceding Period","SA",2025-09-02,"Monthly"," perc. points",1.79159503294789,"BBKMGDP"
"572",2007-08-01,"BBKMGDP",3.16952877331089,2025-09-04,2025-09-04,3.16952877331089,"Brave-Butters-Kelley Real Gross Domestic Product","1960-01-01","2025-06-01","Annualized % Chg. from Preceding Period","SA",2025-09-02,"Monthly"," perc. points",0.447346974340953,"BBKMGDP"
"573",2007-09-01,"BBKMGDP",3.64230682398698,2025-09-04,2025-09-04,3.64230682398698,"Brave-Butters-Kelley Real Gross Domestic Product","1960-01-01","2025-06-01","Annualized % Chg. from Preceding Period","SA",2025-09-02,"Monthly"," perc. points",0.323450382904516,"BBKMGDP"
"574",2007-10-01,"BBKMGDP",3.34448180344266,2025-09-04,2025-09-04,3.34448180344266,"Brave-Butters-Kelley Real Gross Domestic Product","1960-01-01","2025-06-01","Annualized % Chg. from Preceding Period","SA",2025-09-02,"Monthly"," perc. points",-0.404529814113105,"BBKMGDP"
"575",2007-11-01,"BBKMGDP",2.09009735061859,2025-09-04,2025-09-04,2.09009735061859,"Brave-Butters-Kelley Real Gross Domestic Product","1960-01-01","2025-06-01","Annualized % Chg. from Preceding Period","SA",2025-09-02,"Monthly"," perc. points",-1.31798545013904,"BBKMGDP"
"576",2007-12-01,"BBKMGDP",-2.12287537586947,2025-09-04,2025-09-04,-2.12287537586947,"Brave-Butters-Kelley Real Gross Domestic Product","1960-01-01","2025-06-01","Annualized % Chg. from Preceding Period","SA",2025-09-02,"Monthly"," perc. points",-5.52349367854002,"BBKMGDP"
"577",2008-01-01,"BBKMGDP",-3.15887426240401,2025-09-04,2025-09-04,-3.15887426240401,"Brave-Butters-Kelley Real Gross Domestic Product","1960-01-01","2025-06-01","Annualized % Chg. from Preceding Period","SA",2025-09-02,"Monthly"," perc. points",-1.68437172971309,"BBKMGDP"
"578",2008-02-01,"BBKMGDP",-2.44838414784496,2025-09-04,2025-09-04,-2.44838414784496,"Brave-Butters-Kelley Real Gross Domestic Product","1960-01-01","2025-06-01","Annualized % Chg. from Preceding Period","SA",2025-09-02,"Monthly"," perc. points",-3.55075543642222,"BBKMGDP"
"579",2008-03-01,"BBKMGDP",1.13009570652157,2025-09-04,2025-09-04,1.13009570652157,"Brave-Butters-Kelley Real Gross Domestic Product","1960-01-01","2025-06-01","Annualized % Chg. from Preceding Period","SA",2025-09-02,"Monthly"," perc. points",-1.68795281387983,"BBKMGDP"
"580",2008-04-01,"BBKMGDP",4.4879792365024,2025-09-04,2025-09-04,4.4879792365024,"Brave-Butters-Kelley Real Gross Domestic Product","1960-01-01","2025-06-01","Annualized % Chg. from Preceding Period","SA",2025-09-02,"Monthly"," perc. points",2.07141624086793,"BBKMGDP"
"581",2008-05-01,"BBKMGDP",3.31936034915528,2025-09-04,2025-09-04,3.31936034915528,"Brave-Butters-Kelley Real Gross Domestic Product","1960-01-01","2025-06-01","Annualized % Chg. from Preceding Period","SA",2025-09-02,"Monthly"," perc. points",0.369770940758384,"BBKMGDP"
"582",2008-06-01,"BBKMGDP",1.45994115640873,2025-09-04,2025-09-04,1.45994115640873,"Brave-Butters-Kelley Real Gross Domestic Product","1960-01-01","2025-06-01","Annualized % Chg. from Preceding Period","SA",2025-09-02,"Monthly"," perc. points",-0.603878494261795,"BBKMGDP"
"583",2008-07-01,"BBKMGDP",-1.6959091919732,2025-09-04,2025-09-04,-1.6959091919732,"Brave-Butters-Kelley Real Gross Domestic Product","1960-01-01","2025-06-01","Annualized % Chg. from Preceding Period","SA",2025-09-02,"Monthly"," perc. points",-2.90412205823546,"BBKMGDP"
"584",2008-08-01,"BBKMGDP",-5.28648259616216,2025-09-04,2025-09-04,-5.28648259616216,"Brave-Butters-Kelley Real Gross Domestic Product","1960-01-01","2025-06-01","Annualized % Chg. from Preceding Period","SA",2025-09-02,"Monthly"," perc. points",-8.45601136947305,"BBKMGDP"
"585",2008-09-01,"BBKMGDP",-9.5385198676891,2025-09-04,2025-09-04,-9.5385198676891,"Brave-Butters-Kelley Real Gross Domestic Product","1960-01-01","2025-06-01","Annualized % Chg. from Preceding Period","SA",2025-09-02,"Monthly"," perc. points",-13.1808266916761,"BBKMGDP"
"586",2008-10-01,"BBKMGDP",-8.33767009039244,2025-09-04,2025-09-04,-8.33767009039244,"Brave-Butters-Kelley Real Gross Domestic Product","1960-01-01","2025-06-01","Annualized % Chg. from Preceding Period","SA",2025-09-02,"Monthly"," perc. points",-11.6821518938351,"BBKMGDP"
"587",2008-11-01,"BBKMGDP",-11.1740868329005,2025-09-04,2025-09-04,-11.1740868329005,"Brave-Butters-Kelley Real Gross Domestic Product","1960-01-01","2025-06-01","Annualized % Chg. from Preceding Period","SA",2025-09-02,"Monthly"," perc. points",-13.2641841835191,"BBKMGDP"
"588",2008-12-01,"BBKMGDP",-7.94572880159398,2025-09-04,2025-09-04,-7.94572880159398,"Brave-Butters-Kelley Real Gross Domestic Product","1960-01-01","2025-06-01","Annualized % Chg. from Preceding Period","SA",2025-09-02,"Monthly"," perc. points",-5.8228534257245,"BBKMGDP"
"589",2009-01-01,"BBKMGDP",-4.28843185289869,2025-09-04,2025-09-04,-4.28843185289869,"Brave-Butters-Kelley Real Gross Domestic Product","1960-01-01","2025-06-01","Annualized % Chg. from Preceding Period","SA",2025-09-02,"Monthly"," perc. points",-1.12955759049468,"BBKMGDP"
"590",2009-02-01,"BBKMGDP",0.527447951969819,2025-09-04,2025-09-04,0.527447951969819,"Brave-Butters-Kelley Real Gross Domestic Product","1960-01-01","2025-06-01","Annualized % Chg. from Preceding Period","SA",2025-09-02,"Monthly"," perc. points",2.97583209981478,"BBKMGDP"
"591",2009-03-01,"BBKMGDP",-2.21565405049257,2025-09-04,2025-09-04,-2.21565405049257,"Brave-Butters-Kelley Real Gross Domestic Product","1960-01-01","2025-06-01","Annualized % Chg. from Preceding Period","SA",2025-09-02,"Monthly"," perc. points",-3.34574975701414,"BBKMGDP"
"592",2009-04-01,"BBKMGDP",-0.554263322751385,2025-09-04,2025-09-04,-0.554263322751385,"Brave-Butters-Kelley Real Gross Domestic Product","1960-01-01","2025-06-01","Annualized % Chg. from Preceding Period","SA",2025-09-02,"Monthly"," perc. points",-5.04224255925379,"BBKMGDP"
"593",2009-05-01,"BBKMGDP",-0.446407876823151,2025-09-04,2025-09-04,-0.446407876823151,"Brave-Butters-Kelley Real Gross Domestic Product","1960-01-01","2025-06-01","Annualized % Chg. from Preceding Period","SA",2025-09-02,"Monthly"," perc. points",-3.76576822597843,"BBKMGDP"
"594",2009-06-01,"BBKMGDP",0.00392885116115638,2025-09-04,2025-09-04,0.00392885116115638,"Brave-Butters-Kelley Real Gross Domestic Product","1960-01-01","2025-06-01","Annualized % Chg. from Preceding Period","SA",2025-09-02,"Monthly"," perc. points",-1.45601230524758,"BBKMGDP"
"595",2009-07-01,"BBKMGDP",1.42947233986299,2025-09-04,2025-09-04,1.42947233986299,"Brave-Butters-Kelley Real Gross Domestic Product","1960-01-01","2025-06-01","Annualized % Chg. from Preceding Period","SA",2025-09-02,"Monthly"," perc. points",3.12538153183618,"BBKMGDP"
"596",2009-08-01,"BBKMGDP",2.00107623936012,2025-09-04,2025-09-04,2.00107623936012,"Brave-Butters-Kelley Real Gross Domestic Product","1960-01-01","2025-06-01","Annualized % Chg. from Preceding Period","SA",2025-09-02,"Monthly"," perc. points",7.28755883552227,"BBKMGDP"
"597",2009-09-01,"BBKMGDP",4.78290532058673,2025-09-04,2025-09-04,4.78290532058673,"Brave-Butters-Kelley Real Gross Domestic Product","1960-01-01","2025-06-01","Annualized % Chg. from Preceding Period","SA",2025-09-02,"Monthly"," perc. points",14.3214251882758,"BBKMGDP"
"598",2009-10-01,"BBKMGDP",5.3479807377135,2025-09-04,2025-09-04,5.3479807377135,"Brave-Butters-Kelley Real Gross Domestic Product","1960-01-01","2025-06-01","Annualized % Chg. from Preceding Period","SA",2025-09-02,"Monthly"," perc. points",13.6856508281059,"BBKMGDP"
"599",2009-11-01,"BBKMGDP",4.72124612401255,2025-09-04,2025-09-04,4.72124612401255,"Brave-Butters-Kelley Real Gross Domestic Product","1960-01-01","2025-06-01","Annualized % Chg. from Preceding Period","SA",2025-09-02,"Monthly"," perc. points",15.8953329569131,"BBKMGDP"
"600",2009-12-01,"BBKMGDP",1.6566111367367,2025-09-04,2025-09-04,1.6566111367367,"Brave-Butters-Kelley Real Gross Domestic Product","1960-01-01","2025-06-01","Annualized % Chg. from Preceding Period","SA",2025-09-02,"Monthly"," perc. points",9.60233993833068,"BBKMGDP"
"601",2010-01-01,"BBKMGDP",1.25290170702392,2025-09-04,2025-09-04,1.25290170702392,"Brave-Butters-Kelley Real Gross Domestic Product","1960-01-01","2025-06-01","Annualized % Chg. from Preceding Period","SA",2025-09-02,"Monthly"," perc. points",5.54133355992261,"BBKMGDP"
"602",2010-02-01,"BBKMGDP",0.682815258101166,2025-09-04,2025-09-04,0.682815258101166,"Brave-Butters-Kelley Real Gross Domestic Product","1960-01-01","2025-06-01","Annualized % Chg. from Preceding Period","SA",2025-09-02,"Monthly"," perc. points",0.155367306131347,"BBKMGDP"
"603",2010-03-01,"BBKMGDP",4.22890714837874,2025-09-04,2025-09-04,4.22890714837874,"Brave-Butters-Kelley Real Gross Domestic Product","1960-01-01","2025-06-01","Annualized % Chg. from Preceding Period","SA",2025-09-02,"Monthly"," perc. points",6.44456119887131,"BBKMGDP"
"604",2010-04-01,"BBKMGDP",4.6691716281425,2025-09-04,2025-09-04,4.6691716281425,"Brave-Butters-Kelley Real Gross Domestic Product","1960-01-01","2025-06-01","Annualized % Chg. from Preceding Period","SA",2025-09-02,"Monthly"," perc. points",5.22343495089389,"BBKMGDP"
"605",2010-05-01,"BBKMGDP",4.25352730094426,2025-09-04,2025-09-04,4.25352730094426,"Brave-Butters-Kelley Real Gross Domestic Product","1960-01-01","2025-06-01","Annualized % Chg. from Preceding Period","SA",2025-09-02,"Monthly"," perc. points",4.69993517776741,"BBKMGDP"
"606",2010-06-01,"BBKMGDP",3.02080174716928,2025-09-04,2025-09-04,3.02080174716928,"Brave-Butters-Kelley Real Gross Domestic Product","1960-01-01","2025-06-01","Annualized % Chg. from Preceding Period","SA",2025-09-02,"Monthly"," perc. points",3.01687289600813,"BBKMGDP"
"607",2010-07-01,"BBKMGDP",2.90748412959696,2025-09-04,2025-09-04,2.90748412959696,"Brave-Butters-Kelley Real Gross Domestic Product","1960-01-01","2025-06-01","Annualized % Chg. from Preceding Period","SA",2025-09-02,"Monthly"," perc. points",1.47801178973397,"BBKMGDP"
"608",2010-08-01,"BBKMGDP",2.65026834136519,2025-09-04,2025-09-04,2.65026834136519,"Brave-Butters-Kelley Real Gross Domestic Product","1960-01-01","2025-06-01","Annualized % Chg. from Preceding Period","SA",2025-09-02,"Monthly"," perc. points",0.64919210200508,"BBKMGDP"
"609",2010-09-01,"BBKMGDP",3.33354588214399,2025-09-04,2025-09-04,3.33354588214399,"Brave-Butters-Kelley Real Gross Domestic Product","1960-01-01","2025-06-01","Annualized % Chg. from Preceding Period","SA",2025-09-02,"Monthly"," perc. points",-1.44935943844274,"BBKMGDP"
"610",2010-10-01,"BBKMGDP",2.79689920842345,2025-09-04,2025-09-04,2.79689920842345,"Brave-Butters-Kelley Real Gross Domestic Product","1960-01-01","2025-06-01","Annualized % Chg. from Preceding Period","SA",2025-09-02,"Monthly"," perc. points",-2.55108152929005,"BBKMGDP"
"611",2010-11-01,"BBKMGDP",1.15360770042188,2025-09-04,2025-09-04,1.15360770042188,"Brave-Butters-Kelley Real Gross Domestic Product","1960-01-01","2025-06-01","Annualized % Chg. from Preceding Period","SA",2025-09-02,"Monthly"," perc. points",-3.56763842359067,"BBKMGDP"
"612",2010-12-01,"BBKMGDP",-1.16037740103966,2025-09-04,2025-09-04,-1.16037740103966,"Brave-Butters-Kelley Real Gross Domestic Product","1960-01-01","2025-06-01","Annualized % Chg. from Preceding Period","SA",2025-09-02,"Monthly"," perc. points",-2.81698853777636,"BBKMGDP"
"613",2011-01-01,"BBKMGDP",-3.15625486811576,2025-09-04,2025-09-04,-3.15625486811576,"Brave-Butters-Kelley Real Gross Domestic Product","1960-01-01","2025-06-01","Annualized % Chg. from Preceding Period","SA",2025-09-02,"Monthly"," perc. points",-4.40915657513967,"BBKMGDP"
"614",2011-02-01,"BBKMGDP",-1.3700080791837,2025-09-04,2025-09-04,-1.3700080791837,"Brave-Butters-Kelley Real Gross Domestic Product","1960-01-01","2025-06-01","Annualized % Chg. from Preceding Period","SA",2025-09-02,"Monthly"," perc. points",-2.05282333728487,"BBKMGDP"
"615",2011-03-01,"BBKMGDP",4.81195823975737,2025-09-04,2025-09-04,4.81195823975737,"Brave-Butters-Kelley Real Gross Domestic Product","1960-01-01","2025-06-01","Annualized % Chg. from Preceding Period","SA",2025-09-02,"Monthly"," perc. points",0.583051091378631,"BBKMGDP"
"616",2011-04-01,"BBKMGDP",3.81275705925071,2025-09-04,2025-09-04,3.81275705925071,"Brave-Butters-Kelley Real Gross Domestic Product","1960-01-01","2025-06-01","Annualized % Chg. from Preceding Period","SA",2025-09-02,"Monthly"," perc. points",-0.856414568891787,"BBKMGDP"
"617",2011-05-01,"BBKMGDP",2.45489436563968,2025-09-04,2025-09-04,2.45489436563968,"Brave-Butters-Kelley Real Gross Domestic Product","1960-01-01","2025-06-01","Annualized % Chg. from Preceding Period","SA",2025-09-02,"Monthly"," perc. points",-1.79863293530458,"BBKMGDP"
"618",2011-06-01,"BBKMGDP",-0.323183755427151,2025-09-04,2025-09-04,-0.323183755427151,"Brave-Butters-Kelley Real Gross Domestic Product","1960-01-01","2025-06-01","Annualized % Chg. from Preceding Period","SA",2025-09-02,"Monthly"," perc. points",-3.34398550259643,"BBKMGDP"
"619",2011-07-01,"BBKMGDP",-1.89856586730155,2025-09-04,2025-09-04,-1.89856586730155,"Brave-Butters-Kelley Real Gross Domestic Product","1960-01-01","2025-06-01","Annualized % Chg. from Preceding Period","SA",2025-09-02,"Monthly"," perc. points",-4.80604999689851,"BBKMGDP"
"620",2011-08-01,"BBKMGDP",0.0234381143557916,2025-09-04,2025-09-04,0.0234381143557916,"Brave-Butters-Kelley Real Gross Domestic Product","1960-01-01","2025-06-01","Annualized % Chg. from Preceding Period","SA",2025-09-02,"Monthly"," perc. points",-2.6268302270094,"BBKMGDP"
"621",2011-09-01,"BBKMGDP",3.03715711282872,2025-09-04,2025-09-04,3.03715711282872,"Brave-Butters-Kelley Real Gross Domestic Product","1960-01-01","2025-06-01","Annualized % Chg. from Preceding Period","SA",2025-09-02,"Monthly"," perc. points",-0.296388769315266,"BBKMGDP"
"622",2011-10-01,"BBKMGDP",6.34815041104149,2025-09-04,2025-09-04,6.34815041104149,"Brave-Butters-Kelley Real Gross Domestic Product","1960-01-01","2025-06-01","Annualized % Chg. from Preceding Period","SA",2025-09-02,"Monthly"," perc. points",3.55125120261804,"BBKMGDP"
"623",2011-11-01,"BBKMGDP",5.17507397290844,2025-09-04,2025-09-04,5.17507397290844,"Brave-Butters-Kelley Real Gross Domestic Product","1960-01-01","2025-06-01","Annualized % Chg. from Preceding Period","SA",2025-09-02,"Monthly"," perc. points",4.02146627248656,"BBKMGDP"
"624",2011-12-01,"BBKMGDP",4.71837835530609,2025-09-04,2025-09-04,4.71837835530609,"Brave-Butters-Kelley Real Gross Domestic Product","1960-01-01","2025-06-01","Annualized % Chg. from Preceding Period","SA",2025-09-02,"Monthly"," perc. points",5.87875575634575,"BBKMGDP"
"625",2012-01-01,"BBKMGDP",3.26412518070876,2025-09-04,2025-09-04,3.26412518070876,"Brave-Butters-Kelley Real Gross Domestic Product","1960-01-01","2025-06-01","Annualized % Chg. from Preceding Period","SA",2025-09-02,"Monthly"," perc. points",6.42038004882452,"BBKMGDP"
"626",2012-02-01,"BBKMGDP",2.09927074414426,2025-09-04,2025-09-04,2.09927074414426,"Brave-Butters-Kelley Real Gross Domestic Product","1960-01-01","2025-06-01","Annualized % Chg. from Preceding Period","SA",2025-09-02,"Monthly"," perc. points",3.46927882332796,"BBKMGDP"
"627",2012-03-01,"BBKMGDP",1.4550164652308,2025-09-04,2025-09-04,1.4550164652308,"Brave-Butters-Kelley Real Gross Domestic Product","1960-01-01","2025-06-01","Annualized % Chg. from Preceding Period","SA",2025-09-02,"Monthly"," perc. points",-3.35694177452657,"BBKMGDP"
"628",2012-04-01,"BBKMGDP",1.97657435138992,2025-09-04,2025-09-04,1.97657435138992,"Brave-Butters-Kelley Real Gross Domestic Product","1960-01-01","2025-06-01","Annualized % Chg. from Preceding Period","SA",2025-09-02,"Monthly"," perc. points",-1.83618270786079,"BBKMGDP"
"629",2012-05-01,"BBKMGDP",1.9574566604402,2025-09-04,2025-09-04,1.9574566604402,"Brave-Butters-Kelley Real Gross Domestic Product","1960-01-01","2025-06-01","Annualized % Chg. from Preceding Period","SA",2025-09-02,"Monthly"," perc. points",-0.497437705199479,"BBKMGDP"
"630",2012-06-01,"BBKMGDP",1.17527218984104,2025-09-04,2025-09-04,1.17527218984104,"Brave-Butters-Kelley Real Gross Domestic Product","1960-01-01","2025-06-01","Annualized % Chg. from Preceding Period","SA",2025-09-02,"Monthly"," perc. points",1.49845594526819,"BBKMGDP"
"631",2012-07-01,"BBKMGDP",0.512979937079813,2025-09-04,2025-09-04,0.512979937079813,"Brave-Butters-Kelley Real Gross Domestic Product","1960-01-01","2025-06-01","Annualized % Chg. from Preceding Period","SA",2025-09-02,"Monthly"," perc. points",2.41154580438137,"BBKMGDP"
"632",2012-08-01,"BBKMGDP",-0.122372986509605,2025-09-04,2025-09-04,-0.122372986509605,"Brave-Butters-Kelley Real Gross Domestic Product","1960-01-01","2025-06-01","Annualized % Chg. from Preceding Period","SA",2025-09-02,"Monthly"," perc. points",-0.145811100865397,"BBKMGDP"
"633",2012-09-01,"BBKMGDP",-0.405454540391093,2025-09-04,2025-09-04,-0.405454540391093,"Brave-Butters-Kelley Real Gross Domestic Product","1960-01-01","2025-06-01","Annualized % Chg. from Preceding Period","SA",2025-09-02,"Monthly"," perc. points",-3.44261165321981,"BBKMGDP"
"634",2012-10-01,"BBKMGDP",-0.745150528901636,2025-09-04,2025-09-04,-0.745150528901636,"Brave-Butters-Kelley Real Gross Domestic Product","1960-01-01","2025-06-01","Annualized % Chg. from Preceding Period","SA",2025-09-02,"Monthly"," perc. points",-7.09330093994313,"BBKMGDP"
"635",2012-11-01,"BBKMGDP",1.69261050379723,2025-09-04,2025-09-04,1.69261050379723,"Brave-Butters-Kelley Real Gross Domestic Product","1960-01-01","2025-06-01","Annualized % Chg. from Preceding Period","SA",2025-09-02,"Monthly"," perc. points",-3.48246346911121,"BBKMGDP"
"636",2012-12-01,"BBKMGDP",3.94374377563807,2025-09-04,2025-09-04,3.94374377563807,"Brave-Butters-Kelley Real Gross Domestic Product","1960-01-01","2025-06-01","Annualized % Chg. from Preceding Period","SA",2025-09-02,"Monthly"," perc. points",-0.774634579668015,"BBKMGDP"
"637",2013-01-01,"BBKMGDP",4.83047267110346,2025-09-04,2025-09-04,4.83047267110346,"Brave-Butters-Kelley Real Gross Domestic Product","1960-01-01","2025-06-01","Annualized % Chg. from Preceding Period","SA",2025-09-02,"Monthly"," perc. points",1.5663474903947,"BBKMGDP"
"638",2013-02-01,"BBKMGDP",5.18556403031723,2025-09-04,2025-09-04,5.18556403031723,"Brave-Butters-Kelley Real Gross Domestic Product","1960-01-01","2025-06-01","Annualized % Chg. from Preceding Period","SA",2025-09-02,"Monthly"," perc. points",3.08629328617296,"BBKMGDP"
"639",2013-03-01,"BBKMGDP",0.889609225400509,2025-09-04,2025-09-04,0.889609225400509,"Brave-Butters-Kelley Real Gross Domestic Product","1960-01-01","2025-06-01","Annualized % Chg. from Preceding Period","SA",2025-09-02,"Monthly"," perc. points",-0.565407239830289,"BBKMGDP"
"640",2013-04-01,"BBKMGDP",-0.495388947871056,2025-09-04,2025-09-04,-0.495388947871056,"Brave-Butters-Kelley Real Gross Domestic Product","1960-01-01","2025-06-01","Annualized % Chg. from Preceding Period","SA",2025-09-02,"Monthly"," perc. points",-2.47196329926098,"BBKMGDP"
"641",2013-05-01,"BBKMGDP",1.15958100073538,2025-09-04,2025-09-04,1.15958100073538,"Brave-Butters-Kelley Real Gross Domestic Product","1960-01-01","2025-06-01","Annualized % Chg. from Preceding Period","SA",2025-09-02,"Monthly"," perc. points",-0.797875659704817,"BBKMGDP"
"642",2013-06-01,"BBKMGDP",1.8301551947971,2025-09-04,2025-09-04,1.8301551947971,"Brave-Butters-Kelley Real Gross Domestic Product","1960-01-01","2025-06-01","Annualized % Chg. from Preceding Period","SA",2025-09-02,"Monthly"," perc. points",0.654883004956063,"BBKMGDP"
"643",2013-07-01,"BBKMGDP",3.03432130767984,2025-09-04,2025-09-04,3.03432130767984,"Brave-Butters-Kelley Real Gross Domestic Product","1960-01-01","2025-06-01","Annualized % Chg. from Preceding Period","SA",2025-09-02,"Monthly"," perc. points",2.52134137060002,"BBKMGDP"
"644",2013-08-01,"BBKMGDP",5.61743779490834,2025-09-04,2025-09-04,5.61743779490834,"Brave-Butters-Kelley Real Gross Domestic Product","1960-01-01","2025-06-01","Annualized % Chg. from Preceding Period","SA",2025-09-02,"Monthly"," perc. points",5.73981078141794,"BBKMGDP"
"645",2013-09-01,"BBKMGDP",5.36687972595201,2025-09-04,2025-09-04,5.36687972595201,"Brave-Butters-Kelley Real Gross Domestic Product","1960-01-01","2025-06-01","Annualized % Chg. from Preceding Period","SA",2025-09-02,"Monthly"," perc. points",5.77233426634311,"BBKMGDP"
"646",2013-10-01,"BBKMGDP",4.26946897363761,2025-09-04,2025-09-04,4.26946897363761,"Brave-Butters-Kelley Real Gross Domestic Product","1960-01-01","2025-06-01","Annualized % Chg. from Preceding Period","SA",2025-09-02,"Monthly"," perc. points",5.01461950253924,"BBKMGDP"
"647",2013-11-01,"BBKMGDP",2.33835312802697,2025-09-04,2025-09-04,2.33835312802697,"Brave-Butters-Kelley Real Gross Domestic Product","1960-01-01","2025-06-01","Annualized % Chg. from Preceding Period","SA",2025-09-02,"Monthly"," perc. points",0.645742624229748,"BBKMGDP"
"648",2013-12-01,"BBKMGDP",-2.60907527294719,2025-09-04,2025-09-04,-2.60907527294719,"Brave-Butters-Kelley Real Gross Domestic Product","1960-01-01","2025-06-01","Annualized % Chg. from Preceding Period","SA",2025-09-02,"Monthly"," perc. points",-6.55281904858526,"BBKMGDP"
"649",2014-01-01,"BBKMGDP",-4.38460059493775,2025-09-04,2025-09-04,-4.38460059493775,"Brave-Butters-Kelley Real Gross Domestic Product","1960-01-01","2025-06-01","Annualized % Chg. from Preceding Period","SA",2025-09-02,"Monthly"," perc. points",-9.21507326604121,"BBKMGDP"
"650",2014-02-01,"BBKMGDP",-0.392045828624504,2025-09-04,2025-09-04,-0.392045828624504,"Brave-Butters-Kelley Real Gross Domestic Product","1960-01-01","2025-06-01","Annualized % Chg. from Preceding Period","SA",2025-09-02,"Monthly"," perc. points",-5.57760985894173,"BBKMGDP"
"651",2014-03-01,"BBKMGDP",4.38735443535918,2025-09-04,2025-09-04,4.38735443535918,"Brave-Butters-Kelley Real Gross Domestic Product","1960-01-01","2025-06-01","Annualized % Chg. from Preceding Period","SA",2025-09-02,"Monthly"," perc. points",3.49774520995867,"BBKMGDP"
"652",2014-04-01,"BBKMGDP",5.90792263042662,2025-09-04,2025-09-04,5.90792263042662,"Brave-Butters-Kelley Real Gross Domestic Product","1960-01-01","2025-06-01","Annualized % Chg. from Preceding Period","SA",2025-09-02,"Monthly"," perc. points",6.40331157829767,"BBKMGDP"
"653",2014-05-01,"BBKMGDP",6.91572805982819,2025-09-04,2025-09-04,6.91572805982819,"Brave-Butters-Kelley Real Gross Domestic Product","1960-01-01","2025-06-01","Annualized % Chg. from Preceding Period","SA",2025-09-02,"Monthly"," perc. points",5.7561470590928,"BBKMGDP"
"654",2014-06-01,"BBKMGDP",6.26320693470443,2025-09-04,2025-09-04,6.26320693470443,"Brave-Butters-Kelley Real Gross Domestic Product","1960-01-01","2025-06-01","Annualized % Chg. from Preceding Period","SA",2025-09-02,"Monthly"," perc. points",4.43305173990733,"BBKMGDP"
"655",2014-07-01,"BBKMGDP",5.52853936955302,2025-09-04,2025-09-04,5.52853936955302,"Brave-Butters-Kelley Real Gross Domestic Product","1960-01-01","2025-06-01","Annualized % Chg. from Preceding Period","SA",2025-09-02,"Monthly"," perc. points",2.49421806187318,"BBKMGDP"
"656",2014-08-01,"BBKMGDP",2.81780133585718,2025-09-04,2025-09-04,2.81780133585718,"Brave-Butters-Kelley Real Gross Domestic Product","1960-01-01","2025-06-01","Annualized % Chg. from Preceding Period","SA",2025-09-02,"Monthly"," perc. points",-2.79963645905115,"BBKMGDP"
"657",2014-09-01,"BBKMGDP",1.82113005051215,2025-09-04,2025-09-04,1.82113005051215,"Brave-Butters-Kelley Real Gross Domestic Product","1960-01-01","2025-06-01","Annualized % Chg. from Preceding Period","SA",2025-09-02,"Monthly"," perc. points",-3.54574967543986,"BBKMGDP"
"658",2014-10-01,"BBKMGDP",0.891308951305807,2025-09-04,2025-09-04,0.891308951305807,"Brave-Butters-Kelley Real Gross Domestic Product","1960-01-01","2025-06-01","Annualized % Chg. from Preceding Period","SA",2025-09-02,"Monthly"," perc. points",-3.3781600223318,"BBKMGDP"
"659",2014-11-01,"BBKMGDP",2.39527729454046,2025-09-04,2025-09-04,2.39527729454046,"Brave-Butters-Kelley Real Gross Domestic Product","1960-01-01","2025-06-01","Annualized % Chg. from Preceding Period","SA",2025-09-02,"Monthly"," perc. points",0.0569241665134808,"BBKMGDP"
"660",2014-12-01,"BBKMGDP",4.23795307147365,2025-09-04,2025-09-04,4.23795307147365,"Brave-Butters-Kelley Real Gross Domestic Product","1960-01-01","2025-06-01","Annualized % Chg. from Preceding Period","SA",2025-09-02,"Monthly"," perc. points",6.84702834442084,"BBKMGDP"
"661",2015-01-01,"BBKMGDP",3.44918606445129,2025-09-04,2025-09-04,3.44918606445129,"Brave-Butters-Kelley Real Gross Domestic Product","1960-01-01","2025-06-01","Annualized % Chg. from Preceding Period","SA",2025-09-02,"Monthly"," perc. points",7.83378665938905,"BBKMGDP"
"662",2015-02-01,"BBKMGDP",3.41935273613617,2025-09-04,2025-09-04,3.41935273613617,"Brave-Butters-Kelley Real Gross Domestic Product","1960-01-01","2025-06-01","Annualized % Chg. from Preceding Period","SA",2025-09-02,"Monthly"," perc. points",3.81139856476068,"BBKMGDP"
"663",2015-03-01,"BBKMGDP",4.21690766900771,2025-09-04,2025-09-04,4.21690766900771,"Brave-Butters-Kelley Real Gross Domestic Product","1960-01-01","2025-06-01","Annualized % Chg. from Preceding Period","SA",2025-09-02,"Monthly"," perc. points",-0.170446766351469,"BBKMGDP"
"664",2015-04-01,"BBKMGDP",2.08036825665866,2025-09-04,2025-09-04,2.08036825665866,"Brave-Butters-Kelley Real Gross Domestic Product","1960-01-01","2025-06-01","Annualized % Chg. from Preceding Period","SA",2025-09-02,"Monthly"," perc. points",-3.82755437376796,"BBKMGDP"
"665",2015-05-01,"BBKMGDP",1.23860513588394,2025-09-04,2025-09-04,1.23860513588394,"Brave-Butters-Kelley Real Gross Domestic Product","1960-01-01","2025-06-01","Annualized % Chg. from Preceding Period","SA",2025-09-02,"Monthly"," perc. points",-5.67712292394425,"BBKMGDP"
"666",2015-06-01,"BBKMGDP",1.65413275685707,2025-09-04,2025-09-04,1.65413275685707,"Brave-Butters-Kelley Real Gross Domestic Product","1960-01-01","2025-06-01","Annualized % Chg. from Preceding Period","SA",2025-09-02,"Monthly"," perc. points",-4.60907417784736,"BBKMGDP"
"667",2015-07-01,"BBKMGDP",2.5668719971763,2025-09-04,2025-09-04,2.5668719971763,"Brave-Butters-Kelley Real Gross Domestic Product","1960-01-01","2025-06-01","Annualized % Chg. from Preceding Period","SA",2025-09-02,"Monthly"," perc. points",-2.96166737237671,"BBKMGDP"
"668",2015-08-01,"BBKMGDP",0.791060410014893,2025-09-04,2025-09-04,0.791060410014893,"Brave-Butters-Kelley Real Gross Domestic Product","1960-01-01","2025-06-01","Annualized % Chg. from Preceding Period","SA",2025-09-02,"Monthly"," perc. points",-2.02674092584229,"BBKMGDP"
"669",2015-09-01,"BBKMGDP",0.555261676755175,2025-09-04,2025-09-04,0.555261676755175,"Brave-Butters-Kelley Real Gross Domestic Product","1960-01-01","2025-06-01","Annualized % Chg. from Preceding Period","SA",2025-09-02,"Monthly"," perc. points",-1.26586837375697,"BBKMGDP"
"670",2015-10-01,"BBKMGDP",0.287339731288744,2025-09-04,2025-09-04,0.287339731288744,"Brave-Butters-Kelley Real Gross Domestic Product","1960-01-01","2025-06-01","Annualized % Chg. from Preceding Period","SA",2025-09-02,"Monthly"," perc. points",-0.603969220017063,"BBKMGDP"
"671",2015-11-01,"BBKMGDP",0.728157433637556,2025-09-04,2025-09-04,0.728157433637556,"Brave-Butters-Kelley Real Gross Domestic Product","1960-01-01","2025-06-01","Annualized % Chg. from Preceding Period","SA",2025-09-02,"Monthly"," perc. points",-1.6671198609029,"BBKMGDP"
"672",2015-12-01,"BBKMGDP",2.41750537924364,2025-09-04,2025-09-04,2.41750537924364,"Brave-Butters-Kelley Real Gross Domestic Product","1960-01-01","2025-06-01","Annualized % Chg. from Preceding Period","SA",2025-09-02,"Monthly"," perc. points",-1.82044769223001,"BBKMGDP"
"673",2016-01-01,"BBKMGDP",3.26802772665081,2025-09-04,2025-09-04,3.26802772665081,"Brave-Butters-Kelley Real Gross Domestic Product","1960-01-01","2025-06-01","Annualized % Chg. from Preceding Period","SA",2025-09-02,"Monthly"," perc. points",-0.18115833780048,"BBKMGDP"
"674",2016-02-01,"BBKMGDP",2.33063614691652,2025-09-04,2025-09-04,2.33063614691652,"Brave-Butters-Kelley Real Gross Domestic Product","1960-01-01","2025-06-01","Annualized % Chg. from Preceding Period","SA",2025-09-02,"Monthly"," perc. points",-1.08871658921965,"BBKMGDP"
"675",2016-03-01,"BBKMGDP",0.776993697221221,2025-09-04,2025-09-04,0.776993697221221,"Brave-Butters-Kelley Real Gross Domestic Product","1960-01-01","2025-06-01","Annualized % Chg. from Preceding Period","SA",2025-09-02,"Monthly"," perc. points",-3.43991397178649,"BBKMGDP"
"676",2016-04-01,"BBKMGDP",0.957774821280846,2025-09-04,2025-09-04,0.957774821280846,"Brave-Butters-Kelley Real Gross Domestic Product","1960-01-01","2025-06-01","Annualized % Chg. from Preceding Period","SA",2025-09-02,"Monthly"," perc. points",-1.12259343537781,"BBKMGDP"
"677",2016-05-01,"BBKMGDP",0.801685928813981,2025-09-04,2025-09-04,0.801685928813981,"Brave-Butters-Kelley Real Gross Domestic Product","1960-01-01","2025-06-01","Annualized % Chg. from Preceding Period","SA",2025-09-02,"Monthly"," perc. points",-0.436919207069957,"BBKMGDP"
"678",2016-06-01,"BBKMGDP",3.17703030107285,2025-09-04,2025-09-04,3.17703030107285,"Brave-Butters-Kelley Real Gross Domestic Product","1960-01-01","2025-06-01","Annualized % Chg. from Preceding Period","SA",2025-09-02,"Monthly"," perc. points",1.52289754421579,"BBKMGDP"
"679",2016-07-01,"BBKMGDP",3.47212410664564,2025-09-04,2025-09-04,3.47212410664564,"Brave-Butters-Kelley Real Gross Domestic Product","1960-01-01","2025-06-01","Annualized % Chg. from Preceding Period","SA",2025-09-02,"Monthly"," perc. points",0.905252109469332,"BBKMGDP"
"680",2016-08-01,"BBKMGDP",2.6794107755657,2025-09-04,2025-09-04,2.6794107755657,"Brave-Butters-Kelley Real Gross Domestic Product","1960-01-01","2025-06-01","Annualized % Chg. from Preceding Period","SA",2025-09-02,"Monthly"," perc. points",1.88835036555081,"BBKMGDP"
"681",2016-09-01,"BBKMGDP",2.51152656751304,2025-09-04,2025-09-04,2.51152656751304,"Brave-Butters-Kelley Real Gross Domestic Product","1960-01-01","2025-06-01","Annualized % Chg. from Preceding Period","SA",2025-09-02,"Monthly"," perc. points",1.95626489075786,"BBKMGDP"
"682",2016-10-01,"BBKMGDP",2.08954959649218,2025-09-04,2025-09-04,2.08954959649218,"Brave-Butters-Kelley Real Gross Domestic Product","1960-01-01","2025-06-01","Annualized % Chg. from Preceding Period","SA",2025-09-02,"Monthly"," perc. points",1.80220986520343,"BBKMGDP"
"683",2016-11-01,"BBKMGDP",1.75064371383499,2025-09-04,2025-09-04,1.75064371383499,"Brave-Butters-Kelley Real Gross Domestic Product","1960-01-01","2025-06-01","Annualized % Chg. from Preceding Period","SA",2025-09-02,"Monthly"," perc. points",1.02248628019743,"BBKMGDP"
"684",2016-12-01,"BBKMGDP",2.44334401323912,2025-09-04,2025-09-04,2.44334401323912,"Brave-Butters-Kelley Real Gross Domestic Product","1960-01-01","2025-06-01","Annualized % Chg. from Preceding Period","SA",2025-09-02,"Monthly"," perc. points",0.0258386339954861,"BBKMGDP"
"685",2017-01-01,"BBKMGDP",2.19250090662909,2025-09-04,2025-09-04,2.19250090662909,"Brave-Butters-Kelley Real Gross Domestic Product","1960-01-01","2025-06-01","Annualized % Chg. from Preceding Period","SA",2025-09-02,"Monthly"," perc. points",-1.07552682002172,"BBKMGDP"
"686",2017-02-01,"BBKMGDP",1.45187642257401,2025-09-04,2025-09-04,1.45187642257401,"Brave-Butters-Kelley Real Gross Domestic Product","1960-01-01","2025-06-01","Annualized % Chg. from Preceding Period","SA",2025-09-02,"Monthly"," perc. points",-0.87875972434251,"BBKMGDP"
"687",2017-03-01,"BBKMGDP",1.34999567621302,2025-09-04,2025-09-04,1.34999567621302,"Brave-Butters-Kelley Real Gross Domestic Product","1960-01-01","2025-06-01","Annualized % Chg. from Preceding Period","SA",2025-09-02,"Monthly"," perc. points",0.573001978991797,"BBKMGDP"
"688",2017-04-01,"BBKMGDP",2.68845074262309,2025-09-04,2025-09-04,2.68845074262309,"Brave-Butters-Kelley Real Gross Domestic Product","1960-01-01","2025-06-01","Annualized % Chg. from Preceding Period","SA",2025-09-02,"Monthly"," perc. points",1.73067592134225,"BBKMGDP"
"689",2017-05-01,"BBKMGDP",2.24466943676317,2025-09-04,2025-09-04,2.24466943676317,"Brave-Butters-Kelley Real Gross Domestic Product","1960-01-01","2025-06-01","Annualized % Chg. from Preceding Period","SA",2025-09-02,"Monthly"," perc. points",1.44298350794919,"BBKMGDP"
"690",2017-06-01,"BBKMGDP",3.39157789953549,2025-09-04,2025-09-04,3.39157789953549,"Brave-Butters-Kelley Real Gross Domestic Product","1960-01-01","2025-06-01","Annualized % Chg. from Preceding Period","SA",2025-09-02,"Monthly"," perc. points",0.214547598462633,"BBKMGDP"
"691",2017-07-01,"BBKMGDP",2.73044434026833,2025-09-04,2025-09-04,2.73044434026833,"Brave-Butters-Kelley Real Gross Domestic Product","1960-01-01","2025-06-01","Annualized % Chg. from Preceding Period","SA",2025-09-02,"Monthly"," perc. points",-0.741679766377301,"BBKMGDP"
"692",2017-08-01,"BBKMGDP",3.38336684094502,2025-09-04,2025-09-04,3.38336684094502,"Brave-Butters-Kelley Real Gross Domestic Product","1960-01-01","2025-06-01","Annualized % Chg. from Preceding Period","SA",2025-09-02,"Monthly"," perc. points",0.703956065379313,"BBKMGDP"
"693",2017-09-01,"BBKMGDP",4.30491152011352,2025-09-04,2025-09-04,4.30491152011352,"Brave-Butters-Kelley Real Gross Domestic Product","1960-01-01","2025-06-01","Annualized % Chg. from Preceding Period","SA",2025-09-02,"Monthly"," perc. points",1.79338495260048,"BBKMGDP"
"694",2017-10-01,"BBKMGDP",5.20407998233126,2025-09-04,2025-09-04,5.20407998233126,"Brave-Butters-Kelley Real Gross Domestic Product","1960-01-01","2025-06-01","Annualized % Chg. from Preceding Period","SA",2025-09-02,"Monthly"," perc. points",3.11453038583908,"BBKMGDP"
"695",2017-11-01,"BBKMGDP",4.45039913006973,2025-09-04,2025-09-04,4.45039913006973,"Brave-Butters-Kelley Real Gross Domestic Product","1960-01-01","2025-06-01","Annualized % Chg. from Preceding Period","SA",2025-09-02,"Monthly"," perc. points",2.69975541623474,"BBKMGDP"
"696",2017-12-01,"BBKMGDP",3.84297740437692,2025-09-04,2025-09-04,3.84297740437692,"Brave-Butters-Kelley Real Gross Domestic Product","1960-01-01","2025-06-01","Annualized % Chg. from Preceding Period","SA",2025-09-02,"Monthly"," perc. points",1.3996333911378,"BBKMGDP"
"697",2018-01-01,"BBKMGDP",2.61467818036548,2025-09-04,2025-09-04,2.61467818036548,"Brave-Butters-Kelley Real Gross Domestic Product","1960-01-01","2025-06-01","Annualized % Chg. from Preceding Period","SA",2025-09-02,"Monthly"," perc. points",0.422177273736394,"BBKMGDP"
"698",2018-02-01,"BBKMGDP",3.81340626583833,2025-09-04,2025-09-04,3.81340626583833,"Brave-Butters-Kelley Real Gross Domestic Product","1960-01-01","2025-06-01","Annualized % Chg. from Preceding Period","SA",2025-09-02,"Monthly"," perc. points",2.36152984326431,"BBKMGDP"
"699",2018-03-01,"BBKMGDP",1.55253914498212,2025-09-04,2025-09-04,1.55253914498212,"Brave-Butters-Kelley Real Gross Domestic Product","1960-01-01","2025-06-01","Annualized % Chg. from Preceding Period","SA",2025-09-02,"Monthly"," perc. points",0.202543468769103,"BBKMGDP"
"700",2018-04-01,"BBKMGDP",1.87871785772877,2025-09-04,2025-09-04,1.87871785772877,"Brave-Butters-Kelley Real Gross Domestic Product","1960-01-01","2025-06-01","Annualized % Chg. from Preceding Period","SA",2025-09-02,"Monthly"," perc. points",-0.809732884894327,"BBKMGDP"
"701",2018-05-01,"BBKMGDP",1.65032685691042,2025-09-04,2025-09-04,1.65032685691042,"Brave-Butters-Kelley Real Gross Domestic Product","1960-01-01","2025-06-01","Annualized % Chg. from Preceding Period","SA",2025-09-02,"Monthly"," perc. points",-0.59434257985275,"BBKMGDP"
"702",2018-06-01,"BBKMGDP",3.20402929435091,2025-09-04,2025-09-04,3.20402929435091,"Brave-Butters-Kelley Real Gross Domestic Product","1960-01-01","2025-06-01","Annualized % Chg. from Preceding Period","SA",2025-09-02,"Monthly"," perc. points",-0.187548605184574,"BBKMGDP"
"703",2018-07-01,"BBKMGDP",2.81087211217392,2025-09-04,2025-09-04,2.81087211217392,"Brave-Butters-Kelley Real Gross Domestic Product","1960-01-01","2025-06-01","Annualized % Chg. from Preceding Period","SA",2025-09-02,"Monthly"," perc. points",0.0804277719055899,"BBKMGDP"
"704",2018-08-01,"BBKMGDP",2.67695394996585,2025-09-04,2025-09-04,2.67695394996585,"Brave-Butters-Kelley Real Gross Domestic Product","1960-01-01","2025-06-01","Annualized % Chg. from Preceding Period","SA",2025-09-02,"Monthly"," perc. points",-0.706412890979161,"BBKMGDP"
"705",2018-09-01,"BBKMGDP",0.542347171485486,2025-09-04,2025-09-04,0.542347171485486,"Brave-Butters-Kelley Real Gross Domestic Product","1960-01-01","2025-06-01","Annualized % Chg. from Preceding Period","SA",2025-09-02,"Monthly"," perc. points",-3.76256434862804,"BBKMGDP"
"706",2018-10-01,"BBKMGDP",-0.707651367550966,2025-09-04,2025-09-04,-0.707651367550966,"Brave-Butters-Kelley Real Gross Domestic Product","1960-01-01","2025-06-01","Annualized % Chg. from Preceding Period","SA",2025-09-02,"Monthly"," perc. points",-5.91173134988223,"BBKMGDP"
"707",2018-11-01,"BBKMGDP",0.55009358557448,2025-09-04,2025-09-04,0.55009358557448,"Brave-Butters-Kelley Real Gross Domestic Product","1960-01-01","2025-06-01","Annualized % Chg. from Preceding Period","SA",2025-09-02,"Monthly"," perc. points",-3.90030554449525,"BBKMGDP"
"708",2018-12-01,"BBKMGDP",2.35314508564183,2025-09-04,2025-09-04,2.35314508564183,"Brave-Butters-Kelley Real Gross Domestic Product","1960-01-01","2025-06-01","Annualized % Chg. from Preceding Period","SA",2025-09-02,"Monthly"," perc. points",-1.48983231873509,"BBKMGDP"
"709",2019-01-01,"BBKMGDP",2.90782111078445,2025-09-04,2025-09-04,2.90782111078445,"Brave-Butters-Kelley Real Gross Domestic Product","1960-01-01","2025-06-01","Annualized % Chg. from Preceding Period","SA",2025-09-02,"Monthly"," perc. points",0.293142930418969,"BBKMGDP"
"710",2019-02-01,"BBKMGDP",2.72246899214813,2025-09-04,2025-09-04,2.72246899214813,"Brave-Butters-Kelley Real Gross Domestic Product","1960-01-01","2025-06-01","Annualized % Chg. from Preceding Period","SA",2025-09-02,"Monthly"," perc. points",-1.0909372736902,"BBKMGDP"
"711",2019-03-01,"BBKMGDP",2.96896356836635,2025-09-04,2025-09-04,2.96896356836635,"Brave-Butters-Kelley Real Gross Domestic Product","1960-01-01","2025-06-01","Annualized % Chg. from Preceding Period","SA",2025-09-02,"Monthly"," perc. points",1.41642442338423,"BBKMGDP"
"712",2019-04-01,"BBKMGDP",2.3370075594678,2025-09-04,2025-09-04,2.3370075594678,"Brave-Butters-Kelley Real Gross Domestic Product","1960-01-01","2025-06-01","Annualized % Chg. from Preceding Period","SA",2025-09-02,"Monthly"," perc. points",0.458289701739035,"BBKMGDP"
"713",2019-05-01,"BBKMGDP",4.47009852792692,2025-09-04,2025-09-04,4.47009852792692,"Brave-Butters-Kelley Real Gross Domestic Product","1960-01-01","2025-06-01","Annualized % Chg. from Preceding Period","SA",2025-09-02,"Monthly"," perc. points",2.8197716710165,"BBKMGDP"
"714",2019-06-01,"BBKMGDP",5.34037723883215,2025-09-04,2025-09-04,5.34037723883215,"Brave-Butters-Kelley Real Gross Domestic Product","1960-01-01","2025-06-01","Annualized % Chg. from Preceding Period","SA",2025-09-02,"Monthly"," perc. points",2.13634794448123,"BBKMGDP"
"715",2019-07-01,"BBKMGDP",5.18647767725892,2025-09-04,2025-09-04,5.18647767725892,"Brave-Butters-Kelley Real Gross Domestic Product","1960-01-01","2025-06-01","Annualized % Chg. from Preceding Period","SA",2025-09-02,"Monthly"," perc. points",2.37560556508499,"BBKMGDP"
"716",2019-08-01,"BBKMGDP",4.79747889325065,2025-09-04,2025-09-04,4.79747889325065,"Brave-Butters-Kelley Real Gross Domestic Product","1960-01-01","2025-06-01","Annualized % Chg. from Preceding Period","SA",2025-09-02,"Monthly"," perc. points",2.1205249432848,"BBKMGDP"
"717",2019-09-01,"BBKMGDP",1.56215724027392,2025-09-04,2025-09-04,1.56215724027392,"Brave-Butters-Kelley Real Gross Domestic Product","1960-01-01","2025-06-01","Annualized % Chg. from Preceding Period","SA",2025-09-02,"Monthly"," perc. points",1.01981006878843,"BBKMGDP"
"718",2019-10-01,"BBKMGDP",0.894107939864838,2025-09-04,2025-09-04,0.894107939864838,"Brave-Butters-Kelley Real Gross Domestic Product","1960-01-01","2025-06-01","Annualized % Chg. from Preceding Period","SA",2025-09-02,"Monthly"," perc. points",1.6017593074158,"BBKMGDP"
"719",2019-11-01,"BBKMGDP",4.36855695459626,2025-09-04,2025-09-04,4.36855695459626,"Brave-Butters-Kelley Real Gross Domestic Product","1960-01-01","2025-06-01","Annualized % Chg. from Preceding Period","SA",2025-09-02,"Monthly"," perc. points",3.81846336902178,"BBKMGDP"
"720",2019-12-01,"BBKMGDP",5.11862387577694,2025-09-04,2025-09-04,5.11862387577694,"Brave-Butters-Kelley Real Gross Domestic Product","1960-01-01","2025-06-01","Annualized % Chg. from Preceding Period","SA",2025-09-02,"Monthly"," perc. points",2.76547879013511,"BBKMGDP"
"721",2020-01-01,"BBKMGDP",0.893542917425995,2025-09-04,2025-09-04,0.893542917425995,"Brave-Butters-Kelley Real Gross Domestic Product","1960-01-01","2025-06-01","Annualized % Chg. from Preceding Period","SA",2025-09-02,"Monthly"," perc. points",-2.01427819335846,"BBKMGDP"
"722",2020-02-01,"BBKMGDP",-12.6117792412659,2025-09-04,2025-09-04,-12.6117792412659,"Brave-Butters-Kelley Real Gross Domestic Product","1960-01-01","2025-06-01","Annualized % Chg. from Preceding Period","SA",2025-09-02,"Monthly"," perc. points",-15.334248233414,"BBKMGDP"
"723",2020-03-01,"BBKMGDP",-42.5414051994276,2025-09-04,2025-09-04,-42.5414051994276,"Brave-Butters-Kelley Real Gross Domestic Product","1960-01-01","2025-06-01","Annualized % Chg. from Preceding Period","SA",2025-09-02,"Monthly"," perc. points",-45.510368767794,"BBKMGDP"
"724",2020-04-01,"BBKMGDP",-72.2724768487467,2025-09-04,2025-09-04,-72.2724768487467,"Brave-Butters-Kelley Real Gross Domestic Product","1960-01-01","2025-06-01","Annualized % Chg. from Preceding Period","SA",2025-09-02,"Monthly"," perc. points",-74.6094844082145,"BBKMGDP"
"725",2020-05-01,"BBKMGDP",-7.90141787876787,2025-09-04,2025-09-04,-7.90141787876787,"Brave-Butters-Kelley Real Gross Domestic Product","1960-01-01","2025-06-01","Annualized % Chg. from Preceding Period","SA",2025-09-02,"Monthly"," perc. points",-12.3715164066948,"BBKMGDP"
"726",2020-06-01,"BBKMGDP",33.7049316983477,2025-09-04,2025-09-04,33.7049316983477,"Brave-Butters-Kelley Real Gross Domestic Product","1960-01-01","2025-06-01","Annualized % Chg. from Preceding Period","SA",2025-09-02,"Monthly"," perc. points",28.3645544595155,"BBKMGDP"
"727",2020-07-01,"BBKMGDP",45.1441493229833,2025-09-04,2025-09-04,45.1441493229833,"Brave-Butters-Kelley Real Gross Domestic Product","1960-01-01","2025-06-01","Annualized % Chg. from Preceding Period","SA",2025-09-02,"Monthly"," perc. points",39.9576716457243,"BBKMGDP"
"728",2020-08-01,"BBKMGDP",32.7366930588875,2025-09-04,2025-09-04,32.7366930588875,"Brave-Butters-Kelley Real Gross Domestic Product","1960-01-01","2025-06-01","Annualized % Chg. from Preceding Period","SA",2025-09-02,"Monthly"," perc. points",27.9392141656368,"BBKMGDP"
"729",2020-09-01,"BBKMGDP",10.9862889232001,2025-09-04,2025-09-04,10.9862889232001,"Brave-Butters-Kelley Real Gross Domestic Product","1960-01-01","2025-06-01","Annualized % Chg. from Preceding Period","SA",2025-09-02,"Monthly"," perc. points",9.42413168292622,"BBKMGDP"
"730",2020-10-01,"BBKMGDP",-2.93780893947797,2025-09-04,2025-09-04,-2.93780893947797,"Brave-Butters-Kelley Real Gross Domestic Product","1960-01-01","2025-06-01","Annualized % Chg. from Preceding Period","SA",2025-09-02,"Monthly"," perc. points",-3.83191687934281,"BBKMGDP"
"731",2020-11-01,"BBKMGDP",-5.12535603870151,2025-09-04,2025-09-04,-5.12535603870151,"Brave-Butters-Kelley Real Gross Domestic Product","1960-01-01","2025-06-01","Annualized % Chg. from Preceding Period","SA",2025-09-02,"Monthly"," perc. points",-9.49391299329777,"BBKMGDP"
"732",2020-12-01,"BBKMGDP",3.19504580700701,2025-09-04,2025-09-04,3.19504580700701,"Brave-Butters-Kelley Real Gross Domestic Product","1960-01-01","2025-06-01","Annualized % Chg. from Preceding Period","SA",2025-09-02,"Monthly"," perc. points",-1.92357806876993,"BBKMGDP"
"733",2021-01-01,"BBKMGDP",9.13610880457687,2025-09-04,2025-09-04,9.13610880457687,"Brave-Butters-Kelley Real Gross Domestic Product","1960-01-01","2025-06-01","Annualized % Chg. from Preceding Period","SA",2025-09-02,"Monthly"," perc. points",8.24256588715087,"BBKMGDP"
"734",2021-02-01,"BBKMGDP",4.12257930633523,2025-09-04,2025-09-04,4.12257930633523,"Brave-Butters-Kelley Real Gross Domestic Product","1960-01-01","2025-06-01","Annualized % Chg. from Preceding Period","SA",2025-09-02,"Monthly"," perc. points",16.7343585476011,"BBKMGDP"
"735",2021-03-01,"BBKMGDP",12.4307487833022,2025-09-04,2025-09-04,12.4307487833022,"Brave-Butters-Kelley Real Gross Domestic Product","1960-01-01","2025-06-01","Annualized % Chg. from Preceding Period","SA",2025-09-02,"Monthly"," perc. points",54.9721539827298,"BBKMGDP"
"736",2021-04-01,"BBKMGDP",6.00322325930847,2025-09-04,2025-09-04,6.00322325930847,"Brave-Butters-Kelley Real Gross Domestic Product","1960-01-01","2025-06-01","Annualized % Chg. from Preceding Period","SA",2025-09-02,"Monthly"," perc. points",78.2757001080551,"BBKMGDP"
"737",2021-05-01,"BBKMGDP",3.40751123998738,2025-09-04,2025-09-04,3.40751123998738,"Brave-Butters-Kelley Real Gross Domestic Product","1960-01-01","2025-06-01","Annualized % Chg. from Preceding Period","SA",2025-09-02,"Monthly"," perc. points",11.3089291187552,"BBKMGDP"
"738",2021-06-01,"BBKMGDP",2.26929765168573,2025-09-04,2025-09-04,2.26929765168573,"Brave-Butters-Kelley Real Gross Domestic Product","1960-01-01","2025-06-01","Annualized % Chg. from Preceding Period","SA",2025-09-02,"Monthly"," perc. points",-31.4356340466619,"BBKMGDP"
"739",2021-07-01,"BBKMGDP",2.78764999490799,2025-09-04,2025-09-04,2.78764999490799,"Brave-Butters-Kelley Real Gross Domestic Product","1960-01-01","2025-06-01","Annualized % Chg. from Preceding Period","SA",2025-09-02,"Monthly"," perc. points",-42.3564993280753,"BBKMGDP"
"740",2021-08-01,"BBKMGDP",3.78157897786488,2025-09-04,2025-09-04,3.78157897786488,"Brave-Butters-Kelley Real Gross Domestic Product","1960-01-01","2025-06-01","Annualized % Chg. from Preceding Period","SA",2025-09-02,"Monthly"," perc. points",-28.9551140810226,"BBKMGDP"
"741",2021-09-01,"BBKMGDP",6.69751697575717,2025-09-04,2025-09-04,6.69751697575717,"Brave-Butters-Kelley Real Gross Domestic Product","1960-01-01","2025-06-01","Annualized % Chg. from Preceding Period","SA",2025-09-02,"Monthly"," perc. points",-4.28877194744296,"BBKMGDP"
"742",2021-10-01,"BBKMGDP",10.6620146638284,2025-09-04,2025-09-04,10.6620146638284,"Brave-Butters-Kelley Real Gross Domestic Product","1960-01-01","2025-06-01","Annualized % Chg. from Preceding Period","SA",2025-09-02,"Monthly"," perc. points",13.5998236033064,"BBKMGDP"
"743",2021-11-01,"BBKMGDP",7.45533459005256,2025-09-04,2025-09-04,7.45533459005256,"Brave-Butters-Kelley Real Gross Domestic Product","1960-01-01","2025-06-01","Annualized % Chg. from Preceding Period","SA",2025-09-02,"Monthly"," perc. points",12.5806906287541,"BBKMGDP"
"744",2021-12-01,"BBKMGDP",0.267559261582724,2025-09-04,2025-09-04,0.267559261582724,"Brave-Butters-Kelley Real Gross Domestic Product","1960-01-01","2025-06-01","Annualized % Chg. from Preceding Period","SA",2025-09-02,"Monthly"," perc. points",-2.92748654542429,"BBKMGDP"
"745",2022-01-01,"BBKMGDP",-4.36395384670059,2025-09-04,2025-09-04,-4.36395384670059,"Brave-Butters-Kelley Real Gross Domestic Product","1960-01-01","2025-06-01","Annualized % Chg. from Preceding Period","SA",2025-09-02,"Monthly"," perc. points",-13.5000626512775,"BBKMGDP"
"746",2022-02-01,"BBKMGDP",-2.31641455744801,2025-09-04,2025-09-04,-2.31641455744801,"Brave-Butters-Kelley Real Gross Domestic Product","1960-01-01","2025-06-01","Annualized % Chg. from Preceding Period","SA",2025-09-02,"Monthly"," perc. points",-6.43899386378324,"BBKMGDP"
"747",2022-03-01,"BBKMGDP",0.460175833849035,2025-09-04,2025-09-04,0.460175833849035,"Brave-Butters-Kelley Real Gross Domestic Product","1960-01-01","2025-06-01","Annualized % Chg. from Preceding Period","SA",2025-09-02,"Monthly"," perc. points",-11.9705729494532,"BBKMGDP"
"748",2022-04-01,"BBKMGDP",0.205987845210536,2025-09-04,2025-09-04,0.205987845210536,"Brave-Butters-Kelley Real Gross Domestic Product","1960-01-01","2025-06-01","Annualized % Chg. from Preceding Period","SA",2025-09-02,"Monthly"," perc. points",-5.79723541409793,"BBKMGDP"
"749",2022-05-01,"BBKMGDP",0.771149843071846,2025-09-04,2025-09-04,0.771149843071846,"Brave-Butters-Kelley Real Gross Domestic Product","1960-01-01","2025-06-01","Annualized % Chg. from Preceding Period","SA",2025-09-02,"Monthly"," perc. points",-2.63636139691553,"BBKMGDP"
"750",2022-06-01,"BBKMGDP",1.74954252221684,2025-09-04,2025-09-04,1.74954252221684,"Brave-Butters-Kelley Real Gross Domestic Product","1960-01-01","2025-06-01","Annualized % Chg. from Preceding Period","SA",2025-09-02,"Monthly"," perc. points",-0.519755129468887,"BBKMGDP"
"751",2022-07-01,"BBKMGDP",2.91117223968887,2025-09-04,2025-09-04,2.91117223968887,"Brave-Butters-Kelley Real Gross Domestic Product","1960-01-01","2025-06-01","Annualized % Chg. from Preceding Period","SA",2025-09-02,"Monthly"," perc. points",0.123522244780879,"BBKMGDP"
"752",2022-08-01,"BBKMGDP",3.40089056559035,2025-09-04,2025-09-04,3.40089056559035,"Brave-Butters-Kelley Real Gross Domestic Product","1960-01-01","2025-06-01","Annualized % Chg. from Preceding Period","SA",2025-09-02,"Monthly"," perc. points",-0.380688412274538,"BBKMGDP"
"753",2022-09-01,"BBKMGDP",4.35497262347684,2025-09-04,2025-09-04,4.35497262347684,"Brave-Butters-Kelley Real Gross Domestic Product","1960-01-01","2025-06-01","Annualized % Chg. from Preceding Period","SA",2025-09-02,"Monthly"," perc. points",-2.34254435228034,"BBKMGDP"
"754",2022-10-01,"BBKMGDP",4.07979129737115,2025-09-04,2025-09-04,4.07979129737115,"Brave-Butters-Kelley Real Gross Domestic Product","1960-01-01","2025-06-01","Annualized % Chg. from Preceding Period","SA",2025-09-02,"Monthly"," perc. points",-6.58222336645726,"BBKMGDP"
"755",2022-11-01,"BBKMGDP",1.93068344636282,2025-09-04,2025-09-04,1.93068344636282,"Brave-Butters-Kelley Real Gross Domestic Product","1960-01-01","2025-06-01","Annualized % Chg. from Preceding Period","SA",2025-09-02,"Monthly"," perc. points",-5.52465114368974,"BBKMGDP"
"756",2022-12-01,"BBKMGDP",1.47157503170198,2025-09-04,2025-09-04,1.47157503170198,"Brave-Butters-Kelley Real Gross Domestic Product","1960-01-01","2025-06-01","Annualized % Chg. from Preceding Period","SA",2025-09-02,"Monthly"," perc. points",1.20401577011926,"BBKMGDP"
"757",2023-01-01,"BBKMGDP",5.00716385185942,2025-09-04,2025-09-04,5.00716385185942,"Brave-Butters-Kelley Real Gross Domestic Product","1960-01-01","2025-06-01","Annualized % Chg. from Preceding Period","SA",2025-09-02,"Monthly"," perc. points",9.37111769856001,"BBKMGDP"
"758",2023-02-01,"BBKMGDP",1.90669078462426,2025-09-04,2025-09-04,1.90669078462426,"Brave-Butters-Kelley Real Gross Domestic Product","1960-01-01","2025-06-01","Annualized % Chg. from Preceding Period","SA",2025-09-02,"Monthly"," perc. points",4.22310534207227,"BBKMGDP"
"759",2023-03-01,"BBKMGDP",1.10680115188161,2025-09-04,2025-09-04,1.10680115188161,"Brave-Butters-Kelley Real Gross Domestic Product","1960-01-01","2025-06-01","Annualized % Chg. from Preceding Period","SA",2025-09-02,"Monthly"," perc. points",0.646625318032576,"BBKMGDP"
"760",2023-04-01,"BBKMGDP",2.93056685926242,2025-09-04,2025-09-04,2.93056685926242,"Brave-Butters-Kelley Real Gross Domestic Product","1960-01-01","2025-06-01","Annualized % Chg. from Preceding Period","SA",2025-09-02,"Monthly"," perc. points",2.72457901405189,"BBKMGDP"
"761",2023-05-01,"BBKMGDP",2.7729259769218,2025-09-04,2025-09-04,2.7729259769218,"Brave-Butters-Kelley Real Gross Domestic Product","1960-01-01","2025-06-01","Annualized % Chg. from Preceding Period","SA",2025-09-02,"Monthly"," perc. points",2.00177613384996,"BBKMGDP"
"762",2023-06-01,"BBKMGDP",3.32991546498551,2025-09-04,2025-09-04,3.32991546498551,"Brave-Butters-Kelley Real Gross Domestic Product","1960-01-01","2025-06-01","Annualized % Chg. from Preceding Period","SA",2025-09-02,"Monthly"," perc. points",1.58037294276867,"BBKMGDP"
"763",2023-07-01,"BBKMGDP",4.79205675255626,2025-09-04,2025-09-04,4.79205675255626,"Brave-Butters-Kelley Real Gross Domestic Product","1960-01-01","2025-06-01","Annualized % Chg. from Preceding Period","SA",2025-09-02,"Monthly"," perc. points",1.8808845128674,"BBKMGDP"
"764",2023-08-01,"BBKMGDP",5.07127856295587,2025-09-04,2025-09-04,5.07127856295587,"Brave-Butters-Kelley Real Gross Domestic Product","1960-01-01","2025-06-01","Annualized % Chg. from Preceding Period","SA",2025-09-02,"Monthly"," perc. points",1.67038799736553,"BBKMGDP"
"765",2023-09-01,"BBKMGDP",4.41579170465334,2025-09-04,2025-09-04,4.41579170465334,"Brave-Butters-Kelley Real Gross Domestic Product","1960-01-01","2025-06-01","Annualized % Chg. from Preceding Period","SA",2025-09-02,"Monthly"," perc. points",0.0608190811765024,"BBKMGDP"
"766",2023-10-01,"BBKMGDP",2.28901809621125,2025-09-04,2025-09-04,2.28901809621125,"Brave-Butters-Kelley Real Gross Domestic Product","1960-01-01","2025-06-01","Annualized % Chg. from Preceding Period","SA",2025-09-02,"Monthly"," perc. points",-1.7907732011599,"BBKMGDP"
"767",2023-11-01,"BBKMGDP",2.9389043449815,2025-09-04,2025-09-04,2.9389043449815,"Brave-Butters-Kelley Real Gross Domestic Product","1960-01-01","2025-06-01","Annualized % Chg. from Preceding Period","SA",2025-09-02,"Monthly"," perc. points",1.00822089861868,"BBKMGDP"
"768",2023-12-01,"BBKMGDP",1.63833161459448,2025-09-04,2025-09-04,1.63833161459448,"Brave-Butters-Kelley Real Gross Domestic Product","1960-01-01","2025-06-01","Annualized % Chg. from Preceding Period","SA",2025-09-02,"Monthly"," perc. points",0.166756582892498,"BBKMGDP"
"769",2024-01-01,"BBKMGDP",-0.518822206409446,2025-09-04,2025-09-04,-0.518822206409446,"Brave-Butters-Kelley Real Gross Domestic Product","1960-01-01","2025-06-01","Annualized % Chg. from Preceding Period","SA",2025-09-02,"Monthly"," perc. points",-5.52598605826886,"BBKMGDP"
"770",2024-02-01,"BBKMGDP",3.74656153074609,2025-09-04,2025-09-04,3.74656153074609,"Brave-Butters-Kelley Real Gross Domestic Product","1960-01-01","2025-06-01","Annualized % Chg. from Preceding Period","SA",2025-09-02,"Monthly"," perc. points",1.83987074612183,"BBKMGDP"
"771",2024-03-01,"BBKMGDP",2.3842095728223,2025-09-04,2025-09-04,2.3842095728223,"Brave-Butters-Kelley Real Gross Domestic Product","1960-01-01","2025-06-01","Annualized % Chg. from Preceding Period","SA",2025-09-02,"Monthly"," perc. points",1.27740842094068,"BBKMGDP"
"772",2024-04-01,"BBKMGDP",2.7456804986692,2025-09-04,2025-09-04,2.7456804986692,"Brave-Butters-Kelley Real Gross Domestic Product","1960-01-01","2025-06-01","Annualized % Chg. from Preceding Period","SA",2025-09-02,"Monthly"," perc. points",-0.184886360593224,"BBKMGDP"
"773",2024-05-01,"BBKMGDP",3.61654361795534,2025-09-04,2025-09-04,3.61654361795534,"Brave-Butters-Kelley Real Gross Domestic Product","1960-01-01","2025-06-01","Annualized % Chg. from Preceding Period","SA",2025-09-02,"Monthly"," perc. points",0.843617641033535,"BBKMGDP"
"774",2024-06-01,"BBKMGDP",2.52643931303603,2025-09-04,2025-09-04,2.52643931303603,"Brave-Butters-Kelley Real Gross Domestic Product","1960-01-01","2025-06-01","Annualized % Chg. from Preceding Period","SA",2025-09-02,"Monthly"," perc. points",-0.803476151949483,"BBKMGDP"
"775",2024-07-01,"BBKMGDP",2.47792320303495,2025-09-04,2025-09-04,2.47792320303495,"Brave-Butters-Kelley Real Gross Domestic Product","1960-01-01","2025-06-01","Annualized % Chg. from Preceding Period","SA",2025-09-02,"Monthly"," perc. points",-2.31413354952132,"BBKMGDP"
"776",2024-08-01,"BBKMGDP",3.58896657720464,2025-09-04,2025-09-04,3.58896657720464,"Brave-Butters-Kelley Real Gross Domestic Product","1960-01-01","2025-06-01","Annualized % Chg. from Preceding Period","SA",2025-09-02,"Monthly"," perc. points",-1.48231198575123,"BBKMGDP"
"777",2024-09-01,"BBKMGDP",3.95979409055152,2025-09-04,2025-09-04,3.95979409055152,"Brave-Butters-Kelley Real Gross Domestic Product","1960-01-01","2025-06-01","Annualized % Chg. from Preceding Period","SA",2025-09-02,"Monthly"," perc. points",-0.455997614101823,"BBKMGDP"
"778",2024-10-01,"BBKMGDP",2.72319569029673,2025-09-04,2025-09-04,2.72319569029673,"Brave-Butters-Kelley Real Gross Domestic Product","1960-01-01","2025-06-01","Annualized % Chg. from Preceding Period","SA",2025-09-02,"Monthly"," perc. points",0.434177594085485,"BBKMGDP"
"779",2024-11-01,"BBKMGDP",1.52540102507434,2025-09-04,2025-09-04,1.52540102507434,"Brave-Butters-Kelley Real Gross Domestic Product","1960-01-01","2025-06-01","Annualized % Chg. from Preceding Period","SA",2025-09-02,"Monthly"," perc. points",-1.41350331990715,"BBKMGDP"
"780",2024-12-01,"BBKMGDP",-0.949086809429933,2025-09-04,2025-09-04,-0.949086809429933,"Brave-Butters-Kelley Real Gross Domestic Product","1960-01-01","2025-06-01","Annualized % Chg. from Preceding Period","SA",2025-09-02,"Monthly"," perc. points",-2.58741842402441,"BBKMGDP"
"781",2025-01-01,"BBKMGDP",-2.98838948747943,2025-09-04,2025-09-04,-2.98838948747943,"Brave-Butters-Kelley Real Gross Domestic Product","1960-01-01","2025-06-01","Annualized % Chg. from Preceding Period","SA",2025-09-02,"Monthly"," perc. points",-2.46956728106998,"BBKMGDP"
"782",2025-02-01,"BBKMGDP",0.517882674714992,2025-09-04,2025-09-04,0.517882674714992,"Brave-Butters-Kelley Real Gross Domestic Product","1960-01-01","2025-06-01","Annualized % Chg. from Preceding Period","SA",2025-09-02,"Monthly"," perc. points",-3.2286788560311,"BBKMGDP"
"783",2025-03-01,"BBKMGDP",3.77300711448841,2025-09-04,2025-09-04,3.77300711448841,"Brave-Butters-Kelley Real Gross Domestic Product","1960-01-01","2025-06-01","Annualized % Chg. from Preceding Period","SA",2025-09-02,"Monthly"," perc. points",1.38879754166611,"BBKMGDP"
"784",2025-04-01,"BBKMGDP",3.84624740249905,2025-09-04,2025-09-04,3.84624740249905,"Brave-Butters-Kelley Real Gross Domestic Product","1960-01-01","2025-06-01","Annualized % Chg. from Preceding Period","SA",2025-09-02,"Monthly"," perc. points",1.10056690382985,"BBKMGDP"
"785",2025-05-01,"BBKMGDP",4.17498987310847,2025-09-04,2025-09-04,4.17498987310847,"Brave-Butters-Kelley Real Gross Domestic Product","1960-01-01","2025-06-01","Annualized % Chg. from Preceding Period","SA",2025-09-02,"Monthly"," perc. points",0.558446255153132,"BBKMGDP"
"786",2025-06-01,"BBKMGDP",1.18820083362022,2025-09-04,2025-09-04,1.18820083362022,"Brave-Butters-Kelley Real Gross Domestic Product","1960-01-01","2025-06-01","Annualized % Chg. from Preceding Period","SA",2025-09-02,"Monthly"," perc. points",-1.33823847941581,"BBKMGDP"
