"","date","series_id","value","realtime_start","realtime_end","level","title","observation_start","observation_end","units_short","seasonal_adjustment_short","last_updated","frequency","corr_units_short","corr_value","sid1"
"1",1975-01-01,"CSUSHPISA",NA,2025-08-30,2025-08-30,NA,"S&P CoreLogic Case-Shiller U.S. National Home Price Index","1987-01-01","2025-06-01","Index Jan 2000=100","SA",2025-08-26,"Monthly","%",NA,"CSUSHPISA"
"2",1975-02-01,"CSUSHPISA",NA,2025-08-30,2025-08-30,NA,"S&P CoreLogic Case-Shiller U.S. National Home Price Index","1987-01-01","2025-06-01","Index Jan 2000=100","SA",2025-08-26,"Monthly","%",NA,"CSUSHPISA"
"3",1975-03-01,"CSUSHPISA",NA,2025-08-30,2025-08-30,NA,"S&P CoreLogic Case-Shiller U.S. National Home Price Index","1987-01-01","2025-06-01","Index Jan 2000=100","SA",2025-08-26,"Monthly","%",NA,"CSUSHPISA"
"4",1975-04-01,"CSUSHPISA",NA,2025-08-30,2025-08-30,NA,"S&P CoreLogic Case-Shiller U.S. National Home Price Index","1987-01-01","2025-06-01","Index Jan 2000=100","SA",2025-08-26,"Monthly","%",NA,"CSUSHPISA"
"5",1975-05-01,"CSUSHPISA",NA,2025-08-30,2025-08-30,NA,"S&P CoreLogic Case-Shiller U.S. National Home Price Index","1987-01-01","2025-06-01","Index Jan 2000=100","SA",2025-08-26,"Monthly","%",NA,"CSUSHPISA"
"6",1975-06-01,"CSUSHPISA",NA,2025-08-30,2025-08-30,NA,"S&P CoreLogic Case-Shiller U.S. National Home Price Index","1987-01-01","2025-06-01","Index Jan 2000=100","SA",2025-08-26,"Monthly","%",NA,"CSUSHPISA"
"7",1975-07-01,"CSUSHPISA",NA,2025-08-30,2025-08-30,NA,"S&P CoreLogic Case-Shiller U.S. National Home Price Index","1987-01-01","2025-06-01","Index Jan 2000=100","SA",2025-08-26,"Monthly","%",NA,"CSUSHPISA"
"8",1975-08-01,"CSUSHPISA",NA,2025-08-30,2025-08-30,NA,"S&P CoreLogic Case-Shiller U.S. National Home Price Index","1987-01-01","2025-06-01","Index Jan 2000=100","SA",2025-08-26,"Monthly","%",NA,"CSUSHPISA"
"9",1975-09-01,"CSUSHPISA",NA,2025-08-30,2025-08-30,NA,"S&P CoreLogic Case-Shiller U.S. National Home Price Index","1987-01-01","2025-06-01","Index Jan 2000=100","SA",2025-08-26,"Monthly","%",NA,"CSUSHPISA"
"10",1975-10-01,"CSUSHPISA",NA,2025-08-30,2025-08-30,NA,"S&P CoreLogic Case-Shiller U.S. National Home Price Index","1987-01-01","2025-06-01","Index Jan 2000=100","SA",2025-08-26,"Monthly","%",NA,"CSUSHPISA"
"11",1975-11-01,"CSUSHPISA",NA,2025-08-30,2025-08-30,NA,"S&P CoreLogic Case-Shiller U.S. National Home Price Index","1987-01-01","2025-06-01","Index Jan 2000=100","SA",2025-08-26,"Monthly","%",NA,"CSUSHPISA"
"12",1975-12-01,"CSUSHPISA",NA,2025-08-30,2025-08-30,NA,"S&P CoreLogic Case-Shiller U.S. National Home Price Index","1987-01-01","2025-06-01","Index Jan 2000=100","SA",2025-08-26,"Monthly","%",NA,"CSUSHPISA"
"13",1976-01-01,"CSUSHPISA",NA,2025-08-30,2025-08-30,NA,"S&P CoreLogic Case-Shiller U.S. National Home Price Index","1987-01-01","2025-06-01","Index Jan 2000=100","SA",2025-08-26,"Monthly","%",NA,"CSUSHPISA"
"14",1976-02-01,"CSUSHPISA",NA,2025-08-30,2025-08-30,NA,"S&P CoreLogic Case-Shiller U.S. National Home Price Index","1987-01-01","2025-06-01","Index Jan 2000=100","SA",2025-08-26,"Monthly","%",NA,"CSUSHPISA"
"15",1976-03-01,"CSUSHPISA",NA,2025-08-30,2025-08-30,NA,"S&P CoreLogic Case-Shiller U.S. National Home Price Index","1987-01-01","2025-06-01","Index Jan 2000=100","SA",2025-08-26,"Monthly","%",NA,"CSUSHPISA"
"16",1976-04-01,"CSUSHPISA",NA,2025-08-30,2025-08-30,NA,"S&P CoreLogic Case-Shiller U.S. National Home Price Index","1987-01-01","2025-06-01","Index Jan 2000=100","SA",2025-08-26,"Monthly","%",NA,"CSUSHPISA"
"17",1976-05-01,"CSUSHPISA",NA,2025-08-30,2025-08-30,NA,"S&P CoreLogic Case-Shiller U.S. National Home Price Index","1987-01-01","2025-06-01","Index Jan 2000=100","SA",2025-08-26,"Monthly","%",NA,"CSUSHPISA"
"18",1976-06-01,"CSUSHPISA",NA,2025-08-30,2025-08-30,NA,"S&P CoreLogic Case-Shiller U.S. National Home Price Index","1987-01-01","2025-06-01","Index Jan 2000=100","SA",2025-08-26,"Monthly","%",NA,"CSUSHPISA"
"19",1976-07-01,"CSUSHPISA",NA,2025-08-30,2025-08-30,NA,"S&P CoreLogic Case-Shiller U.S. National Home Price Index","1987-01-01","2025-06-01","Index Jan 2000=100","SA",2025-08-26,"Monthly","%",NA,"CSUSHPISA"
"20",1976-08-01,"CSUSHPISA",NA,2025-08-30,2025-08-30,NA,"S&P CoreLogic Case-Shiller U.S. National Home Price Index","1987-01-01","2025-06-01","Index Jan 2000=100","SA",2025-08-26,"Monthly","%",NA,"CSUSHPISA"
"21",1976-09-01,"CSUSHPISA",NA,2025-08-30,2025-08-30,NA,"S&P CoreLogic Case-Shiller U.S. National Home Price Index","1987-01-01","2025-06-01","Index Jan 2000=100","SA",2025-08-26,"Monthly","%",NA,"CSUSHPISA"
"22",1976-10-01,"CSUSHPISA",NA,2025-08-30,2025-08-30,NA,"S&P CoreLogic Case-Shiller U.S. National Home Price Index","1987-01-01","2025-06-01","Index Jan 2000=100","SA",2025-08-26,"Monthly","%",NA,"CSUSHPISA"
"23",1976-11-01,"CSUSHPISA",NA,2025-08-30,2025-08-30,NA,"S&P CoreLogic Case-Shiller U.S. National Home Price Index","1987-01-01","2025-06-01","Index Jan 2000=100","SA",2025-08-26,"Monthly","%",NA,"CSUSHPISA"
"24",1976-12-01,"CSUSHPISA",NA,2025-08-30,2025-08-30,NA,"S&P CoreLogic Case-Shiller U.S. National Home Price Index","1987-01-01","2025-06-01","Index Jan 2000=100","SA",2025-08-26,"Monthly","%",NA,"CSUSHPISA"
"25",1977-01-01,"CSUSHPISA",NA,2025-08-30,2025-08-30,NA,"S&P CoreLogic Case-Shiller U.S. National Home Price Index","1987-01-01","2025-06-01","Index Jan 2000=100","SA",2025-08-26,"Monthly","%",NA,"CSUSHPISA"
"26",1977-02-01,"CSUSHPISA",NA,2025-08-30,2025-08-30,NA,"S&P CoreLogic Case-Shiller U.S. National Home Price Index","1987-01-01","2025-06-01","Index Jan 2000=100","SA",2025-08-26,"Monthly","%",NA,"CSUSHPISA"
"27",1977-03-01,"CSUSHPISA",NA,2025-08-30,2025-08-30,NA,"S&P CoreLogic Case-Shiller U.S. National Home Price Index","1987-01-01","2025-06-01","Index Jan 2000=100","SA",2025-08-26,"Monthly","%",NA,"CSUSHPISA"
"28",1977-04-01,"CSUSHPISA",NA,2025-08-30,2025-08-30,NA,"S&P CoreLogic Case-Shiller U.S. National Home Price Index","1987-01-01","2025-06-01","Index Jan 2000=100","SA",2025-08-26,"Monthly","%",NA,"CSUSHPISA"
"29",1977-05-01,"CSUSHPISA",NA,2025-08-30,2025-08-30,NA,"S&P CoreLogic Case-Shiller U.S. National Home Price Index","1987-01-01","2025-06-01","Index Jan 2000=100","SA",2025-08-26,"Monthly","%",NA,"CSUSHPISA"
"30",1977-06-01,"CSUSHPISA",NA,2025-08-30,2025-08-30,NA,"S&P CoreLogic Case-Shiller U.S. National Home Price Index","1987-01-01","2025-06-01","Index Jan 2000=100","SA",2025-08-26,"Monthly","%",NA,"CSUSHPISA"
"31",1977-07-01,"CSUSHPISA",NA,2025-08-30,2025-08-30,NA,"S&P CoreLogic Case-Shiller U.S. National Home Price Index","1987-01-01","2025-06-01","Index Jan 2000=100","SA",2025-08-26,"Monthly","%",NA,"CSUSHPISA"
"32",1977-08-01,"CSUSHPISA",NA,2025-08-30,2025-08-30,NA,"S&P CoreLogic Case-Shiller U.S. National Home Price Index","1987-01-01","2025-06-01","Index Jan 2000=100","SA",2025-08-26,"Monthly","%",NA,"CSUSHPISA"
"33",1977-09-01,"CSUSHPISA",NA,2025-08-30,2025-08-30,NA,"S&P CoreLogic Case-Shiller U.S. National Home Price Index","1987-01-01","2025-06-01","Index Jan 2000=100","SA",2025-08-26,"Monthly","%",NA,"CSUSHPISA"
"34",1977-10-01,"CSUSHPISA",NA,2025-08-30,2025-08-30,NA,"S&P CoreLogic Case-Shiller U.S. National Home Price Index","1987-01-01","2025-06-01","Index Jan 2000=100","SA",2025-08-26,"Monthly","%",NA,"CSUSHPISA"
"35",1977-11-01,"CSUSHPISA",NA,2025-08-30,2025-08-30,NA,"S&P CoreLogic Case-Shiller U.S. National Home Price Index","1987-01-01","2025-06-01","Index Jan 2000=100","SA",2025-08-26,"Monthly","%",NA,"CSUSHPISA"
"36",1977-12-01,"CSUSHPISA",NA,2025-08-30,2025-08-30,NA,"S&P CoreLogic Case-Shiller U.S. National Home Price Index","1987-01-01","2025-06-01","Index Jan 2000=100","SA",2025-08-26,"Monthly","%",NA,"CSUSHPISA"
"37",1978-01-01,"CSUSHPISA",NA,2025-08-30,2025-08-30,NA,"S&P CoreLogic Case-Shiller U.S. National Home Price Index","1987-01-01","2025-06-01","Index Jan 2000=100","SA",2025-08-26,"Monthly","%",NA,"CSUSHPISA"
"38",1978-02-01,"CSUSHPISA",NA,2025-08-30,2025-08-30,NA,"S&P CoreLogic Case-Shiller U.S. National Home Price Index","1987-01-01","2025-06-01","Index Jan 2000=100","SA",2025-08-26,"Monthly","%",NA,"CSUSHPISA"
"39",1978-03-01,"CSUSHPISA",NA,2025-08-30,2025-08-30,NA,"S&P CoreLogic Case-Shiller U.S. National Home Price Index","1987-01-01","2025-06-01","Index Jan 2000=100","SA",2025-08-26,"Monthly","%",NA,"CSUSHPISA"
"40",1978-04-01,"CSUSHPISA",NA,2025-08-30,2025-08-30,NA,"S&P CoreLogic Case-Shiller U.S. National Home Price Index","1987-01-01","2025-06-01","Index Jan 2000=100","SA",2025-08-26,"Monthly","%",NA,"CSUSHPISA"
"41",1978-05-01,"CSUSHPISA",NA,2025-08-30,2025-08-30,NA,"S&P CoreLogic Case-Shiller U.S. National Home Price Index","1987-01-01","2025-06-01","Index Jan 2000=100","SA",2025-08-26,"Monthly","%",NA,"CSUSHPISA"
"42",1978-06-01,"CSUSHPISA",NA,2025-08-30,2025-08-30,NA,"S&P CoreLogic Case-Shiller U.S. National Home Price Index","1987-01-01","2025-06-01","Index Jan 2000=100","SA",2025-08-26,"Monthly","%",NA,"CSUSHPISA"
"43",1978-07-01,"CSUSHPISA",NA,2025-08-30,2025-08-30,NA,"S&P CoreLogic Case-Shiller U.S. National Home Price Index","1987-01-01","2025-06-01","Index Jan 2000=100","SA",2025-08-26,"Monthly","%",NA,"CSUSHPISA"
"44",1978-08-01,"CSUSHPISA",NA,2025-08-30,2025-08-30,NA,"S&P CoreLogic Case-Shiller U.S. National Home Price Index","1987-01-01","2025-06-01","Index Jan 2000=100","SA",2025-08-26,"Monthly","%",NA,"CSUSHPISA"
"45",1978-09-01,"CSUSHPISA",NA,2025-08-30,2025-08-30,NA,"S&P CoreLogic Case-Shiller U.S. National Home Price Index","1987-01-01","2025-06-01","Index Jan 2000=100","SA",2025-08-26,"Monthly","%",NA,"CSUSHPISA"
"46",1978-10-01,"CSUSHPISA",NA,2025-08-30,2025-08-30,NA,"S&P CoreLogic Case-Shiller U.S. National Home Price Index","1987-01-01","2025-06-01","Index Jan 2000=100","SA",2025-08-26,"Monthly","%",NA,"CSUSHPISA"
"47",1978-11-01,"CSUSHPISA",NA,2025-08-30,2025-08-30,NA,"S&P CoreLogic Case-Shiller U.S. National Home Price Index","1987-01-01","2025-06-01","Index Jan 2000=100","SA",2025-08-26,"Monthly","%",NA,"CSUSHPISA"
"48",1978-12-01,"CSUSHPISA",NA,2025-08-30,2025-08-30,NA,"S&P CoreLogic Case-Shiller U.S. National Home Price Index","1987-01-01","2025-06-01","Index Jan 2000=100","SA",2025-08-26,"Monthly","%",NA,"CSUSHPISA"
"49",1979-01-01,"CSUSHPISA",NA,2025-08-30,2025-08-30,NA,"S&P CoreLogic Case-Shiller U.S. National Home Price Index","1987-01-01","2025-06-01","Index Jan 2000=100","SA",2025-08-26,"Monthly","%",NA,"CSUSHPISA"
"50",1979-02-01,"CSUSHPISA",NA,2025-08-30,2025-08-30,NA,"S&P CoreLogic Case-Shiller U.S. National Home Price Index","1987-01-01","2025-06-01","Index Jan 2000=100","SA",2025-08-26,"Monthly","%",NA,"CSUSHPISA"
"51",1979-03-01,"CSUSHPISA",NA,2025-08-30,2025-08-30,NA,"S&P CoreLogic Case-Shiller U.S. National Home Price Index","1987-01-01","2025-06-01","Index Jan 2000=100","SA",2025-08-26,"Monthly","%",NA,"CSUSHPISA"
"52",1979-04-01,"CSUSHPISA",NA,2025-08-30,2025-08-30,NA,"S&P CoreLogic Case-Shiller U.S. National Home Price Index","1987-01-01","2025-06-01","Index Jan 2000=100","SA",2025-08-26,"Monthly","%",NA,"CSUSHPISA"
"53",1979-05-01,"CSUSHPISA",NA,2025-08-30,2025-08-30,NA,"S&P CoreLogic Case-Shiller U.S. National Home Price Index","1987-01-01","2025-06-01","Index Jan 2000=100","SA",2025-08-26,"Monthly","%",NA,"CSUSHPISA"
"54",1979-06-01,"CSUSHPISA",NA,2025-08-30,2025-08-30,NA,"S&P CoreLogic Case-Shiller U.S. National Home Price Index","1987-01-01","2025-06-01","Index Jan 2000=100","SA",2025-08-26,"Monthly","%",NA,"CSUSHPISA"
"55",1979-07-01,"CSUSHPISA",NA,2025-08-30,2025-08-30,NA,"S&P CoreLogic Case-Shiller U.S. National Home Price Index","1987-01-01","2025-06-01","Index Jan 2000=100","SA",2025-08-26,"Monthly","%",NA,"CSUSHPISA"
"56",1979-08-01,"CSUSHPISA",NA,2025-08-30,2025-08-30,NA,"S&P CoreLogic Case-Shiller U.S. National Home Price Index","1987-01-01","2025-06-01","Index Jan 2000=100","SA",2025-08-26,"Monthly","%",NA,"CSUSHPISA"
"57",1979-09-01,"CSUSHPISA",NA,2025-08-30,2025-08-30,NA,"S&P CoreLogic Case-Shiller U.S. National Home Price Index","1987-01-01","2025-06-01","Index Jan 2000=100","SA",2025-08-26,"Monthly","%",NA,"CSUSHPISA"
"58",1979-10-01,"CSUSHPISA",NA,2025-08-30,2025-08-30,NA,"S&P CoreLogic Case-Shiller U.S. National Home Price Index","1987-01-01","2025-06-01","Index Jan 2000=100","SA",2025-08-26,"Monthly","%",NA,"CSUSHPISA"
"59",1979-11-01,"CSUSHPISA",NA,2025-08-30,2025-08-30,NA,"S&P CoreLogic Case-Shiller U.S. National Home Price Index","1987-01-01","2025-06-01","Index Jan 2000=100","SA",2025-08-26,"Monthly","%",NA,"CSUSHPISA"
"60",1979-12-01,"CSUSHPISA",NA,2025-08-30,2025-08-30,NA,"S&P CoreLogic Case-Shiller U.S. National Home Price Index","1987-01-01","2025-06-01","Index Jan 2000=100","SA",2025-08-26,"Monthly","%",NA,"CSUSHPISA"
"61",1980-01-01,"CSUSHPISA",NA,2025-08-30,2025-08-30,NA,"S&P CoreLogic Case-Shiller U.S. National Home Price Index","1987-01-01","2025-06-01","Index Jan 2000=100","SA",2025-08-26,"Monthly","%",NA,"CSUSHPISA"
"62",1980-02-01,"CSUSHPISA",NA,2025-08-30,2025-08-30,NA,"S&P CoreLogic Case-Shiller U.S. National Home Price Index","1987-01-01","2025-06-01","Index Jan 2000=100","SA",2025-08-26,"Monthly","%",NA,"CSUSHPISA"
"63",1980-03-01,"CSUSHPISA",NA,2025-08-30,2025-08-30,NA,"S&P CoreLogic Case-Shiller U.S. National Home Price Index","1987-01-01","2025-06-01","Index Jan 2000=100","SA",2025-08-26,"Monthly","%",NA,"CSUSHPISA"
"64",1980-04-01,"CSUSHPISA",NA,2025-08-30,2025-08-30,NA,"S&P CoreLogic Case-Shiller U.S. National Home Price Index","1987-01-01","2025-06-01","Index Jan 2000=100","SA",2025-08-26,"Monthly","%",NA,"CSUSHPISA"
"65",1980-05-01,"CSUSHPISA",NA,2025-08-30,2025-08-30,NA,"S&P CoreLogic Case-Shiller U.S. National Home Price Index","1987-01-01","2025-06-01","Index Jan 2000=100","SA",2025-08-26,"Monthly","%",NA,"CSUSHPISA"
"66",1980-06-01,"CSUSHPISA",NA,2025-08-30,2025-08-30,NA,"S&P CoreLogic Case-Shiller U.S. National Home Price Index","1987-01-01","2025-06-01","Index Jan 2000=100","SA",2025-08-26,"Monthly","%",NA,"CSUSHPISA"
"67",1980-07-01,"CSUSHPISA",NA,2025-08-30,2025-08-30,NA,"S&P CoreLogic Case-Shiller U.S. National Home Price Index","1987-01-01","2025-06-01","Index Jan 2000=100","SA",2025-08-26,"Monthly","%",NA,"CSUSHPISA"
"68",1980-08-01,"CSUSHPISA",NA,2025-08-30,2025-08-30,NA,"S&P CoreLogic Case-Shiller U.S. National Home Price Index","1987-01-01","2025-06-01","Index Jan 2000=100","SA",2025-08-26,"Monthly","%",NA,"CSUSHPISA"
"69",1980-09-01,"CSUSHPISA",NA,2025-08-30,2025-08-30,NA,"S&P CoreLogic Case-Shiller U.S. National Home Price Index","1987-01-01","2025-06-01","Index Jan 2000=100","SA",2025-08-26,"Monthly","%",NA,"CSUSHPISA"
"70",1980-10-01,"CSUSHPISA",NA,2025-08-30,2025-08-30,NA,"S&P CoreLogic Case-Shiller U.S. National Home Price Index","1987-01-01","2025-06-01","Index Jan 2000=100","SA",2025-08-26,"Monthly","%",NA,"CSUSHPISA"
"71",1980-11-01,"CSUSHPISA",NA,2025-08-30,2025-08-30,NA,"S&P CoreLogic Case-Shiller U.S. National Home Price Index","1987-01-01","2025-06-01","Index Jan 2000=100","SA",2025-08-26,"Monthly","%",NA,"CSUSHPISA"
"72",1980-12-01,"CSUSHPISA",NA,2025-08-30,2025-08-30,NA,"S&P CoreLogic Case-Shiller U.S. National Home Price Index","1987-01-01","2025-06-01","Index Jan 2000=100","SA",2025-08-26,"Monthly","%",NA,"CSUSHPISA"
"73",1981-01-01,"CSUSHPISA",NA,2025-08-30,2025-08-30,NA,"S&P CoreLogic Case-Shiller U.S. National Home Price Index","1987-01-01","2025-06-01","Index Jan 2000=100","SA",2025-08-26,"Monthly","%",NA,"CSUSHPISA"
"74",1981-02-01,"CSUSHPISA",NA,2025-08-30,2025-08-30,NA,"S&P CoreLogic Case-Shiller U.S. National Home Price Index","1987-01-01","2025-06-01","Index Jan 2000=100","SA",2025-08-26,"Monthly","%",NA,"CSUSHPISA"
"75",1981-03-01,"CSUSHPISA",NA,2025-08-30,2025-08-30,NA,"S&P CoreLogic Case-Shiller U.S. National Home Price Index","1987-01-01","2025-06-01","Index Jan 2000=100","SA",2025-08-26,"Monthly","%",NA,"CSUSHPISA"
"76",1981-04-01,"CSUSHPISA",NA,2025-08-30,2025-08-30,NA,"S&P CoreLogic Case-Shiller U.S. National Home Price Index","1987-01-01","2025-06-01","Index Jan 2000=100","SA",2025-08-26,"Monthly","%",NA,"CSUSHPISA"
"77",1981-05-01,"CSUSHPISA",NA,2025-08-30,2025-08-30,NA,"S&P CoreLogic Case-Shiller U.S. National Home Price Index","1987-01-01","2025-06-01","Index Jan 2000=100","SA",2025-08-26,"Monthly","%",NA,"CSUSHPISA"
"78",1981-06-01,"CSUSHPISA",NA,2025-08-30,2025-08-30,NA,"S&P CoreLogic Case-Shiller U.S. National Home Price Index","1987-01-01","2025-06-01","Index Jan 2000=100","SA",2025-08-26,"Monthly","%",NA,"CSUSHPISA"
"79",1981-07-01,"CSUSHPISA",NA,2025-08-30,2025-08-30,NA,"S&P CoreLogic Case-Shiller U.S. National Home Price Index","1987-01-01","2025-06-01","Index Jan 2000=100","SA",2025-08-26,"Monthly","%",NA,"CSUSHPISA"
"80",1981-08-01,"CSUSHPISA",NA,2025-08-30,2025-08-30,NA,"S&P CoreLogic Case-Shiller U.S. National Home Price Index","1987-01-01","2025-06-01","Index Jan 2000=100","SA",2025-08-26,"Monthly","%",NA,"CSUSHPISA"
"81",1981-09-01,"CSUSHPISA",NA,2025-08-30,2025-08-30,NA,"S&P CoreLogic Case-Shiller U.S. National Home Price Index","1987-01-01","2025-06-01","Index Jan 2000=100","SA",2025-08-26,"Monthly","%",NA,"CSUSHPISA"
"82",1981-10-01,"CSUSHPISA",NA,2025-08-30,2025-08-30,NA,"S&P CoreLogic Case-Shiller U.S. National Home Price Index","1987-01-01","2025-06-01","Index Jan 2000=100","SA",2025-08-26,"Monthly","%",NA,"CSUSHPISA"
"83",1981-11-01,"CSUSHPISA",NA,2025-08-30,2025-08-30,NA,"S&P CoreLogic Case-Shiller U.S. National Home Price Index","1987-01-01","2025-06-01","Index Jan 2000=100","SA",2025-08-26,"Monthly","%",NA,"CSUSHPISA"
"84",1981-12-01,"CSUSHPISA",NA,2025-08-30,2025-08-30,NA,"S&P CoreLogic Case-Shiller U.S. National Home Price Index","1987-01-01","2025-06-01","Index Jan 2000=100","SA",2025-08-26,"Monthly","%",NA,"CSUSHPISA"
"85",1982-01-01,"CSUSHPISA",NA,2025-08-30,2025-08-30,NA,"S&P CoreLogic Case-Shiller U.S. National Home Price Index","1987-01-01","2025-06-01","Index Jan 2000=100","SA",2025-08-26,"Monthly","%",NA,"CSUSHPISA"
"86",1982-02-01,"CSUSHPISA",NA,2025-08-30,2025-08-30,NA,"S&P CoreLogic Case-Shiller U.S. National Home Price Index","1987-01-01","2025-06-01","Index Jan 2000=100","SA",2025-08-26,"Monthly","%",NA,"CSUSHPISA"
"87",1982-03-01,"CSUSHPISA",NA,2025-08-30,2025-08-30,NA,"S&P CoreLogic Case-Shiller U.S. National Home Price Index","1987-01-01","2025-06-01","Index Jan 2000=100","SA",2025-08-26,"Monthly","%",NA,"CSUSHPISA"
"88",1982-04-01,"CSUSHPISA",NA,2025-08-30,2025-08-30,NA,"S&P CoreLogic Case-Shiller U.S. National Home Price Index","1987-01-01","2025-06-01","Index Jan 2000=100","SA",2025-08-26,"Monthly","%",NA,"CSUSHPISA"
"89",1982-05-01,"CSUSHPISA",NA,2025-08-30,2025-08-30,NA,"S&P CoreLogic Case-Shiller U.S. National Home Price Index","1987-01-01","2025-06-01","Index Jan 2000=100","SA",2025-08-26,"Monthly","%",NA,"CSUSHPISA"
"90",1982-06-01,"CSUSHPISA",NA,2025-08-30,2025-08-30,NA,"S&P CoreLogic Case-Shiller U.S. National Home Price Index","1987-01-01","2025-06-01","Index Jan 2000=100","SA",2025-08-26,"Monthly","%",NA,"CSUSHPISA"
"91",1982-07-01,"CSUSHPISA",NA,2025-08-30,2025-08-30,NA,"S&P CoreLogic Case-Shiller U.S. National Home Price Index","1987-01-01","2025-06-01","Index Jan 2000=100","SA",2025-08-26,"Monthly","%",NA,"CSUSHPISA"
"92",1982-08-01,"CSUSHPISA",NA,2025-08-30,2025-08-30,NA,"S&P CoreLogic Case-Shiller U.S. National Home Price Index","1987-01-01","2025-06-01","Index Jan 2000=100","SA",2025-08-26,"Monthly","%",NA,"CSUSHPISA"
"93",1982-09-01,"CSUSHPISA",NA,2025-08-30,2025-08-30,NA,"S&P CoreLogic Case-Shiller U.S. National Home Price Index","1987-01-01","2025-06-01","Index Jan 2000=100","SA",2025-08-26,"Monthly","%",NA,"CSUSHPISA"
"94",1982-10-01,"CSUSHPISA",NA,2025-08-30,2025-08-30,NA,"S&P CoreLogic Case-Shiller U.S. National Home Price Index","1987-01-01","2025-06-01","Index Jan 2000=100","SA",2025-08-26,"Monthly","%",NA,"CSUSHPISA"
"95",1982-11-01,"CSUSHPISA",NA,2025-08-30,2025-08-30,NA,"S&P CoreLogic Case-Shiller U.S. National Home Price Index","1987-01-01","2025-06-01","Index Jan 2000=100","SA",2025-08-26,"Monthly","%",NA,"CSUSHPISA"
"96",1982-12-01,"CSUSHPISA",NA,2025-08-30,2025-08-30,NA,"S&P CoreLogic Case-Shiller U.S. National Home Price Index","1987-01-01","2025-06-01","Index Jan 2000=100","SA",2025-08-26,"Monthly","%",NA,"CSUSHPISA"
"97",1983-01-01,"CSUSHPISA",NA,2025-08-30,2025-08-30,NA,"S&P CoreLogic Case-Shiller U.S. National Home Price Index","1987-01-01","2025-06-01","Index Jan 2000=100","SA",2025-08-26,"Monthly","%",NA,"CSUSHPISA"
"98",1983-02-01,"CSUSHPISA",NA,2025-08-30,2025-08-30,NA,"S&P CoreLogic Case-Shiller U.S. National Home Price Index","1987-01-01","2025-06-01","Index Jan 2000=100","SA",2025-08-26,"Monthly","%",NA,"CSUSHPISA"
"99",1983-03-01,"CSUSHPISA",NA,2025-08-30,2025-08-30,NA,"S&P CoreLogic Case-Shiller U.S. National Home Price Index","1987-01-01","2025-06-01","Index Jan 2000=100","SA",2025-08-26,"Monthly","%",NA,"CSUSHPISA"
"100",1983-04-01,"CSUSHPISA",NA,2025-08-30,2025-08-30,NA,"S&P CoreLogic Case-Shiller U.S. National Home Price Index","1987-01-01","2025-06-01","Index Jan 2000=100","SA",2025-08-26,"Monthly","%",NA,"CSUSHPISA"
"101",1983-05-01,"CSUSHPISA",NA,2025-08-30,2025-08-30,NA,"S&P CoreLogic Case-Shiller U.S. National Home Price Index","1987-01-01","2025-06-01","Index Jan 2000=100","SA",2025-08-26,"Monthly","%",NA,"CSUSHPISA"
"102",1983-06-01,"CSUSHPISA",NA,2025-08-30,2025-08-30,NA,"S&P CoreLogic Case-Shiller U.S. National Home Price Index","1987-01-01","2025-06-01","Index Jan 2000=100","SA",2025-08-26,"Monthly","%",NA,"CSUSHPISA"
"103",1983-07-01,"CSUSHPISA",NA,2025-08-30,2025-08-30,NA,"S&P CoreLogic Case-Shiller U.S. National Home Price Index","1987-01-01","2025-06-01","Index Jan 2000=100","SA",2025-08-26,"Monthly","%",NA,"CSUSHPISA"
"104",1983-08-01,"CSUSHPISA",NA,2025-08-30,2025-08-30,NA,"S&P CoreLogic Case-Shiller U.S. National Home Price Index","1987-01-01","2025-06-01","Index Jan 2000=100","SA",2025-08-26,"Monthly","%",NA,"CSUSHPISA"
"105",1983-09-01,"CSUSHPISA",NA,2025-08-30,2025-08-30,NA,"S&P CoreLogic Case-Shiller U.S. National Home Price Index","1987-01-01","2025-06-01","Index Jan 2000=100","SA",2025-08-26,"Monthly","%",NA,"CSUSHPISA"
"106",1983-10-01,"CSUSHPISA",NA,2025-08-30,2025-08-30,NA,"S&P CoreLogic Case-Shiller U.S. National Home Price Index","1987-01-01","2025-06-01","Index Jan 2000=100","SA",2025-08-26,"Monthly","%",NA,"CSUSHPISA"
"107",1983-11-01,"CSUSHPISA",NA,2025-08-30,2025-08-30,NA,"S&P CoreLogic Case-Shiller U.S. National Home Price Index","1987-01-01","2025-06-01","Index Jan 2000=100","SA",2025-08-26,"Monthly","%",NA,"CSUSHPISA"
"108",1983-12-01,"CSUSHPISA",NA,2025-08-30,2025-08-30,NA,"S&P CoreLogic Case-Shiller U.S. National Home Price Index","1987-01-01","2025-06-01","Index Jan 2000=100","SA",2025-08-26,"Monthly","%",NA,"CSUSHPISA"
"109",1984-01-01,"CSUSHPISA",NA,2025-08-30,2025-08-30,NA,"S&P CoreLogic Case-Shiller U.S. National Home Price Index","1987-01-01","2025-06-01","Index Jan 2000=100","SA",2025-08-26,"Monthly","%",NA,"CSUSHPISA"
"110",1984-02-01,"CSUSHPISA",NA,2025-08-30,2025-08-30,NA,"S&P CoreLogic Case-Shiller U.S. National Home Price Index","1987-01-01","2025-06-01","Index Jan 2000=100","SA",2025-08-26,"Monthly","%",NA,"CSUSHPISA"
"111",1984-03-01,"CSUSHPISA",NA,2025-08-30,2025-08-30,NA,"S&P CoreLogic Case-Shiller U.S. National Home Price Index","1987-01-01","2025-06-01","Index Jan 2000=100","SA",2025-08-26,"Monthly","%",NA,"CSUSHPISA"
"112",1984-04-01,"CSUSHPISA",NA,2025-08-30,2025-08-30,NA,"S&P CoreLogic Case-Shiller U.S. National Home Price Index","1987-01-01","2025-06-01","Index Jan 2000=100","SA",2025-08-26,"Monthly","%",NA,"CSUSHPISA"
"113",1984-05-01,"CSUSHPISA",NA,2025-08-30,2025-08-30,NA,"S&P CoreLogic Case-Shiller U.S. National Home Price Index","1987-01-01","2025-06-01","Index Jan 2000=100","SA",2025-08-26,"Monthly","%",NA,"CSUSHPISA"
"114",1984-06-01,"CSUSHPISA",NA,2025-08-30,2025-08-30,NA,"S&P CoreLogic Case-Shiller U.S. National Home Price Index","1987-01-01","2025-06-01","Index Jan 2000=100","SA",2025-08-26,"Monthly","%",NA,"CSUSHPISA"
"115",1984-07-01,"CSUSHPISA",NA,2025-08-30,2025-08-30,NA,"S&P CoreLogic Case-Shiller U.S. National Home Price Index","1987-01-01","2025-06-01","Index Jan 2000=100","SA",2025-08-26,"Monthly","%",NA,"CSUSHPISA"
"116",1984-08-01,"CSUSHPISA",NA,2025-08-30,2025-08-30,NA,"S&P CoreLogic Case-Shiller U.S. National Home Price Index","1987-01-01","2025-06-01","Index Jan 2000=100","SA",2025-08-26,"Monthly","%",NA,"CSUSHPISA"
"117",1984-09-01,"CSUSHPISA",NA,2025-08-30,2025-08-30,NA,"S&P CoreLogic Case-Shiller U.S. National Home Price Index","1987-01-01","2025-06-01","Index Jan 2000=100","SA",2025-08-26,"Monthly","%",NA,"CSUSHPISA"
"118",1984-10-01,"CSUSHPISA",NA,2025-08-30,2025-08-30,NA,"S&P CoreLogic Case-Shiller U.S. National Home Price Index","1987-01-01","2025-06-01","Index Jan 2000=100","SA",2025-08-26,"Monthly","%",NA,"CSUSHPISA"
"119",1984-11-01,"CSUSHPISA",NA,2025-08-30,2025-08-30,NA,"S&P CoreLogic Case-Shiller U.S. National Home Price Index","1987-01-01","2025-06-01","Index Jan 2000=100","SA",2025-08-26,"Monthly","%",NA,"CSUSHPISA"
"120",1984-12-01,"CSUSHPISA",NA,2025-08-30,2025-08-30,NA,"S&P CoreLogic Case-Shiller U.S. National Home Price Index","1987-01-01","2025-06-01","Index Jan 2000=100","SA",2025-08-26,"Monthly","%",NA,"CSUSHPISA"
"121",1985-01-01,"CSUSHPISA",NA,2025-08-30,2025-08-30,NA,"S&P CoreLogic Case-Shiller U.S. National Home Price Index","1987-01-01","2025-06-01","Index Jan 2000=100","SA",2025-08-26,"Monthly","%",NA,"CSUSHPISA"
"122",1985-02-01,"CSUSHPISA",NA,2025-08-30,2025-08-30,NA,"S&P CoreLogic Case-Shiller U.S. National Home Price Index","1987-01-01","2025-06-01","Index Jan 2000=100","SA",2025-08-26,"Monthly","%",NA,"CSUSHPISA"
"123",1985-03-01,"CSUSHPISA",NA,2025-08-30,2025-08-30,NA,"S&P CoreLogic Case-Shiller U.S. National Home Price Index","1987-01-01","2025-06-01","Index Jan 2000=100","SA",2025-08-26,"Monthly","%",NA,"CSUSHPISA"
"124",1985-04-01,"CSUSHPISA",NA,2025-08-30,2025-08-30,NA,"S&P CoreLogic Case-Shiller U.S. National Home Price Index","1987-01-01","2025-06-01","Index Jan 2000=100","SA",2025-08-26,"Monthly","%",NA,"CSUSHPISA"
"125",1985-05-01,"CSUSHPISA",NA,2025-08-30,2025-08-30,NA,"S&P CoreLogic Case-Shiller U.S. National Home Price Index","1987-01-01","2025-06-01","Index Jan 2000=100","SA",2025-08-26,"Monthly","%",NA,"CSUSHPISA"
"126",1985-06-01,"CSUSHPISA",NA,2025-08-30,2025-08-30,NA,"S&P CoreLogic Case-Shiller U.S. National Home Price Index","1987-01-01","2025-06-01","Index Jan 2000=100","SA",2025-08-26,"Monthly","%",NA,"CSUSHPISA"
"127",1985-07-01,"CSUSHPISA",NA,2025-08-30,2025-08-30,NA,"S&P CoreLogic Case-Shiller U.S. National Home Price Index","1987-01-01","2025-06-01","Index Jan 2000=100","SA",2025-08-26,"Monthly","%",NA,"CSUSHPISA"
"128",1985-08-01,"CSUSHPISA",NA,2025-08-30,2025-08-30,NA,"S&P CoreLogic Case-Shiller U.S. National Home Price Index","1987-01-01","2025-06-01","Index Jan 2000=100","SA",2025-08-26,"Monthly","%",NA,"CSUSHPISA"
"129",1985-09-01,"CSUSHPISA",NA,2025-08-30,2025-08-30,NA,"S&P CoreLogic Case-Shiller U.S. National Home Price Index","1987-01-01","2025-06-01","Index Jan 2000=100","SA",2025-08-26,"Monthly","%",NA,"CSUSHPISA"
"130",1985-10-01,"CSUSHPISA",NA,2025-08-30,2025-08-30,NA,"S&P CoreLogic Case-Shiller U.S. National Home Price Index","1987-01-01","2025-06-01","Index Jan 2000=100","SA",2025-08-26,"Monthly","%",NA,"CSUSHPISA"
"131",1985-11-01,"CSUSHPISA",NA,2025-08-30,2025-08-30,NA,"S&P CoreLogic Case-Shiller U.S. National Home Price Index","1987-01-01","2025-06-01","Index Jan 2000=100","SA",2025-08-26,"Monthly","%",NA,"CSUSHPISA"
"132",1985-12-01,"CSUSHPISA",NA,2025-08-30,2025-08-30,NA,"S&P CoreLogic Case-Shiller U.S. National Home Price Index","1987-01-01","2025-06-01","Index Jan 2000=100","SA",2025-08-26,"Monthly","%",NA,"CSUSHPISA"
"133",1986-01-01,"CSUSHPISA",NA,2025-08-30,2025-08-30,NA,"S&P CoreLogic Case-Shiller U.S. National Home Price Index","1987-01-01","2025-06-01","Index Jan 2000=100","SA",2025-08-26,"Monthly","%",NA,"CSUSHPISA"
"134",1986-02-01,"CSUSHPISA",NA,2025-08-30,2025-08-30,NA,"S&P CoreLogic Case-Shiller U.S. National Home Price Index","1987-01-01","2025-06-01","Index Jan 2000=100","SA",2025-08-26,"Monthly","%",NA,"CSUSHPISA"
"135",1986-03-01,"CSUSHPISA",NA,2025-08-30,2025-08-30,NA,"S&P CoreLogic Case-Shiller U.S. National Home Price Index","1987-01-01","2025-06-01","Index Jan 2000=100","SA",2025-08-26,"Monthly","%",NA,"CSUSHPISA"
"136",1986-04-01,"CSUSHPISA",NA,2025-08-30,2025-08-30,NA,"S&P CoreLogic Case-Shiller U.S. National Home Price Index","1987-01-01","2025-06-01","Index Jan 2000=100","SA",2025-08-26,"Monthly","%",NA,"CSUSHPISA"
"137",1986-05-01,"CSUSHPISA",NA,2025-08-30,2025-08-30,NA,"S&P CoreLogic Case-Shiller U.S. National Home Price Index","1987-01-01","2025-06-01","Index Jan 2000=100","SA",2025-08-26,"Monthly","%",NA,"CSUSHPISA"
"138",1986-06-01,"CSUSHPISA",NA,2025-08-30,2025-08-30,NA,"S&P CoreLogic Case-Shiller U.S. National Home Price Index","1987-01-01","2025-06-01","Index Jan 2000=100","SA",2025-08-26,"Monthly","%",NA,"CSUSHPISA"
"139",1986-07-01,"CSUSHPISA",NA,2025-08-30,2025-08-30,NA,"S&P CoreLogic Case-Shiller U.S. National Home Price Index","1987-01-01","2025-06-01","Index Jan 2000=100","SA",2025-08-26,"Monthly","%",NA,"CSUSHPISA"
"140",1986-08-01,"CSUSHPISA",NA,2025-08-30,2025-08-30,NA,"S&P CoreLogic Case-Shiller U.S. National Home Price Index","1987-01-01","2025-06-01","Index Jan 2000=100","SA",2025-08-26,"Monthly","%",NA,"CSUSHPISA"
"141",1986-09-01,"CSUSHPISA",NA,2025-08-30,2025-08-30,NA,"S&P CoreLogic Case-Shiller U.S. National Home Price Index","1987-01-01","2025-06-01","Index Jan 2000=100","SA",2025-08-26,"Monthly","%",NA,"CSUSHPISA"
"142",1986-10-01,"CSUSHPISA",NA,2025-08-30,2025-08-30,NA,"S&P CoreLogic Case-Shiller U.S. National Home Price Index","1987-01-01","2025-06-01","Index Jan 2000=100","SA",2025-08-26,"Monthly","%",NA,"CSUSHPISA"
"143",1986-11-01,"CSUSHPISA",NA,2025-08-30,2025-08-30,NA,"S&P CoreLogic Case-Shiller U.S. National Home Price Index","1987-01-01","2025-06-01","Index Jan 2000=100","SA",2025-08-26,"Monthly","%",NA,"CSUSHPISA"
"144",1986-12-01,"CSUSHPISA",NA,2025-08-30,2025-08-30,NA,"S&P CoreLogic Case-Shiller U.S. National Home Price Index","1987-01-01","2025-06-01","Index Jan 2000=100","SA",2025-08-26,"Monthly","%",NA,"CSUSHPISA"
"145",1987-01-01,"CSUSHPISA",63.964,2025-08-30,2025-08-30,63.964,"S&P CoreLogic Case-Shiller U.S. National Home Price Index","1987-01-01","2025-06-01","Index Jan 2000=100","SA",2025-08-26,"Monthly","%",NA,"CSUSHPISA"
"146",1987-02-01,"CSUSHPISA",64.422,2025-08-30,2025-08-30,64.422,"S&P CoreLogic Case-Shiller U.S. National Home Price Index","1987-01-01","2025-06-01","Index Jan 2000=100","SA",2025-08-26,"Monthly","%",NA,"CSUSHPISA"
"147",1987-03-01,"CSUSHPISA",64.734,2025-08-30,2025-08-30,64.734,"S&P CoreLogic Case-Shiller U.S. National Home Price Index","1987-01-01","2025-06-01","Index Jan 2000=100","SA",2025-08-26,"Monthly","%",NA,"CSUSHPISA"
"148",1987-04-01,"CSUSHPISA",65.131,2025-08-30,2025-08-30,65.131,"S&P CoreLogic Case-Shiller U.S. National Home Price Index","1987-01-01","2025-06-01","Index Jan 2000=100","SA",2025-08-26,"Monthly","%",NA,"CSUSHPISA"
"149",1987-05-01,"CSUSHPISA",65.562,2025-08-30,2025-08-30,65.562,"S&P CoreLogic Case-Shiller U.S. National Home Price Index","1987-01-01","2025-06-01","Index Jan 2000=100","SA",2025-08-26,"Monthly","%",NA,"CSUSHPISA"
"150",1987-06-01,"CSUSHPISA",66.07,2025-08-30,2025-08-30,66.07,"S&P CoreLogic Case-Shiller U.S. National Home Price Index","1987-01-01","2025-06-01","Index Jan 2000=100","SA",2025-08-26,"Monthly","%",NA,"CSUSHPISA"
"151",1987-07-01,"CSUSHPISA",66.507,2025-08-30,2025-08-30,66.507,"S&P CoreLogic Case-Shiller U.S. National Home Price Index","1987-01-01","2025-06-01","Index Jan 2000=100","SA",2025-08-26,"Monthly","%",NA,"CSUSHPISA"
"152",1987-08-01,"CSUSHPISA",66.938,2025-08-30,2025-08-30,66.938,"S&P CoreLogic Case-Shiller U.S. National Home Price Index","1987-01-01","2025-06-01","Index Jan 2000=100","SA",2025-08-26,"Monthly","%",NA,"CSUSHPISA"
"153",1987-09-01,"CSUSHPISA",67.331,2025-08-30,2025-08-30,67.331,"S&P CoreLogic Case-Shiller U.S. National Home Price Index","1987-01-01","2025-06-01","Index Jan 2000=100","SA",2025-08-26,"Monthly","%",NA,"CSUSHPISA"
"154",1987-10-01,"CSUSHPISA",67.74,2025-08-30,2025-08-30,67.74,"S&P CoreLogic Case-Shiller U.S. National Home Price Index","1987-01-01","2025-06-01","Index Jan 2000=100","SA",2025-08-26,"Monthly","%",NA,"CSUSHPISA"
"155",1987-11-01,"CSUSHPISA",68.106,2025-08-30,2025-08-30,68.106,"S&P CoreLogic Case-Shiller U.S. National Home Price Index","1987-01-01","2025-06-01","Index Jan 2000=100","SA",2025-08-26,"Monthly","%",NA,"CSUSHPISA"
"156",1987-12-01,"CSUSHPISA",68.507,2025-08-30,2025-08-30,68.507,"S&P CoreLogic Case-Shiller U.S. National Home Price Index","1987-01-01","2025-06-01","Index Jan 2000=100","SA",2025-08-26,"Monthly","%",NA,"CSUSHPISA"
"157",1988-01-01,"CSUSHPISA",68.858,2025-08-30,2025-08-30,68.858,"S&P CoreLogic Case-Shiller U.S. National Home Price Index","1987-01-01","2025-06-01","Index Jan 2000=100","SA",2025-08-26,"Monthly","%",7.65117878806829,"CSUSHPISA"
"158",1988-02-01,"CSUSHPISA",69.262,2025-08-30,2025-08-30,69.262,"S&P CoreLogic Case-Shiller U.S. National Home Price Index","1987-01-01","2025-06-01","Index Jan 2000=100","SA",2025-08-26,"Monthly","%",7.51296141069822,"CSUSHPISA"
"159",1988-03-01,"CSUSHPISA",69.638,2025-08-30,2025-08-30,69.638,"S&P CoreLogic Case-Shiller U.S. National Home Price Index","1987-01-01","2025-06-01","Index Jan 2000=100","SA",2025-08-26,"Monthly","%",7.57561714091515,"CSUSHPISA"
"160",1988-04-01,"CSUSHPISA",69.975,2025-08-30,2025-08-30,69.975,"S&P CoreLogic Case-Shiller U.S. National Home Price Index","1987-01-01","2025-06-01","Index Jan 2000=100","SA",2025-08-26,"Monthly","%",7.4373186347515,"CSUSHPISA"
"161",1988-05-01,"CSUSHPISA",70.424,2025-08-30,2025-08-30,70.424,"S&P CoreLogic Case-Shiller U.S. National Home Price Index","1987-01-01","2025-06-01","Index Jan 2000=100","SA",2025-08-26,"Monthly","%",7.41588115066654,"CSUSHPISA"
"162",1988-06-01,"CSUSHPISA",70.887,2025-08-30,2025-08-30,70.887,"S&P CoreLogic Case-Shiller U.S. National Home Price Index","1987-01-01","2025-06-01","Index Jan 2000=100","SA",2025-08-26,"Monthly","%",7.29075223248072,"CSUSHPISA"
"163",1988-07-01,"CSUSHPISA",71.354,2025-08-30,2025-08-30,71.354,"S&P CoreLogic Case-Shiller U.S. National Home Price Index","1987-01-01","2025-06-01","Index Jan 2000=100","SA",2025-08-26,"Monthly","%",7.28795465139007,"CSUSHPISA"
"164",1988-08-01,"CSUSHPISA",71.799,2025-08-30,2025-08-30,71.799,"S&P CoreLogic Case-Shiller U.S. National Home Price Index","1987-01-01","2025-06-01","Index Jan 2000=100","SA",2025-08-26,"Monthly","%",7.26194388837431,"CSUSHPISA"
"165",1988-09-01,"CSUSHPISA",72.24,2025-08-30,2025-08-30,72.24,"S&P CoreLogic Case-Shiller U.S. National Home Price Index","1987-01-01","2025-06-01","Index Jan 2000=100","SA",2025-08-26,"Monthly","%",7.29084671250984,"CSUSHPISA"
"166",1988-10-01,"CSUSHPISA",72.636,2025-08-30,2025-08-30,72.636,"S&P CoreLogic Case-Shiller U.S. National Home Price Index","1987-01-01","2025-06-01","Index Jan 2000=100","SA",2025-08-26,"Monthly","%",7.2276350752879,"CSUSHPISA"
"167",1988-11-01,"CSUSHPISA",73.069,2025-08-30,2025-08-30,73.069,"S&P CoreLogic Case-Shiller U.S. National Home Price Index","1987-01-01","2025-06-01","Index Jan 2000=100","SA",2025-08-26,"Monthly","%",7.28716999970633,"CSUSHPISA"
"168",1988-12-01,"CSUSHPISA",73.464,2025-08-30,2025-08-30,73.464,"S&P CoreLogic Case-Shiller U.S. National Home Price Index","1987-01-01","2025-06-01","Index Jan 2000=100","SA",2025-08-26,"Monthly","%",7.23575692994876,"CSUSHPISA"
"169",1989-01-01,"CSUSHPISA",73.945,2025-08-30,2025-08-30,73.945,"S&P CoreLogic Case-Shiller U.S. National Home Price Index","1987-01-01","2025-06-01","Index Jan 2000=100","SA",2025-08-26,"Monthly","%",7.38766737343517,"CSUSHPISA"
"170",1989-02-01,"CSUSHPISA",74.381,2025-08-30,2025-08-30,74.381,"S&P CoreLogic Case-Shiller U.S. National Home Price Index","1987-01-01","2025-06-01","Index Jan 2000=100","SA",2025-08-26,"Monthly","%",7.39077704946436,"CSUSHPISA"
"171",1989-03-01,"CSUSHPISA",74.778,2025-08-30,2025-08-30,74.778,"S&P CoreLogic Case-Shiller U.S. National Home Price Index","1987-01-01","2025-06-01","Index Jan 2000=100","SA",2025-08-26,"Monthly","%",7.38102759987362,"CSUSHPISA"
"172",1989-04-01,"CSUSHPISA",75.085,2025-08-30,2025-08-30,75.085,"S&P CoreLogic Case-Shiller U.S. National Home Price Index","1987-01-01","2025-06-01","Index Jan 2000=100","SA",2025-08-26,"Monthly","%",7.30260807431224,"CSUSHPISA"
"173",1989-05-01,"CSUSHPISA",75.305,2025-08-30,2025-08-30,75.305,"S&P CoreLogic Case-Shiller U.S. National Home Price Index","1987-01-01","2025-06-01","Index Jan 2000=100","SA",2025-08-26,"Monthly","%",6.9308758377826,"CSUSHPISA"
"174",1989-06-01,"CSUSHPISA",75.478,2025-08-30,2025-08-30,75.478,"S&P CoreLogic Case-Shiller U.S. National Home Price Index","1987-01-01","2025-06-01","Index Jan 2000=100","SA",2025-08-26,"Monthly","%",6.47650485984737,"CSUSHPISA"
"175",1989-07-01,"CSUSHPISA",75.656,2025-08-30,2025-08-30,75.656,"S&P CoreLogic Case-Shiller U.S. National Home Price Index","1987-01-01","2025-06-01","Index Jan 2000=100","SA",2025-08-26,"Monthly","%",6.02909437452701,"CSUSHPISA"
"176",1989-08-01,"CSUSHPISA",75.833,2025-08-30,2025-08-30,75.833,"S&P CoreLogic Case-Shiller U.S. National Home Price Index","1987-01-01","2025-06-01","Index Jan 2000=100","SA",2025-08-26,"Monthly","%",5.6184626526832,"CSUSHPISA"
"177",1989-09-01,"CSUSHPISA",76.053,2025-08-30,2025-08-30,76.053,"S&P CoreLogic Case-Shiller U.S. National Home Price Index","1987-01-01","2025-06-01","Index Jan 2000=100","SA",2025-08-26,"Monthly","%",5.27823920265782,"CSUSHPISA"
"178",1989-10-01,"CSUSHPISA",76.281,2025-08-30,2025-08-30,76.281,"S&P CoreLogic Case-Shiller U.S. National Home Price Index","1987-01-01","2025-06-01","Index Jan 2000=100","SA",2025-08-26,"Monthly","%",5.01817280687262,"CSUSHPISA"
"179",1989-11-01,"CSUSHPISA",76.515,2025-08-30,2025-08-30,76.515,"S&P CoreLogic Case-Shiller U.S. National Home Price Index","1987-01-01","2025-06-01","Index Jan 2000=100","SA",2025-08-26,"Monthly","%",4.71609027083988,"CSUSHPISA"
"180",1989-12-01,"CSUSHPISA",76.704,2025-08-30,2025-08-30,76.704,"S&P CoreLogic Case-Shiller U.S. National Home Price Index","1987-01-01","2025-06-01","Index Jan 2000=100","SA",2025-08-26,"Monthly","%",4.41032342371772,"CSUSHPISA"
"181",1990-01-01,"CSUSHPISA",76.897,2025-08-30,2025-08-30,76.897,"S&P CoreLogic Case-Shiller U.S. National Home Price Index","1987-01-01","2025-06-01","Index Jan 2000=100","SA",2025-08-26,"Monthly","%",3.99215633240921,"CSUSHPISA"
"182",1990-02-01,"CSUSHPISA",77.053,2025-08-30,2025-08-30,77.053,"S&P CoreLogic Case-Shiller U.S. National Home Price Index","1987-01-01","2025-06-01","Index Jan 2000=100","SA",2025-08-26,"Monthly","%",3.59231524179562,"CSUSHPISA"
"183",1990-03-01,"CSUSHPISA",77.201,2025-08-30,2025-08-30,77.201,"S&P CoreLogic Case-Shiller U.S. National Home Price Index","1987-01-01","2025-06-01","Index Jan 2000=100","SA",2025-08-26,"Monthly","%",3.24025782984301,"CSUSHPISA"
"184",1990-04-01,"CSUSHPISA",77.278,2025-08-30,2025-08-30,77.278,"S&P CoreLogic Case-Shiller U.S. National Home Price Index","1987-01-01","2025-06-01","Index Jan 2000=100","SA",2025-08-26,"Monthly","%",2.92068988479726,"CSUSHPISA"
"185",1990-05-01,"CSUSHPISA",77.297,2025-08-30,2025-08-30,77.297,"S&P CoreLogic Case-Shiller U.S. National Home Price Index","1987-01-01","2025-06-01","Index Jan 2000=100","SA",2025-08-26,"Monthly","%",2.64524267976893,"CSUSHPISA"
"186",1990-06-01,"CSUSHPISA",77.258,2025-08-30,2025-08-30,77.258,"S&P CoreLogic Case-Shiller U.S. National Home Price Index","1987-01-01","2025-06-01","Index Jan 2000=100","SA",2025-08-26,"Monthly","%",2.35830308169267,"CSUSHPISA"
"187",1990-07-01,"CSUSHPISA",77.14,2025-08-30,2025-08-30,77.14,"S&P CoreLogic Case-Shiller U.S. National Home Price Index","1987-01-01","2025-06-01","Index Jan 2000=100","SA",2025-08-26,"Monthly","%",1.96150999259808,"CSUSHPISA"
"188",1990-08-01,"CSUSHPISA",77.009,2025-08-30,2025-08-30,77.009,"S&P CoreLogic Case-Shiller U.S. National Home Price Index","1987-01-01","2025-06-01","Index Jan 2000=100","SA",2025-08-26,"Monthly","%",1.55077604736724,"CSUSHPISA"
"189",1990-09-01,"CSUSHPISA",76.85,2025-08-30,2025-08-30,76.85,"S&P CoreLogic Case-Shiller U.S. National Home Price Index","1987-01-01","2025-06-01","Index Jan 2000=100","SA",2025-08-26,"Monthly","%",1.04795340091777,"CSUSHPISA"
"190",1990-10-01,"CSUSHPISA",76.701,2025-08-30,2025-08-30,76.701,"S&P CoreLogic Case-Shiller U.S. National Home Price Index","1987-01-01","2025-06-01","Index Jan 2000=100","SA",2025-08-26,"Monthly","%",0.550595823337408,"CSUSHPISA"
"191",1990-11-01,"CSUSHPISA",76.366,2025-08-30,2025-08-30,76.366,"S&P CoreLogic Case-Shiller U.S. National Home Price Index","1987-01-01","2025-06-01","Index Jan 2000=100","SA",2025-08-26,"Monthly","%",-0.19473305887735,"CSUSHPISA"
"192",1990-12-01,"CSUSHPISA",76.185,2025-08-30,2025-08-30,76.185,"S&P CoreLogic Case-Shiller U.S. National Home Price Index","1987-01-01","2025-06-01","Index Jan 2000=100","SA",2025-08-26,"Monthly","%",-0.676627033792232,"CSUSHPISA"
"193",1991-01-01,"CSUSHPISA",75.914,2025-08-30,2025-08-30,75.914,"S&P CoreLogic Case-Shiller U.S. National Home Price Index","1987-01-01","2025-06-01","Index Jan 2000=100","SA",2025-08-26,"Monthly","%",-1.27833335500733,"CSUSHPISA"
"194",1991-02-01,"CSUSHPISA",75.733,2025-08-30,2025-08-30,75.733,"S&P CoreLogic Case-Shiller U.S. National Home Price Index","1987-01-01","2025-06-01","Index Jan 2000=100","SA",2025-08-26,"Monthly","%",-1.71310656301505,"CSUSHPISA"
"195",1991-03-01,"CSUSHPISA",75.567,2025-08-30,2025-08-30,75.567,"S&P CoreLogic Case-Shiller U.S. National Home Price Index","1987-01-01","2025-06-01","Index Jan 2000=100","SA",2025-08-26,"Monthly","%",-2.11655289439258,"CSUSHPISA"
"196",1991-04-01,"CSUSHPISA",75.567,2025-08-30,2025-08-30,75.567,"S&P CoreLogic Case-Shiller U.S. National Home Price Index","1987-01-01","2025-06-01","Index Jan 2000=100","SA",2025-08-26,"Monthly","%",-2.21408421543002,"CSUSHPISA"
"197",1991-05-01,"CSUSHPISA",75.764,2025-08-30,2025-08-30,75.764,"S&P CoreLogic Case-Shiller U.S. National Home Price Index","1987-01-01","2025-06-01","Index Jan 2000=100","SA",2025-08-26,"Monthly","%",-1.98325937617243,"CSUSHPISA"
"198",1991-06-01,"CSUSHPISA",75.995,2025-08-30,2025-08-30,75.995,"S&P CoreLogic Case-Shiller U.S. National Home Price Index","1987-01-01","2025-06-01","Index Jan 2000=100","SA",2025-08-26,"Monthly","%",-1.63478215848196,"CSUSHPISA"
"199",1991-07-01,"CSUSHPISA",76.081,2025-08-30,2025-08-30,76.081,"S&P CoreLogic Case-Shiller U.S. National Home Price Index","1987-01-01","2025-06-01","Index Jan 2000=100","SA",2025-08-26,"Monthly","%",-1.37282862328234,"CSUSHPISA"
"200",1991-08-01,"CSUSHPISA",76.106,2025-08-30,2025-08-30,76.106,"S&P CoreLogic Case-Shiller U.S. National Home Price Index","1987-01-01","2025-06-01","Index Jan 2000=100","SA",2025-08-26,"Monthly","%",-1.17259021672791,"CSUSHPISA"
"201",1991-09-01,"CSUSHPISA",76.195,2025-08-30,2025-08-30,76.195,"S&P CoreLogic Case-Shiller U.S. National Home Price Index","1987-01-01","2025-06-01","Index Jan 2000=100","SA",2025-08-26,"Monthly","%",-0.852309694209497,"CSUSHPISA"
"202",1991-10-01,"CSUSHPISA",76.075,2025-08-30,2025-08-30,76.075,"S&P CoreLogic Case-Shiller U.S. National Home Price Index","1987-01-01","2025-06-01","Index Jan 2000=100","SA",2025-08-26,"Monthly","%",-0.816156243073762,"CSUSHPISA"
"203",1991-11-01,"CSUSHPISA",76.011,2025-08-30,2025-08-30,76.011,"S&P CoreLogic Case-Shiller U.S. National Home Price Index","1987-01-01","2025-06-01","Index Jan 2000=100","SA",2025-08-26,"Monthly","%",-0.464866563653965,"CSUSHPISA"
"204",1991-12-01,"CSUSHPISA",76.055,2025-08-30,2025-08-30,76.055,"S&P CoreLogic Case-Shiller U.S. National Home Price Index","1987-01-01","2025-06-01","Index Jan 2000=100","SA",2025-08-26,"Monthly","%",-0.170637264553386,"CSUSHPISA"
"205",1992-01-01,"CSUSHPISA",76.09,2025-08-30,2025-08-30,76.09,"S&P CoreLogic Case-Shiller U.S. National Home Price Index","1987-01-01","2025-06-01","Index Jan 2000=100","SA",2025-08-26,"Monthly","%",0.231841294095947,"CSUSHPISA"
"206",1992-02-01,"CSUSHPISA",76.161,2025-08-30,2025-08-30,76.161,"S&P CoreLogic Case-Shiller U.S. National Home Price Index","1987-01-01","2025-06-01","Index Jan 2000=100","SA",2025-08-26,"Monthly","%",0.565143332497064,"CSUSHPISA"
"207",1992-03-01,"CSUSHPISA",76.28,2025-08-30,2025-08-30,76.28,"S&P CoreLogic Case-Shiller U.S. National Home Price Index","1987-01-01","2025-06-01","Index Jan 2000=100","SA",2025-08-26,"Monthly","%",0.94353355300596,"CSUSHPISA"
"208",1992-04-01,"CSUSHPISA",76.349,2025-08-30,2025-08-30,76.349,"S&P CoreLogic Case-Shiller U.S. National Home Price Index","1987-01-01","2025-06-01","Index Jan 2000=100","SA",2025-08-26,"Monthly","%",1.03484325168393,"CSUSHPISA"
"209",1992-05-01,"CSUSHPISA",76.401,2025-08-30,2025-08-30,76.401,"S&P CoreLogic Case-Shiller U.S. National Home Price Index","1987-01-01","2025-06-01","Index Jan 2000=100","SA",2025-08-26,"Monthly","%",0.840768702814021,"CSUSHPISA"
"210",1992-06-01,"CSUSHPISA",76.334,2025-08-30,2025-08-30,76.334,"S&P CoreLogic Case-Shiller U.S. National Home Price Index","1987-01-01","2025-06-01","Index Jan 2000=100","SA",2025-08-26,"Monthly","%",0.446081979077562,"CSUSHPISA"
"211",1992-07-01,"CSUSHPISA",76.268,2025-08-30,2025-08-30,76.268,"S&P CoreLogic Case-Shiller U.S. National Home Price Index","1987-01-01","2025-06-01","Index Jan 2000=100","SA",2025-08-26,"Monthly","%",0.245790670469637,"CSUSHPISA"
"212",1992-08-01,"CSUSHPISA",76.233,2025-08-30,2025-08-30,76.233,"S&P CoreLogic Case-Shiller U.S. National Home Price Index","1987-01-01","2025-06-01","Index Jan 2000=100","SA",2025-08-26,"Monthly","%",0.166872519906436,"CSUSHPISA"
"213",1992-09-01,"CSUSHPISA",76.241,2025-08-30,2025-08-30,76.241,"S&P CoreLogic Case-Shiller U.S. National Home Price Index","1987-01-01","2025-06-01","Index Jan 2000=100","SA",2025-08-26,"Monthly","%",0.0603714154472135,"CSUSHPISA"
"214",1992-10-01,"CSUSHPISA",76.38,2025-08-30,2025-08-30,76.38,"S&P CoreLogic Case-Shiller U.S. National Home Price Index","1987-01-01","2025-06-01","Index Jan 2000=100","SA",2025-08-26,"Monthly","%",0.400920144594141,"CSUSHPISA"
"215",1992-11-01,"CSUSHPISA",76.558,2025-08-30,2025-08-30,76.558,"S&P CoreLogic Case-Shiller U.S. National Home Price Index","1987-01-01","2025-06-01","Index Jan 2000=100","SA",2025-08-26,"Monthly","%",0.719632684742999,"CSUSHPISA"
"216",1992-12-01,"CSUSHPISA",76.678,2025-08-30,2025-08-30,76.678,"S&P CoreLogic Case-Shiller U.S. National Home Price Index","1987-01-01","2025-06-01","Index Jan 2000=100","SA",2025-08-26,"Monthly","%",0.819144040496989,"CSUSHPISA"
"217",1993-01-01,"CSUSHPISA",76.786,2025-08-30,2025-08-30,76.786,"S&P CoreLogic Case-Shiller U.S. National Home Price Index","1987-01-01","2025-06-01","Index Jan 2000=100","SA",2025-08-26,"Monthly","%",0.914706268892096,"CSUSHPISA"
"218",1993-02-01,"CSUSHPISA",76.84,2025-08-30,2025-08-30,76.84,"S&P CoreLogic Case-Shiller U.S. National Home Price Index","1987-01-01","2025-06-01","Index Jan 2000=100","SA",2025-08-26,"Monthly","%",0.891532411601736,"CSUSHPISA"
"219",1993-03-01,"CSUSHPISA",76.87,2025-08-30,2025-08-30,76.87,"S&P CoreLogic Case-Shiller U.S. National Home Price Index","1987-01-01","2025-06-01","Index Jan 2000=100","SA",2025-08-26,"Monthly","%",0.773466177241744,"CSUSHPISA"
"220",1993-04-01,"CSUSHPISA",76.938,2025-08-30,2025-08-30,76.938,"S&P CoreLogic Case-Shiller U.S. National Home Price Index","1987-01-01","2025-06-01","Index Jan 2000=100","SA",2025-08-26,"Monthly","%",0.771457386475283,"CSUSHPISA"
"221",1993-05-01,"CSUSHPISA",77.039,2025-08-30,2025-08-30,77.039,"S&P CoreLogic Case-Shiller U.S. National Home Price Index","1987-01-01","2025-06-01","Index Jan 2000=100","SA",2025-08-26,"Monthly","%",0.835067603827166,"CSUSHPISA"
"222",1993-06-01,"CSUSHPISA",77.245,2025-08-30,2025-08-30,77.245,"S&P CoreLogic Case-Shiller U.S. National Home Price Index","1987-01-01","2025-06-01","Index Jan 2000=100","SA",2025-08-26,"Monthly","%",1.19343935860823,"CSUSHPISA"
"223",1993-07-01,"CSUSHPISA",77.434,2025-08-30,2025-08-30,77.434,"S&P CoreLogic Case-Shiller U.S. National Home Price Index","1987-01-01","2025-06-01","Index Jan 2000=100","SA",2025-08-26,"Monthly","%",1.5288194262338,"CSUSHPISA"
"224",1993-08-01,"CSUSHPISA",77.617,2025-08-30,2025-08-30,77.617,"S&P CoreLogic Case-Shiller U.S. National Home Price Index","1987-01-01","2025-06-01","Index Jan 2000=100","SA",2025-08-26,"Monthly","%",1.81548673146801,"CSUSHPISA"
"225",1993-09-01,"CSUSHPISA",77.798,2025-08-30,2025-08-30,77.798,"S&P CoreLogic Case-Shiller U.S. National Home Price Index","1987-01-01","2025-06-01","Index Jan 2000=100","SA",2025-08-26,"Monthly","%",2.04220826064716,"CSUSHPISA"
"226",1993-10-01,"CSUSHPISA",77.945,2025-08-30,2025-08-30,77.945,"S&P CoreLogic Case-Shiller U.S. National Home Price Index","1987-01-01","2025-06-01","Index Jan 2000=100","SA",2025-08-26,"Monthly","%",2.04896569782664,"CSUSHPISA"
"227",1993-11-01,"CSUSHPISA",78.15,2025-08-30,2025-08-30,78.15,"S&P CoreLogic Case-Shiller U.S. National Home Price Index","1987-01-01","2025-06-01","Index Jan 2000=100","SA",2025-08-26,"Monthly","%",2.07946916063637,"CSUSHPISA"
"228",1993-12-01,"CSUSHPISA",78.329,2025-08-30,2025-08-30,78.329,"S&P CoreLogic Case-Shiller U.S. National Home Price Index","1987-01-01","2025-06-01","Index Jan 2000=100","SA",2025-08-26,"Monthly","%",2.15315996765695,"CSUSHPISA"
"229",1994-01-01,"CSUSHPISA",78.594,2025-08-30,2025-08-30,78.594,"S&P CoreLogic Case-Shiller U.S. National Home Price Index","1987-01-01","2025-06-01","Index Jan 2000=100","SA",2025-08-26,"Monthly","%",2.35459588987574,"CSUSHPISA"
"230",1994-02-01,"CSUSHPISA",78.728,2025-08-30,2025-08-30,78.728,"S&P CoreLogic Case-Shiller U.S. National Home Price Index","1987-01-01","2025-06-01","Index Jan 2000=100","SA",2025-08-26,"Monthly","%",2.45705361790736,"CSUSHPISA"
"231",1994-03-01,"CSUSHPISA",78.858,2025-08-30,2025-08-30,78.858,"S&P CoreLogic Case-Shiller U.S. National Home Price Index","1987-01-01","2025-06-01","Index Jan 2000=100","SA",2025-08-26,"Monthly","%",2.58618446728243,"CSUSHPISA"
"232",1994-04-01,"CSUSHPISA",78.989,2025-08-30,2025-08-30,78.989,"S&P CoreLogic Case-Shiller U.S. National Home Price Index","1987-01-01","2025-06-01","Index Jan 2000=100","SA",2025-08-26,"Monthly","%",2.66578283812939,"CSUSHPISA"
"233",1994-05-01,"CSUSHPISA",79.225,2025-08-30,2025-08-30,79.225,"S&P CoreLogic Case-Shiller U.S. National Home Price Index","1987-01-01","2025-06-01","Index Jan 2000=100","SA",2025-08-26,"Monthly","%",2.83752385155569,"CSUSHPISA"
"234",1994-06-01,"CSUSHPISA",79.425,2025-08-30,2025-08-30,79.425,"S&P CoreLogic Case-Shiller U.S. National Home Price Index","1987-01-01","2025-06-01","Index Jan 2000=100","SA",2025-08-26,"Monthly","%",2.82218913845556,"CSUSHPISA"
"235",1994-07-01,"CSUSHPISA",79.597,2025-08-30,2025-08-30,79.597,"S&P CoreLogic Case-Shiller U.S. National Home Price Index","1987-01-01","2025-06-01","Index Jan 2000=100","SA",2025-08-26,"Monthly","%",2.79334659193635,"CSUSHPISA"
"236",1994-08-01,"CSUSHPISA",79.783,2025-08-30,2025-08-30,79.783,"S&P CoreLogic Case-Shiller U.S. National Home Price Index","1987-01-01","2025-06-01","Index Jan 2000=100","SA",2025-08-26,"Monthly","%",2.79062576497415,"CSUSHPISA"
"237",1994-09-01,"CSUSHPISA",79.921,2025-08-30,2025-08-30,79.921,"S&P CoreLogic Case-Shiller U.S. National Home Price Index","1987-01-01","2025-06-01","Index Jan 2000=100","SA",2025-08-26,"Monthly","%",2.72886192447108,"CSUSHPISA"
"238",1994-10-01,"CSUSHPISA",80.067,2025-08-30,2025-08-30,80.067,"S&P CoreLogic Case-Shiller U.S. National Home Price Index","1987-01-01","2025-06-01","Index Jan 2000=100","SA",2025-08-26,"Monthly","%",2.72243248444417,"CSUSHPISA"
"239",1994-11-01,"CSUSHPISA",80.152,2025-08-30,2025-08-30,80.152,"S&P CoreLogic Case-Shiller U.S. National Home Price Index","1987-01-01","2025-06-01","Index Jan 2000=100","SA",2025-08-26,"Monthly","%",2.56174024312219,"CSUSHPISA"
"240",1994-12-01,"CSUSHPISA",80.298,2025-08-30,2025-08-30,80.298,"S&P CoreLogic Case-Shiller U.S. National Home Price Index","1987-01-01","2025-06-01","Index Jan 2000=100","SA",2025-08-26,"Monthly","%",2.51375608012359,"CSUSHPISA"
"241",1995-01-01,"CSUSHPISA",80.428,2025-08-30,2025-08-30,80.428,"S&P CoreLogic Case-Shiller U.S. National Home Price Index","1987-01-01","2025-06-01","Index Jan 2000=100","SA",2025-08-26,"Monthly","%",2.33351146397944,"CSUSHPISA"
"242",1995-02-01,"CSUSHPISA",80.53,2025-08-30,2025-08-30,80.53,"S&P CoreLogic Case-Shiller U.S. National Home Price Index","1987-01-01","2025-06-01","Index Jan 2000=100","SA",2025-08-26,"Monthly","%",2.28889340514173,"CSUSHPISA"
"243",1995-03-01,"CSUSHPISA",80.6,2025-08-30,2025-08-30,80.6,"S&P CoreLogic Case-Shiller U.S. National Home Price Index","1987-01-01","2025-06-01","Index Jan 2000=100","SA",2025-08-26,"Monthly","%",2.20903395977579,"CSUSHPISA"
"244",1995-04-01,"CSUSHPISA",80.664,2025-08-30,2025-08-30,80.664,"S&P CoreLogic Case-Shiller U.S. National Home Price Index","1987-01-01","2025-06-01","Index Jan 2000=100","SA",2025-08-26,"Monthly","%",2.12054843079417,"CSUSHPISA"
"245",1995-05-01,"CSUSHPISA",80.706,2025-08-30,2025-08-30,80.706,"S&P CoreLogic Case-Shiller U.S. National Home Price Index","1987-01-01","2025-06-01","Index Jan 2000=100","SA",2025-08-26,"Monthly","%",1.86935941937521,"CSUSHPISA"
"246",1995-06-01,"CSUSHPISA",80.787,2025-08-30,2025-08-30,80.787,"S&P CoreLogic Case-Shiller U.S. National Home Price Index","1987-01-01","2025-06-01","Index Jan 2000=100","SA",2025-08-26,"Monthly","%",1.71482530689329,"CSUSHPISA"
"247",1995-07-01,"CSUSHPISA",80.94,2025-08-30,2025-08-30,80.94,"S&P CoreLogic Case-Shiller U.S. National Home Price Index","1987-01-01","2025-06-01","Index Jan 2000=100","SA",2025-08-26,"Monthly","%",1.68724951945425,"CSUSHPISA"
"248",1995-08-01,"CSUSHPISA",81.112,2025-08-30,2025-08-30,81.112,"S&P CoreLogic Case-Shiller U.S. National Home Price Index","1987-01-01","2025-06-01","Index Jan 2000=100","SA",2025-08-26,"Monthly","%",1.66576839677626,"CSUSHPISA"
"249",1995-09-01,"CSUSHPISA",81.308,2025-08-30,2025-08-30,81.308,"S&P CoreLogic Case-Shiller U.S. National Home Price Index","1987-01-01","2025-06-01","Index Jan 2000=100","SA",2025-08-26,"Monthly","%",1.73546377047333,"CSUSHPISA"
"250",1995-10-01,"CSUSHPISA",81.484,2025-08-30,2025-08-30,81.484,"S&P CoreLogic Case-Shiller U.S. National Home Price Index","1987-01-01","2025-06-01","Index Jan 2000=100","SA",2025-08-26,"Monthly","%",1.76976781945122,"CSUSHPISA"
"251",1995-11-01,"CSUSHPISA",81.621,2025-08-30,2025-08-30,81.621,"S&P CoreLogic Case-Shiller U.S. National Home Price Index","1987-01-01","2025-06-01","Index Jan 2000=100","SA",2025-08-26,"Monthly","%",1.83276774129155,"CSUSHPISA"
"252",1995-12-01,"CSUSHPISA",81.738,2025-08-30,2025-08-30,81.738,"S&P CoreLogic Case-Shiller U.S. National Home Price Index","1987-01-01","2025-06-01","Index Jan 2000=100","SA",2025-08-26,"Monthly","%",1.79331988343421,"CSUSHPISA"
"253",1996-01-01,"CSUSHPISA",81.836,2025-08-30,2025-08-30,81.836,"S&P CoreLogic Case-Shiller U.S. National Home Price Index","1987-01-01","2025-06-01","Index Jan 2000=100","SA",2025-08-26,"Monthly","%",1.75063410752474,"CSUSHPISA"
"254",1996-02-01,"CSUSHPISA",81.956,2025-08-30,2025-08-30,81.956,"S&P CoreLogic Case-Shiller U.S. National Home Price Index","1987-01-01","2025-06-01","Index Jan 2000=100","SA",2025-08-26,"Monthly","%",1.77076865764312,"CSUSHPISA"
"255",1996-03-01,"CSUSHPISA",82.197,2025-08-30,2025-08-30,82.197,"S&P CoreLogic Case-Shiller U.S. National Home Price Index","1987-01-01","2025-06-01","Index Jan 2000=100","SA",2025-08-26,"Monthly","%",1.98138957816378,"CSUSHPISA"
"256",1996-04-01,"CSUSHPISA",82.423,2025-08-30,2025-08-30,82.423,"S&P CoreLogic Case-Shiller U.S. National Home Price Index","1987-01-01","2025-06-01","Index Jan 2000=100","SA",2025-08-26,"Monthly","%",2.18065060001982,"CSUSHPISA"
"257",1996-05-01,"CSUSHPISA",82.612,2025-08-30,2025-08-30,82.612,"S&P CoreLogic Case-Shiller U.S. National Home Price Index","1987-01-01","2025-06-01","Index Jan 2000=100","SA",2025-08-26,"Monthly","%",2.3616583649295,"CSUSHPISA"
"258",1996-06-01,"CSUSHPISA",82.755,2025-08-30,2025-08-30,82.755,"S&P CoreLogic Case-Shiller U.S. National Home Price Index","1987-01-01","2025-06-01","Index Jan 2000=100","SA",2025-08-26,"Monthly","%",2.43603550076126,"CSUSHPISA"
"259",1996-07-01,"CSUSHPISA",82.931,2025-08-30,2025-08-30,82.931,"S&P CoreLogic Case-Shiller U.S. National Home Price Index","1987-01-01","2025-06-01","Index Jan 2000=100","SA",2025-08-26,"Monthly","%",2.45984680009883,"CSUSHPISA"
"260",1996-08-01,"CSUSHPISA",83.088,2025-08-30,2025-08-30,83.088,"S&P CoreLogic Case-Shiller U.S. National Home Price Index","1987-01-01","2025-06-01","Index Jan 2000=100","SA",2025-08-26,"Monthly","%",2.43613768616233,"CSUSHPISA"
"261",1996-09-01,"CSUSHPISA",83.259,2025-08-30,2025-08-30,83.259,"S&P CoreLogic Case-Shiller U.S. National Home Price Index","1987-01-01","2025-06-01","Index Jan 2000=100","SA",2025-08-26,"Monthly","%",2.39951788261916,"CSUSHPISA"
"262",1996-10-01,"CSUSHPISA",83.379,2025-08-30,2025-08-30,83.379,"S&P CoreLogic Case-Shiller U.S. National Home Price Index","1987-01-01","2025-06-01","Index Jan 2000=100","SA",2025-08-26,"Monthly","%",2.32560993569288,"CSUSHPISA"
"263",1996-11-01,"CSUSHPISA",83.554,2025-08-30,2025-08-30,83.554,"S&P CoreLogic Case-Shiller U.S. National Home Price Index","1987-01-01","2025-06-01","Index Jan 2000=100","SA",2025-08-26,"Monthly","%",2.36826306955318,"CSUSHPISA"
"264",1996-12-01,"CSUSHPISA",83.723,2025-08-30,2025-08-30,83.723,"S&P CoreLogic Case-Shiller U.S. National Home Price Index","1987-01-01","2025-06-01","Index Jan 2000=100","SA",2025-08-26,"Monthly","%",2.42849103232279,"CSUSHPISA"
"265",1997-01-01,"CSUSHPISA",83.957,2025-08-30,2025-08-30,83.957,"S&P CoreLogic Case-Shiller U.S. National Home Price Index","1987-01-01","2025-06-01","Index Jan 2000=100","SA",2025-08-26,"Monthly","%",2.591768903661,"CSUSHPISA"
"266",1997-02-01,"CSUSHPISA",84.182,2025-08-30,2025-08-30,84.182,"S&P CoreLogic Case-Shiller U.S. National Home Price Index","1987-01-01","2025-06-01","Index Jan 2000=100","SA",2025-08-26,"Monthly","%",2.7160915613256,"CSUSHPISA"
"267",1997-03-01,"CSUSHPISA",84.452,2025-08-30,2025-08-30,84.452,"S&P CoreLogic Case-Shiller U.S. National Home Price Index","1987-01-01","2025-06-01","Index Jan 2000=100","SA",2025-08-26,"Monthly","%",2.74340912685378,"CSUSHPISA"
"268",1997-04-01,"CSUSHPISA",84.623,2025-08-30,2025-08-30,84.623,"S&P CoreLogic Case-Shiller U.S. National Home Price Index","1987-01-01","2025-06-01","Index Jan 2000=100","SA",2025-08-26,"Monthly","%",2.66915788068864,"CSUSHPISA"
"269",1997-05-01,"CSUSHPISA",84.863,2025-08-30,2025-08-30,84.863,"S&P CoreLogic Case-Shiller U.S. National Home Price Index","1987-01-01","2025-06-01","Index Jan 2000=100","SA",2025-08-26,"Monthly","%",2.72478574541228,"CSUSHPISA"
"270",1997-06-01,"CSUSHPISA",85.082,2025-08-30,2025-08-30,85.082,"S&P CoreLogic Case-Shiller U.S. National Home Price Index","1987-01-01","2025-06-01","Index Jan 2000=100","SA",2025-08-26,"Monthly","%",2.81191468793427,"CSUSHPISA"
"271",1997-07-01,"CSUSHPISA",85.334,2025-08-30,2025-08-30,85.334,"S&P CoreLogic Case-Shiller U.S. National Home Price Index","1987-01-01","2025-06-01","Index Jan 2000=100","SA",2025-08-26,"Monthly","%",2.89758956240731,"CSUSHPISA"
"272",1997-08-01,"CSUSHPISA",85.576,2025-08-30,2025-08-30,85.576,"S&P CoreLogic Case-Shiller U.S. National Home Price Index","1987-01-01","2025-06-01","Index Jan 2000=100","SA",2025-08-26,"Monthly","%",2.99441555940692,"CSUSHPISA"
"273",1997-09-01,"CSUSHPISA",85.854,2025-08-30,2025-08-30,85.854,"S&P CoreLogic Case-Shiller U.S. National Home Price Index","1987-01-01","2025-06-01","Index Jan 2000=100","SA",2025-08-26,"Monthly","%",3.11678016790977,"CSUSHPISA"
"274",1997-10-01,"CSUSHPISA",86.15,2025-08-30,2025-08-30,86.15,"S&P CoreLogic Case-Shiller U.S. National Home Price Index","1987-01-01","2025-06-01","Index Jan 2000=100","SA",2025-08-26,"Monthly","%",3.32337878842397,"CSUSHPISA"
"275",1997-11-01,"CSUSHPISA",86.636,2025-08-30,2025-08-30,86.636,"S&P CoreLogic Case-Shiller U.S. National Home Price Index","1987-01-01","2025-06-01","Index Jan 2000=100","SA",2025-08-26,"Monthly","%",3.688632501137,"CSUSHPISA"
"276",1997-12-01,"CSUSHPISA",87.096,2025-08-30,2025-08-30,87.096,"S&P CoreLogic Case-Shiller U.S. National Home Price Index","1987-01-01","2025-06-01","Index Jan 2000=100","SA",2025-08-26,"Monthly","%",4.02876151117375,"CSUSHPISA"
"277",1998-01-01,"CSUSHPISA",87.619,2025-08-30,2025-08-30,87.619,"S&P CoreLogic Case-Shiller U.S. National Home Price Index","1987-01-01","2025-06-01","Index Jan 2000=100","SA",2025-08-26,"Monthly","%",4.36175661350453,"CSUSHPISA"
"278",1998-02-01,"CSUSHPISA",88.007,2025-08-30,2025-08-30,88.007,"S&P CoreLogic Case-Shiller U.S. National Home Price Index","1987-01-01","2025-06-01","Index Jan 2000=100","SA",2025-08-26,"Monthly","%",4.54372668741536,"CSUSHPISA"
"279",1998-03-01,"CSUSHPISA",88.446,2025-08-30,2025-08-30,88.446,"S&P CoreLogic Case-Shiller U.S. National Home Price Index","1987-01-01","2025-06-01","Index Jan 2000=100","SA",2025-08-26,"Monthly","%",4.72931369298535,"CSUSHPISA"
"280",1998-04-01,"CSUSHPISA",88.882,2025-08-30,2025-08-30,88.882,"S&P CoreLogic Case-Shiller U.S. National Home Price Index","1987-01-01","2025-06-01","Index Jan 2000=100","SA",2025-08-26,"Monthly","%",5.03291067440297,"CSUSHPISA"
"281",1998-05-01,"CSUSHPISA",89.367,2025-08-30,2025-08-30,89.367,"S&P CoreLogic Case-Shiller U.S. National Home Price Index","1987-01-01","2025-06-01","Index Jan 2000=100","SA",2025-08-26,"Monthly","%",5.30737777358803,"CSUSHPISA"
"282",1998-06-01,"CSUSHPISA",89.847,2025-08-30,2025-08-30,89.847,"S&P CoreLogic Case-Shiller U.S. National Home Price Index","1987-01-01","2025-06-01","Index Jan 2000=100","SA",2025-08-26,"Monthly","%",5.60047953738747,"CSUSHPISA"
"283",1998-07-01,"CSUSHPISA",90.312,2025-08-30,2025-08-30,90.312,"S&P CoreLogic Case-Shiller U.S. National Home Price Index","1987-01-01","2025-06-01","Index Jan 2000=100","SA",2025-08-26,"Monthly","%",5.83354817540489,"CSUSHPISA"
"284",1998-08-01,"CSUSHPISA",90.788,2025-08-30,2025-08-30,90.788,"S&P CoreLogic Case-Shiller U.S. National Home Price Index","1987-01-01","2025-06-01","Index Jan 2000=100","SA",2025-08-26,"Monthly","%",6.09049266149386,"CSUSHPISA"
"285",1998-09-01,"CSUSHPISA",91.26,2025-08-30,2025-08-30,91.26,"S&P CoreLogic Case-Shiller U.S. National Home Price Index","1987-01-01","2025-06-01","Index Jan 2000=100","SA",2025-08-26,"Monthly","%",6.29673631979875,"CSUSHPISA"
"286",1998-10-01,"CSUSHPISA",91.719,2025-08-30,2025-08-30,91.719,"S&P CoreLogic Case-Shiller U.S. National Home Price Index","1987-01-01","2025-06-01","Index Jan 2000=100","SA",2025-08-26,"Monthly","%",6.46430644225187,"CSUSHPISA"
"287",1998-11-01,"CSUSHPISA",92.201,2025-08-30,2025-08-30,92.201,"S&P CoreLogic Case-Shiller U.S. National Home Price Index","1987-01-01","2025-06-01","Index Jan 2000=100","SA",2025-08-26,"Monthly","%",6.4234267510042,"CSUSHPISA"
"288",1998-12-01,"CSUSHPISA",92.714,2025-08-30,2025-08-30,92.714,"S&P CoreLogic Case-Shiller U.S. National Home Price Index","1987-01-01","2025-06-01","Index Jan 2000=100","SA",2025-08-26,"Monthly","%",6.45035363277302,"CSUSHPISA"
"289",1999-01-01,"CSUSHPISA",93.21,2025-08-30,2025-08-30,93.21,"S&P CoreLogic Case-Shiller U.S. National Home Price Index","1987-01-01","2025-06-01","Index Jan 2000=100","SA",2025-08-26,"Monthly","%",6.38103607665004,"CSUSHPISA"
"290",1999-02-01,"CSUSHPISA",93.674,2025-08-30,2025-08-30,93.674,"S&P CoreLogic Case-Shiller U.S. National Home Price Index","1987-01-01","2025-06-01","Index Jan 2000=100","SA",2025-08-26,"Monthly","%",6.43926051336825,"CSUSHPISA"
"291",1999-03-01,"CSUSHPISA",94.22,2025-08-30,2025-08-30,94.22,"S&P CoreLogic Case-Shiller U.S. National Home Price Index","1987-01-01","2025-06-01","Index Jan 2000=100","SA",2025-08-26,"Monthly","%",6.52827714085431,"CSUSHPISA"
"292",1999-04-01,"CSUSHPISA",94.789,2025-08-30,2025-08-30,94.789,"S&P CoreLogic Case-Shiller U.S. National Home Price Index","1987-01-01","2025-06-01","Index Jan 2000=100","SA",2025-08-26,"Monthly","%",6.64589005647938,"CSUSHPISA"
"293",1999-05-01,"CSUSHPISA",95.347,2025-08-30,2025-08-30,95.347,"S&P CoreLogic Case-Shiller U.S. National Home Price Index","1987-01-01","2025-06-01","Index Jan 2000=100","SA",2025-08-26,"Monthly","%",6.69150805107031,"CSUSHPISA"
"294",1999-06-01,"CSUSHPISA",95.978,2025-08-30,2025-08-30,95.978,"S&P CoreLogic Case-Shiller U.S. National Home Price Index","1987-01-01","2025-06-01","Index Jan 2000=100","SA",2025-08-26,"Monthly","%",6.82382272084765,"CSUSHPISA"
"295",1999-07-01,"CSUSHPISA",96.594,2025-08-30,2025-08-30,96.594,"S&P CoreLogic Case-Shiller U.S. National Home Price Index","1987-01-01","2025-06-01","Index Jan 2000=100","SA",2025-08-26,"Monthly","%",6.95588626096197,"CSUSHPISA"
"296",1999-08-01,"CSUSHPISA",97.221,2025-08-30,2025-08-30,97.221,"S&P CoreLogic Case-Shiller U.S. National Home Price Index","1987-01-01","2025-06-01","Index Jan 2000=100","SA",2025-08-26,"Monthly","%",7.0857382032868,"CSUSHPISA"
"297",1999-09-01,"CSUSHPISA",97.865,2025-08-30,2025-08-30,97.865,"S&P CoreLogic Case-Shiller U.S. National Home Price Index","1987-01-01","2025-06-01","Index Jan 2000=100","SA",2025-08-26,"Monthly","%",7.23756300679377,"CSUSHPISA"
"298",1999-10-01,"CSUSHPISA",98.525,2025-08-30,2025-08-30,98.525,"S&P CoreLogic Case-Shiller U.S. National Home Price Index","1987-01-01","2025-06-01","Index Jan 2000=100","SA",2025-08-26,"Monthly","%",7.4204908470437,"CSUSHPISA"
"299",1999-11-01,"CSUSHPISA",99.157,2025-08-30,2025-08-30,99.157,"S&P CoreLogic Case-Shiller U.S. National Home Price Index","1987-01-01","2025-06-01","Index Jan 2000=100","SA",2025-08-26,"Monthly","%",7.54438672031756,"CSUSHPISA"
"300",1999-12-01,"CSUSHPISA",99.847,2025-08-30,2025-08-30,99.847,"S&P CoreLogic Case-Shiller U.S. National Home Price Index","1987-01-01","2025-06-01","Index Jan 2000=100","SA",2025-08-26,"Monthly","%",7.69355221433656,"CSUSHPISA"
"301",2000-01-01,"CSUSHPISA",100.552,2025-08-30,2025-08-30,100.552,"S&P CoreLogic Case-Shiller U.S. National Home Price Index","1987-01-01","2025-06-01","Index Jan 2000=100","SA",2025-08-26,"Monthly","%",7.87683724922219,"CSUSHPISA"
"302",2000-02-01,"CSUSHPISA",101.339,2025-08-30,2025-08-30,101.339,"S&P CoreLogic Case-Shiller U.S. National Home Price Index","1987-01-01","2025-06-01","Index Jan 2000=100","SA",2025-08-26,"Monthly","%",8.18263338813332,"CSUSHPISA"
"303",2000-03-01,"CSUSHPISA",102.127,2025-08-30,2025-08-30,102.127,"S&P CoreLogic Case-Shiller U.S. National Home Price Index","1987-01-01","2025-06-01","Index Jan 2000=100","SA",2025-08-26,"Monthly","%",8.39206113351731,"CSUSHPISA"
"304",2000-04-01,"CSUSHPISA",102.922,2025-08-30,2025-08-30,102.922,"S&P CoreLogic Case-Shiller U.S. National Home Price Index","1987-01-01","2025-06-01","Index Jan 2000=100","SA",2025-08-26,"Monthly","%",8.58010950637733,"CSUSHPISA"
"305",2000-05-01,"CSUSHPISA",103.678,2025-08-30,2025-08-30,103.678,"S&P CoreLogic Case-Shiller U.S. National Home Price Index","1987-01-01","2025-06-01","Index Jan 2000=100","SA",2025-08-26,"Monthly","%",8.7375586017389,"CSUSHPISA"
"306",2000-06-01,"CSUSHPISA",104.425,2025-08-30,2025-08-30,104.425,"S&P CoreLogic Case-Shiller U.S. National Home Price Index","1987-01-01","2025-06-01","Index Jan 2000=100","SA",2025-08-26,"Monthly","%",8.80097522348873,"CSUSHPISA"
"307",2000-07-01,"CSUSHPISA",105.055,2025-08-30,2025-08-30,105.055,"S&P CoreLogic Case-Shiller U.S. National Home Price Index","1987-01-01","2025-06-01","Index Jan 2000=100","SA",2025-08-26,"Monthly","%",8.7593432304284,"CSUSHPISA"
"308",2000-08-01,"CSUSHPISA",105.769,2025-08-30,2025-08-30,105.769,"S&P CoreLogic Case-Shiller U.S. National Home Price Index","1987-01-01","2025-06-01","Index Jan 2000=100","SA",2025-08-26,"Monthly","%",8.79233910369157,"CSUSHPISA"
"309",2000-09-01,"CSUSHPISA",106.539,2025-08-30,2025-08-30,106.539,"S&P CoreLogic Case-Shiller U.S. National Home Price Index","1987-01-01","2025-06-01","Index Jan 2000=100","SA",2025-08-26,"Monthly","%",8.86322995963829,"CSUSHPISA"
"310",2000-10-01,"CSUSHPISA",107.384,2025-08-30,2025-08-30,107.384,"S&P CoreLogic Case-Shiller U.S. National Home Price Index","1987-01-01","2025-06-01","Index Jan 2000=100","SA",2025-08-26,"Monthly","%",8.99162649073839,"CSUSHPISA"
"311",2000-11-01,"CSUSHPISA",108.303,2025-08-30,2025-08-30,108.303,"S&P CoreLogic Case-Shiller U.S. National Home Price Index","1987-01-01","2025-06-01","Index Jan 2000=100","SA",2025-08-26,"Monthly","%",9.2237562653166,"CSUSHPISA"
"312",2000-12-01,"CSUSHPISA",109.142,2025-08-30,2025-08-30,109.142,"S&P CoreLogic Case-Shiller U.S. National Home Price Index","1987-01-01","2025-06-01","Index Jan 2000=100","SA",2025-08-26,"Monthly","%",9.30924314200727,"CSUSHPISA"
"313",2001-01-01,"CSUSHPISA",109.848,2025-08-30,2025-08-30,109.848,"S&P CoreLogic Case-Shiller U.S. National Home Price Index","1987-01-01","2025-06-01","Index Jan 2000=100","SA",2025-08-26,"Monthly","%",9.24496777786617,"CSUSHPISA"
"314",2001-02-01,"CSUSHPISA",110.502,2025-08-30,2025-08-30,110.502,"S&P CoreLogic Case-Shiller U.S. National Home Price Index","1987-01-01","2025-06-01","Index Jan 2000=100","SA",2025-08-26,"Monthly","%",9.04192857636252,"CSUSHPISA"
"315",2001-03-01,"CSUSHPISA",111.109,2025-08-30,2025-08-30,111.109,"S&P CoreLogic Case-Shiller U.S. National Home Price Index","1987-01-01","2025-06-01","Index Jan 2000=100","SA",2025-08-26,"Monthly","%",8.7949318006012,"CSUSHPISA"
"316",2001-04-01,"CSUSHPISA",111.652,2025-08-30,2025-08-30,111.652,"S&P CoreLogic Case-Shiller U.S. National Home Price Index","1987-01-01","2025-06-01","Index Jan 2000=100","SA",2025-08-26,"Monthly","%",8.48215153222829,"CSUSHPISA"
"317",2001-05-01,"CSUSHPISA",112.163,2025-08-30,2025-08-30,112.163,"S&P CoreLogic Case-Shiller U.S. National Home Price Index","1987-01-01","2025-06-01","Index Jan 2000=100","SA",2025-08-26,"Monthly","%",8.18399274677366,"CSUSHPISA"
"318",2001-06-01,"CSUSHPISA",112.797,2025-08-30,2025-08-30,112.797,"S&P CoreLogic Case-Shiller U.S. National Home Price Index","1987-01-01","2025-06-01","Index Jan 2000=100","SA",2025-08-26,"Monthly","%",8.01723725161601,"CSUSHPISA"
"319",2001-07-01,"CSUSHPISA",113.492,2025-08-30,2025-08-30,113.492,"S&P CoreLogic Case-Shiller U.S. National Home Price Index","1987-01-01","2025-06-01","Index Jan 2000=100","SA",2025-08-26,"Monthly","%",8.03103136452334,"CSUSHPISA"
"320",2001-08-01,"CSUSHPISA",114.168,2025-08-30,2025-08-30,114.168,"S&P CoreLogic Case-Shiller U.S. National Home Price Index","1987-01-01","2025-06-01","Index Jan 2000=100","SA",2025-08-26,"Monthly","%",7.94089005285104,"CSUSHPISA"
"321",2001-09-01,"CSUSHPISA",114.812,2025-08-30,2025-08-30,114.812,"S&P CoreLogic Case-Shiller U.S. National Home Price Index","1987-01-01","2025-06-01","Index Jan 2000=100","SA",2025-08-26,"Monthly","%",7.76523151146529,"CSUSHPISA"
"322",2001-10-01,"CSUSHPISA",115.309,2025-08-30,2025-08-30,115.309,"S&P CoreLogic Case-Shiller U.S. National Home Price Index","1987-01-01","2025-06-01","Index Jan 2000=100","SA",2025-08-26,"Monthly","%",7.38005661923564,"CSUSHPISA"
"323",2001-11-01,"CSUSHPISA",115.856,2025-08-30,2025-08-30,115.856,"S&P CoreLogic Case-Shiller U.S. National Home Price Index","1987-01-01","2025-06-01","Index Jan 2000=100","SA",2025-08-26,"Monthly","%",6.97395270675791,"CSUSHPISA"
"324",2001-12-01,"CSUSHPISA",116.454,2025-08-30,2025-08-30,116.454,"S&P CoreLogic Case-Shiller U.S. National Home Price Index","1987-01-01","2025-06-01","Index Jan 2000=100","SA",2025-08-26,"Monthly","%",6.69952905389308,"CSUSHPISA"
"325",2002-01-01,"CSUSHPISA",117.143,2025-08-30,2025-08-30,117.143,"S&P CoreLogic Case-Shiller U.S. National Home Price Index","1987-01-01","2025-06-01","Index Jan 2000=100","SA",2025-08-26,"Monthly","%",6.64099482921854,"CSUSHPISA"
"326",2002-02-01,"CSUSHPISA",117.844,2025-08-30,2025-08-30,117.844,"S&P CoreLogic Case-Shiller U.S. National Home Price Index","1987-01-01","2025-06-01","Index Jan 2000=100","SA",2025-08-26,"Monthly","%",6.64422363396135,"CSUSHPISA"
"327",2002-03-01,"CSUSHPISA",118.688,2025-08-30,2025-08-30,118.688,"S&P CoreLogic Case-Shiller U.S. National Home Price Index","1987-01-01","2025-06-01","Index Jan 2000=100","SA",2025-08-26,"Monthly","%",6.82122960336247,"CSUSHPISA"
"328",2002-04-01,"CSUSHPISA",119.612,2025-08-30,2025-08-30,119.612,"S&P CoreLogic Case-Shiller U.S. National Home Price Index","1987-01-01","2025-06-01","Index Jan 2000=100","SA",2025-08-26,"Monthly","%",7.12929459391682,"CSUSHPISA"
"329",2002-05-01,"CSUSHPISA",120.725,2025-08-30,2025-08-30,120.725,"S&P CoreLogic Case-Shiller U.S. National Home Price Index","1987-01-01","2025-06-01","Index Jan 2000=100","SA",2025-08-26,"Monthly","%",7.63353333987145,"CSUSHPISA"
"330",2002-06-01,"CSUSHPISA",121.814,2025-08-30,2025-08-30,121.814,"S&P CoreLogic Case-Shiller U.S. National Home Price Index","1987-01-01","2025-06-01","Index Jan 2000=100","SA",2025-08-26,"Monthly","%",7.99400693280847,"CSUSHPISA"
"331",2002-07-01,"CSUSHPISA",122.888,2025-08-30,2025-08-30,122.888,"S&P CoreLogic Case-Shiller U.S. National Home Price Index","1987-01-01","2025-06-01","Index Jan 2000=100","SA",2025-08-26,"Monthly","%",8.27899763860007,"CSUSHPISA"
"332",2002-08-01,"CSUSHPISA",123.832,2025-08-30,2025-08-30,123.832,"S&P CoreLogic Case-Shiller U.S. National Home Price Index","1987-01-01","2025-06-01","Index Jan 2000=100","SA",2025-08-26,"Monthly","%",8.46471866022005,"CSUSHPISA"
"333",2002-09-01,"CSUSHPISA",124.781,2025-08-30,2025-08-30,124.781,"S&P CoreLogic Case-Shiller U.S. National Home Price Index","1987-01-01","2025-06-01","Index Jan 2000=100","SA",2025-08-26,"Monthly","%",8.68289029021356,"CSUSHPISA"
"334",2002-10-01,"CSUSHPISA",125.736,2025-08-30,2025-08-30,125.736,"S&P CoreLogic Case-Shiller U.S. National Home Price Index","1987-01-01","2025-06-01","Index Jan 2000=100","SA",2025-08-26,"Monthly","%",9.04265928938766,"CSUSHPISA"
"335",2002-11-01,"CSUSHPISA",126.671,2025-08-30,2025-08-30,126.671,"S&P CoreLogic Case-Shiller U.S. National Home Price Index","1987-01-01","2025-06-01","Index Jan 2000=100","SA",2025-08-26,"Monthly","%",9.33486396906504,"CSUSHPISA"
"336",2002-12-01,"CSUSHPISA",127.625,2025-08-30,2025-08-30,127.625,"S&P CoreLogic Case-Shiller U.S. National Home Price Index","1987-01-01","2025-06-01","Index Jan 2000=100","SA",2025-08-26,"Monthly","%",9.59262884915932,"CSUSHPISA"
"337",2003-01-01,"CSUSHPISA",128.462,2025-08-30,2025-08-30,128.462,"S&P CoreLogic Case-Shiller U.S. National Home Price Index","1987-01-01","2025-06-01","Index Jan 2000=100","SA",2025-08-26,"Monthly","%",9.66254919201321,"CSUSHPISA"
"338",2003-02-01,"CSUSHPISA",129.357,2025-08-30,2025-08-30,129.357,"S&P CoreLogic Case-Shiller U.S. National Home Price Index","1987-01-01","2025-06-01","Index Jan 2000=100","SA",2025-08-26,"Monthly","%",9.76969552968332,"CSUSHPISA"
"339",2003-03-01,"CSUSHPISA",130.148,2025-08-30,2025-08-30,130.148,"S&P CoreLogic Case-Shiller U.S. National Home Price Index","1987-01-01","2025-06-01","Index Jan 2000=100","SA",2025-08-26,"Monthly","%",9.65556753842007,"CSUSHPISA"
"340",2003-04-01,"CSUSHPISA",130.884,2025-08-30,2025-08-30,130.884,"S&P CoreLogic Case-Shiller U.S. National Home Price Index","1987-01-01","2025-06-01","Index Jan 2000=100","SA",2025-08-26,"Monthly","%",9.42380363174262,"CSUSHPISA"
"341",2003-05-01,"CSUSHPISA",131.735,2025-08-30,2025-08-30,131.735,"S&P CoreLogic Case-Shiller U.S. National Home Price Index","1987-01-01","2025-06-01","Index Jan 2000=100","SA",2025-08-26,"Monthly","%",9.11990060053842,"CSUSHPISA"
"342",2003-06-01,"CSUSHPISA",132.649,2025-08-30,2025-08-30,132.649,"S&P CoreLogic Case-Shiller U.S. National Home Price Index","1987-01-01","2025-06-01","Index Jan 2000=100","SA",2025-08-26,"Monthly","%",8.89470832580821,"CSUSHPISA"
"343",2003-07-01,"CSUSHPISA",133.777,2025-08-30,2025-08-30,133.777,"S&P CoreLogic Case-Shiller U.S. National Home Price Index","1987-01-01","2025-06-01","Index Jan 2000=100","SA",2025-08-26,"Monthly","%",8.86091400299462,"CSUSHPISA"
"344",2003-08-01,"CSUSHPISA",134.968,2025-08-30,2025-08-30,134.968,"S&P CoreLogic Case-Shiller U.S. National Home Price Index","1987-01-01","2025-06-01","Index Jan 2000=100","SA",2025-08-26,"Monthly","%",8.99282899412106,"CSUSHPISA"
"345",2003-09-01,"CSUSHPISA",136.295,2025-08-30,2025-08-30,136.295,"S&P CoreLogic Case-Shiller U.S. National Home Price Index","1987-01-01","2025-06-01","Index Jan 2000=100","SA",2025-08-26,"Monthly","%",9.2273663458379,"CSUSHPISA"
"346",2003-10-01,"CSUSHPISA",137.533,2025-08-30,2025-08-30,137.533,"S&P CoreLogic Case-Shiller U.S. National Home Price Index","1987-01-01","2025-06-01","Index Jan 2000=100","SA",2025-08-26,"Monthly","%",9.3823566838455,"CSUSHPISA"
"347",2003-11-01,"CSUSHPISA",138.795,2025-08-30,2025-08-30,138.795,"S&P CoreLogic Case-Shiller U.S. National Home Price Index","1987-01-01","2025-06-01","Index Jan 2000=100","SA",2025-08-26,"Monthly","%",9.57125150981675,"CSUSHPISA"
"348",2003-12-01,"CSUSHPISA",140.181,2025-08-30,2025-08-30,140.181,"S&P CoreLogic Case-Shiller U.S. National Home Price Index","1987-01-01","2025-06-01","Index Jan 2000=100","SA",2025-08-26,"Monthly","%",9.83819784524977,"CSUSHPISA"
"349",2004-01-01,"CSUSHPISA",141.647,2025-08-30,2025-08-30,141.647,"S&P CoreLogic Case-Shiller U.S. National Home Price Index","1987-01-01","2025-06-01","Index Jan 2000=100","SA",2025-08-26,"Monthly","%",10.2637355793931,"CSUSHPISA"
"350",2004-02-01,"CSUSHPISA",143.192,2025-08-30,2025-08-30,143.192,"S&P CoreLogic Case-Shiller U.S. National Home Price Index","1987-01-01","2025-06-01","Index Jan 2000=100","SA",2025-08-26,"Monthly","%",10.6952078356796,"CSUSHPISA"
"351",2004-03-01,"CSUSHPISA",145.058,2025-08-30,2025-08-30,145.058,"S&P CoreLogic Case-Shiller U.S. National Home Price Index","1987-01-01","2025-06-01","Index Jan 2000=100","SA",2025-08-26,"Monthly","%",11.456188339429,"CSUSHPISA"
"352",2004-04-01,"CSUSHPISA",146.593,2025-08-30,2025-08-30,146.593,"S&P CoreLogic Case-Shiller U.S. National Home Price Index","1987-01-01","2025-06-01","Index Jan 2000=100","SA",2025-08-26,"Monthly","%",12.0022309831607,"CSUSHPISA"
"353",2004-05-01,"CSUSHPISA",148.186,2025-08-30,2025-08-30,148.186,"S&P CoreLogic Case-Shiller U.S. National Home Price Index","1987-01-01","2025-06-01","Index Jan 2000=100","SA",2025-08-26,"Monthly","%",12.4879492921395,"CSUSHPISA"
"354",2004-06-01,"CSUSHPISA",149.851,2025-08-30,2025-08-30,149.851,"S&P CoreLogic Case-Shiller U.S. National Home Price Index","1987-01-01","2025-06-01","Index Jan 2000=100","SA",2025-08-26,"Monthly","%",12.9680585605621,"CSUSHPISA"
"355",2004-07-01,"CSUSHPISA",151.338,2025-08-30,2025-08-30,151.338,"S&P CoreLogic Case-Shiller U.S. National Home Price Index","1987-01-01","2025-06-01","Index Jan 2000=100","SA",2025-08-26,"Monthly","%",13.1270696756542,"CSUSHPISA"
"356",2004-08-01,"CSUSHPISA",152.634,2025-08-30,2025-08-30,152.634,"S&P CoreLogic Case-Shiller U.S. National Home Price Index","1987-01-01","2025-06-01","Index Jan 2000=100","SA",2025-08-26,"Monthly","%",13.0890285104617,"CSUSHPISA"
"357",2004-09-01,"CSUSHPISA",154.178,2025-08-30,2025-08-30,154.178,"S&P CoreLogic Case-Shiller U.S. National Home Price Index","1987-01-01","2025-06-01","Index Jan 2000=100","SA",2025-08-26,"Monthly","%",13.1208041380829,"CSUSHPISA"
"358",2004-10-01,"CSUSHPISA",155.75,2025-08-30,2025-08-30,155.75,"S&P CoreLogic Case-Shiller U.S. National Home Price Index","1987-01-01","2025-06-01","Index Jan 2000=100","SA",2025-08-26,"Monthly","%",13.2455483411254,"CSUSHPISA"
"359",2004-11-01,"CSUSHPISA",157.526,2025-08-30,2025-08-30,157.526,"S&P CoreLogic Case-Shiller U.S. National Home Price Index","1987-01-01","2025-06-01","Index Jan 2000=100","SA",2025-08-26,"Monthly","%",13.4954429194135,"CSUSHPISA"
"360",2004-12-01,"CSUSHPISA",159.329,2025-08-30,2025-08-30,159.329,"S&P CoreLogic Case-Shiller U.S. National Home Price Index","1987-01-01","2025-06-01","Index Jan 2000=100","SA",2025-08-26,"Monthly","%",13.6594830968533,"CSUSHPISA"
"361",2005-01-01,"CSUSHPISA",161.288,2025-08-30,2025-08-30,161.288,"S&P CoreLogic Case-Shiller U.S. National Home Price Index","1987-01-01","2025-06-01","Index Jan 2000=100","SA",2025-08-26,"Monthly","%",13.866160243422,"CSUSHPISA"
"362",2005-02-01,"CSUSHPISA",163.346,2025-08-30,2025-08-30,163.346,"S&P CoreLogic Case-Shiller U.S. National Home Price Index","1987-01-01","2025-06-01","Index Jan 2000=100","SA",2025-08-26,"Monthly","%",14.0748086485278,"CSUSHPISA"
"363",2005-03-01,"CSUSHPISA",165.814,2025-08-30,2025-08-30,165.814,"S&P CoreLogic Case-Shiller U.S. National Home Price Index","1987-01-01","2025-06-01","Index Jan 2000=100","SA",2025-08-26,"Monthly","%",14.3087592549187,"CSUSHPISA"
"364",2005-04-01,"CSUSHPISA",167.504,2025-08-30,2025-08-30,167.504,"S&P CoreLogic Case-Shiller U.S. National Home Price Index","1987-01-01","2025-06-01","Index Jan 2000=100","SA",2025-08-26,"Monthly","%",14.2646647520687,"CSUSHPISA"
"365",2005-05-01,"CSUSHPISA",169.354,2025-08-30,2025-08-30,169.354,"S&P CoreLogic Case-Shiller U.S. National Home Price Index","1987-01-01","2025-06-01","Index Jan 2000=100","SA",2025-08-26,"Monthly","%",14.2847502463121,"CSUSHPISA"
"366",2005-06-01,"CSUSHPISA",171.193,2025-08-30,2025-08-30,171.193,"S&P CoreLogic Case-Shiller U.S. National Home Price Index","1987-01-01","2025-06-01","Index Jan 2000=100","SA",2025-08-26,"Monthly","%",14.2421471995515,"CSUSHPISA"
"367",2005-07-01,"CSUSHPISA",172.863,2025-08-30,2025-08-30,172.863,"S&P CoreLogic Case-Shiller U.S. National Home Price Index","1987-01-01","2025-06-01","Index Jan 2000=100","SA",2025-08-26,"Monthly","%",14.2231296832256,"CSUSHPISA"
"368",2005-08-01,"CSUSHPISA",174.444,2025-08-30,2025-08-30,174.444,"S&P CoreLogic Case-Shiller U.S. National Home Price Index","1987-01-01","2025-06-01","Index Jan 2000=100","SA",2025-08-26,"Monthly","%",14.2890836903967,"CSUSHPISA"
"369",2005-09-01,"CSUSHPISA",176.44,2025-08-30,2025-08-30,176.44,"S&P CoreLogic Case-Shiller U.S. National Home Price Index","1987-01-01","2025-06-01","Index Jan 2000=100","SA",2025-08-26,"Monthly","%",14.4391547432189,"CSUSHPISA"
"370",2005-10-01,"CSUSHPISA",178.03,2025-08-30,2025-08-30,178.03,"S&P CoreLogic Case-Shiller U.S. National Home Price Index","1987-01-01","2025-06-01","Index Jan 2000=100","SA",2025-08-26,"Monthly","%",14.3049759229535,"CSUSHPISA"
"371",2005-11-01,"CSUSHPISA",179.683,2025-08-30,2025-08-30,179.683,"S&P CoreLogic Case-Shiller U.S. National Home Price Index","1987-01-01","2025-06-01","Index Jan 2000=100","SA",2025-08-26,"Monthly","%",14.0656145652146,"CSUSHPISA"
"372",2005-12-01,"CSUSHPISA",180.912,2025-08-30,2025-08-30,180.912,"S&P CoreLogic Case-Shiller U.S. National Home Price Index","1987-01-01","2025-06-01","Index Jan 2000=100","SA",2025-08-26,"Monthly","%",13.546184310452,"CSUSHPISA"
"373",2006-01-01,"CSUSHPISA",182.321,2025-08-30,2025-08-30,182.321,"S&P CoreLogic Case-Shiller U.S. National Home Price Index","1987-01-01","2025-06-01","Index Jan 2000=100","SA",2025-08-26,"Monthly","%",13.0406477853281,"CSUSHPISA"
"374",2006-02-01,"CSUSHPISA",183.287,2025-08-30,2025-08-30,183.287,"S&P CoreLogic Case-Shiller U.S. National Home Price Index","1987-01-01","2025-06-01","Index Jan 2000=100","SA",2025-08-26,"Monthly","%",12.2078287806252,"CSUSHPISA"
"375",2006-03-01,"CSUSHPISA",184.365,2025-08-30,2025-08-30,184.365,"S&P CoreLogic Case-Shiller U.S. National Home Price Index","1987-01-01","2025-06-01","Index Jan 2000=100","SA",2025-08-26,"Monthly","%",11.1878369739588,"CSUSHPISA"
"376",2006-04-01,"CSUSHPISA",184.33,2025-08-30,2025-08-30,184.33,"S&P CoreLogic Case-Shiller U.S. National Home Price Index","1987-01-01","2025-06-01","Index Jan 2000=100","SA",2025-08-26,"Monthly","%",10.0451332505492,"CSUSHPISA"
"377",2006-05-01,"CSUSHPISA",184.156,2025-08-30,2025-08-30,184.156,"S&P CoreLogic Case-Shiller U.S. National Home Price Index","1987-01-01","2025-06-01","Index Jan 2000=100","SA",2025-08-26,"Monthly","%",8.74027185658441,"CSUSHPISA"
"378",2006-06-01,"CSUSHPISA",183.507,2025-08-30,2025-08-30,183.507,"S&P CoreLogic Case-Shiller U.S. National Home Price Index","1987-01-01","2025-06-01","Index Jan 2000=100","SA",2025-08-26,"Monthly","%",7.19305111774431,"CSUSHPISA"
"379",2006-07-01,"CSUSHPISA",183.067,2025-08-30,2025-08-30,183.067,"S&P CoreLogic Case-Shiller U.S. National Home Price Index","1987-01-01","2025-06-01","Index Jan 2000=100","SA",2025-08-26,"Monthly","%",5.90294047887634,"CSUSHPISA"
"380",2006-08-01,"CSUSHPISA",182.594,2025-08-30,2025-08-30,182.594,"S&P CoreLogic Case-Shiller U.S. National Home Price Index","1987-01-01","2025-06-01","Index Jan 2000=100","SA",2025-08-26,"Monthly","%",4.67198642544313,"CSUSHPISA"
"381",2006-09-01,"CSUSHPISA",182.797,2025-08-30,2025-08-30,182.797,"S&P CoreLogic Case-Shiller U.S. National Home Price Index","1987-01-01","2025-06-01","Index Jan 2000=100","SA",2025-08-26,"Monthly","%",3.60292450691453,"CSUSHPISA"
"382",2006-10-01,"CSUSHPISA",183.198,2025-08-30,2025-08-30,183.198,"S&P CoreLogic Case-Shiller U.S. National Home Price Index","1987-01-01","2025-06-01","Index Jan 2000=100","SA",2025-08-26,"Monthly","%",2.90288153681963,"CSUSHPISA"
"383",2006-11-01,"CSUSHPISA",183.608,2025-08-30,2025-08-30,183.608,"S&P CoreLogic Case-Shiller U.S. National Home Price Index","1987-01-01","2025-06-01","Index Jan 2000=100","SA",2025-08-26,"Monthly","%",2.18440253112426,"CSUSHPISA"
"384",2006-12-01,"CSUSHPISA",184.138,2025-08-30,2025-08-30,184.138,"S&P CoreLogic Case-Shiller U.S. National Home Price Index","1987-01-01","2025-06-01","Index Jan 2000=100","SA",2025-08-26,"Monthly","%",1.78318740603167,"CSUSHPISA"
"385",2007-01-01,"CSUSHPISA",184.517,2025-08-30,2025-08-30,184.517,"S&P CoreLogic Case-Shiller U.S. National Home Price Index","1987-01-01","2025-06-01","Index Jan 2000=100","SA",2025-08-26,"Monthly","%",1.20446904086748,"CSUSHPISA"
"386",2007-02-01,"CSUSHPISA",184.598,2025-08-30,2025-08-30,184.598,"S&P CoreLogic Case-Shiller U.S. National Home Price Index","1987-01-01","2025-06-01","Index Jan 2000=100","SA",2025-08-26,"Monthly","%",0.715271677751272,"CSUSHPISA"
"387",2007-03-01,"CSUSHPISA",184.149,2025-08-30,2025-08-30,184.149,"S&P CoreLogic Case-Shiller U.S. National Home Price Index","1987-01-01","2025-06-01","Index Jan 2000=100","SA",2025-08-26,"Monthly","%",-0.117158896753722,"CSUSHPISA"
"388",2007-04-01,"CSUSHPISA",183.01,2025-08-30,2025-08-30,183.01,"S&P CoreLogic Case-Shiller U.S. National Home Price Index","1987-01-01","2025-06-01","Index Jan 2000=100","SA",2025-08-26,"Monthly","%",-0.716106982043085,"CSUSHPISA"
"389",2007-05-01,"CSUSHPISA",181.601,2025-08-30,2025-08-30,181.601,"S&P CoreLogic Case-Shiller U.S. National Home Price Index","1987-01-01","2025-06-01","Index Jan 2000=100","SA",2025-08-26,"Monthly","%",-1.38741067355936,"CSUSHPISA"
"390",2007-06-01,"CSUSHPISA",180.254,2025-08-30,2025-08-30,180.254,"S&P CoreLogic Case-Shiller U.S. National Home Price Index","1987-01-01","2025-06-01","Index Jan 2000=100","SA",2025-08-26,"Monthly","%",-1.77268442075779,"CSUSHPISA"
"391",2007-07-01,"CSUSHPISA",179.11,2025-08-30,2025-08-30,179.11,"S&P CoreLogic Case-Shiller U.S. National Home Price Index","1987-01-01","2025-06-01","Index Jan 2000=100","SA",2025-08-26,"Monthly","%",-2.1615037117558,"CSUSHPISA"
"392",2007-08-01,"CSUSHPISA",178.116,2025-08-30,2025-08-30,178.116,"S&P CoreLogic Case-Shiller U.S. National Home Price Index","1987-01-01","2025-06-01","Index Jan 2000=100","SA",2025-08-26,"Monthly","%",-2.45243545790116,"CSUSHPISA"
"393",2007-09-01,"CSUSHPISA",177.558,2025-08-30,2025-08-30,177.558,"S&P CoreLogic Case-Shiller U.S. National Home Price Index","1987-01-01","2025-06-01","Index Jan 2000=100","SA",2025-08-26,"Monthly","%",-2.86602077714624,"CSUSHPISA"
"394",2007-10-01,"CSUSHPISA",176.624,2025-08-30,2025-08-30,176.624,"S&P CoreLogic Case-Shiller U.S. National Home Price Index","1987-01-01","2025-06-01","Index Jan 2000=100","SA",2025-08-26,"Monthly","%",-3.5884671230035,"CSUSHPISA"
"395",2007-11-01,"CSUSHPISA",175.148,2025-08-30,2025-08-30,175.148,"S&P CoreLogic Case-Shiller U.S. National Home Price Index","1987-01-01","2025-06-01","Index Jan 2000=100","SA",2025-08-26,"Monthly","%",-4.60764236852426,"CSUSHPISA"
"396",2007-12-01,"CSUSHPISA",174.341,2025-08-30,2025-08-30,174.341,"S&P CoreLogic Case-Shiller U.S. National Home Price Index","1987-01-01","2025-06-01","Index Jan 2000=100","SA",2025-08-26,"Monthly","%",-5.32046617211006,"CSUSHPISA"
"397",2008-01-01,"CSUSHPISA",173.132,2025-08-30,2025-08-30,173.132,"S&P CoreLogic Case-Shiller U.S. National Home Price Index","1987-01-01","2025-06-01","Index Jan 2000=100","SA",2025-08-26,"Monthly","%",-6.17016318279616,"CSUSHPISA"
"398",2008-02-01,"CSUSHPISA",171.54,2025-08-30,2025-08-30,171.54,"S&P CoreLogic Case-Shiller U.S. National Home Price Index","1987-01-01","2025-06-01","Index Jan 2000=100","SA",2025-08-26,"Monthly","%",-7.07374944473937,"CSUSHPISA"
"399",2008-03-01,"CSUSHPISA",170.051,2025-08-30,2025-08-30,170.051,"S&P CoreLogic Case-Shiller U.S. National Home Price Index","1987-01-01","2025-06-01","Index Jan 2000=100","SA",2025-08-26,"Monthly","%",-7.65575702284563,"CSUSHPISA"
"400",2008-04-01,"CSUSHPISA",168.333,2025-08-30,2025-08-30,168.333,"S&P CoreLogic Case-Shiller U.S. National Home Price Index","1987-01-01","2025-06-01","Index Jan 2000=100","SA",2025-08-26,"Monthly","%",-8.01978033987213,"CSUSHPISA"
"401",2008-05-01,"CSUSHPISA",166.654,2025-08-30,2025-08-30,166.654,"S&P CoreLogic Case-Shiller U.S. National Home Price Index","1987-01-01","2025-06-01","Index Jan 2000=100","SA",2025-08-26,"Monthly","%",-8.2306815491104,"CSUSHPISA"
"402",2008-06-01,"CSUSHPISA",165.014,2025-08-30,2025-08-30,165.014,"S&P CoreLogic Case-Shiller U.S. National Home Price Index","1987-01-01","2025-06-01","Index Jan 2000=100","SA",2025-08-26,"Monthly","%",-8.45473609462204,"CSUSHPISA"
"403",2008-07-01,"CSUSHPISA",163.564,2025-08-30,2025-08-30,163.564,"S&P CoreLogic Case-Shiller U.S. National Home Price Index","1987-01-01","2025-06-01","Index Jan 2000=100","SA",2025-08-26,"Monthly","%",-8.67958237954331,"CSUSHPISA"
"404",2008-08-01,"CSUSHPISA",161.986,2025-08-30,2025-08-30,161.986,"S&P CoreLogic Case-Shiller U.S. National Home Price Index","1987-01-01","2025-06-01","Index Jan 2000=100","SA",2025-08-26,"Monthly","%",-9.05589615756024,"CSUSHPISA"
"405",2008-09-01,"CSUSHPISA",160.307,2025-08-30,2025-08-30,160.307,"S&P CoreLogic Case-Shiller U.S. National Home Price Index","1987-01-01","2025-06-01","Index Jan 2000=100","SA",2025-08-26,"Monthly","%",-9.71569853231056,"CSUSHPISA"
"406",2008-10-01,"CSUSHPISA",158.327,2025-08-30,2025-08-30,158.327,"S&P CoreLogic Case-Shiller U.S. National Home Price Index","1987-01-01","2025-06-01","Index Jan 2000=100","SA",2025-08-26,"Monthly","%",-10.3592943201377,"CSUSHPISA"
"407",2008-11-01,"CSUSHPISA",156.142,2025-08-30,2025-08-30,156.142,"S&P CoreLogic Case-Shiller U.S. National Home Price Index","1987-01-01","2025-06-01","Index Jan 2000=100","SA",2025-08-26,"Monthly","%",-10.8513942494348,"CSUSHPISA"
"408",2008-12-01,"CSUSHPISA",153.619,2025-08-30,2025-08-30,153.619,"S&P CoreLogic Case-Shiller U.S. National Home Price Index","1987-01-01","2025-06-01","Index Jan 2000=100","SA",2025-08-26,"Monthly","%",-11.8859017672263,"CSUSHPISA"
"409",2009-01-01,"CSUSHPISA",151.507,2025-08-30,2025-08-30,151.507,"S&P CoreLogic Case-Shiller U.S. National Home Price Index","1987-01-01","2025-06-01","Index Jan 2000=100","SA",2025-08-26,"Monthly","%",-12.4904696994201,"CSUSHPISA"
"410",2009-02-01,"CSUSHPISA",150.014,2025-08-30,2025-08-30,150.014,"S&P CoreLogic Case-Shiller U.S. National Home Price Index","1987-01-01","2025-06-01","Index Jan 2000=100","SA",2025-08-26,"Monthly","%",-12.5486766934826,"CSUSHPISA"
"411",2009-03-01,"CSUSHPISA",148.66,2025-08-30,2025-08-30,148.66,"S&P CoreLogic Case-Shiller U.S. National Home Price Index","1987-01-01","2025-06-01","Index Jan 2000=100","SA",2025-08-26,"Monthly","%",-12.5791674262427,"CSUSHPISA"
"412",2009-04-01,"CSUSHPISA",147.949,2025-08-30,2025-08-30,147.949,"S&P CoreLogic Case-Shiller U.S. National Home Price Index","1987-01-01","2025-06-01","Index Jan 2000=100","SA",2025-08-26,"Monthly","%",-12.1093309095662,"CSUSHPISA"
"413",2009-05-01,"CSUSHPISA",147.695,2025-08-30,2025-08-30,147.695,"S&P CoreLogic Case-Shiller U.S. National Home Price Index","1987-01-01","2025-06-01","Index Jan 2000=100","SA",2025-08-26,"Monthly","%",-11.3762645961093,"CSUSHPISA"
"414",2009-06-01,"CSUSHPISA",148.089,2025-08-30,2025-08-30,148.089,"S&P CoreLogic Case-Shiller U.S. National Home Price Index","1987-01-01","2025-06-01","Index Jan 2000=100","SA",2025-08-26,"Monthly","%",-10.2567054916553,"CSUSHPISA"
"415",2009-07-01,"CSUSHPISA",148.408,2025-08-30,2025-08-30,148.408,"S&P CoreLogic Case-Shiller U.S. National Home Price Index","1987-01-01","2025-06-01","Index Jan 2000=100","SA",2025-08-26,"Monthly","%",-9.26609767430486,"CSUSHPISA"
"416",2009-08-01,"CSUSHPISA",148.276,2025-08-30,2025-08-30,148.276,"S&P CoreLogic Case-Shiller U.S. National Home Price Index","1987-01-01","2025-06-01","Index Jan 2000=100","SA",2025-08-26,"Monthly","%",-8.46369439334262,"CSUSHPISA"
"417",2009-09-01,"CSUSHPISA",148.023,2025-08-30,2025-08-30,148.023,"S&P CoreLogic Case-Shiller U.S. National Home Price Index","1987-01-01","2025-06-01","Index Jan 2000=100","SA",2025-08-26,"Monthly","%",-7.66279700824045,"CSUSHPISA"
"418",2009-10-01,"CSUSHPISA",147.849,2025-08-30,2025-08-30,147.849,"S&P CoreLogic Case-Shiller U.S. National Home Price Index","1987-01-01","2025-06-01","Index Jan 2000=100","SA",2025-08-26,"Monthly","%",-6.61794892848346,"CSUSHPISA"
"419",2009-11-01,"CSUSHPISA",148.135,2025-08-30,2025-08-30,148.135,"S&P CoreLogic Case-Shiller U.S. National Home Price Index","1987-01-01","2025-06-01","Index Jan 2000=100","SA",2025-08-26,"Monthly","%",-5.12802449052786,"CSUSHPISA"
"420",2009-12-01,"CSUSHPISA",147.931,2025-08-30,2025-08-30,147.931,"S&P CoreLogic Case-Shiller U.S. National Home Price Index","1987-01-01","2025-06-01","Index Jan 2000=100","SA",2025-08-26,"Monthly","%",-3.70266698780749,"CSUSHPISA"
"421",2010-01-01,"CSUSHPISA",147.396,2025-08-30,2025-08-30,147.396,"S&P CoreLogic Case-Shiller U.S. National Home Price Index","1987-01-01","2025-06-01","Index Jan 2000=100","SA",2025-08-26,"Monthly","%",-2.71340598124178,"CSUSHPISA"
"422",2010-02-01,"CSUSHPISA",145.632,2025-08-30,2025-08-30,145.632,"S&P CoreLogic Case-Shiller U.S. National Home Price Index","1987-01-01","2025-06-01","Index Jan 2000=100","SA",2025-08-26,"Monthly","%",-2.92106070100124,"CSUSHPISA"
"423",2010-03-01,"CSUSHPISA",145.858,2025-08-30,2025-08-30,145.858,"S&P CoreLogic Case-Shiller U.S. National Home Price Index","1987-01-01","2025-06-01","Index Jan 2000=100","SA",2025-08-26,"Monthly","%",-1.88483788510695,"CSUSHPISA"
"424",2010-04-01,"CSUSHPISA",146.398,2025-08-30,2025-08-30,146.398,"S&P CoreLogic Case-Shiller U.S. National Home Price Index","1987-01-01","2025-06-01","Index Jan 2000=100","SA",2025-08-26,"Monthly","%",-1.04833422327963,"CSUSHPISA"
"425",2010-05-01,"CSUSHPISA",146.386,2025-08-30,2025-08-30,146.386,"S&P CoreLogic Case-Shiller U.S. National Home Price Index","1987-01-01","2025-06-01","Index Jan 2000=100","SA",2025-08-26,"Monthly","%",-0.886285927079455,"CSUSHPISA"
"426",2010-06-01,"CSUSHPISA",145.713,2025-08-30,2025-08-30,145.713,"S&P CoreLogic Case-Shiller U.S. National Home Price Index","1987-01-01","2025-06-01","Index Jan 2000=100","SA",2025-08-26,"Monthly","%",-1.60444057289874,"CSUSHPISA"
"427",2010-07-01,"CSUSHPISA",144.983,2025-08-30,2025-08-30,144.983,"S&P CoreLogic Case-Shiller U.S. National Home Price Index","1987-01-01","2025-06-01","Index Jan 2000=100","SA",2025-08-26,"Monthly","%",-2.3078270713169,"CSUSHPISA"
"428",2010-08-01,"CSUSHPISA",143.909,2025-08-30,2025-08-30,143.909,"S&P CoreLogic Case-Shiller U.S. National Home Price Index","1987-01-01","2025-06-01","Index Jan 2000=100","SA",2025-08-26,"Monthly","%",-2.94518330680624,"CSUSHPISA"
"429",2010-09-01,"CSUSHPISA",143.013,2025-08-30,2025-08-30,143.013,"S&P CoreLogic Case-Shiller U.S. National Home Price Index","1987-01-01","2025-06-01","Index Jan 2000=100","SA",2025-08-26,"Monthly","%",-3.38460914857825,"CSUSHPISA"
"430",2010-10-01,"CSUSHPISA",142.522,2025-08-30,2025-08-30,142.522,"S&P CoreLogic Case-Shiller U.S. National Home Price Index","1987-01-01","2025-06-01","Index Jan 2000=100","SA",2025-08-26,"Monthly","%",-3.60300035847383,"CSUSHPISA"
"431",2010-11-01,"CSUSHPISA",142.163,2025-08-30,2025-08-30,142.163,"S&P CoreLogic Case-Shiller U.S. National Home Price Index","1987-01-01","2025-06-01","Index Jan 2000=100","SA",2025-08-26,"Monthly","%",-4.03145779187903,"CSUSHPISA"
"432",2010-12-01,"CSUSHPISA",142.049,2025-08-30,2025-08-30,142.049,"S&P CoreLogic Case-Shiller U.S. National Home Price Index","1987-01-01","2025-06-01","Index Jan 2000=100","SA",2025-08-26,"Monthly","%",-3.97617808302519,"CSUSHPISA"
"433",2011-01-01,"CSUSHPISA",141.511,2025-08-30,2025-08-30,141.511,"S&P CoreLogic Case-Shiller U.S. National Home Price Index","1987-01-01","2025-06-01","Index Jan 2000=100","SA",2025-08-26,"Monthly","%",-3.99264566202612,"CSUSHPISA"
"434",2011-02-01,"CSUSHPISA",140.337,2025-08-30,2025-08-30,140.337,"S&P CoreLogic Case-Shiller U.S. National Home Price Index","1987-01-01","2025-06-01","Index Jan 2000=100","SA",2025-08-26,"Monthly","%",-3.63587673038892,"CSUSHPISA"
"435",2011-03-01,"CSUSHPISA",139.971,2025-08-30,2025-08-30,139.971,"S&P CoreLogic Case-Shiller U.S. National Home Price Index","1987-01-01","2025-06-01","Index Jan 2000=100","SA",2025-08-26,"Monthly","%",-4.0361173195848,"CSUSHPISA"
"436",2011-04-01,"CSUSHPISA",140.003,2025-08-30,2025-08-30,140.003,"S&P CoreLogic Case-Shiller U.S. National Home Price Index","1987-01-01","2025-06-01","Index Jan 2000=100","SA",2025-08-26,"Monthly","%",-4.36822907416768,"CSUSHPISA"
"437",2011-05-01,"CSUSHPISA",139.901,2025-08-30,2025-08-30,139.901,"S&P CoreLogic Case-Shiller U.S. National Home Price Index","1987-01-01","2025-06-01","Index Jan 2000=100","SA",2025-08-26,"Monthly","%",-4.43006844916862,"CSUSHPISA"
"438",2011-06-01,"CSUSHPISA",139.858,2025-08-30,2025-08-30,139.858,"S&P CoreLogic Case-Shiller U.S. National Home Price Index","1987-01-01","2025-06-01","Index Jan 2000=100","SA",2025-08-26,"Monthly","%",-4.01817270936704,"CSUSHPISA"
"439",2011-07-01,"CSUSHPISA",139.728,2025-08-30,2025-08-30,139.728,"S&P CoreLogic Case-Shiller U.S. National Home Price Index","1987-01-01","2025-06-01","Index Jan 2000=100","SA",2025-08-26,"Monthly","%",-3.62456287978592,"CSUSHPISA"
"440",2011-08-01,"CSUSHPISA",139.305,2025-08-30,2025-08-30,139.305,"S&P CoreLogic Case-Shiller U.S. National Home Price Index","1987-01-01","2025-06-01","Index Jan 2000=100","SA",2025-08-26,"Monthly","%",-3.19924396667337,"CSUSHPISA"
"441",2011-09-01,"CSUSHPISA",138.661,2025-08-30,2025-08-30,138.661,"S&P CoreLogic Case-Shiller U.S. National Home Price Index","1987-01-01","2025-06-01","Index Jan 2000=100","SA",2025-08-26,"Monthly","%",-3.04307999972031,"CSUSHPISA"
"442",2011-10-01,"CSUSHPISA",137.942,2025-08-30,2025-08-30,137.942,"S&P CoreLogic Case-Shiller U.S. National Home Price Index","1987-01-01","2025-06-01","Index Jan 2000=100","SA",2025-08-26,"Monthly","%",-3.21353896240582,"CSUSHPISA"
"443",2011-11-01,"CSUSHPISA",137.14,2025-08-30,2025-08-30,137.14,"S&P CoreLogic Case-Shiller U.S. National Home Price Index","1987-01-01","2025-06-01","Index Jan 2000=100","SA",2025-08-26,"Monthly","%",-3.53326814994056,"CSUSHPISA"
"444",2011-12-01,"CSUSHPISA",136.662,2025-08-30,2025-08-30,136.662,"S&P CoreLogic Case-Shiller U.S. National Home Price Index","1987-01-01","2025-06-01","Index Jan 2000=100","SA",2025-08-26,"Monthly","%",-3.79235334286057,"CSUSHPISA"
"445",2012-01-01,"CSUSHPISA",136.597,2025-08-30,2025-08-30,136.597,"S&P CoreLogic Case-Shiller U.S. National Home Price Index","1987-01-01","2025-06-01","Index Jan 2000=100","SA",2025-08-26,"Monthly","%",-3.47252157076128,"CSUSHPISA"
"446",2012-02-01,"CSUSHPISA",136.522,2025-08-30,2025-08-30,136.522,"S&P CoreLogic Case-Shiller U.S. National Home Price Index","1987-01-01","2025-06-01","Index Jan 2000=100","SA",2025-08-26,"Monthly","%",-2.71845628736541,"CSUSHPISA"
"447",2012-03-01,"CSUSHPISA",137.894,2025-08-30,2025-08-30,137.894,"S&P CoreLogic Case-Shiller U.S. National Home Price Index","1987-01-01","2025-06-01","Index Jan 2000=100","SA",2025-08-26,"Monthly","%",-1.48387880346643,"CSUSHPISA"
"448",2012-04-01,"CSUSHPISA",139.145,2025-08-30,2025-08-30,139.145,"S&P CoreLogic Case-Shiller U.S. National Home Price Index","1987-01-01","2025-06-01","Index Jan 2000=100","SA",2025-08-26,"Monthly","%",-0.612844010485469,"CSUSHPISA"
"449",2012-05-01,"CSUSHPISA",140.146,2025-08-30,2025-08-30,140.146,"S&P CoreLogic Case-Shiller U.S. National Home Price Index","1987-01-01","2025-06-01","Index Jan 2000=100","SA",2025-08-26,"Monthly","%",0.175123837570856,"CSUSHPISA"
"450",2012-06-01,"CSUSHPISA",141.022,2025-08-30,2025-08-30,141.022,"S&P CoreLogic Case-Shiller U.S. National Home Price Index","1987-01-01","2025-06-01","Index Jan 2000=100","SA",2025-08-26,"Monthly","%",0.832272733772843,"CSUSHPISA"
"451",2012-07-01,"CSUSHPISA",141.662,2025-08-30,2025-08-30,141.662,"S&P CoreLogic Case-Shiller U.S. National Home Price Index","1987-01-01","2025-06-01","Index Jan 2000=100","SA",2025-08-26,"Monthly","%",1.3841177144166,"CSUSHPISA"
"452",2012-08-01,"CSUSHPISA",142.272,2025-08-30,2025-08-30,142.272,"S&P CoreLogic Case-Shiller U.S. National Home Price Index","1987-01-01","2025-06-01","Index Jan 2000=100","SA",2025-08-26,"Monthly","%",2.12985894260795,"CSUSHPISA"
"453",2012-09-01,"CSUSHPISA",142.899,2025-08-30,2025-08-30,142.899,"S&P CoreLogic Case-Shiller U.S. National Home Price Index","1987-01-01","2025-06-01","Index Jan 2000=100","SA",2025-08-26,"Monthly","%",3.05637489993582,"CSUSHPISA"
"454",2012-10-01,"CSUSHPISA",143.591,2025-08-30,2025-08-30,143.591,"S&P CoreLogic Case-Shiller U.S. National Home Price Index","1987-01-01","2025-06-01","Index Jan 2000=100","SA",2025-08-26,"Monthly","%",4.09519943164518,"CSUSHPISA"
"455",2012-11-01,"CSUSHPISA",144.575,2025-08-30,2025-08-30,144.575,"S&P CoreLogic Case-Shiller U.S. National Home Price Index","1987-01-01","2025-06-01","Index Jan 2000=100","SA",2025-08-26,"Monthly","%",5.42146711389822,"CSUSHPISA"
"456",2012-12-01,"CSUSHPISA",145.492,2025-08-30,2025-08-30,145.492,"S&P CoreLogic Case-Shiller U.S. National Home Price Index","1987-01-01","2025-06-01","Index Jan 2000=100","SA",2025-08-26,"Monthly","%",6.46119623596904,"CSUSHPISA"
"457",2013-01-01,"CSUSHPISA",146.817,2025-08-30,2025-08-30,146.817,"S&P CoreLogic Case-Shiller U.S. National Home Price Index","1987-01-01","2025-06-01","Index Jan 2000=100","SA",2025-08-26,"Monthly","%",7.4818627056231,"CSUSHPISA"
"458",2013-02-01,"CSUSHPISA",147.773,2025-08-30,2025-08-30,147.773,"S&P CoreLogic Case-Shiller U.S. National Home Price Index","1987-01-01","2025-06-01","Index Jan 2000=100","SA",2025-08-26,"Monthly","%",8.24116259650458,"CSUSHPISA"
"459",2013-03-01,"CSUSHPISA",149.954,2025-08-30,2025-08-30,149.954,"S&P CoreLogic Case-Shiller U.S. National Home Price Index","1987-01-01","2025-06-01","Index Jan 2000=100","SA",2025-08-26,"Monthly","%",8.74584826025788,"CSUSHPISA"
"460",2013-04-01,"CSUSHPISA",151.51,2025-08-30,2025-08-30,151.51,"S&P CoreLogic Case-Shiller U.S. National Home Price Index","1987-01-01","2025-06-01","Index Jan 2000=100","SA",2025-08-26,"Monthly","%",8.88641345359156,"CSUSHPISA"
"461",2013-05-01,"CSUSHPISA",152.842,2025-08-30,2025-08-30,152.842,"S&P CoreLogic Case-Shiller U.S. National Home Price Index","1987-01-01","2025-06-01","Index Jan 2000=100","SA",2025-08-26,"Monthly","%",9.05912405634124,"CSUSHPISA"
"462",2013-06-01,"CSUSHPISA",154.192,2025-08-30,2025-08-30,154.192,"S&P CoreLogic Case-Shiller U.S. National Home Price Index","1987-01-01","2025-06-01","Index Jan 2000=100","SA",2025-08-26,"Monthly","%",9.33896838791111,"CSUSHPISA"
"463",2013-07-01,"CSUSHPISA",155.597,2025-08-30,2025-08-30,155.597,"S&P CoreLogic Case-Shiller U.S. National Home Price Index","1987-01-01","2025-06-01","Index Jan 2000=100","SA",2025-08-26,"Monthly","%",9.8367946238229,"CSUSHPISA"
"464",2013-08-01,"CSUSHPISA",156.952,2025-08-30,2025-08-30,156.952,"S&P CoreLogic Case-Shiller U.S. National Home Price Index","1987-01-01","2025-06-01","Index Jan 2000=100","SA",2025-08-26,"Monthly","%",10.3182636077373,"CSUSHPISA"
"465",2013-09-01,"CSUSHPISA",158.215,2025-08-30,2025-08-30,158.215,"S&P CoreLogic Case-Shiller U.S. National Home Price Index","1987-01-01","2025-06-01","Index Jan 2000=100","SA",2025-08-26,"Monthly","%",10.7180596085347,"CSUSHPISA"
"466",2013-10-01,"CSUSHPISA",159.235,2025-08-30,2025-08-30,159.235,"S&P CoreLogic Case-Shiller U.S. National Home Price Index","1987-01-01","2025-06-01","Index Jan 2000=100","SA",2025-08-26,"Monthly","%",10.8948332416377,"CSUSHPISA"
"467",2013-11-01,"CSUSHPISA",160.071,2025-08-30,2025-08-30,160.071,"S&P CoreLogic Case-Shiller U.S. National Home Price Index","1987-01-01","2025-06-01","Index Jan 2000=100","SA",2025-08-26,"Monthly","%",10.7183122946568,"CSUSHPISA"
"468",2013-12-01,"CSUSHPISA",160.991,2025-08-30,2025-08-30,160.991,"S&P CoreLogic Case-Shiller U.S. National Home Price Index","1987-01-01","2025-06-01","Index Jan 2000=100","SA",2025-08-26,"Monthly","%",10.6528193990048,"CSUSHPISA"
"469",2014-01-01,"CSUSHPISA",161.922,2025-08-30,2025-08-30,161.922,"S&P CoreLogic Case-Shiller U.S. National Home Price Index","1987-01-01","2025-06-01","Index Jan 2000=100","SA",2025-08-26,"Monthly","%",10.2883181103006,"CSUSHPISA"
"470",2014-02-01,"CSUSHPISA",162.518,2025-08-30,2025-08-30,162.518,"S&P CoreLogic Case-Shiller U.S. National Home Price Index","1987-01-01","2025-06-01","Index Jan 2000=100","SA",2025-08-26,"Monthly","%",9.97814215046051,"CSUSHPISA"
"471",2014-03-01,"CSUSHPISA",163.075,2025-08-30,2025-08-30,163.075,"S&P CoreLogic Case-Shiller U.S. National Home Price Index","1987-01-01","2025-06-01","Index Jan 2000=100","SA",2025-08-26,"Monthly","%",8.75001667177933,"CSUSHPISA"
"472",2014-04-01,"CSUSHPISA",163.378,2025-08-30,2025-08-30,163.378,"S&P CoreLogic Case-Shiller U.S. National Home Price Index","1987-01-01","2025-06-01","Index Jan 2000=100","SA",2025-08-26,"Monthly","%",7.83314632697512,"CSUSHPISA"
"473",2014-05-01,"CSUSHPISA",163.642,2025-08-30,2025-08-30,163.642,"S&P CoreLogic Case-Shiller U.S. National Home Price Index","1987-01-01","2025-06-01","Index Jan 2000=100","SA",2025-08-26,"Monthly","%",7.06612056895355,"CSUSHPISA"
"474",2014-06-01,"CSUSHPISA",164.051,2025-08-30,2025-08-30,164.051,"S&P CoreLogic Case-Shiller U.S. National Home Price Index","1987-01-01","2025-06-01","Index Jan 2000=100","SA",2025-08-26,"Monthly","%",6.39397634118499,"CSUSHPISA"
"475",2014-07-01,"CSUSHPISA",164.576,2025-08-30,2025-08-30,164.576,"S&P CoreLogic Case-Shiller U.S. National Home Price Index","1987-01-01","2025-06-01","Index Jan 2000=100","SA",2025-08-26,"Monthly","%",5.77067681253494,"CSUSHPISA"
"476",2014-08-01,"CSUSHPISA",165.2,2025-08-30,2025-08-30,165.2,"S&P CoreLogic Case-Shiller U.S. National Home Price Index","1987-01-01","2025-06-01","Index Jan 2000=100","SA",2025-08-26,"Monthly","%",5.25510984249962,"CSUSHPISA"
"477",2014-09-01,"CSUSHPISA",165.891,2025-08-30,2025-08-30,165.891,"S&P CoreLogic Case-Shiller U.S. National Home Price Index","1987-01-01","2025-06-01","Index Jan 2000=100","SA",2025-08-26,"Monthly","%",4.85162595202731,"CSUSHPISA"
"478",2014-10-01,"CSUSHPISA",166.628,2025-08-30,2025-08-30,166.628,"S&P CoreLogic Case-Shiller U.S. National Home Price Index","1987-01-01","2025-06-01","Index Jan 2000=100","SA",2025-08-26,"Monthly","%",4.64282349985867,"CSUSHPISA"
"479",2014-11-01,"CSUSHPISA",167.322,2025-08-30,2025-08-30,167.322,"S&P CoreLogic Case-Shiller U.S. National Home Price Index","1987-01-01","2025-06-01","Index Jan 2000=100","SA",2025-08-26,"Monthly","%",4.52986487246285,"CSUSHPISA"
"480",2014-12-01,"CSUSHPISA",168.037,2025-08-30,2025-08-30,168.037,"S&P CoreLogic Case-Shiller U.S. National Home Price Index","1987-01-01","2025-06-01","Index Jan 2000=100","SA",2025-08-26,"Monthly","%",4.37664217254381,"CSUSHPISA"
"481",2015-01-01,"CSUSHPISA",168.612,2025-08-30,2025-08-30,168.612,"S&P CoreLogic Case-Shiller U.S. National Home Price Index","1987-01-01","2025-06-01","Index Jan 2000=100","SA",2025-08-26,"Monthly","%",4.13161892763183,"CSUSHPISA"
"482",2015-02-01,"CSUSHPISA",169.109,2025-08-30,2025-08-30,169.109,"S&P CoreLogic Case-Shiller U.S. National Home Price Index","1987-01-01","2025-06-01","Index Jan 2000=100","SA",2025-08-26,"Monthly","%",4.0555507697609,"CSUSHPISA"
"483",2015-03-01,"CSUSHPISA",169.781,2025-08-30,2025-08-30,169.781,"S&P CoreLogic Case-Shiller U.S. National Home Price Index","1987-01-01","2025-06-01","Index Jan 2000=100","SA",2025-08-26,"Monthly","%",4.11221830446113,"CSUSHPISA"
"484",2015-04-01,"CSUSHPISA",170.283,2025-08-30,2025-08-30,170.283,"S&P CoreLogic Case-Shiller U.S. National Home Price Index","1987-01-01","2025-06-01","Index Jan 2000=100","SA",2025-08-26,"Monthly","%",4.22639523069201,"CSUSHPISA"
"485",2015-05-01,"CSUSHPISA",170.865,2025-08-30,2025-08-30,170.865,"S&P CoreLogic Case-Shiller U.S. National Home Price Index","1987-01-01","2025-06-01","Index Jan 2000=100","SA",2025-08-26,"Monthly","%",4.41390352110094,"CSUSHPISA"
"486",2015-06-01,"CSUSHPISA",171.462,2025-08-30,2025-08-30,171.462,"S&P CoreLogic Case-Shiller U.S. National Home Price Index","1987-01-01","2025-06-01","Index Jan 2000=100","SA",2025-08-26,"Monthly","%",4.51749760745137,"CSUSHPISA"
"487",2015-07-01,"CSUSHPISA",172.137,2025-08-30,2025-08-30,172.137,"S&P CoreLogic Case-Shiller U.S. National Home Price Index","1987-01-01","2025-06-01","Index Jan 2000=100","SA",2025-08-26,"Monthly","%",4.5942300213883,"CSUSHPISA"
"488",2015-08-01,"CSUSHPISA",172.914,2025-08-30,2025-08-30,172.914,"S&P CoreLogic Case-Shiller U.S. National Home Price Index","1987-01-01","2025-06-01","Index Jan 2000=100","SA",2025-08-26,"Monthly","%",4.66949152542375,"CSUSHPISA"
"489",2015-09-01,"CSUSHPISA",173.806,2025-08-30,2025-08-30,173.806,"S&P CoreLogic Case-Shiller U.S. National Home Price Index","1987-01-01","2025-06-01","Index Jan 2000=100","SA",2025-08-26,"Monthly","%",4.77120518894936,"CSUSHPISA"
"490",2015-10-01,"CSUSHPISA",174.77,2025-08-30,2025-08-30,174.77,"S&P CoreLogic Case-Shiller U.S. National Home Price Index","1987-01-01","2025-06-01","Index Jan 2000=100","SA",2025-08-26,"Monthly","%",4.88633362940203,"CSUSHPISA"
"491",2015-11-01,"CSUSHPISA",175.715,2025-08-30,2025-08-30,175.715,"S&P CoreLogic Case-Shiller U.S. National Home Price Index","1987-01-01","2025-06-01","Index Jan 2000=100","SA",2025-08-26,"Monthly","%",5.01607678607714,"CSUSHPISA"
"492",2015-12-01,"CSUSHPISA",176.519,2025-08-30,2025-08-30,176.519,"S&P CoreLogic Case-Shiller U.S. National Home Price Index","1987-01-01","2025-06-01","Index Jan 2000=100","SA",2025-08-26,"Monthly","%",5.04769782845444,"CSUSHPISA"
"493",2016-01-01,"CSUSHPISA",177.246,2025-08-30,2025-08-30,177.246,"S&P CoreLogic Case-Shiller U.S. National Home Price Index","1987-01-01","2025-06-01","Index Jan 2000=100","SA",2025-08-26,"Monthly","%",5.12063198348871,"CSUSHPISA"
"494",2016-02-01,"CSUSHPISA",177.629,2025-08-30,2025-08-30,177.629,"S&P CoreLogic Case-Shiller U.S. National Home Price Index","1987-01-01","2025-06-01","Index Jan 2000=100","SA",2025-08-26,"Monthly","%",5.03817064733398,"CSUSHPISA"
"495",2016-03-01,"CSUSHPISA",178.147,2025-08-30,2025-08-30,178.147,"S&P CoreLogic Case-Shiller U.S. National Home Price Index","1987-01-01","2025-06-01","Index Jan 2000=100","SA",2025-08-26,"Monthly","%",4.92752428128003,"CSUSHPISA"
"496",2016-04-01,"CSUSHPISA",178.746,2025-08-30,2025-08-30,178.746,"S&P CoreLogic Case-Shiller U.S. National Home Price Index","1987-01-01","2025-06-01","Index Jan 2000=100","SA",2025-08-26,"Monthly","%",4.96996176952484,"CSUSHPISA"
"497",2016-05-01,"CSUSHPISA",179.405,2025-08-30,2025-08-30,179.405,"S&P CoreLogic Case-Shiller U.S. National Home Price Index","1987-01-01","2025-06-01","Index Jan 2000=100","SA",2025-08-26,"Monthly","%",4.99809791355748,"CSUSHPISA"
"498",2016-06-01,"CSUSHPISA",180.07,2025-08-30,2025-08-30,180.07,"S&P CoreLogic Case-Shiller U.S. National Home Price Index","1987-01-01","2025-06-01","Index Jan 2000=100","SA",2025-08-26,"Monthly","%",5.02035436423229,"CSUSHPISA"
"499",2016-07-01,"CSUSHPISA",180.84,2025-08-30,2025-08-30,180.84,"S&P CoreLogic Case-Shiller U.S. National Home Price Index","1987-01-01","2025-06-01","Index Jan 2000=100","SA",2025-08-26,"Monthly","%",5.05585667230171,"CSUSHPISA"
"500",2016-08-01,"CSUSHPISA",181.826,2025-08-30,2025-08-30,181.826,"S&P CoreLogic Case-Shiller U.S. National Home Price Index","1987-01-01","2025-06-01","Index Jan 2000=100","SA",2025-08-26,"Monthly","%",5.15400719432779,"CSUSHPISA"
"501",2016-09-01,"CSUSHPISA",182.8,2025-08-30,2025-08-30,182.8,"S&P CoreLogic Case-Shiller U.S. National Home Price Index","1987-01-01","2025-06-01","Index Jan 2000=100","SA",2025-08-26,"Monthly","%",5.17473504942294,"CSUSHPISA"
"502",2016-10-01,"CSUSHPISA",183.726,2025-08-30,2025-08-30,183.726,"S&P CoreLogic Case-Shiller U.S. National Home Price Index","1987-01-01","2025-06-01","Index Jan 2000=100","SA",2025-08-26,"Monthly","%",5.12444927619156,"CSUSHPISA"
"503",2016-11-01,"CSUSHPISA",184.734,2025-08-30,2025-08-30,184.734,"S&P CoreLogic Case-Shiller U.S. National Home Price Index","1987-01-01","2025-06-01","Index Jan 2000=100","SA",2025-08-26,"Monthly","%",5.13274336283187,"CSUSHPISA"
"504",2016-12-01,"CSUSHPISA",185.698,2025-08-30,2025-08-30,185.698,"S&P CoreLogic Case-Shiller U.S. National Home Price Index","1987-01-01","2025-06-01","Index Jan 2000=100","SA",2025-08-26,"Monthly","%",5.20000679813504,"CSUSHPISA"
"505",2017-01-01,"CSUSHPISA",186.776,2025-08-30,2025-08-30,186.776,"S&P CoreLogic Case-Shiller U.S. National Home Price Index","1987-01-01","2025-06-01","Index Jan 2000=100","SA",2025-08-26,"Monthly","%",5.37670807803843,"CSUSHPISA"
"506",2017-02-01,"CSUSHPISA",187.298,2025-08-30,2025-08-30,187.298,"S&P CoreLogic Case-Shiller U.S. National Home Price Index","1987-01-01","2025-06-01","Index Jan 2000=100","SA",2025-08-26,"Monthly","%",5.4433679185268,"CSUSHPISA"
"507",2017-03-01,"CSUSHPISA",187.977,2025-08-30,2025-08-30,187.977,"S&P CoreLogic Case-Shiller U.S. National Home Price Index","1987-01-01","2025-06-01","Index Jan 2000=100","SA",2025-08-26,"Monthly","%",5.51791498032523,"CSUSHPISA"
"508",2017-04-01,"CSUSHPISA",188.707,2025-08-30,2025-08-30,188.707,"S&P CoreLogic Case-Shiller U.S. National Home Price Index","1987-01-01","2025-06-01","Index Jan 2000=100","SA",2025-08-26,"Monthly","%",5.57271211663479,"CSUSHPISA"
"509",2017-05-01,"CSUSHPISA",189.593,2025-08-30,2025-08-30,189.593,"S&P CoreLogic Case-Shiller U.S. National Home Price Index","1987-01-01","2025-06-01","Index Jan 2000=100","SA",2025-08-26,"Monthly","%",5.67877149466292,"CSUSHPISA"
"510",2017-06-01,"CSUSHPISA",190.479,2025-08-30,2025-08-30,190.479,"S&P CoreLogic Case-Shiller U.S. National Home Price Index","1987-01-01","2025-06-01","Index Jan 2000=100","SA",2025-08-26,"Monthly","%",5.78052979396901,"CSUSHPISA"
"511",2017-07-01,"CSUSHPISA",191.436,2025-08-30,2025-08-30,191.436,"S&P CoreLogic Case-Shiller U.S. National Home Price Index","1987-01-01","2025-06-01","Index Jan 2000=100","SA",2025-08-26,"Monthly","%",5.85932315859321,"CSUSHPISA"
"512",2017-08-01,"CSUSHPISA",192.625,2025-08-30,2025-08-30,192.625,"S&P CoreLogic Case-Shiller U.S. National Home Price Index","1987-01-01","2025-06-01","Index Jan 2000=100","SA",2025-08-26,"Monthly","%",5.93919461463157,"CSUSHPISA"
"513",2017-09-01,"CSUSHPISA",193.72,2025-08-30,2025-08-30,193.72,"S&P CoreLogic Case-Shiller U.S. National Home Price Index","1987-01-01","2025-06-01","Index Jan 2000=100","SA",2025-08-26,"Monthly","%",5.97374179431072,"CSUSHPISA"
"514",2017-10-01,"CSUSHPISA",194.769,2025-08-30,2025-08-30,194.769,"S&P CoreLogic Case-Shiller U.S. National Home Price Index","1987-01-01","2025-06-01","Index Jan 2000=100","SA",2025-08-26,"Monthly","%",6.01058097384148,"CSUSHPISA"
"515",2017-11-01,"CSUSHPISA",195.922,2025-08-30,2025-08-30,195.922,"S&P CoreLogic Case-Shiller U.S. National Home Price Index","1987-01-01","2025-06-01","Index Jan 2000=100","SA",2025-08-26,"Monthly","%",6.05627550965171,"CSUSHPISA"
"516",2017-12-01,"CSUSHPISA",197.145,2025-08-30,2025-08-30,197.145,"S&P CoreLogic Case-Shiller U.S. National Home Price Index","1987-01-01","2025-06-01","Index Jan 2000=100","SA",2025-08-26,"Monthly","%",6.16430979332034,"CSUSHPISA"
"517",2018-01-01,"CSUSHPISA",198.287,2025-08-30,2025-08-30,198.287,"S&P CoreLogic Case-Shiller U.S. National Home Price Index","1987-01-01","2025-06-01","Index Jan 2000=100","SA",2025-08-26,"Monthly","%",6.16299738724462,"CSUSHPISA"
"518",2018-02-01,"CSUSHPISA",199.219,2025-08-30,2025-08-30,199.219,"S&P CoreLogic Case-Shiller U.S. National Home Price Index","1987-01-01","2025-06-01","Index Jan 2000=100","SA",2025-08-26,"Monthly","%",6.36472359555362,"CSUSHPISA"
"519",2018-03-01,"CSUSHPISA",199.955,2025-08-30,2025-08-30,199.955,"S&P CoreLogic Case-Shiller U.S. National Home Price Index","1987-01-01","2025-06-01","Index Jan 2000=100","SA",2025-08-26,"Monthly","%",6.37205615580629,"CSUSHPISA"
"520",2018-04-01,"CSUSHPISA",200.642,2025-08-30,2025-08-30,200.642,"S&P CoreLogic Case-Shiller U.S. National Home Price Index","1987-01-01","2025-06-01","Index Jan 2000=100","SA",2025-08-26,"Monthly","%",6.32461964844973,"CSUSHPISA"
"521",2018-05-01,"CSUSHPISA",201.401,2025-08-30,2025-08-30,201.401,"S&P CoreLogic Case-Shiller U.S. National Home Price Index","1987-01-01","2025-06-01","Index Jan 2000=100","SA",2025-08-26,"Monthly","%",6.22807804085594,"CSUSHPISA"
"522",2018-06-01,"CSUSHPISA",202.182,2025-08-30,2025-08-30,202.182,"S&P CoreLogic Case-Shiller U.S. National Home Price Index","1987-01-01","2025-06-01","Index Jan 2000=100","SA",2025-08-26,"Monthly","%",6.14398437623045,"CSUSHPISA"
"523",2018-07-01,"CSUSHPISA",202.87,2025-08-30,2025-08-30,202.87,"S&P CoreLogic Case-Shiller U.S. National Home Price Index","1987-01-01","2025-06-01","Index Jan 2000=100","SA",2025-08-26,"Monthly","%",5.97275329614075,"CSUSHPISA"
"524",2018-08-01,"CSUSHPISA",203.641,2025-08-30,2025-08-30,203.641,"S&P CoreLogic Case-Shiller U.S. National Home Price Index","1987-01-01","2025-06-01","Index Jan 2000=100","SA",2025-08-26,"Monthly","%",5.71888384166126,"CSUSHPISA"
"525",2018-09-01,"CSUSHPISA",204.3,2025-08-30,2025-08-30,204.3,"S&P CoreLogic Case-Shiller U.S. National Home Price Index","1987-01-01","2025-06-01","Index Jan 2000=100","SA",2025-08-26,"Monthly","%",5.46149081148048,"CSUSHPISA"
"526",2018-10-01,"CSUSHPISA",205.067,2025-08-30,2025-08-30,205.067,"S&P CoreLogic Case-Shiller U.S. National Home Price Index","1987-01-01","2025-06-01","Index Jan 2000=100","SA",2025-08-26,"Monthly","%",5.28728904497122,"CSUSHPISA"
"527",2018-11-01,"CSUSHPISA",205.642,2025-08-30,2025-08-30,205.642,"S&P CoreLogic Case-Shiller U.S. National Home Price Index","1987-01-01","2025-06-01","Index Jan 2000=100","SA",2025-08-26,"Monthly","%",4.96115801186185,"CSUSHPISA"
"528",2018-12-01,"CSUSHPISA",206.134,2025-08-30,2025-08-30,206.134,"S&P CoreLogic Case-Shiller U.S. National Home Price Index","1987-01-01","2025-06-01","Index Jan 2000=100","SA",2025-08-26,"Monthly","%",4.55958812041899,"CSUSHPISA"
"529",2019-01-01,"CSUSHPISA",206.524,2025-08-30,2025-08-30,206.524,"S&P CoreLogic Case-Shiller U.S. National Home Price Index","1987-01-01","2025-06-01","Index Jan 2000=100","SA",2025-08-26,"Monthly","%",4.15407969256683,"CSUSHPISA"
"530",2019-02-01,"CSUSHPISA",206.849,2025-08-30,2025-08-30,206.849,"S&P CoreLogic Case-Shiller U.S. National Home Price Index","1987-01-01","2025-06-01","Index Jan 2000=100","SA",2025-08-26,"Monthly","%",3.82995597809446,"CSUSHPISA"
"531",2019-03-01,"CSUSHPISA",207.066,2025-08-30,2025-08-30,207.066,"S&P CoreLogic Case-Shiller U.S. National Home Price Index","1987-01-01","2025-06-01","Index Jan 2000=100","SA",2025-08-26,"Monthly","%",3.55630016753767,"CSUSHPISA"
"532",2019-04-01,"CSUSHPISA",207.517,2025-08-30,2025-08-30,207.517,"S&P CoreLogic Case-Shiller U.S. National Home Price Index","1987-01-01","2025-06-01","Index Jan 2000=100","SA",2025-08-26,"Monthly","%",3.42650093200825,"CSUSHPISA"
"533",2019-05-01,"CSUSHPISA",208.121,2025-08-30,2025-08-30,208.121,"S&P CoreLogic Case-Shiller U.S. National Home Price Index","1987-01-01","2025-06-01","Index Jan 2000=100","SA",2025-08-26,"Monthly","%",3.33662692836678,"CSUSHPISA"
"534",2019-06-01,"CSUSHPISA",208.566,2025-08-30,2025-08-30,208.566,"S&P CoreLogic Case-Shiller U.S. National Home Price Index","1987-01-01","2025-06-01","Index Jan 2000=100","SA",2025-08-26,"Monthly","%",3.15755111731013,"CSUSHPISA"
"535",2019-07-01,"CSUSHPISA",209.171,2025-08-30,2025-08-30,209.171,"S&P CoreLogic Case-Shiller U.S. National Home Price Index","1987-01-01","2025-06-01","Index Jan 2000=100","SA",2025-08-26,"Monthly","%",3.10592990585103,"CSUSHPISA"
"536",2019-08-01,"CSUSHPISA",210.014,2025-08-30,2025-08-30,210.014,"S&P CoreLogic Case-Shiller U.S. National Home Price Index","1987-01-01","2025-06-01","Index Jan 2000=100","SA",2025-08-26,"Monthly","%",3.12952696166293,"CSUSHPISA"
"537",2019-09-01,"CSUSHPISA",210.817,2025-08-30,2025-08-30,210.817,"S&P CoreLogic Case-Shiller U.S. National Home Price Index","1987-01-01","2025-06-01","Index Jan 2000=100","SA",2025-08-26,"Monthly","%",3.18991678903573,"CSUSHPISA"
"538",2019-10-01,"CSUSHPISA",211.718,2025-08-30,2025-08-30,211.718,"S&P CoreLogic Case-Shiller U.S. National Home Price Index","1987-01-01","2025-06-01","Index Jan 2000=100","SA",2025-08-26,"Monthly","%",3.24333022865697,"CSUSHPISA"
"539",2019-11-01,"CSUSHPISA",212.763,2025-08-30,2025-08-30,212.763,"S&P CoreLogic Case-Shiller U.S. National Home Price Index","1987-01-01","2025-06-01","Index Jan 2000=100","SA",2025-08-26,"Monthly","%",3.46281401659194,"CSUSHPISA"
"540",2019-12-01,"CSUSHPISA",213.939,2025-08-30,2025-08-30,213.939,"S&P CoreLogic Case-Shiller U.S. National Home Price Index","1987-01-01","2025-06-01","Index Jan 2000=100","SA",2025-08-26,"Monthly","%",3.7863719716301,"CSUSHPISA"
"541",2020-01-01,"CSUSHPISA",215.034,2025-08-30,2025-08-30,215.034,"S&P CoreLogic Case-Shiller U.S. National Home Price Index","1987-01-01","2025-06-01","Index Jan 2000=100","SA",2025-08-26,"Monthly","%",4.12058646936919,"CSUSHPISA"
"542",2020-02-01,"CSUSHPISA",215.894,2025-08-30,2025-08-30,215.894,"S&P CoreLogic Case-Shiller U.S. National Home Price Index","1987-01-01","2025-06-01","Index Jan 2000=100","SA",2025-08-26,"Monthly","%",4.37275500485861,"CSUSHPISA"
"543",2020-03-01,"CSUSHPISA",216.439,2025-08-30,2025-08-30,216.439,"S&P CoreLogic Case-Shiller U.S. National Home Price Index","1987-01-01","2025-06-01","Index Jan 2000=100","SA",2025-08-26,"Monthly","%",4.52657606753404,"CSUSHPISA"
"544",2020-04-01,"CSUSHPISA",216.829,2025-08-30,2025-08-30,216.829,"S&P CoreLogic Case-Shiller U.S. National Home Price Index","1987-01-01","2025-06-01","Index Jan 2000=100","SA",2025-08-26,"Monthly","%",4.4873432056169,"CSUSHPISA"
"545",2020-05-01,"CSUSHPISA",216.939,2025-08-30,2025-08-30,216.939,"S&P CoreLogic Case-Shiller U.S. National Home Price Index","1987-01-01","2025-06-01","Index Jan 2000=100","SA",2025-08-26,"Monthly","%",4.23695830790745,"CSUSHPISA"
"546",2020-06-01,"CSUSHPISA",217.47,2025-08-30,2025-08-30,217.47,"S&P CoreLogic Case-Shiller U.S. National Home Price Index","1987-01-01","2025-06-01","Index Jan 2000=100","SA",2025-08-26,"Monthly","%",4.26915221081099,"CSUSHPISA"
"547",2020-07-01,"CSUSHPISA",219.166,2025-08-30,2025-08-30,219.166,"S&P CoreLogic Case-Shiller U.S. National Home Price Index","1987-01-01","2025-06-01","Index Jan 2000=100","SA",2025-08-26,"Monthly","%",4.77838706130391,"CSUSHPISA"
"548",2020-08-01,"CSUSHPISA",222.254,2025-08-30,2025-08-30,222.254,"S&P CoreLogic Case-Shiller U.S. National Home Price Index","1987-01-01","2025-06-01","Index Jan 2000=100","SA",2025-08-26,"Monthly","%",5.8281828830459,"CSUSHPISA"
"549",2020-09-01,"CSUSHPISA",225.7,2025-08-30,2025-08-30,225.7,"S&P CoreLogic Case-Shiller U.S. National Home Price Index","1987-01-01","2025-06-01","Index Jan 2000=100","SA",2025-08-26,"Monthly","%",7.05967735049828,"CSUSHPISA"
"550",2020-10-01,"CSUSHPISA",229.644,2025-08-30,2025-08-30,229.644,"S&P CoreLogic Case-Shiller U.S. National Home Price Index","1987-01-01","2025-06-01","Index Jan 2000=100","SA",2025-08-26,"Monthly","%",8.46692298245781,"CSUSHPISA"
"551",2020-11-01,"CSUSHPISA",233.223,2025-08-30,2025-08-30,233.223,"S&P CoreLogic Case-Shiller U.S. National Home Price Index","1987-01-01","2025-06-01","Index Jan 2000=100","SA",2025-08-26,"Monthly","%",9.61633366703796,"CSUSHPISA"
"552",2020-12-01,"CSUSHPISA",236.58,2025-08-30,2025-08-30,236.58,"S&P CoreLogic Case-Shiller U.S. National Home Price Index","1987-01-01","2025-06-01","Index Jan 2000=100","SA",2025-08-26,"Monthly","%",10.5829231696885,"CSUSHPISA"
"553",2021-01-01,"CSUSHPISA",239.717,2025-08-30,2025-08-30,239.717,"S&P CoreLogic Case-Shiller U.S. National Home Price Index","1987-01-01","2025-06-01","Index Jan 2000=100","SA",2025-08-26,"Monthly","%",11.4786498879247,"CSUSHPISA"
"554",2021-02-01,"CSUSHPISA",242.45,2025-08-30,2025-08-30,242.45,"S&P CoreLogic Case-Shiller U.S. National Home Price Index","1987-01-01","2025-06-01","Index Jan 2000=100","SA",2025-08-26,"Monthly","%",12.3004807914995,"CSUSHPISA"
"555",2021-03-01,"CSUSHPISA",245.526,2025-08-30,2025-08-30,245.526,"S&P CoreLogic Case-Shiller U.S. National Home Price Index","1987-01-01","2025-06-01","Index Jan 2000=100","SA",2025-08-26,"Monthly","%",13.4388904033007,"CSUSHPISA"
"556",2021-04-01,"CSUSHPISA",249.06,2025-08-30,2025-08-30,249.06,"S&P CoreLogic Case-Shiller U.S. National Home Price Index","1987-01-01","2025-06-01","Index Jan 2000=100","SA",2025-08-26,"Monthly","%",14.8647090564454,"CSUSHPISA"
"557",2021-05-01,"CSUSHPISA",253.253,2025-08-30,2025-08-30,253.253,"S&P CoreLogic Case-Shiller U.S. National Home Price Index","1987-01-01","2025-06-01","Index Jan 2000=100","SA",2025-08-26,"Monthly","%",16.7392677204191,"CSUSHPISA"
"558",2021-06-01,"CSUSHPISA",258.036,2025-08-30,2025-08-30,258.036,"S&P CoreLogic Case-Shiller U.S. National Home Price Index","1987-01-01","2025-06-01","Index Jan 2000=100","SA",2025-08-26,"Monthly","%",18.6536073941233,"CSUSHPISA"
"559",2021-07-01,"CSUSHPISA",262.386,2025-08-30,2025-08-30,262.386,"S&P CoreLogic Case-Shiller U.S. National Home Price Index","1987-01-01","2025-06-01","Index Jan 2000=100","SA",2025-08-26,"Monthly","%",19.7202120766907,"CSUSHPISA"
"560",2021-08-01,"CSUSHPISA",266.569,2025-08-30,2025-08-30,266.569,"S&P CoreLogic Case-Shiller U.S. National Home Price Index","1987-01-01","2025-06-01","Index Jan 2000=100","SA",2025-08-26,"Monthly","%",19.9388987374805,"CSUSHPISA"
"561",2021-09-01,"CSUSHPISA",270.142,2025-08-30,2025-08-30,270.142,"S&P CoreLogic Case-Shiller U.S. National Home Price Index","1987-01-01","2025-06-01","Index Jan 2000=100","SA",2025-08-26,"Monthly","%",19.6907399202481,"CSUSHPISA"
"562",2021-10-01,"CSUSHPISA",273.592,2025-08-30,2025-08-30,273.592,"S&P CoreLogic Case-Shiller U.S. National Home Price Index","1987-01-01","2025-06-01","Index Jan 2000=100","SA",2025-08-26,"Monthly","%",19.1374475274773,"CSUSHPISA"
"563",2021-11-01,"CSUSHPISA",277.334,2025-08-30,2025-08-30,277.334,"S&P CoreLogic Case-Shiller U.S. National Home Price Index","1987-01-01","2025-06-01","Index Jan 2000=100","SA",2025-08-26,"Monthly","%",18.913657743876,"CSUSHPISA"
"564",2021-12-01,"CSUSHPISA",281.645,2025-08-30,2025-08-30,281.645,"S&P CoreLogic Case-Shiller U.S. National Home Price Index","1987-01-01","2025-06-01","Index Jan 2000=100","SA",2025-08-26,"Monthly","%",19.0485248119029,"CSUSHPISA"
"565",2022-01-01,"CSUSHPISA",286.298,2025-08-30,2025-08-30,286.298,"S&P CoreLogic Case-Shiller U.S. National Home Price Index","1987-01-01","2025-06-01","Index Jan 2000=100","SA",2025-08-26,"Monthly","%",19.4316631694873,"CSUSHPISA"
"566",2022-02-01,"CSUSHPISA",291.302,2025-08-30,2025-08-30,291.302,"S&P CoreLogic Case-Shiller U.S. National Home Price Index","1987-01-01","2025-06-01","Index Jan 2000=100","SA",2025-08-26,"Monthly","%",20.1493091359043,"CSUSHPISA"
"567",2022-03-01,"CSUSHPISA",296.477,2025-08-30,2025-08-30,296.477,"S&P CoreLogic Case-Shiller U.S. National Home Price Index","1987-01-01","2025-06-01","Index Jan 2000=100","SA",2025-08-26,"Monthly","%",20.751773742903,"CSUSHPISA"
"568",2022-04-01,"CSUSHPISA",300.406,2025-08-30,2025-08-30,300.406,"S&P CoreLogic Case-Shiller U.S. National Home Price Index","1987-01-01","2025-06-01","Index Jan 2000=100","SA",2025-08-26,"Monthly","%",20.6159158435718,"CSUSHPISA"
"569",2022-05-01,"CSUSHPISA",303.264,2025-08-30,2025-08-30,303.264,"S&P CoreLogic Case-Shiller U.S. National Home Price Index","1987-01-01","2025-06-01","Index Jan 2000=100","SA",2025-08-26,"Monthly","%",19.7474462296597,"CSUSHPISA"
"570",2022-06-01,"CSUSHPISA",304.005,2025-08-30,2025-08-30,304.005,"S&P CoreLogic Case-Shiller U.S. National Home Price Index","1987-01-01","2025-06-01","Index Jan 2000=100","SA",2025-08-26,"Monthly","%",17.8149560526438,"CSUSHPISA"
"571",2022-07-01,"CSUSHPISA",303.109,2025-08-30,2025-08-30,303.109,"S&P CoreLogic Case-Shiller U.S. National Home Price Index","1987-01-01","2025-06-01","Index Jan 2000=100","SA",2025-08-26,"Monthly","%",15.5202640384777,"CSUSHPISA"
"572",2022-08-01,"CSUSHPISA",300.979,2025-08-30,2025-08-30,300.979,"S&P CoreLogic Case-Shiller U.S. National Home Price Index","1987-01-01","2025-06-01","Index Jan 2000=100","SA",2025-08-26,"Monthly","%",12.9084777299686,"CSUSHPISA"
"573",2022-09-01,"CSUSHPISA",299.009,2025-08-30,2025-08-30,299.009,"S&P CoreLogic Case-Shiller U.S. National Home Price Index","1987-01-01","2025-06-01","Index Jan 2000=100","SA",2025-08-26,"Monthly","%",10.6858615098726,"CSUSHPISA"
"574",2022-10-01,"CSUSHPISA",298.758,2025-08-30,2025-08-30,298.758,"S&P CoreLogic Case-Shiller U.S. National Home Price Index","1987-01-01","2025-06-01","Index Jan 2000=100","SA",2025-08-26,"Monthly","%",9.19836837334424,"CSUSHPISA"
"575",2022-11-01,"CSUSHPISA",298.532,2025-08-30,2025-08-30,298.532,"S&P CoreLogic Case-Shiller U.S. National Home Price Index","1987-01-01","2025-06-01","Index Jan 2000=100","SA",2025-08-26,"Monthly","%",7.64349124160759,"CSUSHPISA"
"576",2022-12-01,"CSUSHPISA",297.969,2025-08-30,2025-08-30,297.969,"S&P CoreLogic Case-Shiller U.S. National Home Price Index","1987-01-01","2025-06-01","Index Jan 2000=100","SA",2025-08-26,"Monthly","%",5.79594880079533,"CSUSHPISA"
"577",2023-01-01,"CSUSHPISA",297.697,2025-08-30,2025-08-30,297.697,"S&P CoreLogic Case-Shiller U.S. National Home Price Index","1987-01-01","2025-06-01","Index Jan 2000=100","SA",2025-08-26,"Monthly","%",3.9815157632956,"CSUSHPISA"
"578",2023-02-01,"CSUSHPISA",297.997,2025-08-30,2025-08-30,297.997,"S&P CoreLogic Case-Shiller U.S. National Home Price Index","1987-01-01","2025-06-01","Index Jan 2000=100","SA",2025-08-26,"Monthly","%",2.29830210571846,"CSUSHPISA"
"579",2023-03-01,"CSUSHPISA",298.974,2025-08-30,2025-08-30,298.974,"S&P CoreLogic Case-Shiller U.S. National Home Price Index","1987-01-01","2025-06-01","Index Jan 2000=100","SA",2025-08-26,"Monthly","%",0.84222384873025,"CSUSHPISA"
"580",2023-04-01,"CSUSHPISA",300.242,2025-08-30,2025-08-30,300.242,"S&P CoreLogic Case-Shiller U.S. National Home Price Index","1987-01-01","2025-06-01","Index Jan 2000=100","SA",2025-08-26,"Monthly","%",-0.0545927844317284,"CSUSHPISA"
"581",2023-05-01,"CSUSHPISA",302.039,2025-08-30,2025-08-30,302.039,"S&P CoreLogic Case-Shiller U.S. National Home Price Index","1987-01-01","2025-06-01","Index Jan 2000=100","SA",2025-08-26,"Monthly","%",-0.403938482642197,"CSUSHPISA"
"582",2023-06-01,"CSUSHPISA",303.949,2025-08-30,2025-08-30,303.949,"S&P CoreLogic Case-Shiller U.S. National Home Price Index","1987-01-01","2025-06-01","Index Jan 2000=100","SA",2025-08-26,"Monthly","%",-0.0184207496587208,"CSUSHPISA"
"583",2023-07-01,"CSUSHPISA",306.252,2025-08-30,2025-08-30,306.252,"S&P CoreLogic Case-Shiller U.S. National Home Price Index","1987-01-01","2025-06-01","Index Jan 2000=100","SA",2025-08-26,"Monthly","%",1.03692071169117,"CSUSHPISA"
"584",2023-08-01,"CSUSHPISA",309.037,2025-08-30,2025-08-30,309.037,"S&P CoreLogic Case-Shiller U.S. National Home Price Index","1987-01-01","2025-06-01","Index Jan 2000=100","SA",2025-08-26,"Monthly","%",2.67726319776462,"CSUSHPISA"
"585",2023-09-01,"CSUSHPISA",311.181,2025-08-30,2025-08-30,311.181,"S&P CoreLogic Case-Shiller U.S. National Home Price Index","1987-01-01","2025-06-01","Index Jan 2000=100","SA",2025-08-26,"Monthly","%",4.07078047817957,"CSUSHPISA"
"586",2023-10-01,"CSUSHPISA",313.253,2025-08-30,2025-08-30,313.253,"S&P CoreLogic Case-Shiller U.S. National Home Price Index","1987-01-01","2025-06-01","Index Jan 2000=100","SA",2025-08-26,"Monthly","%",4.85175292377109,"CSUSHPISA"
"587",2023-11-01,"CSUSHPISA",314.208,2025-08-30,2025-08-30,314.208,"S&P CoreLogic Case-Shiller U.S. National Home Price Index","1987-01-01","2025-06-01","Index Jan 2000=100","SA",2025-08-26,"Monthly","%",5.25102836546836,"CSUSHPISA"
"588",2023-12-01,"CSUSHPISA",315.183,2025-08-30,2025-08-30,315.183,"S&P CoreLogic Case-Shiller U.S. National Home Price Index","1987-01-01","2025-06-01","Index Jan 2000=100","SA",2025-08-26,"Monthly","%",5.77711104175267,"CSUSHPISA"
"589",2024-01-01,"CSUSHPISA",316.344,2025-08-30,2025-08-30,316.344,"S&P CoreLogic Case-Shiller U.S. National Home Price Index","1987-01-01","2025-06-01","Index Jan 2000=100","SA",2025-08-26,"Monthly","%",6.26375139823376,"CSUSHPISA"
"590",2024-02-01,"CSUSHPISA",317.607,2025-08-30,2025-08-30,317.607,"S&P CoreLogic Case-Shiller U.S. National Home Price Index","1987-01-01","2025-06-01","Index Jan 2000=100","SA",2025-08-26,"Monthly","%",6.5806031604345,"CSUSHPISA"
"591",2024-03-01,"CSUSHPISA",318.523,2025-08-30,2025-08-30,318.523,"S&P CoreLogic Case-Shiller U.S. National Home Price Index","1987-01-01","2025-06-01","Index Jan 2000=100","SA",2025-08-26,"Monthly","%",6.5386956725334,"CSUSHPISA"
"592",2024-04-01,"CSUSHPISA",319.335,2025-08-30,2025-08-30,319.335,"S&P CoreLogic Case-Shiller U.S. National Home Price Index","1987-01-01","2025-06-01","Index Jan 2000=100","SA",2025-08-26,"Monthly","%",6.35920357578219,"CSUSHPISA"
"593",2024-05-01,"CSUSHPISA",319.916,2025-08-30,2025-08-30,319.916,"S&P CoreLogic Case-Shiller U.S. National Home Price Index","1987-01-01","2025-06-01","Index Jan 2000=100","SA",2025-08-26,"Monthly","%",5.91877207910236,"CSUSHPISA"
"594",2024-06-01,"CSUSHPISA",320.404,2025-08-30,2025-08-30,320.404,"S&P CoreLogic Case-Shiller U.S. National Home Price Index","1987-01-01","2025-06-01","Index Jan 2000=100","SA",2025-08-26,"Monthly","%",5.41373717301257,"CSUSHPISA"
"595",2024-07-01,"CSUSHPISA",321.293,2025-08-30,2025-08-30,321.293,"S&P CoreLogic Case-Shiller U.S. National Home Price Index","1987-01-01","2025-06-01","Index Jan 2000=100","SA",2025-08-26,"Monthly","%",4.91131486488252,"CSUSHPISA"
"596",2024-08-01,"CSUSHPISA",322.334,2025-08-30,2025-08-30,322.334,"S&P CoreLogic Case-Shiller U.S. National Home Price Index","1987-01-01","2025-06-01","Index Jan 2000=100","SA",2025-08-26,"Monthly","%",4.30272103340377,"CSUSHPISA"
"597",2024-09-01,"CSUSHPISA",323.357,2025-08-30,2025-08-30,323.357,"S&P CoreLogic Case-Shiller U.S. National Home Price Index","1987-01-01","2025-06-01","Index Jan 2000=100","SA",2025-08-26,"Monthly","%",3.91283529521405,"CSUSHPISA"
"598",2024-10-01,"CSUSHPISA",324.517,2025-08-30,2025-08-30,324.517,"S&P CoreLogic Case-Shiller U.S. National Home Price Index","1987-01-01","2025-06-01","Index Jan 2000=100","SA",2025-08-26,"Monthly","%",3.59581552291599,"CSUSHPISA"
"599",2024-11-01,"CSUSHPISA",326.026,2025-08-30,2025-08-30,326.026,"S&P CoreLogic Case-Shiller U.S. National Home Price Index","1987-01-01","2025-06-01","Index Jan 2000=100","SA",2025-08-26,"Monthly","%",3.76120277013954,"CSUSHPISA"
"600",2024-12-01,"CSUSHPISA",327.902,2025-08-30,2025-08-30,327.902,"S&P CoreLogic Case-Shiller U.S. National Home Price Index","1987-01-01","2025-06-01","Index Jan 2000=100","SA",2025-08-26,"Monthly","%",4.03543338314567,"CSUSHPISA"
"601",2025-01-01,"CSUSHPISA",329.528,2025-08-30,2025-08-30,329.528,"S&P CoreLogic Case-Shiller U.S. National Home Price Index","1987-01-01","2025-06-01","Index Jan 2000=100","SA",2025-08-26,"Monthly","%",4.16761500139089,"CSUSHPISA"
"602",2025-02-01,"CSUSHPISA",330.174,2025-08-30,2025-08-30,330.174,"S&P CoreLogic Case-Shiller U.S. National Home Price Index","1987-01-01","2025-06-01","Index Jan 2000=100","SA",2025-08-26,"Monthly","%",3.95677677129282,"CSUSHPISA"
"603",2025-03-01,"CSUSHPISA",329.292,2025-08-30,2025-08-30,329.292,"S&P CoreLogic Case-Shiller U.S. National Home Price Index","1987-01-01","2025-06-01","Index Jan 2000=100","SA",2025-08-26,"Monthly","%",3.38091754755543,"CSUSHPISA"
"604",2025-04-01,"CSUSHPISA",328.033,2025-08-30,2025-08-30,328.033,"S&P CoreLogic Case-Shiller U.S. National Home Price Index","1987-01-01","2025-06-01","Index Jan 2000=100","SA",2025-08-26,"Monthly","%",2.72378536646469,"CSUSHPISA"
"605",2025-05-01,"CSUSHPISA",327.218,2025-08-30,2025-08-30,327.218,"S&P CoreLogic Case-Shiller U.S. National Home Price Index","1987-01-01","2025-06-01","Index Jan 2000=100","SA",2025-08-26,"Monthly","%",2.28247414946423,"CSUSHPISA"
"606",2025-06-01,"CSUSHPISA",326.358,2025-08-30,2025-08-30,326.358,"S&P CoreLogic Case-Shiller U.S. National Home Price Index","1987-01-01","2025-06-01","Index Jan 2000=100","SA",2025-08-26,"Monthly","%",1.8582789228599,"CSUSHPISA"
