"","date","series_id","value","realtime_start","realtime_end","level","cpi","title","observation_start","observation_end","units_short","seasonal_adjustment_short","last_updated","frequency","corr_units_short","corr_value","sid1"
"1",1990-08-20,"GASREGWR",1.191,2024-10-29,2024-10-29,2.83208462627798,131.6,"Real US Regular All Formulations Gas Price","1990-08-20","2024-10-28","2024 $ per gallon","NSA",2024-10-28,"Weekly","",NA,"GASREGWR"
"2",1990-08-27,"GASREGWR",1.245,2024-10-29,2024-10-29,2.96049148590771,131.6,"Real US Regular All Formulations Gas Price","1990-08-20","2024-10-28","2024 $ per gallon","NSA",2024-10-28,"Weekly","",NA,"GASREGWR"
"3",1990-09-03,"GASREGWR",1.242,2024-10-29,2024-10-29,2.93329722813036,132.5,"Real US Regular All Formulations Gas Price","1990-08-20","2024-10-28","2024 $ per gallon","NSA",2024-10-28,"Weekly","",NA,"GASREGWR"
"4",1990-09-10,"GASREGWR",1.252,2024-10-29,2024-10-29,2.95691475814751,132.5,"Real US Regular All Formulations Gas Price","1990-08-20","2024-10-28","2024 $ per gallon","NSA",2024-10-28,"Weekly","",NA,"GASREGWR"
"5",1990-09-17,"GASREGWR",1.266,2024-10-29,2024-10-29,2.98997930017153,132.5,"Real US Regular All Formulations Gas Price","1990-08-20","2024-10-28","2024 $ per gallon","NSA",2024-10-28,"Weekly","",NA,"GASREGWR"
"6",1990-09-24,"GASREGWR",1.272,2024-10-29,2024-10-29,3.00414981818182,132.5,"Real US Regular All Formulations Gas Price","1990-08-20","2024-10-28","2024 $ per gallon","NSA",2024-10-28,"Weekly","",NA,"GASREGWR"
"7",1990-10-01,"GASREGWR",1.321,2024-10-29,2024-10-29,3.0988270785062,133.4,"Real US Regular All Formulations Gas Price","1990-08-20","2024-10-28","2024 $ per gallon","NSA",2024-10-28,"Weekly","",NA,"GASREGWR"
"8",1990-10-08,"GASREGWR",1.333,2024-10-29,2024-10-29,3.12697690813684,133.4,"Real US Regular All Formulations Gas Price","1990-08-20","2024-10-28","2024 $ per gallon","NSA",2024-10-28,"Weekly","",NA,"GASREGWR"
"9",1990-10-15,"GASREGWR",1.339,2024-10-29,2024-10-29,3.14105182295216,133.4,"Real US Regular All Formulations Gas Price","1990-08-20","2024-10-28","2024 $ per gallon","NSA",2024-10-28,"Weekly","",NA,"GASREGWR"
"10",1990-10-22,"GASREGWR",1.345,2024-10-29,2024-10-29,3.15512673776748,133.4,"Real US Regular All Formulations Gas Price","1990-08-20","2024-10-28","2024 $ per gallon","NSA",2024-10-28,"Weekly","",NA,"GASREGWR"
"11",1990-10-29,"GASREGWR",1.339,2024-10-29,2024-10-29,3.14105182295216,133.4,"Real US Regular All Formulations Gas Price","1990-08-20","2024-10-28","2024 $ per gallon","NSA",2024-10-28,"Weekly","",NA,"GASREGWR"
"12",1990-11-05,"GASREGWR",1.334,2024-10-29,2024-10-29,3.12230106071939,133.7,"Real US Regular All Formulations Gas Price","1990-08-20","2024-10-28","2024 $ per gallon","NSA",2024-10-28,"Weekly","",NA,"GASREGWR"
"13",1990-11-12,"GASREGWR",1.328,2024-10-29,2024-10-29,3.1082577276127,133.7,"Real US Regular All Formulations Gas Price","1990-08-20","2024-10-28","2024 $ per gallon","NSA",2024-10-28,"Weekly","",NA,"GASREGWR"
"14",1990-11-19,"GASREGWR",1.323,2024-10-29,2024-10-29,3.0965549500238,133.7,"Real US Regular All Formulations Gas Price","1990-08-20","2024-10-28","2024 $ per gallon","NSA",2024-10-28,"Weekly","",NA,"GASREGWR"
"15",1990-11-26,"GASREGWR",1.311,2024-10-29,2024-10-29,3.06846828381043,133.7,"Real US Regular All Formulations Gas Price","1990-08-20","2024-10-28","2024 $ per gallon","NSA",2024-10-28,"Weekly","",NA,"GASREGWR"
"16",1990-12-03,"GASREGWR",1.341,2024-10-29,2024-10-29,3.12699089215553,134.2,"Real US Regular All Formulations Gas Price","1990-08-20","2024-10-28","2024 $ per gallon","NSA",2024-10-28,"Weekly","",NA,"GASREGWR"
"17",1990-12-10,"GASREGWR",NA,2024-10-29,2024-10-29,NA,134.2,"Real US Regular All Formulations Gas Price","1990-08-20","2024-10-28","2024 $ per gallon","NSA",2024-10-28,"Weekly","",NA,"GASREGWR"
"18",1990-12-17,"GASREGWR",NA,2024-10-29,2024-10-29,NA,134.2,"Real US Regular All Formulations Gas Price","1990-08-20","2024-10-28","2024 $ per gallon","NSA",2024-10-28,"Weekly","",NA,"GASREGWR"
"19",1990-12-24,"GASREGWR",NA,2024-10-29,2024-10-29,NA,134.2,"Real US Regular All Formulations Gas Price","1990-08-20","2024-10-28","2024 $ per gallon","NSA",2024-10-28,"Weekly","",NA,"GASREGWR"
"20",1990-12-31,"GASREGWR",NA,2024-10-29,2024-10-29,NA,134.2,"Real US Regular All Formulations Gas Price","1990-08-20","2024-10-28","2024 $ per gallon","NSA",2024-10-28,"Weekly","",NA,"GASREGWR"
"21",1991-01-07,"GASREGWR",NA,2024-10-29,2024-10-29,NA,134.7,"Real US Regular All Formulations Gas Price","1990-08-20","2024-10-28","2024 $ per gallon","NSA",2024-10-28,"Weekly","",NA,"GASREGWR"
"22",1991-01-14,"GASREGWR",NA,2024-10-29,2024-10-29,NA,134.7,"Real US Regular All Formulations Gas Price","1990-08-20","2024-10-28","2024 $ per gallon","NSA",2024-10-28,"Weekly","",NA,"GASREGWR"
"23",1991-01-21,"GASREGWR",1.192,2024-10-29,2024-10-29,2.76922991158804,134.7,"Real US Regular All Formulations Gas Price","1990-08-20","2024-10-28","2024 $ per gallon","NSA",2024-10-28,"Weekly","",NA,"GASREGWR"
"24",1991-01-28,"GASREGWR",1.168,2024-10-29,2024-10-29,2.71347360464331,134.7,"Real US Regular All Formulations Gas Price","1990-08-20","2024-10-28","2024 $ per gallon","NSA",2024-10-28,"Weekly","",NA,"GASREGWR"
"25",1991-02-04,"GASREGWR",1.139,2024-10-29,2024-10-29,2.64413841718371,134.8,"Real US Regular All Formulations Gas Price","1990-08-20","2024-10-28","2024 $ per gallon","NSA",2024-10-28,"Weekly","",NA,"GASREGWR"
"26",1991-02-11,"GASREGWR",1.106,2024-10-29,2024-10-29,2.56753036822228,134.8,"Real US Regular All Formulations Gas Price","1990-08-20","2024-10-28","2024 $ per gallon","NSA",2024-10-28,"Weekly","",NA,"GASREGWR"
"27",1991-02-18,"GASREGWR",1.078,2024-10-29,2024-10-29,2.50252959940653,134.8,"Real US Regular All Formulations Gas Price","1990-08-20","2024-10-28","2024 $ per gallon","NSA",2024-10-28,"Weekly","",NA,"GASREGWR"
"28",1991-02-25,"GASREGWR",1.054,2024-10-29,2024-10-29,2.44681465470731,134.8,"Real US Regular All Formulations Gas Price","1990-08-20","2024-10-28","2024 $ per gallon","NSA",2024-10-28,"Weekly","",NA,"GASREGWR"
"29",1991-03-04,"GASREGWR",1.025,2024-10-29,2024-10-29,2.37949242986242,134.8,"Real US Regular All Formulations Gas Price","1990-08-20","2024-10-28","2024 $ per gallon","NSA",2024-10-28,"Weekly","",NA,"GASREGWR"
"30",1991-03-11,"GASREGWR",1.045,2024-10-29,2024-10-29,2.4259215504451,134.8,"Real US Regular All Formulations Gas Price","1990-08-20","2024-10-28","2024 $ per gallon","NSA",2024-10-28,"Weekly","",NA,"GASREGWR"
"31",1991-03-18,"GASREGWR",1.043,2024-10-29,2024-10-29,2.42127863838684,134.8,"Real US Regular All Formulations Gas Price","1990-08-20","2024-10-28","2024 $ per gallon","NSA",2024-10-28,"Weekly","",NA,"GASREGWR"
"32",1991-03-25,"GASREGWR",1.047,2024-10-29,2024-10-29,2.43056446250337,134.8,"Real US Regular All Formulations Gas Price","1990-08-20","2024-10-28","2024 $ per gallon","NSA",2024-10-28,"Weekly","",NA,"GASREGWR"
"33",1991-04-01,"GASREGWR",1.052,2024-10-29,2024-10-29,2.43674871139223,135.1,"Real US Regular All Formulations Gas Price","1990-08-20","2024-10-28","2024 $ per gallon","NSA",2024-10-28,"Weekly","",NA,"GASREGWR"
"34",1991-04-08,"GASREGWR",1.066,2024-10-29,2024-10-29,2.46917692618263,135.1,"Real US Regular All Formulations Gas Price","1990-08-20","2024-10-28","2024 $ per gallon","NSA",2024-10-28,"Weekly","",NA,"GASREGWR"
"35",1991-04-15,"GASREGWR",1.069,2024-10-29,2024-10-29,2.47612582935199,135.1,"Real US Regular All Formulations Gas Price","1990-08-20","2024-10-28","2024 $ per gallon","NSA",2024-10-28,"Weekly","",NA,"GASREGWR"
"36",1991-04-22,"GASREGWR",1.09,2024-10-29,2024-10-29,2.52476815153758,135.1,"Real US Regular All Formulations Gas Price","1990-08-20","2024-10-28","2024 $ per gallon","NSA",2024-10-28,"Weekly","",NA,"GASREGWR"
"37",1991-04-29,"GASREGWR",1.104,2024-10-29,2024-10-29,2.55719636632797,135.1,"Real US Regular All Formulations Gas Price","1990-08-20","2024-10-28","2024 $ per gallon","NSA",2024-10-28,"Weekly","",NA,"GASREGWR"
"38",1991-05-06,"GASREGWR",1.113,2024-10-29,2024-10-29,2.56853701729686,135.6,"Real US Regular All Formulations Gas Price","1990-08-20","2024-10-28","2024 $ per gallon","NSA",2024-10-28,"Weekly","",NA,"GASREGWR"
"39",1991-05-13,"GASREGWR",1.121,2024-10-29,2024-10-29,2.58699909828372,135.6,"Real US Regular All Formulations Gas Price","1990-08-20","2024-10-28","2024 $ per gallon","NSA",2024-10-28,"Weekly","",NA,"GASREGWR"
"40",1991-05-20,"GASREGWR",1.129,2024-10-29,2024-10-29,2.60546117927058,135.6,"Real US Regular All Formulations Gas Price","1990-08-20","2024-10-28","2024 $ per gallon","NSA",2024-10-28,"Weekly","",NA,"GASREGWR"
"41",1991-05-27,"GASREGWR",1.14,2024-10-29,2024-10-29,2.63084654062751,135.6,"Real US Regular All Formulations Gas Price","1990-08-20","2024-10-28","2024 $ per gallon","NSA",2024-10-28,"Weekly","",NA,"GASREGWR"
"42",1991-06-03,"GASREGWR",1.138,2024-10-29,2024-10-29,2.61850681149733,136,"Real US Regular All Formulations Gas Price","1990-08-20","2024-10-28","2024 $ per gallon","NSA",2024-10-28,"Weekly","",NA,"GASREGWR"
"43",1991-06-10,"GASREGWR",1.135,2024-10-29,2024-10-29,2.61160389371658,136,"Real US Regular All Formulations Gas Price","1990-08-20","2024-10-28","2024 $ per gallon","NSA",2024-10-28,"Weekly","",NA,"GASREGWR"
"44",1991-06-17,"GASREGWR",1.126,2024-10-29,2024-10-29,2.59089514037433,136,"Real US Regular All Formulations Gas Price","1990-08-20","2024-10-28","2024 $ per gallon","NSA",2024-10-28,"Weekly","",NA,"GASREGWR"
"45",1991-06-24,"GASREGWR",1.114,2024-10-29,2024-10-29,2.56328346925134,136,"Real US Regular All Formulations Gas Price","1990-08-20","2024-10-28","2024 $ per gallon","NSA",2024-10-28,"Weekly","",NA,"GASREGWR"
"46",1991-07-01,"GASREGWR",1.104,2024-10-29,2024-10-29,2.53654353223869,136.2,"Real US Regular All Formulations Gas Price","1990-08-20","2024-10-28","2024 $ per gallon","NSA",2024-10-28,"Weekly","",NA,"GASREGWR"
"47",1991-07-08,"GASREGWR",1.098,2024-10-29,2024-10-29,2.52275796956348,136.2,"Real US Regular All Formulations Gas Price","1990-08-20","2024-10-28","2024 $ per gallon","NSA",2024-10-28,"Weekly","",NA,"GASREGWR"
"48",1991-07-15,"GASREGWR",1.094,2024-10-29,2024-10-29,2.51356759444667,136.2,"Real US Regular All Formulations Gas Price","1990-08-20","2024-10-28","2024 $ per gallon","NSA",2024-10-28,"Weekly","",NA,"GASREGWR"
"49",1991-07-22,"GASREGWR",1.091,2024-10-29,2024-10-29,2.50667481310906,136.2,"Real US Regular All Formulations Gas Price","1990-08-20","2024-10-28","2024 $ per gallon","NSA",2024-10-28,"Weekly","",NA,"GASREGWR"
"50",1991-07-29,"GASREGWR",1.091,2024-10-29,2024-10-29,2.50667481310906,136.2,"Real US Regular All Formulations Gas Price","1990-08-20","2024-10-28","2024 $ per gallon","NSA",2024-10-28,"Weekly","",NA,"GASREGWR"
"51",1991-08-05,"GASREGWR",1.099,2024-10-29,2024-10-29,2.51766154998003,136.6,"Real US Regular All Formulations Gas Price","1990-08-20","2024-10-28","2024 $ per gallon","NSA",2024-10-28,"Weekly","",NA,"GASREGWR"
"52",1991-08-12,"GASREGWR",1.112,2024-10-29,2024-10-29,2.54744280580327,136.6,"Real US Regular All Formulations Gas Price","1990-08-20","2024-10-28","2024 $ per gallon","NSA",2024-10-28,"Weekly","",NA,"GASREGWR"
"53",1991-08-19,"GASREGWR",1.124,2024-10-29,2024-10-29,2.57493319579396,136.6,"Real US Regular All Formulations Gas Price","1990-08-20","2024-10-28","2024 $ per gallon","NSA",2024-10-28,"Weekly","",-0.0669999999999999,"GASREGWR"
"54",1991-08-26,"GASREGWR",1.124,2024-10-29,2024-10-29,2.57493319579396,136.6,"Real US Regular All Formulations Gas Price","1990-08-20","2024-10-28","2024 $ per gallon","NSA",2024-10-28,"Weekly","",-0.121,"GASREGWR"
"55",1991-09-02,"GASREGWR",1.127,2024-10-29,2024-10-29,2.57426767418713,137,"Real US Regular All Formulations Gas Price","1990-08-20","2024-10-28","2024 $ per gallon","NSA",2024-10-28,"Weekly","",-0.115,"GASREGWR"
"56",1991-09-09,"GASREGWR",1.12,2024-10-29,2024-10-29,2.55827843397479,137,"Real US Regular All Formulations Gas Price","1990-08-20","2024-10-28","2024 $ per gallon","NSA",2024-10-28,"Weekly","",-0.132,"GASREGWR"
"57",1991-09-16,"GASREGWR",1.11,2024-10-29,2024-10-29,2.53543666224287,137,"Real US Regular All Formulations Gas Price","1990-08-20","2024-10-28","2024 $ per gallon","NSA",2024-10-28,"Weekly","",-0.156,"GASREGWR"
"58",1991-09-23,"GASREGWR",1.097,2024-10-29,2024-10-29,2.50574235899137,137,"Real US Regular All Formulations Gas Price","1990-08-20","2024-10-28","2024 $ per gallon","NSA",2024-10-28,"Weekly","",-0.175,"GASREGWR"
"59",1991-09-30,"GASREGWR",1.092,2024-10-29,2024-10-29,2.49432147312542,137,"Real US Regular All Formulations Gas Price","1990-08-20","2024-10-28","2024 $ per gallon","NSA",2024-10-28,"Weekly","",-0.229,"GASREGWR"
"60",1991-10-07,"GASREGWR",1.089,2024-10-29,2024-10-29,2.48384289358601,137.2,"Real US Regular All Formulations Gas Price","1990-08-20","2024-10-28","2024 $ per gallon","NSA",2024-10-28,"Weekly","",-0.244,"GASREGWR"
"61",1991-10-14,"GASREGWR",1.084,2024-10-29,2024-10-29,2.47243865624172,137.2,"Real US Regular All Formulations Gas Price","1990-08-20","2024-10-28","2024 $ per gallon","NSA",2024-10-28,"Weekly","",-0.255,"GASREGWR"
"62",1991-10-21,"GASREGWR",1.088,2024-10-29,2024-10-29,2.48156204611715,137.2,"Real US Regular All Formulations Gas Price","1990-08-20","2024-10-28","2024 $ per gallon","NSA",2024-10-28,"Weekly","",-0.257,"GASREGWR"
"63",1991-10-28,"GASREGWR",1.091,2024-10-29,2024-10-29,2.48840458852372,137.2,"Real US Regular All Formulations Gas Price","1990-08-20","2024-10-28","2024 $ per gallon","NSA",2024-10-28,"Weekly","",-0.248,"GASREGWR"
"64",1991-11-04,"GASREGWR",1.091,2024-10-29,2024-10-29,2.47756973545323,137.8,"Real US Regular All Formulations Gas Price","1990-08-20","2024-10-28","2024 $ per gallon","NSA",2024-10-28,"Weekly","",-0.243,"GASREGWR"
"65",1991-11-11,"GASREGWR",1.102,2024-10-29,2024-10-29,2.50254981527906,137.8,"Real US Regular All Formulations Gas Price","1990-08-20","2024-10-28","2024 $ per gallon","NSA",2024-10-28,"Weekly","",-0.226,"GASREGWR"
"66",1991-11-18,"GASREGWR",1.104,2024-10-29,2024-10-29,2.50709164797467,137.8,"Real US Regular All Formulations Gas Price","1990-08-20","2024-10-28","2024 $ per gallon","NSA",2024-10-28,"Weekly","",-0.219,"GASREGWR"
"67",1991-11-25,"GASREGWR",1.099,2024-10-29,2024-10-29,2.49573706623565,137.8,"Real US Regular All Formulations Gas Price","1990-08-20","2024-10-28","2024 $ per gallon","NSA",2024-10-28,"Weekly","",-0.212,"GASREGWR"
"68",1991-12-02,"GASREGWR",1.099,2024-10-29,2024-10-29,2.48851351466912,138.2,"Real US Regular All Formulations Gas Price","1990-08-20","2024-10-28","2024 $ per gallon","NSA",2024-10-28,"Weekly","",-0.242,"GASREGWR"
"69",1991-12-09,"GASREGWR",1.091,2024-10-29,2024-10-29,2.47039876660966,138.2,"Real US Regular All Formulations Gas Price","1990-08-20","2024-10-28","2024 $ per gallon","NSA",2024-10-28,"Weekly","",NA,"GASREGWR"
"70",1991-12-16,"GASREGWR",1.075,2024-10-29,2024-10-29,2.43416927049072,138.2,"Real US Regular All Formulations Gas Price","1990-08-20","2024-10-28","2024 $ per gallon","NSA",2024-10-28,"Weekly","",NA,"GASREGWR"
"71",1991-12-23,"GASREGWR",1.063,2024-10-29,2024-10-29,2.40699714840153,138.2,"Real US Regular All Formulations Gas Price","1990-08-20","2024-10-28","2024 $ per gallon","NSA",2024-10-28,"Weekly","",NA,"GASREGWR"
"72",1991-12-30,"GASREGWR",1.053,2024-10-29,2024-10-29,2.38435371332719,138.2,"Real US Regular All Formulations Gas Price","1990-08-20","2024-10-28","2024 $ per gallon","NSA",2024-10-28,"Weekly","",NA,"GASREGWR"
"73",1992-01-06,"GASREGWR",1.042,2024-10-29,2024-10-29,2.35773990008545,138.3,"Real US Regular All Formulations Gas Price","1990-08-20","2024-10-28","2024 $ per gallon","NSA",2024-10-28,"Weekly","",NA,"GASREGWR"
"74",1992-01-13,"GASREGWR",1.026,2024-10-29,2024-10-29,2.32153660027608,138.3,"Real US Regular All Formulations Gas Price","1990-08-20","2024-10-28","2024 $ per gallon","NSA",2024-10-28,"Weekly","",NA,"GASREGWR"
"75",1992-01-20,"GASREGWR",1.014,2024-10-29,2024-10-29,2.29438412541905,138.3,"Real US Regular All Formulations Gas Price","1990-08-20","2024-10-28","2024 $ per gallon","NSA",2024-10-28,"Weekly","",-0.178,"GASREGWR"
"76",1992-01-27,"GASREGWR",1.006,2024-10-29,2024-10-29,2.27628247551436,138.3,"Real US Regular All Formulations Gas Price","1990-08-20","2024-10-28","2024 $ per gallon","NSA",2024-10-28,"Weekly","",-0.162,"GASREGWR"
"77",1992-02-03,"GASREGWR",0.995,2024-10-29,2024-10-29,2.2465195625082,138.6,"Real US Regular All Formulations Gas Price","1990-08-20","2024-10-28","2024 $ per gallon","NSA",2024-10-28,"Weekly","",-0.144,"GASREGWR"
"78",1992-02-10,"GASREGWR",1.004,2024-10-29,2024-10-29,2.26683983995802,138.6,"Real US Regular All Formulations Gas Price","1990-08-20","2024-10-28","2024 $ per gallon","NSA",2024-10-28,"Weekly","",-0.102,"GASREGWR"
"79",1992-02-17,"GASREGWR",1.011,2024-10-29,2024-10-29,2.28264450019677,138.6,"Real US Regular All Formulations Gas Price","1990-08-20","2024-10-28","2024 $ per gallon","NSA",2024-10-28,"Weekly","",-0.0670000000000002,"GASREGWR"
"80",1992-02-24,"GASREGWR",1.014,2024-10-29,2024-10-29,2.28941792601338,138.6,"Real US Regular All Formulations Gas Price","1990-08-20","2024-10-28","2024 $ per gallon","NSA",2024-10-28,"Weekly","",-0.04,"GASREGWR"
"81",1992-03-02,"GASREGWR",1.012,2024-10-29,2024-10-29,2.27668914450036,139.1,"Real US Regular All Formulations Gas Price","1990-08-20","2024-10-28","2024 $ per gallon","NSA",2024-10-28,"Weekly","",-0.0129999999999999,"GASREGWR"
"82",1992-03-09,"GASREGWR",1.013,2024-10-29,2024-10-29,2.27893883733089,139.1,"Real US Regular All Formulations Gas Price","1990-08-20","2024-10-28","2024 $ per gallon","NSA",2024-10-28,"Weekly","",-0.032,"GASREGWR"
"83",1992-03-16,"GASREGWR",1.01,2024-10-29,2024-10-29,2.27218975883929,139.1,"Real US Regular All Formulations Gas Price","1990-08-20","2024-10-28","2024 $ per gallon","NSA",2024-10-28,"Weekly","",-0.0329999999999999,"GASREGWR"
"84",1992-03-23,"GASREGWR",1.015,2024-10-29,2024-10-29,2.28343822299196,139.1,"Real US Regular All Formulations Gas Price","1990-08-20","2024-10-28","2024 $ per gallon","NSA",2024-10-28,"Weekly","",-0.032,"GASREGWR"
"85",1992-03-30,"GASREGWR",1.013,2024-10-29,2024-10-29,2.27893883733089,139.1,"Real US Regular All Formulations Gas Price","1990-08-20","2024-10-28","2024 $ per gallon","NSA",2024-10-28,"Weekly","",-0.0390000000000001,"GASREGWR"
"86",1992-04-06,"GASREGWR",1.026,2024-10-29,2024-10-29,2.3032174448937,139.4,"Real US Regular All Formulations Gas Price","1990-08-20","2024-10-28","2024 $ per gallon","NSA",2024-10-28,"Weekly","",-0.04,"GASREGWR"
"87",1992-04-13,"GASREGWR",1.051,2024-10-29,2024-10-29,2.35933872766401,139.4,"Real US Regular All Formulations Gas Price","1990-08-20","2024-10-28","2024 $ per gallon","NSA",2024-10-28,"Weekly","",-0.018,"GASREGWR"
"88",1992-04-20,"GASREGWR",1.058,2024-10-29,2024-10-29,2.3750526868397,139.4,"Real US Regular All Formulations Gas Price","1990-08-20","2024-10-28","2024 $ per gallon","NSA",2024-10-28,"Weekly","",-0.032,"GASREGWR"
"89",1992-04-27,"GASREGWR",1.072,2024-10-29,2024-10-29,2.40648060519108,139.4,"Real US Regular All Formulations Gas Price","1990-08-20","2024-10-28","2024 $ per gallon","NSA",2024-10-28,"Weekly","",-0.032,"GASREGWR"
"90",1992-05-04,"GASREGWR",1.089,2024-10-29,2024-10-29,2.43939330708661,139.7,"Real US Regular All Formulations Gas Price","1990-08-20","2024-10-28","2024 $ per gallon","NSA",2024-10-28,"Weekly","",-0.024,"GASREGWR"
"91",1992-05-11,"GASREGWR",1.102,2024-10-29,2024-10-29,2.46851370469187,139.7,"Real US Regular All Formulations Gas Price","1990-08-20","2024-10-28","2024 $ per gallon","NSA",2024-10-28,"Weekly","",-0.0189999999999999,"GASREGWR"
"92",1992-05-18,"GASREGWR",1.118,2024-10-29,2024-10-29,2.50435419405219,139.7,"Real US Regular All Formulations Gas Price","1990-08-20","2024-10-28","2024 $ per gallon","NSA",2024-10-28,"Weekly","",-0.0109999999999999,"GASREGWR"
"93",1992-05-25,"GASREGWR",1.12,2024-10-29,2024-10-29,2.50883425522223,139.7,"Real US Regular All Formulations Gas Price","1990-08-20","2024-10-28","2024 $ per gallon","NSA",2024-10-28,"Weekly","",-0.0199999999999998,"GASREGWR"
"94",1992-06-01,"GASREGWR",1.128,2024-10-29,2024-10-29,2.51954035429239,140.1,"Real US Regular All Formulations Gas Price","1990-08-20","2024-10-28","2024 $ per gallon","NSA",2024-10-28,"Weekly","",-0.01,"GASREGWR"
"95",1992-06-08,"GASREGWR",1.143,2024-10-29,2024-10-29,2.55304488028032,140.1,"Real US Regular All Formulations Gas Price","1990-08-20","2024-10-28","2024 $ per gallon","NSA",2024-10-28,"Weekly","",0.00800000000000001,"GASREGWR"
"96",1992-06-15,"GASREGWR",1.151,2024-10-29,2024-10-29,2.57091396080722,140.1,"Real US Regular All Formulations Gas Price","1990-08-20","2024-10-28","2024 $ per gallon","NSA",2024-10-28,"Weekly","",0.0250000000000001,"GASREGWR"
"97",1992-06-22,"GASREGWR",1.153,2024-10-29,2024-10-29,2.57538123093894,140.1,"Real US Regular All Formulations Gas Price","1990-08-20","2024-10-28","2024 $ per gallon","NSA",2024-10-28,"Weekly","",0.0389999999999999,"GASREGWR"
"98",1992-06-29,"GASREGWR",1.149,2024-10-29,2024-10-29,2.56644669067549,140.1,"Real US Regular All Formulations Gas Price","1990-08-20","2024-10-28","2024 $ per gallon","NSA",2024-10-28,"Weekly","",0.0449999999999999,"GASREGWR"
"99",1992-07-06,"GASREGWR",1.147,2024-10-29,2024-10-29,2.55468552895503,140.5,"Real US Regular All Formulations Gas Price","1990-08-20","2024-10-28","2024 $ per gallon","NSA",2024-10-28,"Weekly","",0.0489999999999999,"GASREGWR"
"100",1992-07-13,"GASREGWR",1.139,2024-10-29,2024-10-29,2.53686732125526,140.5,"Real US Regular All Formulations Gas Price","1990-08-20","2024-10-28","2024 $ per gallon","NSA",2024-10-28,"Weekly","",0.0449999999999999,"GASREGWR"
"101",1992-07-20,"GASREGWR",1.132,2024-10-29,2024-10-29,2.52127638951796,140.5,"Real US Regular All Formulations Gas Price","1990-08-20","2024-10-28","2024 $ per gallon","NSA",2024-10-28,"Weekly","",0.0409999999999999,"GASREGWR"
"102",1992-07-27,"GASREGWR",1.128,2024-10-29,2024-10-29,2.51236728566807,140.5,"Real US Regular All Formulations Gas Price","1990-08-20","2024-10-28","2024 $ per gallon","NSA",2024-10-28,"Weekly","",0.0369999999999999,"GASREGWR"
"103",1992-08-03,"GASREGWR",1.126,2024-10-29,2024-10-29,2.50256916967975,140.8,"Real US Regular All Formulations Gas Price","1990-08-20","2024-10-28","2024 $ per gallon","NSA",2024-10-28,"Weekly","",0.0269999999999999,"GASREGWR"
"104",1992-08-10,"GASREGWR",1.123,2024-10-29,2024-10-29,2.49590157864153,140.8,"Real US Regular All Formulations Gas Price","1990-08-20","2024-10-28","2024 $ per gallon","NSA",2024-10-28,"Weekly","",0.0109999999999999,"GASREGWR"
"105",1992-08-17,"GASREGWR",1.116,2024-10-29,2024-10-29,2.48034386621901,140.8,"Real US Regular All Formulations Gas Price","1990-08-20","2024-10-28","2024 $ per gallon","NSA",2024-10-28,"Weekly","",-0.00800000000000001,"GASREGWR"
"106",1992-08-24,"GASREGWR",1.123,2024-10-29,2024-10-29,2.49590157864153,140.8,"Real US Regular All Formulations Gas Price","1990-08-20","2024-10-28","2024 $ per gallon","NSA",2024-10-28,"Weekly","",-0.00100000000000011,"GASREGWR"
"107",1992-08-31,"GASREGWR",1.121,2024-10-29,2024-10-29,2.49145651794938,140.8,"Real US Regular All Formulations Gas Price","1990-08-20","2024-10-28","2024 $ per gallon","NSA",2024-10-28,"Weekly","",-0.00600000000000001,"GASREGWR"
"108",1992-09-07,"GASREGWR",1.121,2024-10-29,2024-10-29,2.48615930352426,141.1,"Real US Regular All Formulations Gas Price","1990-08-20","2024-10-28","2024 $ per gallon","NSA",2024-10-28,"Weekly","",0.00099999999999989,"GASREGWR"
"109",1992-09-14,"GASREGWR",1.124,2024-10-29,2024-10-29,2.49281271825269,141.1,"Real US Regular All Formulations Gas Price","1990-08-20","2024-10-28","2024 $ per gallon","NSA",2024-10-28,"Weekly","",0.014,"GASREGWR"
"110",1992-09-21,"GASREGWR",1.123,2024-10-29,2024-10-29,2.49059491334321,141.1,"Real US Regular All Formulations Gas Price","1990-08-20","2024-10-28","2024 $ per gallon","NSA",2024-10-28,"Weekly","",0.026,"GASREGWR"
"111",1992-09-28,"GASREGWR",1.118,2024-10-29,2024-10-29,2.47950588879583,141.1,"Real US Regular All Formulations Gas Price","1990-08-20","2024-10-28","2024 $ per gallon","NSA",2024-10-28,"Weekly","",0.026,"GASREGWR"
"112",1992-10-05,"GASREGWR",1.115,2024-10-29,2024-10-29,2.46238168024636,141.7,"Real US Regular All Formulations Gas Price","1990-08-20","2024-10-28","2024 $ per gallon","NSA",2024-10-28,"Weekly","",0.026,"GASREGWR"
"113",1992-10-12,"GASREGWR",1.115,2024-10-29,2024-10-29,2.46238168024636,141.7,"Real US Regular All Formulations Gas Price","1990-08-20","2024-10-28","2024 $ per gallon","NSA",2024-10-28,"Weekly","",0.0309999999999999,"GASREGWR"
"114",1992-10-19,"GASREGWR",1.113,2024-10-29,2024-10-29,2.45796485212036,141.7,"Real US Regular All Formulations Gas Price","1990-08-20","2024-10-28","2024 $ per gallon","NSA",2024-10-28,"Weekly","",0.0249999999999999,"GASREGWR"
"115",1992-10-26,"GASREGWR",1.113,2024-10-29,2024-10-29,2.45796485212036,141.7,"Real US Regular All Formulations Gas Price","1990-08-20","2024-10-28","2024 $ per gallon","NSA",2024-10-28,"Weekly","",0.022,"GASREGWR"
"116",1992-11-02,"GASREGWR",1.12,2024-10-29,2024-10-29,2.46646126287506,142.1,"Real US Regular All Formulations Gas Price","1990-08-20","2024-10-28","2024 $ per gallon","NSA",2024-10-28,"Weekly","",0.0290000000000001,"GASREGWR"
"117",1992-11-09,"GASREGWR",1.12,2024-10-29,2024-10-29,2.46646126287506,142.1,"Real US Regular All Formulations Gas Price","1990-08-20","2024-10-28","2024 $ per gallon","NSA",2024-10-28,"Weekly","",0.018,"GASREGWR"
"118",1992-11-16,"GASREGWR",1.112,2024-10-29,2024-10-29,2.44884368242595,142.1,"Real US Regular All Formulations Gas Price","1990-08-20","2024-10-28","2024 $ per gallon","NSA",2024-10-28,"Weekly","",0.00800000000000001,"GASREGWR"
"119",1992-11-23,"GASREGWR",1.106,2024-10-29,2024-10-29,2.43563049708912,142.1,"Real US Regular All Formulations Gas Price","1990-08-20","2024-10-28","2024 $ per gallon","NSA",2024-10-28,"Weekly","",0.00700000000000012,"GASREGWR"
"120",1992-11-30,"GASREGWR",1.098,2024-10-29,2024-10-29,2.41801291664001,142.1,"Real US Regular All Formulations Gas Price","1990-08-20","2024-10-28","2024 $ per gallon","NSA",2024-10-28,"Weekly","",-0.00099999999999989,"GASREGWR"
"121",1992-12-07,"GASREGWR",1.089,2024-10-29,2024-10-29,2.39482252283907,142.3,"Real US Regular All Formulations Gas Price","1990-08-20","2024-10-28","2024 $ per gallon","NSA",2024-10-28,"Weekly","",-0.002,"GASREGWR"
"122",1992-12-14,"GASREGWR",1.078,2024-10-29,2024-10-29,2.37063239634575,142.3,"Real US Regular All Formulations Gas Price","1990-08-20","2024-10-28","2024 $ per gallon","NSA",2024-10-28,"Weekly","",0.00300000000000011,"GASREGWR"
"123",1992-12-21,"GASREGWR",1.074,2024-10-29,2024-10-29,2.36183598671181,142.3,"Real US Regular All Formulations Gas Price","1990-08-20","2024-10-28","2024 $ per gallon","NSA",2024-10-28,"Weekly","",0.0110000000000001,"GASREGWR"
"124",1992-12-28,"GASREGWR",1.069,2024-10-29,2024-10-29,2.35084047466939,142.3,"Real US Regular All Formulations Gas Price","1990-08-20","2024-10-28","2024 $ per gallon","NSA",2024-10-28,"Weekly","",0.016,"GASREGWR"
"125",1993-01-04,"GASREGWR",1.065,2024-10-29,2024-10-29,2.33384363063407,142.8,"Real US Regular All Formulations Gas Price","1990-08-20","2024-10-28","2024 $ per gallon","NSA",2024-10-28,"Weekly","",0.0229999999999999,"GASREGWR"
"126",1993-01-11,"GASREGWR",1.066,2024-10-29,2024-10-29,2.33603503310415,142.8,"Real US Regular All Formulations Gas Price","1990-08-20","2024-10-28","2024 $ per gallon","NSA",2024-10-28,"Weekly","",0.04,"GASREGWR"
"127",1993-01-18,"GASREGWR",1.061,2024-10-29,2024-10-29,2.32507802075376,142.8,"Real US Regular All Formulations Gas Price","1990-08-20","2024-10-28","2024 $ per gallon","NSA",2024-10-28,"Weekly","",0.0469999999999999,"GASREGWR"
"128",1993-01-25,"GASREGWR",1.055,2024-10-29,2024-10-29,2.31192960593328,142.8,"Real US Regular All Formulations Gas Price","1990-08-20","2024-10-28","2024 $ per gallon","NSA",2024-10-28,"Weekly","",0.0489999999999999,"GASREGWR"
"129",1993-02-01,"GASREGWR",1.055,2024-10-29,2024-10-29,2.30708279334223,143.1,"Real US Regular All Formulations Gas Price","1990-08-20","2024-10-28","2024 $ per gallon","NSA",2024-10-28,"Weekly","",0.0599999999999999,"GASREGWR"
"130",1993-02-08,"GASREGWR",1.062,2024-10-29,2024-10-29,2.32239045168668,143.1,"Real US Regular All Formulations Gas Price","1990-08-20","2024-10-28","2024 $ per gallon","NSA",2024-10-28,"Weekly","",0.0580000000000001,"GASREGWR"
"131",1993-02-15,"GASREGWR",1.053,2024-10-29,2024-10-29,2.30270917667238,143.1,"Real US Regular All Formulations Gas Price","1990-08-20","2024-10-28","2024 $ per gallon","NSA",2024-10-28,"Weekly","",0.042,"GASREGWR"
"132",1993-02-22,"GASREGWR",1.047,2024-10-29,2024-10-29,2.28958832666285,143.1,"Real US Regular All Formulations Gas Price","1990-08-20","2024-10-28","2024 $ per gallon","NSA",2024-10-28,"Weekly","",0.0329999999999999,"GASREGWR"
"133",1993-03-01,"GASREGWR",1.042,2024-10-29,2024-10-29,2.27547402778659,143.3,"Real US Regular All Formulations Gas Price","1990-08-20","2024-10-28","2024 $ per gallon","NSA",2024-10-28,"Weekly","",0.03,"GASREGWR"
"134",1993-03-08,"GASREGWR",1.048,2024-10-29,2024-10-29,2.28857656537461,143.3,"Real US Regular All Formulations Gas Price","1990-08-20","2024-10-28","2024 $ per gallon","NSA",2024-10-28,"Weekly","",0.0350000000000001,"GASREGWR"
"135",1993-03-15,"GASREGWR",1.058,2024-10-29,2024-10-29,2.31041412802132,143.3,"Real US Regular All Formulations Gas Price","1990-08-20","2024-10-28","2024 $ per gallon","NSA",2024-10-28,"Weekly","",0.048,"GASREGWR"
"136",1993-03-22,"GASREGWR",1.056,2024-10-29,2024-10-29,2.30604661549197,143.3,"Real US Regular All Formulations Gas Price","1990-08-20","2024-10-28","2024 $ per gallon","NSA",2024-10-28,"Weekly","",0.0410000000000001,"GASREGWR"
"137",1993-03-29,"GASREGWR",1.057,2024-10-29,2024-10-29,2.30823037175665,143.3,"Real US Regular All Formulations Gas Price","1990-08-20","2024-10-28","2024 $ per gallon","NSA",2024-10-28,"Weekly","",0.044,"GASREGWR"
"138",1993-04-05,"GASREGWR",1.068,2024-10-29,2024-10-29,2.32414233152105,143.8,"Real US Regular All Formulations Gas Price","1990-08-20","2024-10-28","2024 $ per gallon","NSA",2024-10-28,"Weekly","",0.042,"GASREGWR"
"139",1993-04-12,"GASREGWR",1.079,2024-10-29,2024-10-29,2.34808012707043,143.8,"Real US Regular All Formulations Gas Price","1990-08-20","2024-10-28","2024 $ per gallon","NSA",2024-10-28,"Weekly","",0.028,"GASREGWR"
"140",1993-04-19,"GASREGWR",1.079,2024-10-29,2024-10-29,2.34808012707043,143.8,"Real US Regular All Formulations Gas Price","1990-08-20","2024-10-28","2024 $ per gallon","NSA",2024-10-28,"Weekly","",0.0209999999999999,"GASREGWR"
"141",1993-04-26,"GASREGWR",1.086,2024-10-29,2024-10-29,2.36331326969276,143.8,"Real US Regular All Formulations Gas Price","1990-08-20","2024-10-28","2024 $ per gallon","NSA",2024-10-28,"Weekly","",0.014,"GASREGWR"
"142",1993-05-03,"GASREGWR",1.086,2024-10-29,2024-10-29,2.35675761568529,144.2,"Real US Regular All Formulations Gas Price","1990-08-20","2024-10-28","2024 $ per gallon","NSA",2024-10-28,"Weekly","",-0.00299999999999989,"GASREGWR"
"143",1993-05-10,"GASREGWR",1.097,2024-10-29,2024-10-29,2.38062900958265,144.2,"Real US Regular All Formulations Gas Price","1990-08-20","2024-10-28","2024 $ per gallon","NSA",2024-10-28,"Weekly","",-0.00500000000000012,"GASREGWR"
"144",1993-05-17,"GASREGWR",1.106,2024-10-29,2024-10-29,2.40016015004413,144.2,"Real US Regular All Formulations Gas Price","1990-08-20","2024-10-28","2024 $ per gallon","NSA",2024-10-28,"Weekly","",-0.012,"GASREGWR"
"145",1993-05-24,"GASREGWR",1.106,2024-10-29,2024-10-29,2.40016015004413,144.2,"Real US Regular All Formulations Gas Price","1990-08-20","2024-10-28","2024 $ per gallon","NSA",2024-10-28,"Weekly","",-0.014,"GASREGWR"
"146",1993-05-31,"GASREGWR",1.107,2024-10-29,2024-10-29,2.40233027676207,144.2,"Real US Regular All Formulations Gas Price","1990-08-20","2024-10-28","2024 $ per gallon","NSA",2024-10-28,"Weekly","",-0.0209999999999999,"GASREGWR"
"147",1993-06-07,"GASREGWR",1.104,2024-10-29,2024-10-29,2.39415959175959,144.3,"Real US Regular All Formulations Gas Price","1990-08-20","2024-10-28","2024 $ per gallon","NSA",2024-10-28,"Weekly","",-0.0389999999999999,"GASREGWR"
"148",1993-06-14,"GASREGWR",1.101,2024-10-29,2024-10-29,2.38765372330372,144.3,"Real US Regular All Formulations Gas Price","1990-08-20","2024-10-28","2024 $ per gallon","NSA",2024-10-28,"Weekly","",-0.05,"GASREGWR"
"149",1993-06-21,"GASREGWR",1.095,2024-10-29,2024-10-29,2.37464198639199,144.3,"Real US Regular All Formulations Gas Price","1990-08-20","2024-10-28","2024 $ per gallon","NSA",2024-10-28,"Weekly","",-0.0580000000000001,"GASREGWR"
"150",1993-06-28,"GASREGWR",1.089,2024-10-29,2024-10-29,2.36163024948025,144.3,"Real US Regular All Formulations Gas Price","1990-08-20","2024-10-28","2024 $ per gallon","NSA",2024-10-28,"Weekly","",-0.0600000000000001,"GASREGWR"
"151",1993-07-05,"GASREGWR",1.086,2024-10-29,2024-10-29,2.35186469329978,144.5,"Real US Regular All Formulations Gas Price","1990-08-20","2024-10-28","2024 $ per gallon","NSA",2024-10-28,"Weekly","",-0.0609999999999999,"GASREGWR"
"152",1993-07-12,"GASREGWR",1.081,2024-10-29,2024-10-29,2.34103658697704,144.5,"Real US Regular All Formulations Gas Price","1990-08-20","2024-10-28","2024 $ per gallon","NSA",2024-10-28,"Weekly","",-0.0580000000000001,"GASREGWR"
"153",1993-07-19,"GASREGWR",1.075,2024-10-29,2024-10-29,2.32804285938975,144.5,"Real US Regular All Formulations Gas Price","1990-08-20","2024-10-28","2024 $ per gallon","NSA",2024-10-28,"Weekly","",-0.0569999999999999,"GASREGWR"
"154",1993-07-26,"GASREGWR",1.069,2024-10-29,2024-10-29,2.31504913180245,144.5,"Real US Regular All Formulations Gas Price","1990-08-20","2024-10-28","2024 $ per gallon","NSA",2024-10-28,"Weekly","",-0.0589999999999999,"GASREGWR"
"155",1993-08-02,"GASREGWR",1.062,2024-10-29,2024-10-29,2.29512481793069,144.8,"Real US Regular All Formulations Gas Price","1990-08-20","2024-10-28","2024 $ per gallon","NSA",2024-10-28,"Weekly","",-0.0639999999999998,"GASREGWR"
"156",1993-08-09,"GASREGWR",1.06,2024-10-29,2024-10-29,2.29080254897037,144.8,"Real US Regular All Formulations Gas Price","1990-08-20","2024-10-28","2024 $ per gallon","NSA",2024-10-28,"Weekly","",-0.0629999999999999,"GASREGWR"
"157",1993-08-16,"GASREGWR",1.059,2024-10-29,2024-10-29,2.28864141449021,144.8,"Real US Regular All Formulations Gas Price","1990-08-20","2024-10-28","2024 $ per gallon","NSA",2024-10-28,"Weekly","",-0.0570000000000002,"GASREGWR"
"158",1993-08-23,"GASREGWR",1.065,2024-10-29,2024-10-29,2.30160822137117,144.8,"Real US Regular All Formulations Gas Price","1990-08-20","2024-10-28","2024 $ per gallon","NSA",2024-10-28,"Weekly","",-0.0580000000000001,"GASREGWR"
"159",1993-08-30,"GASREGWR",1.062,2024-10-29,2024-10-29,2.29512481793069,144.8,"Real US Regular All Formulations Gas Price","1990-08-20","2024-10-28","2024 $ per gallon","NSA",2024-10-28,"Weekly","",-0.0589999999999999,"GASREGWR"
"160",1993-09-06,"GASREGWR",1.055,2024-10-29,2024-10-29,2.27685205329154,145,"Real US Regular All Formulations Gas Price","1990-08-20","2024-10-28","2024 $ per gallon","NSA",2024-10-28,"Weekly","",-0.0660000000000001,"GASREGWR"
"161",1993-09-13,"GASREGWR",1.051,2024-10-29,2024-10-29,2.26821943887147,145,"Real US Regular All Formulations Gas Price","1990-08-20","2024-10-28","2024 $ per gallon","NSA",2024-10-28,"Weekly","",-0.0730000000000002,"GASREGWR"
"162",1993-09-20,"GASREGWR",1.045,2024-10-29,2024-10-29,2.25527051724138,145,"Real US Regular All Formulations Gas Price","1990-08-20","2024-10-28","2024 $ per gallon","NSA",2024-10-28,"Weekly","",-0.0780000000000001,"GASREGWR"
"163",1993-09-27,"GASREGWR",1.047,2024-10-29,2024-10-29,2.25958682445141,145,"Real US Regular All Formulations Gas Price","1990-08-20","2024-10-28","2024 $ per gallon","NSA",2024-10-28,"Weekly","",-0.0710000000000002,"GASREGWR"
"164",1993-10-04,"GASREGWR",1.092,2024-10-29,2024-10-29,2.34699204545455,145.6,"Real US Regular All Formulations Gas Price","1990-08-20","2024-10-28","2024 $ per gallon","NSA",2024-10-28,"Weekly","",-0.0229999999999999,"GASREGWR"
"165",1993-10-11,"GASREGWR",1.09,2024-10-29,2024-10-29,2.34269352522478,145.6,"Real US Regular All Formulations Gas Price","1990-08-20","2024-10-28","2024 $ per gallon","NSA",2024-10-28,"Weekly","",-0.0249999999999999,"GASREGWR"
"166",1993-10-18,"GASREGWR",1.093,2024-10-29,2024-10-29,2.34914130556943,145.6,"Real US Regular All Formulations Gas Price","1990-08-20","2024-10-28","2024 $ per gallon","NSA",2024-10-28,"Weekly","",-0.02,"GASREGWR"
"167",1993-10-25,"GASREGWR",1.092,2024-10-29,2024-10-29,2.34699204545455,145.6,"Real US Regular All Formulations Gas Price","1990-08-20","2024-10-28","2024 $ per gallon","NSA",2024-10-28,"Weekly","",-0.0209999999999999,"GASREGWR"
"168",1993-11-01,"GASREGWR",1.084,2024-10-29,2024-10-29,2.32341495641345,146,"Real US Regular All Formulations Gas Price","1990-08-20","2024-10-28","2024 $ per gallon","NSA",2024-10-28,"Weekly","",-0.036,"GASREGWR"
"169",1993-11-08,"GASREGWR",1.075,2024-10-29,2024-10-29,2.30412461083437,146,"Real US Regular All Formulations Gas Price","1990-08-20","2024-10-28","2024 $ per gallon","NSA",2024-10-28,"Weekly","",-0.0450000000000002,"GASREGWR"
"170",1993-11-15,"GASREGWR",1.064,2024-10-29,2024-10-29,2.28054752179328,146,"Real US Regular All Formulations Gas Price","1990-08-20","2024-10-28","2024 $ per gallon","NSA",2024-10-28,"Weekly","",-0.048,"GASREGWR"
"171",1993-11-22,"GASREGWR",1.058,2024-10-29,2024-10-29,2.26768729140722,146,"Real US Regular All Formulations Gas Price","1990-08-20","2024-10-28","2024 $ per gallon","NSA",2024-10-28,"Weekly","",-0.048,"GASREGWR"
"172",1993-11-29,"GASREGWR",1.051,2024-10-29,2024-10-29,2.25268368929016,146,"Real US Regular All Formulations Gas Price","1990-08-20","2024-10-28","2024 $ per gallon","NSA",2024-10-28,"Weekly","",-0.0470000000000002,"GASREGWR"
"173",1993-12-06,"GASREGWR",1.036,2024-10-29,2024-10-29,2.21597973031753,146.3,"Real US Regular All Formulations Gas Price","1990-08-20","2024-10-28","2024 $ per gallon","NSA",2024-10-28,"Weekly","",-0.0529999999999999,"GASREGWR"
"174",1993-12-13,"GASREGWR",1.018,2024-10-29,2024-10-29,2.17747815199155,146.3,"Real US Regular All Formulations Gas Price","1990-08-20","2024-10-28","2024 $ per gallon","NSA",2024-10-28,"Weekly","",-0.0600000000000001,"GASREGWR"
"175",1993-12-20,"GASREGWR",1.003,2024-10-29,2024-10-29,2.14539350338657,146.3,"Real US Regular All Formulations Gas Price","1990-08-20","2024-10-28","2024 $ per gallon","NSA",2024-10-28,"Weekly","",-0.0710000000000002,"GASREGWR"
"176",1993-12-27,"GASREGWR",0.999,2024-10-29,2024-10-29,2.1368375970919,146.3,"Real US Regular All Formulations Gas Price","1990-08-20","2024-10-28","2024 $ per gallon","NSA",2024-10-28,"Weekly","",-0.07,"GASREGWR"
"177",1994-01-03,"GASREGWR",0.992,2024-10-29,2024-10-29,2.12186476107624,146.3,"Real US Regular All Formulations Gas Price","1990-08-20","2024-10-28","2024 $ per gallon","NSA",2024-10-28,"Weekly","",-0.073,"GASREGWR"
"178",1994-01-10,"GASREGWR",0.995,2024-10-29,2024-10-29,2.12828169079724,146.3,"Real US Regular All Formulations Gas Price","1990-08-20","2024-10-28","2024 $ per gallon","NSA",2024-10-28,"Weekly","",-0.0710000000000001,"GASREGWR"
"179",1994-01-17,"GASREGWR",1.001,2024-10-29,2024-10-29,2.14111555023923,146.3,"Real US Regular All Formulations Gas Price","1990-08-20","2024-10-28","2024 $ per gallon","NSA",2024-10-28,"Weekly","",-0.0600000000000001,"GASREGWR"
"180",1994-01-24,"GASREGWR",0.999,2024-10-29,2024-10-29,2.1368375970919,146.3,"Real US Regular All Formulations Gas Price","1990-08-20","2024-10-28","2024 $ per gallon","NSA",2024-10-28,"Weekly","",-0.0559999999999999,"GASREGWR"
"181",1994-01-31,"GASREGWR",1.005,2024-10-29,2024-10-29,2.1496714565339,146.3,"Real US Regular All Formulations Gas Price","1990-08-20","2024-10-28","2024 $ per gallon","NSA",2024-10-28,"Weekly","",-0.05,"GASREGWR"
"182",1994-02-07,"GASREGWR",1.007,2024-10-29,2024-10-29,2.14807633698953,146.7,"Real US Regular All Formulations Gas Price","1990-08-20","2024-10-28","2024 $ per gallon","NSA",2024-10-28,"Weekly","",-0.0550000000000002,"GASREGWR"
"183",1994-02-14,"GASREGWR",1.016,2024-10-29,2024-10-29,2.16727463592985,146.7,"Real US Regular All Formulations Gas Price","1990-08-20","2024-10-28","2024 $ per gallon","NSA",2024-10-28,"Weekly","",-0.0369999999999999,"GASREGWR"
"184",1994-02-21,"GASREGWR",1.009,2024-10-29,2024-10-29,2.15234262564293,146.7,"Real US Regular All Formulations Gas Price","1990-08-20","2024-10-28","2024 $ per gallon","NSA",2024-10-28,"Weekly","",-0.038,"GASREGWR"
"185",1994-02-28,"GASREGWR",1.004,2024-10-29,2024-10-29,2.14167690400942,146.7,"Real US Regular All Formulations Gas Price","1990-08-20","2024-10-28","2024 $ per gallon","NSA",2024-10-28,"Weekly","",-0.038,"GASREGWR"
"186",1994-03-07,"GASREGWR",1.007,2024-10-29,2024-10-29,2.14223520486991,147.1,"Real US Regular All Formulations Gas Price","1990-08-20","2024-10-28","2024 $ per gallon","NSA",2024-10-28,"Weekly","",-0.0410000000000001,"GASREGWR"
"187",1994-03-14,"GASREGWR",1.005,2024-10-29,2024-10-29,2.13798051727335,147.1,"Real US Regular All Formulations Gas Price","1990-08-20","2024-10-28","2024 $ per gallon","NSA",2024-10-28,"Weekly","",-0.0530000000000002,"GASREGWR"
"188",1994-03-21,"GASREGWR",1.007,2024-10-29,2024-10-29,2.14223520486991,147.1,"Real US Regular All Formulations Gas Price","1990-08-20","2024-10-28","2024 $ per gallon","NSA",2024-10-28,"Weekly","",-0.0490000000000002,"GASREGWR"
"189",1994-03-28,"GASREGWR",1.012,2024-10-29,2024-10-29,2.15287192386132,147.1,"Real US Regular All Formulations Gas Price","1990-08-20","2024-10-28","2024 $ per gallon","NSA",2024-10-28,"Weekly","",-0.0449999999999999,"GASREGWR"
"190",1994-04-04,"GASREGWR",1.011,2024-10-29,2024-10-29,2.1492834764081,147.2,"Real US Regular All Formulations Gas Price","1990-08-20","2024-10-28","2024 $ per gallon","NSA",2024-10-28,"Weekly","",-0.0570000000000002,"GASREGWR"
"191",1994-04-11,"GASREGWR",1.028,2024-10-29,2024-10-29,2.18542375247036,147.2,"Real US Regular All Formulations Gas Price","1990-08-20","2024-10-28","2024 $ per gallon","NSA",2024-10-28,"Weekly","",-0.0509999999999999,"GASREGWR"
"192",1994-04-18,"GASREGWR",1.033,2024-10-29,2024-10-29,2.19605324542984,147.2,"Real US Regular All Formulations Gas Price","1990-08-20","2024-10-28","2024 $ per gallon","NSA",2024-10-28,"Weekly","",-0.046,"GASREGWR"
"193",1994-04-25,"GASREGWR",1.037,2024-10-29,2024-10-29,2.20455683979743,147.2,"Real US Regular All Formulations Gas Price","1990-08-20","2024-10-28","2024 $ per gallon","NSA",2024-10-28,"Weekly","",-0.0490000000000002,"GASREGWR"
"194",1994-05-02,"GASREGWR",1.04,2024-10-29,2024-10-29,2.20643771956857,147.5,"Real US Regular All Formulations Gas Price","1990-08-20","2024-10-28","2024 $ per gallon","NSA",2024-10-28,"Weekly","",-0.046,"GASREGWR"
"195",1994-05-09,"GASREGWR",1.045,2024-10-29,2024-10-29,2.21704559322034,147.5,"Real US Regular All Formulations Gas Price","1990-08-20","2024-10-28","2024 $ per gallon","NSA",2024-10-28,"Weekly","",-0.052,"GASREGWR"
"196",1994-05-16,"GASREGWR",1.046,2024-10-29,2024-10-29,2.21916716795069,147.5,"Real US Regular All Formulations Gas Price","1990-08-20","2024-10-28","2024 $ per gallon","NSA",2024-10-28,"Weekly","",-0.0600000000000001,"GASREGWR"
"197",1994-05-23,"GASREGWR",1.05,2024-10-29,2024-10-29,2.22765346687211,147.5,"Real US Regular All Formulations Gas Price","1990-08-20","2024-10-28","2024 $ per gallon","NSA",2024-10-28,"Weekly","",-0.056,"GASREGWR"
"198",1994-05-30,"GASREGWR",1.056,2024-10-29,2024-10-29,2.24038291525424,147.5,"Real US Regular All Formulations Gas Price","1990-08-20","2024-10-28","2024 $ per gallon","NSA",2024-10-28,"Weekly","",-0.0509999999999999,"GASREGWR"
"199",1994-06-06,"GASREGWR",1.065,2024-10-29,2024-10-29,2.25336626406048,147.9,"Real US Regular All Formulations Gas Price","1990-08-20","2024-10-28","2024 $ per gallon","NSA",2024-10-28,"Weekly","",-0.0390000000000001,"GASREGWR"
"200",1994-06-13,"GASREGWR",1.073,2024-10-29,2024-10-29,2.27029295900178,147.9,"Real US Regular All Formulations Gas Price","1990-08-20","2024-10-28","2024 $ per gallon","NSA",2024-10-28,"Weekly","",-0.028,"GASREGWR"
"201",1994-06-20,"GASREGWR",1.079,2024-10-29,2024-10-29,2.28298798020776,147.9,"Real US Regular All Formulations Gas Price","1990-08-20","2024-10-28","2024 $ per gallon","NSA",2024-10-28,"Weekly","",-0.016,"GASREGWR"
"202",1994-06-27,"GASREGWR",1.095,2024-10-29,2024-10-29,2.31684137009036,147.9,"Real US Regular All Formulations Gas Price","1990-08-20","2024-10-28","2024 $ per gallon","NSA",2024-10-28,"Weekly","",0.00600000000000001,"GASREGWR"
"203",1994-07-04,"GASREGWR",1.097,2024-10-29,2024-10-29,2.31325271685861,148.4,"Real US Regular All Formulations Gas Price","1990-08-20","2024-10-28","2024 $ per gallon","NSA",2024-10-28,"Weekly","",0.0109999999999999,"GASREGWR"
"204",1994-07-11,"GASREGWR",1.103,2024-10-29,2024-10-29,2.32590496508209,148.4,"Real US Regular All Formulations Gas Price","1990-08-20","2024-10-28","2024 $ per gallon","NSA",2024-10-28,"Weekly","",0.022,"GASREGWR"
"205",1994-07-18,"GASREGWR",1.109,2024-10-29,2024-10-29,2.33855721330556,148.4,"Real US Regular All Formulations Gas Price","1990-08-20","2024-10-28","2024 $ per gallon","NSA",2024-10-28,"Weekly","",0.034,"GASREGWR"
"206",1994-07-25,"GASREGWR",1.114,2024-10-29,2024-10-29,2.34910075349179,148.4,"Real US Regular All Formulations Gas Price","1990-08-20","2024-10-28","2024 $ per gallon","NSA",2024-10-28,"Weekly","",0.0450000000000002,"GASREGWR"
"207",1994-08-01,"GASREGWR",1.13,2024-10-29,2024-10-29,2.37324475289811,149,"Real US Regular All Formulations Gas Price","1990-08-20","2024-10-28","2024 $ per gallon","NSA",2024-10-28,"Weekly","",0.0679999999999998,"GASREGWR"
"208",1994-08-08,"GASREGWR",1.157,2024-10-29,2024-10-29,2.42995060097621,149,"Real US Regular All Formulations Gas Price","1990-08-20","2024-10-28","2024 $ per gallon","NSA",2024-10-28,"Weekly","",0.097,"GASREGWR"
"209",1994-08-15,"GASREGWR",1.161,2024-10-29,2024-10-29,2.43835146735815,149,"Real US Regular All Formulations Gas Price","1990-08-20","2024-10-28","2024 $ per gallon","NSA",2024-10-28,"Weekly","",0.102,"GASREGWR"
"210",1994-08-22,"GASREGWR",1.165,2024-10-29,2024-10-29,2.44675233374009,149,"Real US Regular All Formulations Gas Price","1990-08-20","2024-10-28","2024 $ per gallon","NSA",2024-10-28,"Weekly","",0.1,"GASREGWR"
"211",1994-08-29,"GASREGWR",1.161,2024-10-29,2024-10-29,2.43835146735815,149,"Real US Regular All Formulations Gas Price","1990-08-20","2024-10-28","2024 $ per gallon","NSA",2024-10-28,"Weekly","",0.099,"GASREGWR"
"212",1994-09-05,"GASREGWR",1.156,2024-10-29,2024-10-29,2.42297191743287,149.3,"Real US Regular All Formulations Gas Price","1990-08-20","2024-10-28","2024 $ per gallon","NSA",2024-10-28,"Weekly","",0.101,"GASREGWR"
"213",1994-09-12,"GASREGWR",1.15,2024-10-29,2024-10-29,2.41039593862266,149.3,"Real US Regular All Formulations Gas Price","1990-08-20","2024-10-28","2024 $ per gallon","NSA",2024-10-28,"Weekly","",0.099,"GASREGWR"
"214",1994-09-19,"GASREGWR",1.14,2024-10-29,2024-10-29,2.38943597393899,149.3,"Real US Regular All Formulations Gas Price","1990-08-20","2024-10-28","2024 $ per gallon","NSA",2024-10-28,"Weekly","",0.095,"GASREGWR"
"215",1994-09-26,"GASREGWR",1.129,2024-10-29,2024-10-29,2.36638001278695,149.3,"Real US Regular All Formulations Gas Price","1990-08-20","2024-10-28","2024 $ per gallon","NSA",2024-10-28,"Weekly","",0.0820000000000001,"GASREGWR"
"216",1994-10-03,"GASREGWR",1.12,2024-10-29,2024-10-29,2.34594474869174,149.4,"Real US Regular All Formulations Gas Price","1990-08-20","2024-10-28","2024 $ per gallon","NSA",2024-10-28,"Weekly","",0.028,"GASREGWR"
"217",1994-10-10,"GASREGWR",1.114,2024-10-29,2024-10-29,2.33337718753803,149.4,"Real US Regular All Formulations Gas Price","1990-08-20","2024-10-28","2024 $ per gallon","NSA",2024-10-28,"Weekly","",0.024,"GASREGWR"
"218",1994-10-17,"GASREGWR",1.106,2024-10-29,2024-10-29,2.31662043933309,149.4,"Real US Regular All Formulations Gas Price","1990-08-20","2024-10-28","2024 $ per gallon","NSA",2024-10-28,"Weekly","",0.0130000000000001,"GASREGWR"
"219",1994-10-24,"GASREGWR",1.107,2024-10-29,2024-10-29,2.31871503285871,149.4,"Real US Regular All Formulations Gas Price","1990-08-20","2024-10-28","2024 $ per gallon","NSA",2024-10-28,"Weekly","",0.0149999999999999,"GASREGWR"
"220",1994-10-31,"GASREGWR",1.121,2024-10-29,2024-10-29,2.34803934221735,149.4,"Real US Regular All Formulations Gas Price","1990-08-20","2024-10-28","2024 $ per gallon","NSA",2024-10-28,"Weekly","",0.0369999999999999,"GASREGWR"
"221",1994-11-07,"GASREGWR",1.123,2024-10-29,2024-10-29,2.3459475452118,149.8,"Real US Regular All Formulations Gas Price","1990-08-20","2024-10-28","2024 $ per gallon","NSA",2024-10-28,"Weekly","",0.048,"GASREGWR"
"222",1994-11-14,"GASREGWR",1.122,2024-10-29,2024-10-29,2.3438585447263,149.8,"Real US Regular All Formulations Gas Price","1990-08-20","2024-10-28","2024 $ per gallon","NSA",2024-10-28,"Weekly","",0.0580000000000001,"GASREGWR"
"223",1994-11-21,"GASREGWR",1.113,2024-10-29,2024-10-29,2.32505754035684,149.8,"Real US Regular All Formulations Gas Price","1990-08-20","2024-10-28","2024 $ per gallon","NSA",2024-10-28,"Weekly","",0.0549999999999999,"GASREGWR"
"224",1994-11-28,"GASREGWR",1.105,2024-10-29,2024-10-29,2.30834553647287,149.8,"Real US Regular All Formulations Gas Price","1990-08-20","2024-10-28","2024 $ per gallon","NSA",2024-10-28,"Weekly","",0.054,"GASREGWR"
"225",1994-12-05,"GASREGWR",1.103,2024-10-29,2024-10-29,2.29956227060747,150.1,"Real US Regular All Formulations Gas Price","1990-08-20","2024-10-28","2024 $ per gallon","NSA",2024-10-28,"Weekly","",0.0669999999999999,"GASREGWR"
"226",1994-12-12,"GASREGWR",1.095,2024-10-29,2024-10-29,2.28288366846345,150.1,"Real US Regular All Formulations Gas Price","1990-08-20","2024-10-28","2024 $ per gallon","NSA",2024-10-28,"Weekly","",0.077,"GASREGWR"
"227",1994-12-19,"GASREGWR",1.087,2024-10-29,2024-10-29,2.26620506631942,150.1,"Real US Regular All Formulations Gas Price","1990-08-20","2024-10-28","2024 $ per gallon","NSA",2024-10-28,"Weekly","",0.0840000000000001,"GASREGWR"
"228",1994-12-26,"GASREGWR",1.077,2024-10-29,2024-10-29,2.24535681363939,150.1,"Real US Regular All Formulations Gas Price","1990-08-20","2024-10-28","2024 $ per gallon","NSA",2024-10-28,"Weekly","",0.078,"GASREGWR"
"229",1995-01-02,"GASREGWR",1.079,2024-10-29,2024-10-29,2.24354765629719,150.5,"Real US Regular All Formulations Gas Price","1990-08-20","2024-10-28","2024 $ per gallon","NSA",2024-10-28,"Weekly","",0.087,"GASREGWR"
"230",1995-01-09,"GASREGWR",1.086,2024-10-29,2024-10-29,2.25810264572637,150.5,"Real US Regular All Formulations Gas Price","1990-08-20","2024-10-28","2024 $ per gallon","NSA",2024-10-28,"Weekly","",0.0910000000000001,"GASREGWR"
"231",1995-01-16,"GASREGWR",1.078,2024-10-29,2024-10-29,2.24146837209302,150.5,"Real US Regular All Formulations Gas Price","1990-08-20","2024-10-28","2024 $ per gallon","NSA",2024-10-28,"Weekly","",0.0770000000000002,"GASREGWR"
"232",1995-01-23,"GASREGWR",1.083,2024-10-29,2024-10-29,2.25186479311386,150.5,"Real US Regular All Formulations Gas Price","1990-08-20","2024-10-28","2024 $ per gallon","NSA",2024-10-28,"Weekly","",0.084,"GASREGWR"
"233",1995-01-30,"GASREGWR",1.083,2024-10-29,2024-10-29,2.25186479311386,150.5,"Real US Regular All Formulations Gas Price","1990-08-20","2024-10-28","2024 $ per gallon","NSA",2024-10-28,"Weekly","",0.0780000000000001,"GASREGWR"
"234",1995-02-06,"GASREGWR",1.076,2024-10-29,2024-10-29,2.23137922766432,150.9,"Real US Regular All Formulations Gas Price","1990-08-20","2024-10-28","2024 $ per gallon","NSA",2024-10-28,"Weekly","",0.0690000000000002,"GASREGWR"
"235",1995-02-13,"GASREGWR",1.074,2024-10-29,2024-10-29,2.22723168263148,150.9,"Real US Regular All Formulations Gas Price","1990-08-20","2024-10-28","2024 $ per gallon","NSA",2024-10-28,"Weekly","",0.0580000000000001,"GASREGWR"
"236",1995-02-20,"GASREGWR",1.067,2024-10-29,2024-10-29,2.21271527501657,150.9,"Real US Regular All Formulations Gas Price","1990-08-20","2024-10-28","2024 $ per gallon","NSA",2024-10-28,"Weekly","",0.0580000000000001,"GASREGWR"
"237",1995-02-27,"GASREGWR",1.073,2024-10-29,2024-10-29,2.22515791011507,150.9,"Real US Regular All Formulations Gas Price","1990-08-20","2024-10-28","2024 $ per gallon","NSA",2024-10-28,"Weekly","",0.069,"GASREGWR"
"238",1995-03-06,"GASREGWR",1.076,2024-10-29,2024-10-29,2.22695188792689,151.2,"Real US Regular All Formulations Gas Price","1990-08-20","2024-10-28","2024 $ per gallon","NSA",2024-10-28,"Weekly","",0.0690000000000002,"GASREGWR"
"239",1995-03-13,"GASREGWR",1.069,2024-10-29,2024-10-29,2.21246428270803,151.2,"Real US Regular All Formulations Gas Price","1990-08-20","2024-10-28","2024 $ per gallon","NSA",2024-10-28,"Weekly","",0.0640000000000001,"GASREGWR"
"240",1995-03-20,"GASREGWR",1.068,2024-10-29,2024-10-29,2.21039462481962,151.2,"Real US Regular All Formulations Gas Price","1990-08-20","2024-10-28","2024 $ per gallon","NSA",2024-10-28,"Weekly","",0.0610000000000002,"GASREGWR"
"241",1995-03-27,"GASREGWR",1.075,2024-10-29,2024-10-29,2.22488223003848,151.2,"Real US Regular All Formulations Gas Price","1990-08-20","2024-10-28","2024 $ per gallon","NSA",2024-10-28,"Weekly","",0.0629999999999999,"GASREGWR"
"242",1995-04-03,"GASREGWR",1.087,2024-10-29,2024-10-29,2.24082595819859,151.8,"Real US Regular All Formulations Gas Price","1990-08-20","2024-10-28","2024 $ per gallon","NSA",2024-10-28,"Weekly","",0.0760000000000001,"GASREGWR"
"243",1995-04-10,"GASREGWR",1.103,2024-10-29,2024-10-29,2.27380959695772,151.8,"Real US Regular All Formulations Gas Price","1990-08-20","2024-10-28","2024 $ per gallon","NSA",2024-10-28,"Weekly","",0.075,"GASREGWR"
"244",1995-04-17,"GASREGWR",1.117,2024-10-29,2024-10-29,2.30267028087196,151.8,"Real US Regular All Formulations Gas Price","1990-08-20","2024-10-28","2024 $ per gallon","NSA",2024-10-28,"Weekly","",0.0840000000000001,"GASREGWR"
"245",1995-04-24,"GASREGWR",1.138,2024-10-29,2024-10-29,2.34596130674332,151.8,"Real US Regular All Formulations Gas Price","1990-08-20","2024-10-28","2024 $ per gallon","NSA",2024-10-28,"Weekly","",0.101,"GASREGWR"
"246",1995-05-01,"GASREGWR",1.148,2024-10-29,2024-10-29,2.36190827804674,152.1,"Real US Regular All Formulations Gas Price","1990-08-20","2024-10-28","2024 $ per gallon","NSA",2024-10-28,"Weekly","",0.108,"GASREGWR"
"247",1995-05-08,"GASREGWR",1.169,2024-10-29,2024-10-29,2.4051139172793,152.1,"Real US Regular All Formulations Gas Price","1990-08-20","2024-10-28","2024 $ per gallon","NSA",2024-10-28,"Weekly","",0.124,"GASREGWR"
"248",1995-05-15,"GASREGWR",1.179,2024-10-29,2024-10-29,2.42568803119957,152.1,"Real US Regular All Formulations Gas Price","1990-08-20","2024-10-28","2024 $ per gallon","NSA",2024-10-28,"Weekly","",0.133,"GASREGWR"
"249",1995-05-22,"GASREGWR",1.197,2024-10-29,2024-10-29,2.46272143625605,152.1,"Real US Regular All Formulations Gas Price","1990-08-20","2024-10-28","2024 $ per gallon","NSA",2024-10-28,"Weekly","",0.147,"GASREGWR"
"250",1995-05-29,"GASREGWR",1.199,2024-10-29,2024-10-29,2.46683625904011,152.1,"Real US Regular All Formulations Gas Price","1990-08-20","2024-10-28","2024 $ per gallon","NSA",2024-10-28,"Weekly","",0.143,"GASREGWR"
"251",1995-06-05,"GASREGWR",1.199,2024-10-29,2024-10-29,2.46198028215223,152.4,"Real US Regular All Formulations Gas Price","1990-08-20","2024-10-28","2024 $ per gallon","NSA",2024-10-28,"Weekly","",0.134,"GASREGWR"
"252",1995-06-12,"GASREGWR",1.196,2024-10-29,2024-10-29,2.45582019804343,152.4,"Real US Regular All Formulations Gas Price","1990-08-20","2024-10-28","2024 $ per gallon","NSA",2024-10-28,"Weekly","",0.123,"GASREGWR"
"253",1995-06-19,"GASREGWR",1.189,2024-10-29,2024-10-29,2.44144666845622,152.4,"Real US Regular All Formulations Gas Price","1990-08-20","2024-10-28","2024 $ per gallon","NSA",2024-10-28,"Weekly","",0.11,"GASREGWR"
"254",1995-06-26,"GASREGWR",1.182,2024-10-29,2024-10-29,2.427073138869,152.4,"Real US Regular All Formulations Gas Price","1990-08-20","2024-10-28","2024 $ per gallon","NSA",2024-10-28,"Weekly","",0.087,"GASREGWR"
"255",1995-07-03,"GASREGWR",1.175,2024-10-29,2024-10-29,2.40953748659597,152.6,"Real US Regular All Formulations Gas Price","1990-08-20","2024-10-28","2024 $ per gallon","NSA",2024-10-28,"Weekly","",0.0780000000000001,"GASREGWR"
"256",1995-07-10,"GASREGWR",1.165,2024-10-29,2024-10-29,2.38903078458239,152.6,"Real US Regular All Formulations Gas Price","1990-08-20","2024-10-28","2024 $ per gallon","NSA",2024-10-28,"Weekly","",0.0620000000000001,"GASREGWR"
"257",1995-07-17,"GASREGWR",1.153,2024-10-29,2024-10-29,2.36442274216609,152.6,"Real US Regular All Formulations Gas Price","1990-08-20","2024-10-28","2024 $ per gallon","NSA",2024-10-28,"Weekly","",0.044,"GASREGWR"
"258",1995-07-24,"GASREGWR",1.144,2024-10-29,2024-10-29,2.34596671035387,152.6,"Real US Regular All Formulations Gas Price","1990-08-20","2024-10-28","2024 $ per gallon","NSA",2024-10-28,"Weekly","",0.0299999999999998,"GASREGWR"
"259",1995-07-31,"GASREGWR",1.132,2024-10-29,2024-10-29,2.32135866793757,152.6,"Real US Regular All Formulations Gas Price","1990-08-20","2024-10-28","2024 $ per gallon","NSA",2024-10-28,"Weekly","",0.002,"GASREGWR"
"260",1995-08-07,"GASREGWR",1.127,2024-10-29,2024-10-29,2.3065707741245,152.9,"Real US Regular All Formulations Gas Price","1990-08-20","2024-10-28","2024 $ per gallon","NSA",2024-10-28,"Weekly","",-0.03,"GASREGWR"
"261",1995-08-14,"GASREGWR",1.125,2024-10-29,2024-10-29,2.30247748082526,152.9,"Real US Regular All Formulations Gas Price","1990-08-20","2024-10-28","2024 $ per gallon","NSA",2024-10-28,"Weekly","",-0.036,"GASREGWR"
"262",1995-08-21,"GASREGWR",1.124,2024-10-29,2024-10-29,2.30043083417564,152.9,"Real US Regular All Formulations Gas Price","1990-08-20","2024-10-28","2024 $ per gallon","NSA",2024-10-28,"Weekly","",-0.0409999999999999,"GASREGWR"
"263",1995-08-28,"GASREGWR",1.117,2024-10-29,2024-10-29,2.28610430762828,152.9,"Real US Regular All Formulations Gas Price","1990-08-20","2024-10-28","2024 $ per gallon","NSA",2024-10-28,"Weekly","",-0.044,"GASREGWR"
"264",1995-09-04,"GASREGWR",1.113,2024-10-29,2024-10-29,2.27494199572472,153.1,"Real US Regular All Formulations Gas Price","1990-08-20","2024-10-28","2024 $ per gallon","NSA",2024-10-28,"Weekly","",-0.0429999999999999,"GASREGWR"
"265",1995-09-11,"GASREGWR",1.111,2024-10-29,2024-10-29,2.27085404964076,153.1,"Real US Regular All Formulations Gas Price","1990-08-20","2024-10-28","2024 $ per gallon","NSA",2024-10-28,"Weekly","",-0.0389999999999999,"GASREGWR"
"266",1995-09-18,"GASREGWR",1.11,2024-10-29,2024-10-29,2.26881007659878,153.1,"Real US Regular All Formulations Gas Price","1990-08-20","2024-10-28","2024 $ per gallon","NSA",2024-10-28,"Weekly","",-0.0299999999999998,"GASREGWR"
"267",1995-09-25,"GASREGWR",1.109,2024-10-29,2024-10-29,2.2667661035568,153.1,"Real US Regular All Formulations Gas Price","1990-08-20","2024-10-28","2024 $ per gallon","NSA",2024-10-28,"Weekly","",-0.02,"GASREGWR"
"268",1995-10-02,"GASREGWR",1.105,2024-10-29,2024-10-29,2.25270463429079,153.5,"Real US Regular All Formulations Gas Price","1990-08-20","2024-10-28","2024 $ per gallon","NSA",2024-10-28,"Weekly","",-0.0150000000000001,"GASREGWR"
"269",1995-10-09,"GASREGWR",1.097,2024-10-29,2024-10-29,2.23639546046787,153.5,"Real US Regular All Formulations Gas Price","1990-08-20","2024-10-28","2024 $ per gallon","NSA",2024-10-28,"Weekly","",-0.0170000000000001,"GASREGWR"
"270",1995-10-16,"GASREGWR",1.087,2024-10-29,2024-10-29,2.21600899318922,153.5,"Real US Regular All Formulations Gas Price","1990-08-20","2024-10-28","2024 $ per gallon","NSA",2024-10-28,"Weekly","",-0.0190000000000001,"GASREGWR"
"271",1995-10-23,"GASREGWR",1.079,2024-10-29,2024-10-29,2.1996998193663,153.5,"Real US Regular All Formulations Gas Price","1990-08-20","2024-10-28","2024 $ per gallon","NSA",2024-10-28,"Weekly","",-0.028,"GASREGWR"
"272",1995-10-30,"GASREGWR",1.068,2024-10-29,2024-10-29,2.17727470535979,153.5,"Real US Regular All Formulations Gas Price","1990-08-20","2024-10-28","2024 $ per gallon","NSA",2024-10-28,"Weekly","",-0.0529999999999999,"GASREGWR"
"273",1995-11-06,"GASREGWR",1.065,2024-10-29,2024-10-29,2.16833357485065,153.7,"Real US Regular All Formulations Gas Price","1990-08-20","2024-10-28","2024 $ per gallon","NSA",2024-10-28,"Weekly","",-0.0580000000000001,"GASREGWR"
"274",1995-11-13,"GASREGWR",1.063,2024-10-29,2024-10-29,2.16426158691666,153.7,"Real US Regular All Formulations Gas Price","1990-08-20","2024-10-28","2024 $ per gallon","NSA",2024-10-28,"Weekly","",-0.0590000000000002,"GASREGWR"
"275",1995-11-20,"GASREGWR",1.06,2024-10-29,2024-10-29,2.15815360501567,153.7,"Real US Regular All Formulations Gas Price","1990-08-20","2024-10-28","2024 $ per gallon","NSA",2024-10-28,"Weekly","",-0.0529999999999999,"GASREGWR"
"276",1995-11-27,"GASREGWR",1.061,2024-10-29,2024-10-29,2.16018959898267,153.7,"Real US Regular All Formulations Gas Price","1990-08-20","2024-10-28","2024 $ per gallon","NSA",2024-10-28,"Weekly","",-0.044,"GASREGWR"
"277",1995-12-04,"GASREGWR",1.062,2024-10-29,2024-10-29,2.15941568314726,153.9,"Real US Regular All Formulations Gas Price","1990-08-20","2024-10-28","2024 $ per gallon","NSA",2024-10-28,"Weekly","",-0.0409999999999999,"GASREGWR"
"278",1995-12-11,"GASREGWR",1.063,2024-10-29,2024-10-29,2.16144903124815,153.9,"Real US Regular All Formulations Gas Price","1990-08-20","2024-10-28","2024 $ per gallon","NSA",2024-10-28,"Weekly","",-0.032,"GASREGWR"
"279",1995-12-18,"GASREGWR",1.078,2024-10-29,2024-10-29,2.19194925276153,153.9,"Real US Regular All Formulations Gas Price","1990-08-20","2024-10-28","2024 $ per gallon","NSA",2024-10-28,"Weekly","",-0.0089999999999999,"GASREGWR"
"280",1995-12-25,"GASREGWR",1.082,2024-10-29,2024-10-29,2.2000826451651,153.9,"Real US Regular All Formulations Gas Price","1990-08-20","2024-10-28","2024 $ per gallon","NSA",2024-10-28,"Weekly","",0.00500000000000012,"GASREGWR"
"281",1996-01-01,"GASREGWR",1.083,2024-10-29,2024-10-29,2.19072819239584,154.7,"Real US Regular All Formulations Gas Price","1990-08-20","2024-10-28","2024 $ per gallon","NSA",2024-10-28,"Weekly","",0.004,"GASREGWR"
"282",1996-01-08,"GASREGWR",1.093,2024-10-29,2024-10-29,2.21095652288888,154.7,"Real US Regular All Formulations Gas Price","1990-08-20","2024-10-28","2024 $ per gallon","NSA",2024-10-28,"Weekly","",0.0069999999999999,"GASREGWR"
"283",1996-01-15,"GASREGWR",1.098,2024-10-29,2024-10-29,2.22107068813539,154.7,"Real US Regular All Formulations Gas Price","1990-08-20","2024-10-28","2024 $ per gallon","NSA",2024-10-28,"Weekly","",0.02,"GASREGWR"
"284",1996-01-22,"GASREGWR",1.091,2024-10-29,2024-10-29,2.20691085679027,154.7,"Real US Regular All Formulations Gas Price","1990-08-20","2024-10-28","2024 $ per gallon","NSA",2024-10-28,"Weekly","",0.00800000000000001,"GASREGWR"
"285",1996-01-29,"GASREGWR",1.087,2024-10-29,2024-10-29,2.19881952459305,154.7,"Real US Regular All Formulations Gas Price","1990-08-20","2024-10-28","2024 $ per gallon","NSA",2024-10-28,"Weekly","",0.004,"GASREGWR"
"286",1996-02-05,"GASREGWR",1.083,2024-10-29,2024-10-29,2.18648807331378,155,"Real US Regular All Formulations Gas Price","1990-08-20","2024-10-28","2024 $ per gallon","NSA",2024-10-28,"Weekly","",0.0069999999999999,"GASREGWR"
"287",1996-02-12,"GASREGWR",1.08,2024-10-29,2024-10-29,2.18043131964809,155,"Real US Regular All Formulations Gas Price","1990-08-20","2024-10-28","2024 $ per gallon","NSA",2024-10-28,"Weekly","",0.00600000000000001,"GASREGWR"
"288",1996-02-19,"GASREGWR",1.087,2024-10-29,2024-10-29,2.19456374486803,155,"Real US Regular All Formulations Gas Price","1990-08-20","2024-10-28","2024 $ per gallon","NSA",2024-10-28,"Weekly","",0.02,"GASREGWR"
"289",1996-02-26,"GASREGWR",1.107,2024-10-29,2024-10-29,2.2349421026393,155,"Real US Regular All Formulations Gas Price","1990-08-20","2024-10-28","2024 $ per gallon","NSA",2024-10-28,"Weekly","",0.034,"GASREGWR"
"290",1996-03-04,"GASREGWR",1.124,2024-10-29,2024-10-29,2.26196703887752,155.5,"Real US Regular All Formulations Gas Price","1990-08-20","2024-10-28","2024 $ per gallon","NSA",2024-10-28,"Weekly","",0.048,"GASREGWR"
"291",1996-03-11,"GASREGWR",1.125,2024-10-29,2024-10-29,2.26397946506869,155.5,"Real US Regular All Formulations Gas Price","1990-08-20","2024-10-28","2024 $ per gallon","NSA",2024-10-28,"Weekly","",0.056,"GASREGWR"
"292",1996-03-18,"GASREGWR",1.135,2024-10-29,2024-10-29,2.28410372698041,155.5,"Real US Regular All Formulations Gas Price","1990-08-20","2024-10-28","2024 $ per gallon","NSA",2024-10-28,"Weekly","",0.0669999999999999,"GASREGWR"
"293",1996-03-25,"GASREGWR",1.164,2024-10-29,2024-10-29,2.34246408652441,155.5,"Real US Regular All Formulations Gas Price","1990-08-20","2024-10-28","2024 $ per gallon","NSA",2024-10-28,"Weekly","",0.089,"GASREGWR"
"294",1996-04-01,"GASREGWR",1.178,2024-10-29,2024-10-29,2.36152605555879,156.1,"Real US Regular All Formulations Gas Price","1990-08-20","2024-10-28","2024 $ per gallon","NSA",2024-10-28,"Weekly","",0.091,"GASREGWR"
"295",1996-04-08,"GASREGWR",1.204,2024-10-29,2024-10-29,2.41364802282919,156.1,"Real US Regular All Formulations Gas Price","1990-08-20","2024-10-28","2024 $ per gallon","NSA",2024-10-28,"Weekly","",0.101,"GASREGWR"
"296",1996-04-15,"GASREGWR",1.242,2024-10-29,2024-10-29,2.48982628268592,156.1,"Real US Regular All Formulations Gas Price","1990-08-20","2024-10-28","2024 $ per gallon","NSA",2024-10-28,"Weekly","",0.125,"GASREGWR"
"297",1996-04-22,"GASREGWR",1.256,2024-10-29,2024-10-29,2.51789195736998,156.1,"Real US Regular All Formulations Gas Price","1990-08-20","2024-10-28","2024 $ per gallon","NSA",2024-10-28,"Weekly","",0.118,"GASREGWR"
"298",1996-04-29,"GASREGWR",1.273,2024-10-29,2024-10-29,2.55197170520063,156.1,"Real US Regular All Formulations Gas Price","1990-08-20","2024-10-28","2024 $ per gallon","NSA",2024-10-28,"Weekly","",0.125,"GASREGWR"
"299",1996-05-06,"GASREGWR",1.275,2024-10-29,2024-10-29,2.55107831027668,156.4,"Real US Regular All Formulations Gas Price","1990-08-20","2024-10-28","2024 $ per gallon","NSA",2024-10-28,"Weekly","",0.106,"GASREGWR"
"300",1996-05-13,"GASREGWR",1.277,2024-10-29,2024-10-29,2.55508000174378,156.4,"Real US Regular All Formulations Gas Price","1990-08-20","2024-10-28","2024 $ per gallon","NSA",2024-10-28,"Weekly","",0.0979999999999999,"GASREGWR"
"301",1996-05-20,"GASREGWR",1.285,2024-10-29,2024-10-29,2.57108676761218,156.4,"Real US Regular All Formulations Gas Price","1990-08-20","2024-10-28","2024 $ per gallon","NSA",2024-10-28,"Weekly","",0.0879999999999999,"GASREGWR"
"302",1996-05-27,"GASREGWR",1.275,2024-10-29,2024-10-29,2.55107831027668,156.4,"Real US Regular All Formulations Gas Price","1990-08-20","2024-10-28","2024 $ per gallon","NSA",2024-10-28,"Weekly","",0.0759999999999998,"GASREGWR"
"303",1996-06-03,"GASREGWR",1.269,2024-10-29,2024-10-29,2.53421221500261,156.7,"Real US Regular All Formulations Gas Price","1990-08-20","2024-10-28","2024 $ per gallon","NSA",2024-10-28,"Weekly","",0.0699999999999998,"GASREGWR"
"304",1996-06-10,"GASREGWR",1.262,2024-10-29,2024-10-29,2.52023310900969,156.7,"Real US Regular All Formulations Gas Price","1990-08-20","2024-10-28","2024 $ per gallon","NSA",2024-10-28,"Weekly","",0.0660000000000001,"GASREGWR"
"305",1996-06-17,"GASREGWR",1.258,2024-10-29,2024-10-29,2.5122450484423,156.7,"Real US Regular All Formulations Gas Price","1990-08-20","2024-10-28","2024 $ per gallon","NSA",2024-10-28,"Weekly","",0.069,"GASREGWR"
"306",1996-06-24,"GASREGWR",1.245,2024-10-29,2024-10-29,2.48628385159831,156.7,"Real US Regular All Formulations Gas Price","1990-08-20","2024-10-28","2024 $ per gallon","NSA",2024-10-28,"Weekly","",0.0630000000000002,"GASREGWR"
"307",1996-07-01,"GASREGWR",1.234,2024-10-29,2024-10-29,2.45960779965258,157,"Real US Regular All Formulations Gas Price","1990-08-20","2024-10-28","2024 $ per gallon","NSA",2024-10-28,"Weekly","",0.0589999999999999,"GASREGWR"
"308",1996-07-08,"GASREGWR",1.231,2024-10-29,2024-10-29,2.45362820208454,157,"Real US Regular All Formulations Gas Price","1990-08-20","2024-10-28","2024 $ per gallon","NSA",2024-10-28,"Weekly","",0.0660000000000001,"GASREGWR"
"309",1996-07-15,"GASREGWR",1.228,2024-10-29,2024-10-29,2.4476486045165,157,"Real US Regular All Formulations Gas Price","1990-08-20","2024-10-28","2024 $ per gallon","NSA",2024-10-28,"Weekly","",0.075,"GASREGWR"
"310",1996-07-22,"GASREGWR",1.227,2024-10-29,2024-10-29,2.44565540532716,157,"Real US Regular All Formulations Gas Price","1990-08-20","2024-10-28","2024 $ per gallon","NSA",2024-10-28,"Weekly","",0.0830000000000002,"GASREGWR"
"311",1996-07-29,"GASREGWR",1.218,2024-10-29,2024-10-29,2.42771661262305,157,"Real US Regular All Formulations Gas Price","1990-08-20","2024-10-28","2024 $ per gallon","NSA",2024-10-28,"Weekly","",0.0860000000000001,"GASREGWR"
"312",1996-08-05,"GASREGWR",1.207,2024-10-29,2024-10-29,2.40273061820495,157.2,"Real US Regular All Formulations Gas Price","1990-08-20","2024-10-28","2024 $ per gallon","NSA",2024-10-28,"Weekly","",0.0800000000000001,"GASREGWR"
"313",1996-08-12,"GASREGWR",1.203,2024-10-29,2024-10-29,2.39476796495489,157.2,"Real US Regular All Formulations Gas Price","1990-08-20","2024-10-28","2024 $ per gallon","NSA",2024-10-28,"Weekly","",0.0780000000000001,"GASREGWR"
"314",1996-08-19,"GASREGWR",1.205,2024-10-29,2024-10-29,2.39874929157992,157.2,"Real US Regular All Formulations Gas Price","1990-08-20","2024-10-28","2024 $ per gallon","NSA",2024-10-28,"Weekly","",0.081,"GASREGWR"
"315",1996-08-26,"GASREGWR",1.209,2024-10-29,2024-10-29,2.40671194482998,157.2,"Real US Regular All Formulations Gas Price","1990-08-20","2024-10-28","2024 $ per gallon","NSA",2024-10-28,"Weekly","",0.0920000000000001,"GASREGWR"
"316",1996-09-02,"GASREGWR",1.197,2024-10-29,2024-10-29,2.37526905805038,157.7,"Real US Regular All Formulations Gas Price","1990-08-20","2024-10-28","2024 $ per gallon","NSA",2024-10-28,"Weekly","",0.0840000000000001,"GASREGWR"
"317",1996-09-09,"GASREGWR",1.203,2024-10-29,2024-10-29,2.38717516861705,157.7,"Real US Regular All Formulations Gas Price","1990-08-20","2024-10-28","2024 $ per gallon","NSA",2024-10-28,"Weekly","",0.0920000000000001,"GASREGWR"
"318",1996-09-16,"GASREGWR",1.206,2024-10-29,2024-10-29,2.39312822390039,157.7,"Real US Regular All Formulations Gas Price","1990-08-20","2024-10-28","2024 $ per gallon","NSA",2024-10-28,"Weekly","",0.0959999999999999,"GASREGWR"
"319",1996-09-23,"GASREGWR",1.206,2024-10-29,2024-10-29,2.39312822390039,157.7,"Real US Regular All Formulations Gas Price","1990-08-20","2024-10-28","2024 $ per gallon","NSA",2024-10-28,"Weekly","",0.097,"GASREGWR"
"320",1996-09-30,"GASREGWR",1.2,2024-10-29,2024-10-29,2.38122211333372,157.7,"Real US Regular All Formulations Gas Price","1990-08-20","2024-10-28","2024 $ per gallon","NSA",2024-10-28,"Weekly","",0.095,"GASREGWR"
"321",1996-10-07,"GASREGWR",1.194,2024-10-29,2024-10-29,2.36182764624756,158.2,"Real US Regular All Formulations Gas Price","1990-08-20","2024-10-28","2024 $ per gallon","NSA",2024-10-28,"Weekly","",0.097,"GASREGWR"
"322",1996-10-14,"GASREGWR",1.203,2024-10-29,2024-10-29,2.37963036719917,158.2,"Real US Regular All Formulations Gas Price","1990-08-20","2024-10-28","2024 $ per gallon","NSA",2024-10-28,"Weekly","",0.116,"GASREGWR"
"323",1996-10-21,"GASREGWR",1.204,2024-10-29,2024-10-29,2.38160844730491,158.2,"Real US Regular All Formulations Gas Price","1990-08-20","2024-10-28","2024 $ per gallon","NSA",2024-10-28,"Weekly","",0.125,"GASREGWR"
"324",1996-10-28,"GASREGWR",1.215,2024-10-29,2024-10-29,2.40336732846799,158.2,"Real US Regular All Formulations Gas Price","1990-08-20","2024-10-28","2024 $ per gallon","NSA",2024-10-28,"Weekly","",0.147,"GASREGWR"
"325",1996-11-04,"GASREGWR",1.223,2024-10-29,2024-10-29,2.41157006644899,158.7,"Real US Regular All Formulations Gas Price","1990-08-20","2024-10-28","2024 $ per gallon","NSA",2024-10-28,"Weekly","",0.158,"GASREGWR"
"326",1996-11-11,"GASREGWR",1.226,2024-10-29,2024-10-29,2.41748561035688,158.7,"Real US Regular All Formulations Gas Price","1990-08-20","2024-10-28","2024 $ per gallon","NSA",2024-10-28,"Weekly","",0.163,"GASREGWR"
"327",1996-11-18,"GASREGWR",1.236,2024-10-29,2024-10-29,2.43720409004984,158.7,"Real US Regular All Formulations Gas Price","1990-08-20","2024-10-28","2024 $ per gallon","NSA",2024-10-28,"Weekly","",0.176,"GASREGWR"
"328",1996-11-25,"GASREGWR",1.244,2024-10-29,2024-10-29,2.4529788738042,158.7,"Real US Regular All Formulations Gas Price","1990-08-20","2024-10-28","2024 $ per gallon","NSA",2024-10-28,"Weekly","",0.183,"GASREGWR"
"329",1996-12-02,"GASREGWR",1.241,2024-10-29,2024-10-29,2.440911065082,159.1,"Real US Regular All Formulations Gas Price","1990-08-20","2024-10-28","2024 $ per gallon","NSA",2024-10-28,"Weekly","",0.179,"GASREGWR"
"330",1996-12-09,"GASREGWR",1.241,2024-10-29,2024-10-29,2.440911065082,159.1,"Real US Regular All Formulations Gas Price","1990-08-20","2024-10-28","2024 $ per gallon","NSA",2024-10-28,"Weekly","",0.178,"GASREGWR"
"331",1996-12-16,"GASREGWR",1.236,2024-10-29,2024-10-29,2.43107661276498,159.1,"Real US Regular All Formulations Gas Price","1990-08-20","2024-10-28","2024 $ per gallon","NSA",2024-10-28,"Weekly","",0.158,"GASREGWR"
"332",1996-12-23,"GASREGWR",1.231,2024-10-29,2024-10-29,2.42124216044797,159.1,"Real US Regular All Formulations Gas Price","1990-08-20","2024-10-28","2024 $ per gallon","NSA",2024-10-28,"Weekly","",0.149,"GASREGWR"
"333",1996-12-30,"GASREGWR",1.227,2024-10-29,2024-10-29,2.41337459859437,159.1,"Real US Regular All Formulations Gas Price","1990-08-20","2024-10-28","2024 $ per gallon","NSA",2024-10-28,"Weekly","",0.144,"GASREGWR"
"334",1997-01-06,"GASREGWR",1.225,2024-10-29,2024-10-29,2.40490611098437,159.4,"Real US Regular All Formulations Gas Price","1990-08-20","2024-10-28","2024 $ per gallon","NSA",2024-10-28,"Weekly","",0.132,"GASREGWR"
"335",1997-01-13,"GASREGWR",1.241,2024-10-29,2024-10-29,2.43631712957682,159.4,"Real US Regular All Formulations Gas Price","1990-08-20","2024-10-28","2024 $ per gallon","NSA",2024-10-28,"Weekly","",0.143,"GASREGWR"
"336",1997-01-20,"GASREGWR",1.241,2024-10-29,2024-10-29,2.43631712957682,159.4,"Real US Regular All Formulations Gas Price","1990-08-20","2024-10-28","2024 $ per gallon","NSA",2024-10-28,"Weekly","",0.15,"GASREGWR"
"337",1997-01-27,"GASREGWR",1.238,2024-10-29,2024-10-29,2.43042756359074,159.4,"Real US Regular All Formulations Gas Price","1990-08-20","2024-10-28","2024 $ per gallon","NSA",2024-10-28,"Weekly","",0.151,"GASREGWR"
"338",1997-02-03,"GASREGWR",1.236,2024-10-29,2024-10-29,2.42194294984915,159.7,"Real US Regular All Formulations Gas Price","1990-08-20","2024-10-28","2024 $ per gallon","NSA",2024-10-28,"Weekly","",0.153,"GASREGWR"
"339",1997-02-10,"GASREGWR",1.234,2024-10-29,2024-10-29,2.41802394831218,159.7,"Real US Regular All Formulations Gas Price","1990-08-20","2024-10-28","2024 $ per gallon","NSA",2024-10-28,"Weekly","",0.154,"GASREGWR"
"340",1997-02-17,"GASREGWR",1.227,2024-10-29,2024-10-29,2.40430744293277,159.7,"Real US Regular All Formulations Gas Price","1990-08-20","2024-10-28","2024 $ per gallon","NSA",2024-10-28,"Weekly","",0.14,"GASREGWR"
"341",1997-02-24,"GASREGWR",1.223,2024-10-29,2024-10-29,2.39646943985883,159.7,"Real US Regular All Formulations Gas Price","1990-08-20","2024-10-28","2024 $ per gallon","NSA",2024-10-28,"Weekly","",0.116,"GASREGWR"
"342",1997-03-03,"GASREGWR",1.215,2024-10-29,2024-10-29,2.37930357549209,159.8,"Real US Regular All Formulations Gas Price","1990-08-20","2024-10-28","2024 $ per gallon","NSA",2024-10-28,"Weekly","",0.091,"GASREGWR"
"343",1997-03-10,"GASREGWR",1.206,2024-10-29,2024-10-29,2.36167910456252,159.8,"Real US Regular All Formulations Gas Price","1990-08-20","2024-10-28","2024 $ per gallon","NSA",2024-10-28,"Weekly","",0.081,"GASREGWR"
"344",1997-03-17,"GASREGWR",1.2,2024-10-29,2024-10-29,2.34992945727614,159.8,"Real US Regular All Formulations Gas Price","1990-08-20","2024-10-28","2024 $ per gallon","NSA",2024-10-28,"Weekly","",0.0649999999999999,"GASREGWR"
"345",1997-03-24,"GASREGWR",1.204,2024-10-29,2024-10-29,2.35776255546706,159.8,"Real US Regular All Formulations Gas Price","1990-08-20","2024-10-28","2024 $ per gallon","NSA",2024-10-28,"Weekly","",0.04,"GASREGWR"
"346",1997-03-31,"GASREGWR",1.2,2024-10-29,2024-10-29,2.34992945727614,159.8,"Real US Regular All Formulations Gas Price","1990-08-20","2024-10-28","2024 $ per gallon","NSA",2024-10-28,"Weekly","",0.022,"GASREGWR"
"347",1997-04-07,"GASREGWR",1.203,2024-10-29,2024-10-29,2.3543309824322,159.9,"Real US Regular All Formulations Gas Price","1990-08-20","2024-10-28","2024 $ per gallon","NSA",2024-10-28,"Weekly","",-0.00099999999999989,"GASREGWR"
"348",1997-04-14,"GASREGWR",1.199,2024-10-29,2024-10-29,2.34650278298937,159.9,"Real US Regular All Formulations Gas Price","1990-08-20","2024-10-28","2024 $ per gallon","NSA",2024-10-28,"Weekly","",-0.0429999999999999,"GASREGWR"
"349",1997-04-21,"GASREGWR",1.199,2024-10-29,2024-10-29,2.34650278298937,159.9,"Real US Regular All Formulations Gas Price","1990-08-20","2024-10-28","2024 $ per gallon","NSA",2024-10-28,"Weekly","",-0.0569999999999999,"GASREGWR"
"350",1997-04-28,"GASREGWR",1.195,2024-10-29,2024-10-29,2.33867458354653,159.9,"Real US Regular All Formulations Gas Price","1990-08-20","2024-10-28","2024 $ per gallon","NSA",2024-10-28,"Weekly","",-0.0779999999999998,"GASREGWR"
"351",1997-05-05,"GASREGWR",1.193,2024-10-29,2024-10-29,2.33476048382512,159.9,"Real US Regular All Formulations Gas Price","1990-08-20","2024-10-28","2024 $ per gallon","NSA",2024-10-28,"Weekly","",-0.0819999999999999,"GASREGWR"
"352",1997-05-12,"GASREGWR",1.193,2024-10-29,2024-10-29,2.33476048382512,159.9,"Real US Regular All Formulations Gas Price","1990-08-20","2024-10-28","2024 $ per gallon","NSA",2024-10-28,"Weekly","",-0.0839999999999999,"GASREGWR"
"353",1997-05-19,"GASREGWR",1.203,2024-10-29,2024-10-29,2.3543309824322,159.9,"Real US Regular All Formulations Gas Price","1990-08-20","2024-10-28","2024 $ per gallon","NSA",2024-10-28,"Weekly","",-0.0819999999999999,"GASREGWR"
"354",1997-05-26,"GASREGWR",1.212,2024-10-29,2024-10-29,2.37194443117858,159.9,"Real US Regular All Formulations Gas Price","1990-08-20","2024-10-28","2024 $ per gallon","NSA",2024-10-28,"Weekly","",-0.0629999999999999,"GASREGWR"
"355",1997-06-02,"GASREGWR",1.215,2024-10-29,2024-10-29,2.37336274259448,160.2,"Real US Regular All Formulations Gas Price","1990-08-20","2024-10-28","2024 $ per gallon","NSA",2024-10-28,"Weekly","",-0.0539999999999998,"GASREGWR"
"356",1997-06-09,"GASREGWR",1.207,2024-10-29,2024-10-29,2.35773566280785,160.2,"Real US Regular All Formulations Gas Price","1990-08-20","2024-10-28","2024 $ per gallon","NSA",2024-10-28,"Weekly","",-0.0549999999999999,"GASREGWR"
"357",1997-06-16,"GASREGWR",1.198,2024-10-29,2024-10-29,2.34015519804789,160.2,"Real US Regular All Formulations Gas Price","1990-08-20","2024-10-28","2024 $ per gallon","NSA",2024-10-28,"Weekly","",-0.0600000000000001,"GASREGWR"
"358",1997-06-23,"GASREGWR",1.187,2024-10-29,2024-10-29,2.31866796334128,160.2,"Real US Regular All Formulations Gas Price","1990-08-20","2024-10-28","2024 $ per gallon","NSA",2024-10-28,"Weekly","",-0.0580000000000001,"GASREGWR"
"359",1997-06-30,"GASREGWR",1.181,2024-10-29,2024-10-29,2.30694765350131,160.2,"Real US Regular All Formulations Gas Price","1990-08-20","2024-10-28","2024 $ per gallon","NSA",2024-10-28,"Weekly","",-0.0529999999999999,"GASREGWR"
"360",1997-07-07,"GASREGWR",1.177,2024-10-29,2024-10-29,2.29626736284289,160.4,"Real US Regular All Formulations Gas Price","1990-08-20","2024-10-28","2024 $ per gallon","NSA",2024-10-28,"Weekly","",-0.054,"GASREGWR"
"361",1997-07-14,"GASREGWR",1.173,2024-10-29,2024-10-29,2.28846356551802,160.4,"Real US Regular All Formulations Gas Price","1990-08-20","2024-10-28","2024 $ per gallon","NSA",2024-10-28,"Weekly","",-0.0549999999999999,"GASREGWR"
"362",1997-07-21,"GASREGWR",1.177,2024-10-29,2024-10-29,2.29626736284289,160.4,"Real US Regular All Formulations Gas Price","1990-08-20","2024-10-28","2024 $ per gallon","NSA",2024-10-28,"Weekly","",-0.05,"GASREGWR"
"363",1997-07-28,"GASREGWR",1.17,2024-10-29,2024-10-29,2.28261071752437,160.4,"Real US Regular All Formulations Gas Price","1990-08-20","2024-10-28","2024 $ per gallon","NSA",2024-10-28,"Weekly","",-0.048,"GASREGWR"
"364",1997-08-04,"GASREGWR",1.193,2024-10-29,2024-10-29,2.32169279454998,160.8,"Real US Regular All Formulations Gas Price","1990-08-20","2024-10-28","2024 $ per gallon","NSA",2024-10-28,"Weekly","",-0.014,"GASREGWR"
"365",1997-08-11,"GASREGWR",1.228,2024-10-29,2024-10-29,2.38980616236997,160.8,"Real US Regular All Formulations Gas Price","1990-08-20","2024-10-28","2024 $ per gallon","NSA",2024-10-28,"Weekly","",0.0249999999999999,"GASREGWR"
"366",1997-08-18,"GASREGWR",1.229,2024-10-29,2024-10-29,2.3917522585934,160.8,"Real US Regular All Formulations Gas Price","1990-08-20","2024-10-28","2024 $ per gallon","NSA",2024-10-28,"Weekly","",0.024,"GASREGWR"
"367",1997-08-25,"GASREGWR",1.244,2024-10-29,2024-10-29,2.42094370194482,160.8,"Real US Regular All Formulations Gas Price","1990-08-20","2024-10-28","2024 $ per gallon","NSA",2024-10-28,"Weekly","",0.0349999999999999,"GASREGWR"
"368",1997-09-01,"GASREGWR",1.243,2024-10-29,2024-10-29,2.41299513027295,161.2,"Real US Regular All Formulations Gas Price","1990-08-20","2024-10-28","2024 $ per gallon","NSA",2024-10-28,"Weekly","",0.046,"GASREGWR"
"369",1997-09-08,"GASREGWR",1.243,2024-10-29,2024-10-29,2.41299513027295,161.2,"Real US Regular All Formulations Gas Price","1990-08-20","2024-10-28","2024 $ per gallon","NSA",2024-10-28,"Weekly","",0.04,"GASREGWR"
"370",1997-09-15,"GASREGWR",1.236,2024-10-29,2024-10-29,2.39940625986916,161.2,"Real US Regular All Formulations Gas Price","1990-08-20","2024-10-28","2024 $ per gallon","NSA",2024-10-28,"Weekly","",0.03,"GASREGWR"
"371",1997-09-22,"GASREGWR",1.225,2024-10-29,2024-10-29,2.37805232066321,161.2,"Real US Regular All Formulations Gas Price","1990-08-20","2024-10-28","2024 $ per gallon","NSA",2024-10-28,"Weekly","",0.0190000000000001,"GASREGWR"
"372",1997-09-29,"GASREGWR",1.21,2024-10-29,2024-10-29,2.34893331265509,161.2,"Real US Regular All Formulations Gas Price","1990-08-20","2024-10-28","2024 $ per gallon","NSA",2024-10-28,"Weekly","",0.01,"GASREGWR"
"373",1997-10-06,"GASREGWR",1.209,2024-10-29,2024-10-29,2.34263230790881,161.5,"Real US Regular All Formulations Gas Price","1990-08-20","2024-10-28","2024 $ per gallon","NSA",2024-10-28,"Weekly","",0.0150000000000001,"GASREGWR"
"374",1997-10-13,"GASREGWR",1.203,2024-10-29,2024-10-29,2.33100634112018,161.5,"Real US Regular All Formulations Gas Price","1990-08-20","2024-10-28","2024 $ per gallon","NSA",2024-10-28,"Weekly","",0,"GASREGWR"
"375",1997-10-20,"GASREGWR",1.193,2024-10-29,2024-10-29,2.3116297298058,161.5,"Real US Regular All Formulations Gas Price","1990-08-20","2024-10-28","2024 $ per gallon","NSA",2024-10-28,"Weekly","",-0.0109999999999999,"GASREGWR"
"376",1997-10-27,"GASREGWR",1.182,2024-10-29,2024-10-29,2.29031545735998,161.5,"Real US Regular All Formulations Gas Price","1990-08-20","2024-10-28","2024 $ per gallon","NSA",2024-10-28,"Weekly","",-0.0330000000000001,"GASREGWR"
"377",1997-11-03,"GASREGWR",1.176,2024-10-29,2024-10-29,2.27587107438017,161.7,"Real US Regular All Formulations Gas Price","1990-08-20","2024-10-28","2024 $ per gallon","NSA",2024-10-28,"Weekly","",-0.0470000000000002,"GASREGWR"
"378",1997-11-10,"GASREGWR",1.177,2024-10-29,2024-10-29,2.2778063388992,161.7,"Real US Regular All Formulations Gas Price","1990-08-20","2024-10-28","2024 $ per gallon","NSA",2024-10-28,"Weekly","",-0.0489999999999999,"GASREGWR"
"379",1997-11-17,"GASREGWR",1.168,2024-10-29,2024-10-29,2.26038895822792,161.7,"Real US Regular All Formulations Gas Price","1990-08-20","2024-10-28","2024 $ per gallon","NSA",2024-10-28,"Weekly","",-0.0680000000000001,"GASREGWR"
"380",1997-11-24,"GASREGWR",1.162,2024-10-29,2024-10-29,2.24877737111373,161.7,"Real US Regular All Formulations Gas Price","1990-08-20","2024-10-28","2024 $ per gallon","NSA",2024-10-28,"Weekly","",-0.0820000000000001,"GASREGWR"
"381",1997-12-01,"GASREGWR",1.152,2024-10-29,2024-10-29,2.22804683672323,161.8,"Real US Regular All Formulations Gas Price","1990-08-20","2024-10-28","2024 $ per gallon","NSA",2024-10-28,"Weekly","",-0.0890000000000002,"GASREGWR"
"382",1997-12-08,"GASREGWR",1.141,2024-10-29,2024-10-29,2.20677208394202,161.8,"Real US Regular All Formulations Gas Price","1990-08-20","2024-10-28","2024 $ per gallon","NSA",2024-10-28,"Weekly","",-0.1,"GASREGWR"
"383",1997-12-15,"GASREGWR",1.131,2024-10-29,2024-10-29,2.18743139959546,161.8,"Real US Regular All Formulations Gas Price","1990-08-20","2024-10-28","2024 $ per gallon","NSA",2024-10-28,"Weekly","",-0.105,"GASREGWR"
"384",1997-12-22,"GASREGWR",1.121,2024-10-29,2024-10-29,2.1680907152489,161.8,"Real US Regular All Formulations Gas Price","1990-08-20","2024-10-28","2024 $ per gallon","NSA",2024-10-28,"Weekly","",-0.11,"GASREGWR"
"385",1997-12-29,"GASREGWR",1.112,2024-10-29,2024-10-29,2.150684099337,161.8,"Real US Regular All Formulations Gas Price","1990-08-20","2024-10-28","2024 $ per gallon","NSA",2024-10-28,"Weekly","",-0.115,"GASREGWR"
"386",1998-01-05,"GASREGWR",1.102,2024-10-29,2024-10-29,2.12871212682379,162,"Real US Regular All Formulations Gas Price","1990-08-20","2024-10-28","2024 $ per gallon","NSA",2024-10-28,"Weekly","",-0.123,"GASREGWR"
"387",1998-01-12,"GASREGWR",1.094,2024-10-29,2024-10-29,2.11325868125701,162,"Real US Regular All Formulations Gas Price","1990-08-20","2024-10-28","2024 $ per gallon","NSA",2024-10-28,"Weekly","",-0.147,"GASREGWR"
"388",1998-01-19,"GASREGWR",1.083,2024-10-29,2024-10-29,2.09201019360269,162,"Real US Regular All Formulations Gas Price","1990-08-20","2024-10-28","2024 $ per gallon","NSA",2024-10-28,"Weekly","",-0.158,"GASREGWR"
"389",1998-01-26,"GASREGWR",1.066,2024-10-29,2024-10-29,2.05917162177329,162,"Real US Regular All Formulations Gas Price","1990-08-20","2024-10-28","2024 $ per gallon","NSA",2024-10-28,"Weekly","",-0.172,"GASREGWR"
"390",1998-02-02,"GASREGWR",1.061,2024-10-29,2024-10-29,2.04951321829405,162,"Real US Regular All Formulations Gas Price","1990-08-20","2024-10-28","2024 $ per gallon","NSA",2024-10-28,"Weekly","",-0.175,"GASREGWR"
"391",1998-02-09,"GASREGWR",1.053,2024-10-29,2024-10-29,2.03405977272727,162,"Real US Regular All Formulations Gas Price","1990-08-20","2024-10-28","2024 $ per gallon","NSA",2024-10-28,"Weekly","",-0.181,"GASREGWR"
"392",1998-02-16,"GASREGWR",1.038,2024-10-29,2024-10-29,2.00508456228956,162,"Real US Regular All Formulations Gas Price","1990-08-20","2024-10-28","2024 $ per gallon","NSA",2024-10-28,"Weekly","",-0.189,"GASREGWR"
"393",1998-02-23,"GASREGWR",1.044,2024-10-29,2024-10-29,2.01667464646465,162,"Real US Regular All Formulations Gas Price","1990-08-20","2024-10-28","2024 $ per gallon","NSA",2024-10-28,"Weekly","",-0.179,"GASREGWR"
"394",1998-03-02,"GASREGWR",1.028,2024-10-29,2024-10-29,1.98576775533109,162,"Real US Regular All Formulations Gas Price","1990-08-20","2024-10-28","2024 $ per gallon","NSA",2024-10-28,"Weekly","",-0.187,"GASREGWR"
"395",1998-03-09,"GASREGWR",1.018,2024-10-29,2024-10-29,1.96645094837261,162,"Real US Regular All Formulations Gas Price","1990-08-20","2024-10-28","2024 $ per gallon","NSA",2024-10-28,"Weekly","",-0.188,"GASREGWR"
"396",1998-03-16,"GASREGWR",1.008,2024-10-29,2024-10-29,1.94713414141414,162,"Real US Regular All Formulations Gas Price","1990-08-20","2024-10-28","2024 $ per gallon","NSA",2024-10-28,"Weekly","",-0.192,"GASREGWR"
"397",1998-03-23,"GASREGWR",1,2024-10-29,2024-10-29,1.93168069584736,162,"Real US Regular All Formulations Gas Price","1990-08-20","2024-10-28","2024 $ per gallon","NSA",2024-10-28,"Weekly","",-0.204,"GASREGWR"
"398",1998-03-30,"GASREGWR",1.03,2024-10-29,2024-10-29,1.98963111672278,162,"Real US Regular All Formulations Gas Price","1990-08-20","2024-10-28","2024 $ per gallon","NSA",2024-10-28,"Weekly","",-0.17,"GASREGWR"
"399",1998-04-06,"GASREGWR",1.028,2024-10-29,2024-10-29,1.9833192130927,162.2,"Real US Regular All Formulations Gas Price","1990-08-20","2024-10-28","2024 $ per gallon","NSA",2024-10-28,"Weekly","",-0.175,"GASREGWR"
"400",1998-04-13,"GASREGWR",1.025,2024-10-29,2024-10-29,1.97753131655644,162.2,"Real US Regular All Formulations Gas Price","1990-08-20","2024-10-28","2024 $ per gallon","NSA",2024-10-28,"Weekly","",-0.174,"GASREGWR"
"401",1998-04-20,"GASREGWR",1.028,2024-10-29,2024-10-29,1.9833192130927,162.2,"Real US Regular All Formulations Gas Price","1990-08-20","2024-10-28","2024 $ per gallon","NSA",2024-10-28,"Weekly","",-0.171,"GASREGWR"
"402",1998-04-27,"GASREGWR",1.04,2024-10-29,2024-10-29,2.00647079923775,162.2,"Real US Regular All Formulations Gas Price","1990-08-20","2024-10-28","2024 $ per gallon","NSA",2024-10-28,"Weekly","",-0.155,"GASREGWR"
"403",1998-05-04,"GASREGWR",1.049,2024-10-29,2024-10-29,2.01885580621715,162.6,"Real US Regular All Formulations Gas Price","1990-08-20","2024-10-28","2024 $ per gallon","NSA",2024-10-28,"Weekly","",-0.144,"GASREGWR"
"404",1998-05-11,"GASREGWR",1.063,2024-10-29,2024-10-29,2.04579954433635,162.6,"Real US Regular All Formulations Gas Price","1990-08-20","2024-10-28","2024 $ per gallon","NSA",2024-10-28,"Weekly","",-0.13,"GASREGWR"
"405",1998-05-18,"GASREGWR",1.072,2024-10-29,2024-10-29,2.06312051884155,162.6,"Real US Regular All Formulations Gas Price","1990-08-20","2024-10-28","2024 $ per gallon","NSA",2024-10-28,"Weekly","",-0.131,"GASREGWR"
"406",1998-05-25,"GASREGWR",1.07,2024-10-29,2024-10-29,2.05927141339595,162.6,"Real US Regular All Formulations Gas Price","1990-08-20","2024-10-28","2024 $ per gallon","NSA",2024-10-28,"Weekly","",-0.142,"GASREGWR"
"407",1998-06-01,"GASREGWR",1.066,2024-10-29,2024-10-29,2.04905284230512,162.8,"Real US Regular All Formulations Gas Price","1990-08-20","2024-10-28","2024 $ per gallon","NSA",2024-10-28,"Weekly","",-0.149,"GASREGWR"
"408",1998-06-08,"GASREGWR",1.075,2024-10-29,2024-10-29,2.06635253797186,162.8,"Real US Regular All Formulations Gas Price","1990-08-20","2024-10-28","2024 $ per gallon","NSA",2024-10-28,"Weekly","",-0.132,"GASREGWR"
"409",1998-06-15,"GASREGWR",1.066,2024-10-29,2024-10-29,2.04905284230512,162.8,"Real US Regular All Formulations Gas Price","1990-08-20","2024-10-28","2024 $ per gallon","NSA",2024-10-28,"Weekly","",-0.132,"GASREGWR"
"410",1998-06-22,"GASREGWR",1.058,2024-10-29,2024-10-29,2.03367533504579,162.8,"Real US Regular All Formulations Gas Price","1990-08-20","2024-10-28","2024 $ per gallon","NSA",2024-10-28,"Weekly","",-0.129,"GASREGWR"
"411",1998-06-29,"GASREGWR",1.057,2024-10-29,2024-10-29,2.03175314663837,162.8,"Real US Regular All Formulations Gas Price","1990-08-20","2024-10-28","2024 $ per gallon","NSA",2024-10-28,"Weekly","",-0.124,"GASREGWR"
"412",1998-07-06,"GASREGWR",1.058,2024-10-29,2024-10-29,2.02869083667558,163.2,"Real US Regular All Formulations Gas Price","1990-08-20","2024-10-28","2024 $ per gallon","NSA",2024-10-28,"Weekly","",-0.119,"GASREGWR"
"413",1998-07-13,"GASREGWR",1.054,2024-10-29,2024-10-29,2.0210209280303,163.2,"Real US Regular All Formulations Gas Price","1990-08-20","2024-10-28","2024 $ per gallon","NSA",2024-10-28,"Weekly","",-0.119,"GASREGWR"
"414",1998-07-20,"GASREGWR",1.059,2024-10-29,2024-10-29,2.0306083138369,163.2,"Real US Regular All Formulations Gas Price","1990-08-20","2024-10-28","2024 $ per gallon","NSA",2024-10-28,"Weekly","",-0.118,"GASREGWR"
"415",1998-07-27,"GASREGWR",1.05,2024-10-29,2024-10-29,2.01335101938503,163.2,"Real US Regular All Formulations Gas Price","1990-08-20","2024-10-28","2024 $ per gallon","NSA",2024-10-28,"Weekly","",-0.12,"GASREGWR"
"416",1998-08-03,"GASREGWR",1.039,2024-10-29,2024-10-29,1.98982026538333,163.4,"Real US Regular All Formulations Gas Price","1990-08-20","2024-10-28","2024 $ per gallon","NSA",2024-10-28,"Weekly","",-0.154,"GASREGWR"
"417",1998-08-10,"GASREGWR",1.033,2024-10-29,2024-10-29,1.97832948425503,163.4,"Real US Regular All Formulations Gas Price","1990-08-20","2024-10-28","2024 $ per gallon","NSA",2024-10-28,"Weekly","",-0.195,"GASREGWR"
"418",1998-08-17,"GASREGWR",1.026,2024-10-29,2024-10-29,1.96492357293869,163.4,"Real US Regular All Formulations Gas Price","1990-08-20","2024-10-28","2024 $ per gallon","NSA",2024-10-28,"Weekly","",-0.203,"GASREGWR"
"419",1998-08-24,"GASREGWR",1.019,2024-10-29,2024-10-29,1.95151766162234,163.4,"Real US Regular All Formulations Gas Price","1990-08-20","2024-10-28","2024 $ per gallon","NSA",2024-10-28,"Weekly","",-0.225,"GASREGWR"
"420",1998-08-31,"GASREGWR",1.013,2024-10-29,2024-10-29,1.94002688049405,163.4,"Real US Regular All Formulations Gas Price","1990-08-20","2024-10-28","2024 $ per gallon","NSA",2024-10-28,"Weekly","",-0.23,"GASREGWR"
"421",1998-09-07,"GASREGWR",1.007,2024-10-29,2024-10-29,1.92735656658326,163.5,"Real US Regular All Formulations Gas Price","1990-08-20","2024-10-28","2024 $ per gallon","NSA",2024-10-28,"Weekly","",-0.236,"GASREGWR"
"422",1998-09-14,"GASREGWR",1.002,2024-10-29,2024-10-29,1.91778677231026,163.5,"Real US Regular All Formulations Gas Price","1990-08-20","2024-10-28","2024 $ per gallon","NSA",2024-10-28,"Weekly","",-0.234,"GASREGWR"
"423",1998-09-21,"GASREGWR",1.014,2024-10-29,2024-10-29,1.94075427856547,163.5,"Real US Regular All Formulations Gas Price","1990-08-20","2024-10-28","2024 $ per gallon","NSA",2024-10-28,"Weekly","",-0.211,"GASREGWR"
"424",1998-09-28,"GASREGWR",1.014,2024-10-29,2024-10-29,1.94075427856547,163.5,"Real US Regular All Formulations Gas Price","1990-08-20","2024-10-28","2024 $ per gallon","NSA",2024-10-28,"Weekly","",-0.196,"GASREGWR"
"425",1998-10-05,"GASREGWR",1.019,2024-10-29,2024-10-29,1.94556428254479,163.9,"Real US Regular All Formulations Gas Price","1990-08-20","2024-10-28","2024 $ per gallon","NSA",2024-10-28,"Weekly","",-0.19,"GASREGWR"
"426",1998-10-12,"GASREGWR",1.022,2024-10-29,2024-10-29,1.95129214598702,163.9,"Real US Regular All Formulations Gas Price","1990-08-20","2024-10-28","2024 $ per gallon","NSA",2024-10-28,"Weekly","",-0.181,"GASREGWR"
"427",1998-10-19,"GASREGWR",1.019,2024-10-29,2024-10-29,1.94556428254479,163.9,"Real US Regular All Formulations Gas Price","1990-08-20","2024-10-28","2024 $ per gallon","NSA",2024-10-28,"Weekly","",-0.174,"GASREGWR"
"428",1998-10-26,"GASREGWR",1.015,2024-10-29,2024-10-29,1.93792713128848,163.9,"Real US Regular All Formulations Gas Price","1990-08-20","2024-10-28","2024 $ per gallon","NSA",2024-10-28,"Weekly","",-0.167,"GASREGWR"
"429",1998-11-02,"GASREGWR",1.01,2024-10-29,2024-10-29,1.92603044152679,164.1,"Real US Regular All Formulations Gas Price","1990-08-20","2024-10-28","2024 $ per gallon","NSA",2024-10-28,"Weekly","",-0.166,"GASREGWR"
"430",1998-11-09,"GASREGWR",1.008,2024-10-29,2024-10-29,1.9222165198604,164.1,"Real US Regular All Formulations Gas Price","1990-08-20","2024-10-28","2024 $ per gallon","NSA",2024-10-28,"Weekly","",-0.169,"GASREGWR"
"431",1998-11-16,"GASREGWR",0.996,2024-10-29,2024-10-29,1.89933298986206,164.1,"Real US Regular All Formulations Gas Price","1990-08-20","2024-10-28","2024 $ per gallon","NSA",2024-10-28,"Weekly","",-0.172,"GASREGWR"
"432",1998-11-23,"GASREGWR",0.989,2024-10-29,2024-10-29,1.88598426402969,164.1,"Real US Regular All Formulations Gas Price","1990-08-20","2024-10-28","2024 $ per gallon","NSA",2024-10-28,"Weekly","",-0.173,"GASREGWR"
"433",1998-11-30,"GASREGWR",0.974,2024-10-29,2024-10-29,1.85737985153177,164.1,"Real US Regular All Formulations Gas Price","1990-08-20","2024-10-28","2024 $ per gallon","NSA",2024-10-28,"Weekly","",-0.178,"GASREGWR"
"434",1998-12-07,"GASREGWR",0.954,2024-10-29,2024-10-29,1.81592085268746,164.4,"Real US Regular All Formulations Gas Price","1990-08-20","2024-10-28","2024 $ per gallon","NSA",2024-10-28,"Weekly","",-0.187,"GASREGWR"
"435",1998-12-14,"GASREGWR",0.945,2024-10-29,2024-10-29,1.79878952388852,164.4,"Real US Regular All Formulations Gas Price","1990-08-20","2024-10-28","2024 $ per gallon","NSA",2024-10-28,"Weekly","",-0.186,"GASREGWR"
"436",1998-12-21,"GASREGWR",0.944,2024-10-29,2024-10-29,1.79688604291086,164.4,"Real US Regular All Formulations Gas Price","1990-08-20","2024-10-28","2024 $ per gallon","NSA",2024-10-28,"Weekly","",-0.177,"GASREGWR"
"437",1998-12-28,"GASREGWR",0.937,2024-10-29,2024-10-29,1.78356167606724,164.4,"Real US Regular All Formulations Gas Price","1990-08-20","2024-10-28","2024 $ per gallon","NSA",2024-10-28,"Weekly","",-0.175,"GASREGWR"
"438",1999-01-04,"GASREGWR",0.935,2024-10-29,2024-10-29,1.77651290224651,164.7,"Real US Regular All Formulations Gas Price","1990-08-20","2024-10-28","2024 $ per gallon","NSA",2024-10-28,"Weekly","",-0.167,"GASREGWR"
"439",1999-01-11,"GASREGWR",0.941,2024-10-29,2024-10-29,1.78791298504167,164.7,"Real US Regular All Formulations Gas Price","1990-08-20","2024-10-28","2024 $ per gallon","NSA",2024-10-28,"Weekly","",-0.153,"GASREGWR"
"440",1999-01-18,"GASREGWR",0.944,2024-10-29,2024-10-29,1.79361302643926,164.7,"Real US Regular All Formulations Gas Price","1990-08-20","2024-10-28","2024 $ per gallon","NSA",2024-10-28,"Weekly","",-0.139,"GASREGWR"
"441",1999-01-25,"GASREGWR",0.936,2024-10-29,2024-10-29,1.7784129160457,164.7,"Real US Regular All Formulations Gas Price","1990-08-20","2024-10-28","2024 $ per gallon","NSA",2024-10-28,"Weekly","",-0.13,"GASREGWR"
"442",1999-02-01,"GASREGWR",0.929,2024-10-29,2024-10-29,1.76511281945134,164.7,"Real US Regular All Formulations Gas Price","1990-08-20","2024-10-28","2024 $ per gallon","NSA",2024-10-28,"Weekly","",-0.132,"GASREGWR"
"443",1999-02-08,"GASREGWR",0.927,2024-10-29,2024-10-29,1.76131279185296,164.7,"Real US Regular All Formulations Gas Price","1990-08-20","2024-10-28","2024 $ per gallon","NSA",2024-10-28,"Weekly","",-0.126,"GASREGWR"
"444",1999-02-15,"GASREGWR",0.919,2024-10-29,2024-10-29,1.7461126814594,164.7,"Real US Regular All Formulations Gas Price","1990-08-20","2024-10-28","2024 $ per gallon","NSA",2024-10-28,"Weekly","",-0.119,"GASREGWR"
"445",1999-02-22,"GASREGWR",0.907,2024-10-29,2024-10-29,1.72331251586907,164.7,"Real US Regular All Formulations Gas Price","1990-08-20","2024-10-28","2024 $ per gallon","NSA",2024-10-28,"Weekly","",-0.137,"GASREGWR"
"446",1999-03-01,"GASREGWR",0.913,2024-10-29,2024-10-29,1.73365998179612,164.8,"Real US Regular All Formulations Gas Price","1990-08-20","2024-10-28","2024 $ per gallon","NSA",2024-10-28,"Weekly","",-0.115,"GASREGWR"
"447",1999-03-08,"GASREGWR",0.921,2024-10-29,2024-10-29,1.74885086882171,164.8,"Real US Regular All Formulations Gas Price","1990-08-20","2024-10-28","2024 $ per gallon","NSA",2024-10-28,"Weekly","",-0.097,"GASREGWR"
"448",1999-03-15,"GASREGWR",0.977,2024-10-29,2024-10-29,1.85518707800088,164.8,"Real US Regular All Formulations Gas Price","1990-08-20","2024-10-28","2024 $ per gallon","NSA",2024-10-28,"Weekly","",-0.031,"GASREGWR"
"449",1999-03-22,"GASREGWR",1.017,2024-10-29,2024-10-29,1.93114151312886,164.8,"Real US Regular All Formulations Gas Price","1990-08-20","2024-10-28","2024 $ per gallon","NSA",2024-10-28,"Weekly","",0.0169999999999999,"GASREGWR"
"450",1999-03-29,"GASREGWR",1.082,2024-10-29,2024-10-29,2.05456747021183,164.8,"Real US Regular All Formulations Gas Price","1990-08-20","2024-10-28","2024 $ per gallon","NSA",2024-10-28,"Weekly","",0.052,"GASREGWR"
"451",1999-04-05,"GASREGWR",1.118,2024-10-29,2024-10-29,2.10885039728204,165.9,"Real US Regular All Formulations Gas Price","1990-08-20","2024-10-28","2024 $ per gallon","NSA",2024-10-28,"Weekly","",0.0900000000000001,"GASREGWR"
"452",1999-04-12,"GASREGWR",1.14,2024-10-29,2024-10-29,2.15034834785468,165.9,"Real US Regular All Formulations Gas Price","1990-08-20","2024-10-28","2024 $ per gallon","NSA",2024-10-28,"Weekly","",0.115,"GASREGWR"
"453",1999-04-19,"GASREGWR",1.135,2024-10-29,2024-10-29,2.14091699545181,165.9,"Real US Regular All Formulations Gas Price","1990-08-20","2024-10-28","2024 $ per gallon","NSA",2024-10-28,"Weekly","",0.107,"GASREGWR"
"454",1999-04-26,"GASREGWR",1.131,2024-10-29,2024-10-29,2.13337191352951,165.9,"Real US Regular All Formulations Gas Price","1990-08-20","2024-10-28","2024 $ per gallon","NSA",2024-10-28,"Weekly","",0.091,"GASREGWR"
"455",1999-05-03,"GASREGWR",1.136,2024-10-29,2024-10-29,2.14151242059146,166,"Real US Regular All Formulations Gas Price","1990-08-20","2024-10-28","2024 $ per gallon","NSA",2024-10-28,"Weekly","",0.087,"GASREGWR"
"456",1999-05-10,"GASREGWR",1.14,2024-10-29,2024-10-29,2.14905295728368,166,"Real US Regular All Formulations Gas Price","1990-08-20","2024-10-28","2024 $ per gallon","NSA",2024-10-28,"Weekly","",0.077,"GASREGWR"
"457",1999-05-17,"GASREGWR",1.14,2024-10-29,2024-10-29,2.14905295728368,166,"Real US Regular All Formulations Gas Price","1990-08-20","2024-10-28","2024 $ per gallon","NSA",2024-10-28,"Weekly","",0.0679999999999998,"GASREGWR"
"458",1999-05-24,"GASREGWR",1.126,2024-10-29,2024-10-29,2.1226610788609,166,"Real US Regular All Formulations Gas Price","1990-08-20","2024-10-28","2024 $ per gallon","NSA",2024-10-28,"Weekly","",0.0559999999999998,"GASREGWR"
"459",1999-05-31,"GASREGWR",1.111,2024-10-29,2024-10-29,2.09438406626506,166,"Real US Regular All Formulations Gas Price","1990-08-20","2024-10-28","2024 $ per gallon","NSA",2024-10-28,"Weekly","",0.0449999999999999,"GASREGWR"
"460",1999-06-07,"GASREGWR",1.112,2024-10-29,2024-10-29,2.09626920043812,166,"Real US Regular All Formulations Gas Price","1990-08-20","2024-10-28","2024 $ per gallon","NSA",2024-10-28,"Weekly","",0.0370000000000001,"GASREGWR"
"461",1999-06-14,"GASREGWR",1.108,2024-10-29,2024-10-29,2.08872866374589,166,"Real US Regular All Formulations Gas Price","1990-08-20","2024-10-28","2024 $ per gallon","NSA",2024-10-28,"Weekly","",0.042,"GASREGWR"
"462",1999-06-21,"GASREGWR",1.124,2024-10-29,2024-10-29,2.11889081051479,166,"Real US Regular All Formulations Gas Price","1990-08-20","2024-10-28","2024 $ per gallon","NSA",2024-10-28,"Weekly","",0.0660000000000001,"GASREGWR"
"463",1999-06-28,"GASREGWR",1.113,2024-10-29,2024-10-29,2.09815433461117,166,"Real US Regular All Formulations Gas Price","1990-08-20","2024-10-28","2024 $ per gallon","NSA",2024-10-28,"Weekly","",0.056,"GASREGWR"
"464",1999-07-05,"GASREGWR",1.125,2024-10-29,2024-10-29,2.11187046681573,166.7,"Real US Regular All Formulations Gas Price","1990-08-20","2024-10-28","2024 $ per gallon","NSA",2024-10-28,"Weekly","",0.0669999999999999,"GASREGWR"
"465",1999-07-12,"GASREGWR",1.143,2024-10-29,2024-10-29,2.14566039428478,166.7,"Real US Regular All Formulations Gas Price","1990-08-20","2024-10-28","2024 $ per gallon","NSA",2024-10-28,"Weekly","",0.089,"GASREGWR"
"466",1999-07-19,"GASREGWR",1.169,2024-10-29,2024-10-29,2.19446806729563,166.7,"Real US Regular All Formulations Gas Price","1990-08-20","2024-10-28","2024 $ per gallon","NSA",2024-10-28,"Weekly","",0.11,"GASREGWR"
"467",1999-07-26,"GASREGWR",1.193,2024-10-29,2024-10-29,2.23952130392103,166.7,"Real US Regular All Formulations Gas Price","1990-08-20","2024-10-28","2024 $ per gallon","NSA",2024-10-28,"Weekly","",0.143,"GASREGWR"
"468",1999-08-02,"GASREGWR",1.195,2024-10-29,2024-10-29,2.23790584026984,167.1,"Real US Regular All Formulations Gas Price","1990-08-20","2024-10-28","2024 $ per gallon","NSA",2024-10-28,"Weekly","",0.156,"GASREGWR"
"469",1999-08-09,"GASREGWR",1.206,2024-10-29,2024-10-29,2.25850581034764,167.1,"Real US Regular All Formulations Gas Price","1990-08-20","2024-10-28","2024 $ per gallon","NSA",2024-10-28,"Weekly","",0.173,"GASREGWR"
"470",1999-08-16,"GASREGWR",1.236,2024-10-29,2024-10-29,2.31468754692345,167.1,"Real US Regular All Formulations Gas Price","1990-08-20","2024-10-28","2024 $ per gallon","NSA",2024-10-28,"Weekly","",0.21,"GASREGWR"
"471",1999-08-23,"GASREGWR",1.234,2024-10-29,2024-10-29,2.3109420978184,167.1,"Real US Regular All Formulations Gas Price","1990-08-20","2024-10-28","2024 $ per gallon","NSA",2024-10-28,"Weekly","",0.215,"GASREGWR"
"472",1999-08-30,"GASREGWR",1.233,2024-10-29,2024-10-29,2.30906937326587,167.1,"Real US Regular All Formulations Gas Price","1990-08-20","2024-10-28","2024 $ per gallon","NSA",2024-10-28,"Weekly","",0.22,"GASREGWR"
"473",1999-09-06,"GASREGWR",1.242,2024-10-29,2024-10-29,2.31622099360711,167.8,"Real US Regular All Formulations Gas Price","1990-08-20","2024-10-28","2024 $ per gallon","NSA",2024-10-28,"Weekly","",0.235,"GASREGWR"
"474",1999-09-13,"GASREGWR",1.25,2024-10-29,2024-10-29,2.33114029147253,167.8,"Real US Regular All Formulations Gas Price","1990-08-20","2024-10-28","2024 $ per gallon","NSA",2024-10-28,"Weekly","",0.248,"GASREGWR"
"475",1999-09-20,"GASREGWR",1.268,2024-10-29,2024-10-29,2.36470871166974,167.8,"Real US Regular All Formulations Gas Price","1990-08-20","2024-10-28","2024 $ per gallon","NSA",2024-10-28,"Weekly","",0.254,"GASREGWR"
"476",1999-09-27,"GASREGWR",1.262,2024-10-29,2024-10-29,2.35351923827067,167.8,"Real US Regular All Formulations Gas Price","1990-08-20","2024-10-28","2024 $ per gallon","NSA",2024-10-28,"Weekly","",0.248,"GASREGWR"
"477",1999-10-04,"GASREGWR",1.255,2024-10-29,2024-10-29,2.33628793737494,168.1,"Real US Regular All Formulations Gas Price","1990-08-20","2024-10-28","2024 $ per gallon","NSA",2024-10-28,"Weekly","",0.236,"GASREGWR"
"478",1999-10-11,"GASREGWR",1.249,2024-10-29,2024-10-29,2.32511843329187,168.1,"Real US Regular All Formulations Gas Price","1990-08-20","2024-10-28","2024 $ per gallon","NSA",2024-10-28,"Weekly","",0.227,"GASREGWR"
"479",1999-10-18,"GASREGWR",1.236,2024-10-29,2024-10-29,2.30091784111189,168.1,"Real US Regular All Formulations Gas Price","1990-08-20","2024-10-28","2024 $ per gallon","NSA",2024-10-28,"Weekly","",0.217,"GASREGWR"
"480",1999-10-25,"GASREGWR",1.237,2024-10-29,2024-10-29,2.30277942512574,168.1,"Real US Regular All Formulations Gas Price","1990-08-20","2024-10-28","2024 $ per gallon","NSA",2024-10-28,"Weekly","",0.222,"GASREGWR"
"481",1999-11-01,"GASREGWR",1.23,2024-10-29,2024-10-29,2.28566921291298,168.4,"Real US Regular All Formulations Gas Price","1990-08-20","2024-10-28","2024 $ per gallon","NSA",2024-10-28,"Weekly","",0.22,"GASREGWR"
"482",1999-11-08,"GASREGWR",1.233,2024-10-29,2024-10-29,2.2912440158713,168.4,"Real US Regular All Formulations Gas Price","1990-08-20","2024-10-28","2024 $ per gallon","NSA",2024-10-28,"Weekly","",0.225,"GASREGWR"
"483",1999-11-15,"GASREGWR",1.251,2024-10-29,2024-10-29,2.32469283362125,168.4,"Real US Regular All Formulations Gas Price","1990-08-20","2024-10-28","2024 $ per gallon","NSA",2024-10-28,"Weekly","",0.255,"GASREGWR"
"484",1999-11-22,"GASREGWR",1.269,2024-10-29,2024-10-29,2.35814165137119,168.4,"Real US Regular All Formulations Gas Price","1990-08-20","2024-10-28","2024 $ per gallon","NSA",2024-10-28,"Weekly","",0.28,"GASREGWR"
"485",1999-11-29,"GASREGWR",1.274,2024-10-29,2024-10-29,2.36743298963507,168.4,"Real US Regular All Formulations Gas Price","1990-08-20","2024-10-28","2024 $ per gallon","NSA",2024-10-28,"Weekly","",0.3,"GASREGWR"
"486",1999-12-06,"GASREGWR",1.273,2024-10-29,2024-10-29,2.35996909467902,168.8,"Real US Regular All Formulations Gas Price","1990-08-20","2024-10-28","2024 $ per gallon","NSA",2024-10-28,"Weekly","",0.319,"GASREGWR"
"487",1999-12-13,"GASREGWR",1.275,2024-10-29,2024-10-29,2.36367682302887,168.8,"Real US Regular All Formulations Gas Price","1990-08-20","2024-10-28","2024 $ per gallon","NSA",2024-10-28,"Weekly","",0.33,"GASREGWR"
"488",1999-12-20,"GASREGWR",1.269,2024-10-29,2024-10-29,2.35255363797932,168.8,"Real US Regular All Formulations Gas Price","1990-08-20","2024-10-28","2024 $ per gallon","NSA",2024-10-28,"Weekly","",0.325,"GASREGWR"
"489",1999-12-27,"GASREGWR",1.273,2024-10-29,2024-10-29,2.35996909467902,168.8,"Real US Regular All Formulations Gas Price","1990-08-20","2024-10-28","2024 $ per gallon","NSA",2024-10-28,"Weekly","",0.336,"GASREGWR"
"490",2000-01-03,"GASREGWR",1.272,2024-10-29,2024-10-29,2.35115092090426,169.3,"Real US Regular All Formulations Gas Price","1990-08-20","2024-10-28","2024 $ per gallon","NSA",2024-10-28,"Weekly","",0.337,"GASREGWR"
"491",2000-01-10,"GASREGWR",1.264,2024-10-29,2024-10-29,2.33636380819417,169.3,"Real US Regular All Formulations Gas Price","1990-08-20","2024-10-28","2024 $ per gallon","NSA",2024-10-28,"Weekly","",0.323,"GASREGWR"
"492",2000-01-17,"GASREGWR",1.277,2024-10-29,2024-10-29,2.36039286634806,169.3,"Real US Regular All Formulations Gas Price","1990-08-20","2024-10-28","2024 $ per gallon","NSA",2024-10-28,"Weekly","",0.333,"GASREGWR"
"493",2000-01-24,"GASREGWR",1.315,2024-10-29,2024-10-29,2.43063165172099,169.3,"Real US Regular All Formulations Gas Price","1990-08-20","2024-10-28","2024 $ per gallon","NSA",2024-10-28,"Weekly","",0.379,"GASREGWR"
"494",2000-01-31,"GASREGWR",1.316,2024-10-29,2024-10-29,2.43248004080975,169.3,"Real US Regular All Formulations Gas Price","1990-08-20","2024-10-28","2024 $ per gallon","NSA",2024-10-28,"Weekly","",0.387,"GASREGWR"
"495",2000-02-07,"GASREGWR",1.325,2024-10-29,2024-10-29,2.43903094919786,170,"Real US Regular All Formulations Gas Price","1990-08-20","2024-10-28","2024 $ per gallon","NSA",2024-10-28,"Weekly","",0.398,"GASREGWR"
"496",2000-02-14,"GASREGWR",1.356,2024-10-29,2024-10-29,2.49609506951872,170,"Real US Regular All Formulations Gas Price","1990-08-20","2024-10-28","2024 $ per gallon","NSA",2024-10-28,"Weekly","",0.437,"GASREGWR"
"497",2000-02-21,"GASREGWR",1.406,2024-10-29,2024-10-29,2.58813397326203,170,"Real US Regular All Formulations Gas Price","1990-08-20","2024-10-28","2024 $ per gallon","NSA",2024-10-28,"Weekly","",0.499,"GASREGWR"
"498",2000-02-28,"GASREGWR",1.421,2024-10-29,2024-10-29,2.61574564438503,170,"Real US Regular All Formulations Gas Price","1990-08-20","2024-10-28","2024 $ per gallon","NSA",2024-10-28,"Weekly","",0.508,"GASREGWR"
"499",2000-03-06,"GASREGWR",1.501,2024-10-29,2024-10-29,2.74684994949495,171,"Real US Regular All Formulations Gas Price","1990-08-20","2024-10-28","2024 $ per gallon","NSA",2024-10-28,"Weekly","",0.58,"GASREGWR"
"500",2000-03-13,"GASREGWR",1.527,2024-10-29,2024-10-29,2.79443029505582,171,"Real US Regular All Formulations Gas Price","1990-08-20","2024-10-28","2024 $ per gallon","NSA",2024-10-28,"Weekly","",0.55,"GASREGWR"
"501",2000-03-20,"GASREGWR",1.529,2024-10-29,2024-10-29,2.79809032163743,171,"Real US Regular All Formulations Gas Price","1990-08-20","2024-10-28","2024 $ per gallon","NSA",2024-10-28,"Weekly","",0.512,"GASREGWR"
"502",2000-03-27,"GASREGWR",1.508,2024-10-29,2024-10-29,2.75966004253057,171,"Real US Regular All Formulations Gas Price","1990-08-20","2024-10-28","2024 $ per gallon","NSA",2024-10-28,"Weekly","",0.426,"GASREGWR"
"503",2000-04-03,"GASREGWR",1.503,2024-10-29,2024-10-29,2.7521194026278,170.9,"Real US Regular All Formulations Gas Price","1990-08-20","2024-10-28","2024 $ per gallon","NSA",2024-10-28,"Weekly","",0.385,"GASREGWR"
"504",2000-04-10,"GASREGWR",1.475,2024-10-29,2024-10-29,2.70084904782169,170.9,"Real US Regular All Formulations Gas Price","1990-08-20","2024-10-28","2024 $ per gallon","NSA",2024-10-28,"Weekly","",0.335,"GASREGWR"
"505",2000-04-17,"GASREGWR",1.444,2024-10-29,2024-10-29,2.64408544071493,170.9,"Real US Regular All Formulations Gas Price","1990-08-20","2024-10-28","2024 $ per gallon","NSA",2024-10-28,"Weekly","",0.309,"GASREGWR"
"506",2000-04-24,"GASREGWR",1.437,2024-10-29,2024-10-29,2.6312678520134,170.9,"Real US Regular All Formulations Gas Price","1990-08-20","2024-10-28","2024 $ per gallon","NSA",2024-10-28,"Weekly","",0.306,"GASREGWR"
"507",2000-05-01,"GASREGWR",1.42,2024-10-29,2024-10-29,2.59558310322855,171.2,"Real US Regular All Formulations Gas Price","1990-08-20","2024-10-28","2024 $ per gallon","NSA",2024-10-28,"Weekly","",0.284,"GASREGWR"
"508",2000-05-08,"GASREGWR",1.455,2024-10-29,2024-10-29,2.65955874309686,171.2,"Real US Regular All Formulations Gas Price","1990-08-20","2024-10-28","2024 $ per gallon","NSA",2024-10-28,"Weekly","",0.315,"GASREGWR"
"509",2000-05-15,"GASREGWR",1.492,2024-10-29,2024-10-29,2.72719013381478,171.2,"Real US Regular All Formulations Gas Price","1990-08-20","2024-10-28","2024 $ per gallon","NSA",2024-10-28,"Weekly","",0.352,"GASREGWR"
"510",2000-05-22,"GASREGWR",1.527,2024-10-29,2024-10-29,2.79116577368309,171.2,"Real US Regular All Formulations Gas Price","1990-08-20","2024-10-28","2024 $ per gallon","NSA",2024-10-28,"Weekly","",0.401,"GASREGWR"
"511",2000-05-29,"GASREGWR",1.54,2024-10-29,2024-10-29,2.81492815420561,171.2,"Real US Regular All Formulations Gas Price","1990-08-20","2024-10-28","2024 $ per gallon","NSA",2024-10-28,"Weekly","",0.429,"GASREGWR"
"512",2000-06-05,"GASREGWR",1.563,2024-10-29,2024-10-29,2.84037829426671,172.2,"Real US Regular All Formulations Gas Price","1990-08-20","2024-10-28","2024 $ per gallon","NSA",2024-10-28,"Weekly","",0.451,"GASREGWR"
"513",2000-06-12,"GASREGWR",1.631,2024-10-29,2024-10-29,2.96395201404287,172.2,"Real US Regular All Formulations Gas Price","1990-08-20","2024-10-28","2024 $ per gallon","NSA",2024-10-28,"Weekly","",0.523,"GASREGWR"
"514",2000-06-19,"GASREGWR",1.681,2024-10-29,2024-10-29,3.05481504329004,172.2,"Real US Regular All Formulations Gas Price","1990-08-20","2024-10-28","2024 $ per gallon","NSA",2024-10-28,"Weekly","",0.557,"GASREGWR"
"515",2000-06-26,"GASREGWR",1.658,2024-10-29,2024-10-29,3.01301804983634,172.2,"Real US Regular All Formulations Gas Price","1990-08-20","2024-10-28","2024 $ per gallon","NSA",2024-10-28,"Weekly","",0.545,"GASREGWR"
"516",2000-07-03,"GASREGWR",1.625,2024-10-29,2024-10-29,2.94449880244249,172.7,"Real US Regular All Formulations Gas Price","1990-08-20","2024-10-28","2024 $ per gallon","NSA",2024-10-28,"Weekly","",0.5,"GASREGWR"
"517",2000-07-10,"GASREGWR",1.593,2024-10-29,2024-10-29,2.88651482602516,172.7,"Real US Regular All Formulations Gas Price","1990-08-20","2024-10-28","2024 $ per gallon","NSA",2024-10-28,"Weekly","",0.45,"GASREGWR"
"518",2000-07-17,"GASREGWR",1.546,2024-10-29,2024-10-29,2.80135086066221,172.7,"Real US Regular All Formulations Gas Price","1990-08-20","2024-10-28","2024 $ per gallon","NSA",2024-10-28,"Weekly","",0.377,"GASREGWR"
"519",2000-07-24,"GASREGWR",1.52,2024-10-29,2024-10-29,2.75423887982313,172.7,"Real US Regular All Formulations Gas Price","1990-08-20","2024-10-28","2024 $ per gallon","NSA",2024-10-28,"Weekly","",0.327,"GASREGWR"
"520",2000-07-31,"GASREGWR",1.471,2024-10-29,2024-10-29,2.6654509159341,172.7,"Real US Regular All Formulations Gas Price","1990-08-20","2024-10-28","2024 $ per gallon","NSA",2024-10-28,"Weekly","",0.276,"GASREGWR"
"521",2000-08-07,"GASREGWR",1.462,2024-10-29,2024-10-29,2.64914292256672,172.7,"Real US Regular All Formulations Gas Price","1990-08-20","2024-10-28","2024 $ per gallon","NSA",2024-10-28,"Weekly","",0.256,"GASREGWR"
"522",2000-08-14,"GASREGWR",1.447,2024-10-29,2024-10-29,2.6219629336211,172.7,"Real US Regular All Formulations Gas Price","1990-08-20","2024-10-28","2024 $ per gallon","NSA",2024-10-28,"Weekly","",0.211,"GASREGWR"
"523",2000-08-21,"GASREGWR",1.468,2024-10-29,2024-10-29,2.66001491814497,172.7,"Real US Regular All Formulations Gas Price","1990-08-20","2024-10-28","2024 $ per gallon","NSA",2024-10-28,"Weekly","",0.234,"GASREGWR"
"524",2000-08-28,"GASREGWR",1.481,2024-10-29,2024-10-29,2.68357090856451,172.7,"Real US Regular All Formulations Gas Price","1990-08-20","2024-10-28","2024 $ per gallon","NSA",2024-10-28,"Weekly","",0.248,"GASREGWR"
"525",2000-09-04,"GASREGWR",1.53,2024-10-29,2024-10-29,2.75798604419774,173.6,"Real US Regular All Formulations Gas Price","1990-08-20","2024-10-28","2024 $ per gallon","NSA",2024-10-28,"Weekly","",0.288,"GASREGWR"
"526",2000-09-11,"GASREGWR",1.561,2024-10-29,2024-10-29,2.81386680718475,173.6,"Real US Regular All Formulations Gas Price","1990-08-20","2024-10-28","2024 $ per gallon","NSA",2024-10-28,"Weekly","",0.311,"GASREGWR"
"527",2000-09-18,"GASREGWR",1.562,2024-10-29,2024-10-29,2.8156694124424,173.6,"Real US Regular All Formulations Gas Price","1990-08-20","2024-10-28","2024 $ per gallon","NSA",2024-10-28,"Weekly","",0.294,"GASREGWR"
"528",2000-09-25,"GASREGWR",1.548,2024-10-29,2024-10-29,2.79043293883536,173.6,"Real US Regular All Formulations Gas Price","1990-08-20","2024-10-28","2024 $ per gallon","NSA",2024-10-28,"Weekly","",0.286,"GASREGWR"
"529",2000-10-02,"GASREGWR",1.524,2024-10-29,2024-10-29,2.74243118824821,173.9,"Real US Regular All Formulations Gas Price","1990-08-20","2024-10-28","2024 $ per gallon","NSA",2024-10-28,"Weekly","",0.269,"GASREGWR"
"530",2000-10-09,"GASREGWR",1.502,2024-10-29,2024-10-29,2.70284228658058,173.9,"Real US Regular All Formulations Gas Price","1990-08-20","2024-10-28","2024 $ per gallon","NSA",2024-10-28,"Weekly","",0.253,"GASREGWR"
"531",2000-10-16,"GASREGWR",1.539,2024-10-29,2024-10-29,2.76942362120341,173.9,"Real US Regular All Formulations Gas Price","1990-08-20","2024-10-28","2024 $ per gallon","NSA",2024-10-28,"Weekly","",0.303,"GASREGWR"
"532",2000-10-23,"GASREGWR",1.551,2024-10-29,2024-10-29,2.79101756756757,173.9,"Real US Regular All Formulations Gas Price","1990-08-20","2024-10-28","2024 $ per gallon","NSA",2024-10-28,"Weekly","",0.314,"GASREGWR"
"533",2000-10-30,"GASREGWR",1.545,2024-10-29,2024-10-29,2.78022059438549,173.9,"Real US Regular All Formulations Gas Price","1990-08-20","2024-10-28","2024 $ per gallon","NSA",2024-10-28,"Weekly","",0.315,"GASREGWR"
"534",2000-11-06,"GASREGWR",1.526,2024-10-29,2024-10-29,2.74130108026302,174.2,"Real US Regular All Formulations Gas Price","1990-08-20","2024-10-28","2024 $ per gallon","NSA",2024-10-28,"Weekly","",0.293,"GASREGWR"
"535",2000-11-13,"GASREGWR",1.523,2024-10-29,2024-10-29,2.73591189072122,174.2,"Real US Regular All Formulations Gas Price","1990-08-20","2024-10-28","2024 $ per gallon","NSA",2024-10-28,"Weekly","",0.272,"GASREGWR"
"536",2000-11-20,"GASREGWR",1.51,2024-10-29,2024-10-29,2.71255873604008,174.2,"Real US Regular All Formulations Gas Price","1990-08-20","2024-10-28","2024 $ per gallon","NSA",2024-10-28,"Weekly","",0.241,"GASREGWR"
"537",2000-11-27,"GASREGWR",1.51,2024-10-29,2024-10-29,2.71255873604008,174.2,"Real US Regular All Formulations Gas Price","1990-08-20","2024-10-28","2024 $ per gallon","NSA",2024-10-28,"Weekly","",0.236,"GASREGWR"
"538",2000-12-04,"GASREGWR",1.486,2024-10-29,2024-10-29,2.66332965219202,174.6,"Real US Regular All Formulations Gas Price","1990-08-20","2024-10-28","2024 $ per gallon","NSA",2024-10-28,"Weekly","",0.213,"GASREGWR"
"539",2000-12-11,"GASREGWR",1.449,2024-10-29,2024-10-29,2.59701525304592,174.6,"Real US Regular All Formulations Gas Price","1990-08-20","2024-10-28","2024 $ per gallon","NSA",2024-10-28,"Weekly","",0.174,"GASREGWR"
"540",2000-12-18,"GASREGWR",1.422,2024-10-29,2024-10-29,2.54862366447985,174.6,"Real US Regular All Formulations Gas Price","1990-08-20","2024-10-28","2024 $ per gallon","NSA",2024-10-28,"Weekly","",0.153,"GASREGWR"
"541",2000-12-25,"GASREGWR",1.414,2024-10-29,2024-10-29,2.53428541601583,174.6,"Real US Regular All Formulations Gas Price","1990-08-20","2024-10-28","2024 $ per gallon","NSA",2024-10-28,"Weekly","",0.141,"GASREGWR"
"542",2001-01-01,"GASREGWR",1.406,2024-10-29,2024-10-29,2.50559667115345,175.6,"Real US Regular All Formulations Gas Price","1990-08-20","2024-10-28","2024 $ per gallon","NSA",2024-10-28,"Weekly","",0.134,"GASREGWR"
"543",2001-01-08,"GASREGWR",1.425,2024-10-29,2024-10-29,2.53945608562849,175.6,"Real US Regular All Formulations Gas Price","1990-08-20","2024-10-28","2024 $ per gallon","NSA",2024-10-28,"Weekly","",0.161,"GASREGWR"
"544",2001-01-15,"GASREGWR",1.474,2024-10-29,2024-10-29,2.62677773348519,175.6,"Real US Regular All Formulations Gas Price","1990-08-20","2024-10-28","2024 $ per gallon","NSA",2024-10-28,"Weekly","",0.197,"GASREGWR"
"545",2001-01-22,"GASREGWR",1.471,2024-10-29,2024-10-29,2.62143151014703,175.6,"Real US Regular All Formulations Gas Price","1990-08-20","2024-10-28","2024 $ per gallon","NSA",2024-10-28,"Weekly","",0.156,"GASREGWR"
"546",2001-01-29,"GASREGWR",1.46,2024-10-29,2024-10-29,2.60182869124042,175.6,"Real US Regular All Formulations Gas Price","1990-08-20","2024-10-28","2024 $ per gallon","NSA",2024-10-28,"Weekly","",0.144,"GASREGWR"
"547",2001-02-05,"GASREGWR",1.443,2024-10-29,2024-10-29,2.56568903150826,176,"Real US Regular All Formulations Gas Price","1990-08-20","2024-10-28","2024 $ per gallon","NSA",2024-10-28,"Weekly","",0.118,"GASREGWR"
"548",2001-02-12,"GASREGWR",1.476,2024-10-29,2024-10-29,2.62436383264463,176,"Real US Regular All Formulations Gas Price","1990-08-20","2024-10-28","2024 $ per gallon","NSA",2024-10-28,"Weekly","",0.12,"GASREGWR"
"549",2001-02-19,"GASREGWR",1.449,2024-10-29,2024-10-29,2.57635717716942,176,"Real US Regular All Formulations Gas Price","1990-08-20","2024-10-28","2024 $ per gallon","NSA",2024-10-28,"Weekly","",0.0430000000000001,"GASREGWR"
"550",2001-02-26,"GASREGWR",1.431,2024-10-29,2024-10-29,2.54435274018595,176,"Real US Regular All Formulations Gas Price","1990-08-20","2024-10-28","2024 $ per gallon","NSA",2024-10-28,"Weekly","",0.01,"GASREGWR"
"551",2001-03-05,"GASREGWR",1.417,2024-10-29,2024-10-29,2.51802970161582,176.1,"Real US Regular All Formulations Gas Price","1990-08-20","2024-10-28","2024 $ per gallon","NSA",2024-10-28,"Weekly","",-0.0839999999999999,"GASREGWR"
"552",2001-03-12,"GASREGWR",1.412,2024-10-29,2024-10-29,2.50914462856848,176.1,"Real US Regular All Formulations Gas Price","1990-08-20","2024-10-28","2024 $ per gallon","NSA",2024-10-28,"Weekly","",-0.115,"GASREGWR"
"553",2001-03-19,"GASREGWR",1.404,2024-10-29,2024-10-29,2.49492851169274,176.1,"Real US Regular All Formulations Gas Price","1990-08-20","2024-10-28","2024 $ per gallon","NSA",2024-10-28,"Weekly","",-0.125,"GASREGWR"
"554",2001-03-26,"GASREGWR",1.404,2024-10-29,2024-10-29,2.49492851169274,176.1,"Real US Regular All Formulations Gas Price","1990-08-20","2024-10-28","2024 $ per gallon","NSA",2024-10-28,"Weekly","",-0.104,"GASREGWR"
"555",2001-04-02,"GASREGWR",1.442,2024-10-29,2024-10-29,2.55809715007215,176.4,"Real US Regular All Formulations Gas Price","1990-08-20","2024-10-28","2024 $ per gallon","NSA",2024-10-28,"Weekly","",-0.0609999999999999,"GASREGWR"
"556",2001-04-09,"GASREGWR",1.5,2024-10-29,2024-10-29,2.66098871366728,176.4,"Real US Regular All Formulations Gas Price","1990-08-20","2024-10-28","2024 $ per gallon","NSA",2024-10-28,"Weekly","",0.0249999999999999,"GASREGWR"
"557",2001-04-16,"GASREGWR",1.571,2024-10-29,2024-10-29,2.78694217944754,176.4,"Real US Regular All Formulations Gas Price","1990-08-20","2024-10-28","2024 $ per gallon","NSA",2024-10-28,"Weekly","",0.127,"GASREGWR"
"558",2001-04-23,"GASREGWR",1.619,2024-10-29,2024-10-29,2.87209381828489,176.4,"Real US Regular All Formulations Gas Price","1990-08-20","2024-10-28","2024 $ per gallon","NSA",2024-10-28,"Weekly","",0.182,"GASREGWR"
"559",2001-04-30,"GASREGWR",1.626,2024-10-29,2024-10-29,2.88451176561534,176.4,"Real US Regular All Formulations Gas Price","1990-08-20","2024-10-28","2024 $ per gallon","NSA",2024-10-28,"Weekly","",0.206,"GASREGWR"
"560",2001-05-07,"GASREGWR",1.703,2024-10-29,2024-10-29,3.00577360662462,177.3,"Real US Regular All Formulations Gas Price","1990-08-20","2024-10-28","2024 $ per gallon","NSA",2024-10-28,"Weekly","",0.248,"GASREGWR"
"561",2001-05-14,"GASREGWR",1.713,2024-10-29,2024-10-29,3.02342348100292,177.3,"Real US Regular All Formulations Gas Price","1990-08-20","2024-10-28","2024 $ per gallon","NSA",2024-10-28,"Weekly","",0.221,"GASREGWR"
"562",2001-05-21,"GASREGWR",1.687,2024-10-29,2024-10-29,2.97753380761934,177.3,"Real US Regular All Formulations Gas Price","1990-08-20","2024-10-28","2024 $ per gallon","NSA",2024-10-28,"Weekly","",0.16,"GASREGWR"
"563",2001-05-28,"GASREGWR",1.704,2024-10-29,2024-10-29,3.00753859406245,177.3,"Real US Regular All Formulations Gas Price","1990-08-20","2024-10-28","2024 $ per gallon","NSA",2024-10-28,"Weekly","",0.164,"GASREGWR"
"564",2001-06-04,"GASREGWR",1.679,2024-10-29,2024-10-29,2.95674330843608,177.7,"Real US Regular All Formulations Gas Price","1990-08-20","2024-10-28","2024 $ per gallon","NSA",2024-10-28,"Weekly","",0.116,"GASREGWR"
"565",2001-06-11,"GASREGWR",1.647,2024-10-29,2024-10-29,2.90039084514248,177.7,"Real US Regular All Formulations Gas Price","1990-08-20","2024-10-28","2024 $ per gallon","NSA",2024-10-28,"Weekly","",0.016,"GASREGWR"
"566",2001-06-18,"GASREGWR",1.601,2024-10-29,2024-10-29,2.81938417915793,177.7,"Real US Regular All Formulations Gas Price","1990-08-20","2024-10-28","2024 $ per gallon","NSA",2024-10-28,"Weekly","",-0.0800000000000001,"GASREGWR"
"567",2001-06-25,"GASREGWR",1.538,2024-10-29,2024-10-29,2.70844026704865,177.7,"Real US Regular All Formulations Gas Price","1990-08-20","2024-10-28","2024 $ per gallon","NSA",2024-10-28,"Weekly","",-0.12,"GASREGWR"
"568",2001-07-02,"GASREGWR",1.474,2024-10-29,2024-10-29,2.60012497181511,177.4,"Real US Regular All Formulations Gas Price","1990-08-20","2024-10-28","2024 $ per gallon","NSA",2024-10-28,"Weekly","",-0.151,"GASREGWR"
"569",2001-07-09,"GASREGWR",1.437,2024-10-29,2024-10-29,2.534857248642,177.4,"Real US Regular All Formulations Gas Price","1990-08-20","2024-10-28","2024 $ per gallon","NSA",2024-10-28,"Weekly","",-0.156,"GASREGWR"
"570",2001-07-16,"GASREGWR",1.413,2024-10-29,2024-10-29,2.49252142820539,177.4,"Real US Regular All Formulations Gas Price","1990-08-20","2024-10-28","2024 $ per gallon","NSA",2024-10-28,"Weekly","",-0.133,"GASREGWR"
"571",2001-07-23,"GASREGWR",1.395,2024-10-29,2024-10-29,2.46076956287793,177.4,"Real US Regular All Formulations Gas Price","1990-08-20","2024-10-28","2024 $ per gallon","NSA",2024-10-28,"Weekly","",-0.125,"GASREGWR"
"572",2001-07-30,"GASREGWR",1.384,2024-10-29,2024-10-29,2.44136564517782,177.4,"Real US Regular All Formulations Gas Price","1990-08-20","2024-10-28","2024 $ per gallon","NSA",2024-10-28,"Weekly","",-0.0870000000000002,"GASREGWR"
"573",2001-08-06,"GASREGWR",1.376,2024-10-29,2024-10-29,2.42725370503228,177.4,"Real US Regular All Formulations Gas Price","1990-08-20","2024-10-28","2024 $ per gallon","NSA",2024-10-28,"Weekly","",-0.0860000000000001,"GASREGWR"
"574",2001-08-13,"GASREGWR",1.392,2024-10-29,2024-10-29,2.45547758532336,177.4,"Real US Regular All Formulations Gas Price","1990-08-20","2024-10-28","2024 $ per gallon","NSA",2024-10-28,"Weekly","",-0.0550000000000002,"GASREGWR"
"575",2001-08-20,"GASREGWR",1.427,2024-10-29,2024-10-29,2.51721732346008,177.4,"Real US Regular All Formulations Gas Price","1990-08-20","2024-10-28","2024 $ per gallon","NSA",2024-10-28,"Weekly","",-0.0409999999999999,"GASREGWR"
"576",2001-08-27,"GASREGWR",1.488,2024-10-29,2024-10-29,2.6248208670698,177.4,"Real US Regular All Formulations Gas Price","1990-08-20","2024-10-28","2024 $ per gallon","NSA",2024-10-28,"Weekly","",0.0069999999999999,"GASREGWR"
"577",2001-09-03,"GASREGWR",1.545,2024-10-29,2024-10-29,2.71465671737022,178.1,"Real US Regular All Formulations Gas Price","1990-08-20","2024-10-28","2024 $ per gallon","NSA",2024-10-28,"Weekly","",0.0149999999999999,"GASREGWR"
"578",2001-09-10,"GASREGWR",1.527,2024-10-29,2024-10-29,2.68302964881833,178.1,"Real US Regular All Formulations Gas Price","1990-08-20","2024-10-28","2024 $ per gallon","NSA",2024-10-28,"Weekly","",-0.034,"GASREGWR"
"579",2001-09-17,"GASREGWR",1.529,2024-10-29,2024-10-29,2.68654376754632,178.1,"Real US Regular All Formulations Gas Price","1990-08-20","2024-10-28","2024 $ per gallon","NSA",2024-10-28,"Weekly","",-0.0330000000000001,"GASREGWR"
"580",2001-09-24,"GASREGWR",1.485,2024-10-29,2024-10-29,2.6092331555306,178.1,"Real US Regular All Formulations Gas Price","1990-08-20","2024-10-28","2024 $ per gallon","NSA",2024-10-28,"Weekly","",-0.0629999999999999,"GASREGWR"
"581",2001-10-01,"GASREGWR",1.416,2024-10-29,2024-10-29,2.49500055282555,177.6,"Real US Regular All Formulations Gas Price","1990-08-20","2024-10-28","2024 $ per gallon","NSA",2024-10-28,"Weekly","",-0.108,"GASREGWR"
"582",2001-10-08,"GASREGWR",1.352,2024-10-29,2024-10-29,2.38223216625717,177.6,"Real US Regular All Formulations Gas Price","1990-08-20","2024-10-28","2024 $ per gallon","NSA",2024-10-28,"Weekly","",-0.15,"GASREGWR"
"583",2001-10-15,"GASREGWR",1.309,2024-10-29,2024-10-29,2.30646590653153,177.6,"Real US Regular All Formulations Gas Price","1990-08-20","2024-10-28","2024 $ per gallon","NSA",2024-10-28,"Weekly","",-0.23,"GASREGWR"
"584",2001-10-22,"GASREGWR",1.265,2024-10-29,2024-10-29,2.22893764076577,177.6,"Real US Regular All Formulations Gas Price","1990-08-20","2024-10-28","2024 $ per gallon","NSA",2024-10-28,"Weekly","",-0.286,"GASREGWR"
"585",2001-10-29,"GASREGWR",1.235,2024-10-29,2024-10-29,2.17607745956183,177.6,"Real US Regular All Formulations Gas Price","1990-08-20","2024-10-28","2024 $ per gallon","NSA",2024-10-28,"Weekly","",-0.31,"GASREGWR"
"586",2001-11-05,"GASREGWR",1.206,2024-10-29,2024-10-29,2.12617645582586,177.5,"Real US Regular All Formulations Gas Price","1990-08-20","2024-10-28","2024 $ per gallon","NSA",2024-10-28,"Weekly","",-0.32,"GASREGWR"
"587",2001-11-12,"GASREGWR",1.182,2024-10-29,2024-10-29,2.0838644865557,177.5,"Real US Regular All Formulations Gas Price","1990-08-20","2024-10-28","2024 $ per gallon","NSA",2024-10-28,"Weekly","",-0.341,"GASREGWR"
"588",2001-11-19,"GASREGWR",1.167,2024-10-29,2024-10-29,2.05741950576184,177.5,"Real US Regular All Formulations Gas Price","1990-08-20","2024-10-28","2024 $ per gallon","NSA",2024-10-28,"Weekly","",-0.343,"GASREGWR"
"589",2001-11-26,"GASREGWR",1.127,2024-10-29,2024-10-29,1.98689955697823,177.5,"Real US Regular All Formulations Gas Price","1990-08-20","2024-10-28","2024 $ per gallon","NSA",2024-10-28,"Weekly","",-0.383,"GASREGWR"
"590",2001-12-03,"GASREGWR",1.108,2024-10-29,2024-10-29,1.95450371015681,177.4,"Real US Regular All Formulations Gas Price","1990-08-20","2024-10-28","2024 $ per gallon","NSA",2024-10-28,"Weekly","",-0.378,"GASREGWR"
"591",2001-12-10,"GASREGWR",1.095,2024-10-29,2024-10-29,1.93157180742031,177.4,"Real US Regular All Formulations Gas Price","1990-08-20","2024-10-28","2024 $ per gallon","NSA",2024-10-28,"Weekly","",-0.354,"GASREGWR"
"592",2001-12-17,"GASREGWR",1.059,2024-10-29,2024-10-29,1.8680680767654,177.4,"Real US Regular All Formulations Gas Price","1990-08-20","2024-10-28","2024 $ per gallon","NSA",2024-10-28,"Weekly","",-0.363,"GASREGWR"
"593",2001-12-24,"GASREGWR",1.072,2024-10-29,2024-10-29,1.8909999795019,177.4,"Real US Regular All Formulations Gas Price","1990-08-20","2024-10-28","2024 $ per gallon","NSA",2024-10-28,"Weekly","",-0.342,"GASREGWR"
"594",2001-12-31,"GASREGWR",1.096,2024-10-29,2024-10-29,1.93333579993851,177.4,"Real US Regular All Formulations Gas Price","1990-08-20","2024-10-28","2024 $ per gallon","NSA",2024-10-28,"Weekly","",-0.31,"GASREGWR"
"595",2002-01-07,"GASREGWR",1.112,2024-10-29,2024-10-29,1.9582480994526,177.7,"Real US Regular All Formulations Gas Price","1990-08-20","2024-10-28","2024 $ per gallon","NSA",2024-10-28,"Weekly","",-0.313,"GASREGWR"
"596",2002-01-14,"GASREGWR",1.111,2024-10-29,2024-10-29,1.95648708497468,177.7,"Real US Regular All Formulations Gas Price","1990-08-20","2024-10-28","2024 $ per gallon","NSA",2024-10-28,"Weekly","",-0.363,"GASREGWR"
"597",2002-01-21,"GASREGWR",1.105,2024-10-29,2024-10-29,1.94592099810713,177.7,"Real US Regular All Formulations Gas Price","1990-08-20","2024-10-28","2024 $ per gallon","NSA",2024-10-28,"Weekly","",-0.366,"GASREGWR"
"598",2002-01-28,"GASREGWR",1.101,2024-10-29,2024-10-29,1.93887694019543,177.7,"Real US Regular All Formulations Gas Price","1990-08-20","2024-10-28","2024 $ per gallon","NSA",2024-10-28,"Weekly","",-0.359,"GASREGWR"
"599",2002-02-04,"GASREGWR",1.116,2024-10-29,2024-10-29,1.96197986721144,178,"Real US Regular All Formulations Gas Price","1990-08-20","2024-10-28","2024 $ per gallon","NSA",2024-10-28,"Weekly","",-0.327,"GASREGWR"
"600",2002-02-11,"GASREGWR",1.107,2024-10-29,2024-10-29,1.94615744892748,178,"Real US Regular All Formulations Gas Price","1990-08-20","2024-10-28","2024 $ per gallon","NSA",2024-10-28,"Weekly","",-0.369,"GASREGWR"
"601",2002-02-18,"GASREGWR",1.116,2024-10-29,2024-10-29,1.96197986721144,178,"Real US Regular All Formulations Gas Price","1990-08-20","2024-10-28","2024 $ per gallon","NSA",2024-10-28,"Weekly","",-0.333,"GASREGWR"
"602",2002-02-25,"GASREGWR",1.116,2024-10-29,2024-10-29,1.96197986721144,178,"Real US Regular All Formulations Gas Price","1990-08-20","2024-10-28","2024 $ per gallon","NSA",2024-10-28,"Weekly","",-0.315,"GASREGWR"
"603",2002-03-04,"GASREGWR",1.144,2024-10-29,2024-10-29,2.00557154061625,178.5,"Real US Regular All Formulations Gas Price","1990-08-20","2024-10-28","2024 $ per gallon","NSA",2024-10-28,"Weekly","",-0.273,"GASREGWR"
"604",2002-03-11,"GASREGWR",1.223,2024-10-29,2024-10-29,2.14406817672524,178.5,"Real US Regular All Formulations Gas Price","1990-08-20","2024-10-28","2024 $ per gallon","NSA",2024-10-28,"Weekly","",-0.189,"GASREGWR"
"605",2002-03-18,"GASREGWR",1.288,2024-10-29,2024-10-29,2.25802110516934,178.5,"Real US Regular All Formulations Gas Price","1990-08-20","2024-10-28","2024 $ per gallon","NSA",2024-10-28,"Weekly","",-0.116,"GASREGWR"
"606",2002-03-25,"GASREGWR",1.342,2024-10-29,2024-10-29,2.35268969187675,178.5,"Real US Regular All Formulations Gas Price","1990-08-20","2024-10-28","2024 $ per gallon","NSA",2024-10-28,"Weekly","",-0.0619999999999998,"GASREGWR"
"607",2002-04-01,"GASREGWR",1.371,2024-10-29,2024-10-29,2.39280616792577,179.3,"Real US Regular All Formulations Gas Price","1990-08-20","2024-10-28","2024 $ per gallon","NSA",2024-10-28,"Weekly","",-0.071,"GASREGWR"
"608",2002-04-08,"GASREGWR",1.413,2024-10-29,2024-10-29,2.46610876387973,179.3,"Real US Regular All Formulations Gas Price","1990-08-20","2024-10-28","2024 $ per gallon","NSA",2024-10-28,"Weekly","",-0.087,"GASREGWR"
"609",2002-04-15,"GASREGWR",1.404,2024-10-29,2024-10-29,2.45040106474674,179.3,"Real US Regular All Formulations Gas Price","1990-08-20","2024-10-28","2024 $ per gallon","NSA",2024-10-28,"Weekly","",-0.167,"GASREGWR"
"610",2002-04-22,"GASREGWR",1.404,2024-10-29,2024-10-29,2.45040106474674,179.3,"Real US Regular All Formulations Gas Price","1990-08-20","2024-10-28","2024 $ per gallon","NSA",2024-10-28,"Weekly","",-0.215,"GASREGWR"
"611",2002-04-29,"GASREGWR",1.393,2024-10-29,2024-10-29,2.43120276580642,179.3,"Real US Regular All Formulations Gas Price","1990-08-20","2024-10-28","2024 $ per gallon","NSA",2024-10-28,"Weekly","",-0.233,"GASREGWR"
"612",2002-05-06,"GASREGWR",1.395,2024-10-29,2024-10-29,2.43198061534566,179.5,"Real US Regular All Formulations Gas Price","1990-08-20","2024-10-28","2024 $ per gallon","NSA",2024-10-28,"Weekly","",-0.308,"GASREGWR"
"613",2002-05-13,"GASREGWR",1.388,2024-10-29,2024-10-29,2.41977712838693,179.5,"Real US Regular All Formulations Gas Price","1990-08-20","2024-10-28","2024 $ per gallon","NSA",2024-10-28,"Weekly","",-0.325,"GASREGWR"
"614",2002-05-20,"GASREGWR",1.397,2024-10-29,2024-10-29,2.43546732590529,179.5,"Real US Regular All Formulations Gas Price","1990-08-20","2024-10-28","2024 $ per gallon","NSA",2024-10-28,"Weekly","",-0.29,"GASREGWR"
"615",2002-05-27,"GASREGWR",1.387,2024-10-29,2024-10-29,2.41803377310712,179.5,"Real US Regular All Formulations Gas Price","1990-08-20","2024-10-28","2024 $ per gallon","NSA",2024-10-28,"Weekly","",-0.317,"GASREGWR"
"616",2002-06-03,"GASREGWR",1.392,2024-10-29,2024-10-29,2.42539935209557,179.6,"Real US Regular All Formulations Gas Price","1990-08-20","2024-10-28","2024 $ per gallon","NSA",2024-10-28,"Weekly","",-0.287,"GASREGWR"
"617",2002-06-10,"GASREGWR",1.375,2024-10-29,2024-10-29,2.39577881403118,179.6,"Real US Regular All Formulations Gas Price","1990-08-20","2024-10-28","2024 $ per gallon","NSA",2024-10-28,"Weekly","",-0.272,"GASREGWR"
"618",2002-06-17,"GASREGWR",1.378,2024-10-29,2024-10-29,2.40100596780725,179.6,"Real US Regular All Formulations Gas Price","1990-08-20","2024-10-28","2024 $ per gallon","NSA",2024-10-28,"Weekly","",-0.223,"GASREGWR"
"619",2002-06-24,"GASREGWR",1.384,2024-10-29,2024-10-29,2.41146027535938,179.6,"Real US Regular All Formulations Gas Price","1990-08-20","2024-10-28","2024 $ per gallon","NSA",2024-10-28,"Weekly","",-0.154,"GASREGWR"
"620",2002-07-01,"GASREGWR",1.392,2024-10-29,2024-10-29,2.42000957575758,180,"Real US Regular All Formulations Gas Price","1990-08-20","2024-10-28","2024 $ per gallon","NSA",2024-10-28,"Weekly","",-0.0820000000000001,"GASREGWR"
"621",2002-07-08,"GASREGWR",1.382,2024-10-29,2024-10-29,2.40262444949495,180,"Real US Regular All Formulations Gas Price","1990-08-20","2024-10-28","2024 $ per gallon","NSA",2024-10-28,"Weekly","",-0.0550000000000002,"GASREGWR"
"622",2002-07-15,"GASREGWR",1.394,2024-10-29,2024-10-29,2.4234866010101,180,"Real US Regular All Formulations Gas Price","1990-08-20","2024-10-28","2024 $ per gallon","NSA",2024-10-28,"Weekly","",-0.0190000000000001,"GASREGWR"
"623",2002-07-22,"GASREGWR",1.41,2024-10-29,2024-10-29,2.4513028030303,180,"Real US Regular All Formulations Gas Price","1990-08-20","2024-10-28","2024 $ per gallon","NSA",2024-10-28,"Weekly","",0.0149999999999999,"GASREGWR"
"624",2002-07-29,"GASREGWR",1.407,2024-10-29,2024-10-29,2.44608726515152,180,"Real US Regular All Formulations Gas Price","1990-08-20","2024-10-28","2024 $ per gallon","NSA",2024-10-28,"Weekly","",0.0230000000000001,"GASREGWR"
"625",2002-08-05,"GASREGWR",1.395,2024-10-29,2024-10-29,2.41850703852934,180.5,"Real US Regular All Formulations Gas Price","1990-08-20","2024-10-28","2024 $ per gallon","NSA",2024-10-28,"Weekly","",0.0190000000000001,"GASREGWR"
"626",2002-08-12,"GASREGWR",1.393,2024-10-29,2024-10-29,2.41503964492571,180.5,"Real US Regular All Formulations Gas Price","1990-08-20","2024-10-28","2024 $ per gallon","NSA",2024-10-28,"Weekly","",0.00100000000000011,"GASREGWR"
"627",2002-08-19,"GASREGWR",1.392,2024-10-29,2024-10-29,2.4133059481239,180.5,"Real US Regular All Formulations Gas Price","1990-08-20","2024-10-28","2024 $ per gallon","NSA",2024-10-28,"Weekly","",-0.0350000000000001,"GASREGWR"
"628",2002-08-26,"GASREGWR",1.403,2024-10-29,2024-10-29,2.43237661294384,180.5,"Real US Regular All Formulations Gas Price","1990-08-20","2024-10-28","2024 $ per gallon","NSA",2024-10-28,"Weekly","",-0.085,"GASREGWR"
"629",2002-09-02,"GASREGWR",1.394,2024-10-29,2024-10-29,2.41276320897023,180.8,"Real US Regular All Formulations Gas Price","1990-08-20","2024-10-28","2024 $ per gallon","NSA",2024-10-28,"Weekly","",-0.151,"GASREGWR"
"630",2002-09-09,"GASREGWR",1.395,2024-10-29,2024-10-29,2.41449402906275,180.8,"Real US Regular All Formulations Gas Price","1990-08-20","2024-10-28","2024 $ per gallon","NSA",2024-10-28,"Weekly","",-0.132,"GASREGWR"
"631",2002-09-16,"GASREGWR",1.401,2024-10-29,2024-10-29,2.42487894961786,180.8,"Real US Regular All Formulations Gas Price","1990-08-20","2024-10-28","2024 $ per gallon","NSA",2024-10-28,"Weekly","",-0.128,"GASREGWR"
"632",2002-09-23,"GASREGWR",1.395,2024-10-29,2024-10-29,2.41449402906275,180.8,"Real US Regular All Formulations Gas Price","1990-08-20","2024-10-28","2024 $ per gallon","NSA",2024-10-28,"Weekly","",-0.0900000000000001,"GASREGWR"
"633",2002-09-30,"GASREGWR",1.413,2024-10-29,2024-10-29,2.44564879072808,180.8,"Real US Regular All Formulations Gas Price","1990-08-20","2024-10-28","2024 $ per gallon","NSA",2024-10-28,"Weekly","",-0.00299999999999989,"GASREGWR"
"634",2002-10-07,"GASREGWR",1.439,2024-10-29,2024-10-29,2.4851519892635,181.2,"Real US Regular All Formulations Gas Price","1990-08-20","2024-10-28","2024 $ per gallon","NSA",2024-10-28,"Weekly","",0.087,"GASREGWR"
"635",2002-10-14,"GASREGWR",1.44,2024-10-29,2024-10-29,2.48687898856111,181.2,"Real US Regular All Formulations Gas Price","1990-08-20","2024-10-28","2024 $ per gallon","NSA",2024-10-28,"Weekly","",0.131,"GASREGWR"
"636",2002-10-21,"GASREGWR",1.458,2024-10-29,2024-10-29,2.51796497591812,181.2,"Real US Regular All Formulations Gas Price","1990-08-20","2024-10-28","2024 $ per gallon","NSA",2024-10-28,"Weekly","",0.193,"GASREGWR"
"637",2002-10-28,"GASREGWR",1.444,2024-10-29,2024-10-29,2.49378698575156,181.2,"Real US Regular All Formulations Gas Price","1990-08-20","2024-10-28","2024 $ per gallon","NSA",2024-10-28,"Weekly","",0.209,"GASREGWR"
"638",2002-11-04,"GASREGWR",1.448,2024-10-29,2024-10-29,2.49656160280491,181.5,"Real US Regular All Formulations Gas Price","1990-08-20","2024-10-28","2024 $ per gallon","NSA",2024-10-28,"Weekly","",0.242,"GASREGWR"
"639",2002-11-11,"GASREGWR",1.439,2024-10-29,2024-10-29,2.48104430002504,181.5,"Real US Regular All Formulations Gas Price","1990-08-20","2024-10-28","2024 $ per gallon","NSA",2024-10-28,"Weekly","",0.257,"GASREGWR"
"640",2002-11-18,"GASREGWR",1.409,2024-10-29,2024-10-29,2.42931995742549,181.5,"Real US Regular All Formulations Gas Price","1990-08-20","2024-10-28","2024 $ per gallon","NSA",2024-10-28,"Weekly","",0.242,"GASREGWR"
"641",2002-11-25,"GASREGWR",1.38,2024-10-29,2024-10-29,2.37931975957926,181.5,"Real US Regular All Formulations Gas Price","1990-08-20","2024-10-28","2024 $ per gallon","NSA",2024-10-28,"Weekly","",0.253,"GASREGWR"
"642",2002-12-02,"GASREGWR",1.364,2024-10-29,2024-10-29,2.34785269526953,181.8,"Real US Regular All Formulations Gas Price","1990-08-20","2024-10-28","2024 $ per gallon","NSA",2024-10-28,"Weekly","",0.256,"GASREGWR"
"643",2002-12-09,"GASREGWR",1.36,2024-10-29,2024-10-29,2.34096749674968,181.8,"Real US Regular All Formulations Gas Price","1990-08-20","2024-10-28","2024 $ per gallon","NSA",2024-10-28,"Weekly","",0.265,"GASREGWR"
"644",2002-12-16,"GASREGWR",1.363,2024-10-29,2024-10-29,2.34613139563956,181.8,"Real US Regular All Formulations Gas Price","1990-08-20","2024-10-28","2024 $ per gallon","NSA",2024-10-28,"Weekly","",0.304,"GASREGWR"
"645",2002-12-23,"GASREGWR",1.401,2024-10-29,2024-10-29,2.41154078157816,181.8,"Real US Regular All Formulations Gas Price","1990-08-20","2024-10-28","2024 $ per gallon","NSA",2024-10-28,"Weekly","",0.329,"GASREGWR"
"646",2002-12-30,"GASREGWR",1.441,2024-10-29,2024-10-29,2.48039276677668,181.8,"Real US Regular All Formulations Gas Price","1990-08-20","2024-10-28","2024 $ per gallon","NSA",2024-10-28,"Weekly","",0.345,"GASREGWR"
"647",2003-01-06,"GASREGWR",1.444,2024-10-29,2024-10-29,2.4746670417206,182.6,"Real US Regular All Formulations Gas Price","1990-08-20","2024-10-28","2024 $ per gallon","NSA",2024-10-28,"Weekly","",0.332,"GASREGWR"
"648",2003-01-13,"GASREGWR",1.454,2024-10-29,2024-10-29,2.49180462511202,182.6,"Real US Regular All Formulations Gas Price","1990-08-20","2024-10-28","2024 $ per gallon","NSA",2024-10-28,"Weekly","",0.343,"GASREGWR"
"649",2003-01-20,"GASREGWR",1.459,2024-10-29,2024-10-29,2.50037341680773,182.6,"Real US Regular All Formulations Gas Price","1990-08-20","2024-10-28","2024 $ per gallon","NSA",2024-10-28,"Weekly","",0.354,"GASREGWR"
"650",2003-01-27,"GASREGWR",1.473,2024-10-29,2024-10-29,2.52436603355571,182.6,"Real US Regular All Formulations Gas Price","1990-08-20","2024-10-28","2024 $ per gallon","NSA",2024-10-28,"Weekly","",0.372,"GASREGWR"
"651",2003-02-03,"GASREGWR",1.527,2024-10-29,2024-10-29,2.60265566696376,183.6,"Real US Regular All Formulations Gas Price","1990-08-20","2024-10-28","2024 $ per gallon","NSA",2024-10-28,"Weekly","",0.411,"GASREGWR"
"652",2003-02-10,"GASREGWR",1.607,2024-10-29,2024-10-29,2.73900959843533,183.6,"Real US Regular All Formulations Gas Price","1990-08-20","2024-10-28","2024 $ per gallon","NSA",2024-10-28,"Weekly","",0.5,"GASREGWR"
"653",2003-02-17,"GASREGWR",1.66,2024-10-29,2024-10-29,2.82934407803525,183.6,"Real US Regular All Formulations Gas Price","1990-08-20","2024-10-28","2024 $ per gallon","NSA",2024-10-28,"Weekly","",0.544,"GASREGWR"
"654",2003-02-24,"GASREGWR",1.658,2024-10-29,2024-10-29,2.82593522974847,183.6,"Real US Regular All Formulations Gas Price","1990-08-20","2024-10-28","2024 $ per gallon","NSA",2024-10-28,"Weekly","",0.542,"GASREGWR"
"655",2003-03-03,"GASREGWR",1.686,2024-10-29,2024-10-29,2.8689712442533,183.9,"Real US Regular All Formulations Gas Price","1990-08-20","2024-10-28","2024 $ per gallon","NSA",2024-10-28,"Weekly","",0.542,"GASREGWR"
"656",2003-03-10,"GASREGWR",1.712,2024-10-29,2024-10-29,2.9132139799298,183.9,"Real US Regular All Formulations Gas Price","1990-08-20","2024-10-28","2024 $ per gallon","NSA",2024-10-28,"Weekly","",0.489,"GASREGWR"
"657",2003-03-17,"GASREGWR",1.728,2024-10-29,2024-10-29,2.94044027880765,183.9,"Real US Regular All Formulations Gas Price","1990-08-20","2024-10-28","2024 $ per gallon","NSA",2024-10-28,"Weekly","",0.44,"GASREGWR"
"658",2003-03-24,"GASREGWR",1.69,2024-10-29,2024-10-29,2.87577781897276,183.9,"Real US Regular All Formulations Gas Price","1990-08-20","2024-10-28","2024 $ per gallon","NSA",2024-10-28,"Weekly","",0.348,"GASREGWR"
"659",2003-03-31,"GASREGWR",1.649,2024-10-29,2024-10-29,2.80601042809828,183.9,"Real US Regular All Formulations Gas Price","1990-08-20","2024-10-28","2024 $ per gallon","NSA",2024-10-28,"Weekly","",0.278,"GASREGWR"
"660",2003-04-07,"GASREGWR",1.63,2024-10-29,2024-10-29,2.78427731738785,183.2,"Real US Regular All Formulations Gas Price","1990-08-20","2024-10-28","2024 $ per gallon","NSA",2024-10-28,"Weekly","",0.217,"GASREGWR"
"661",2003-04-14,"GASREGWR",1.595,2024-10-29,2024-10-29,2.72449222161572,183.2,"Real US Regular All Formulations Gas Price","1990-08-20","2024-10-28","2024 $ per gallon","NSA",2024-10-28,"Weekly","",0.191,"GASREGWR"
"662",2003-04-21,"GASREGWR",1.574,2024-10-29,2024-10-29,2.68862116415244,183.2,"Real US Regular All Formulations Gas Price","1990-08-20","2024-10-28","2024 $ per gallon","NSA",2024-10-28,"Weekly","",0.17,"GASREGWR"
"663",2003-04-28,"GASREGWR",1.557,2024-10-29,2024-10-29,2.65958268906312,183.2,"Real US Regular All Formulations Gas Price","1990-08-20","2024-10-28","2024 $ per gallon","NSA",2024-10-28,"Weekly","",0.164,"GASREGWR"
"664",2003-05-05,"GASREGWR",1.513,2024-10-29,2024-10-29,2.588663360505,182.9,"Real US Regular All Formulations Gas Price","1990-08-20","2024-10-28","2024 $ per gallon","NSA",2024-10-28,"Weekly","",0.118,"GASREGWR"
"665",2003-05-12,"GASREGWR",1.491,2024-10-29,2024-10-29,2.55102251851484,182.9,"Real US Regular All Formulations Gas Price","1990-08-20","2024-10-28","2024 $ per gallon","NSA",2024-10-28,"Weekly","",0.103,"GASREGWR"
"666",2003-05-19,"GASREGWR",1.498,2024-10-29,2024-10-29,2.56299915005716,182.9,"Real US Regular All Formulations Gas Price","1990-08-20","2024-10-28","2024 $ per gallon","NSA",2024-10-28,"Weekly","",0.101,"GASREGWR"
"667",2003-05-26,"GASREGWR",1.487,2024-10-29,2024-10-29,2.54417872906208,182.9,"Real US Regular All Formulations Gas Price","1990-08-20","2024-10-28","2024 $ per gallon","NSA",2024-10-28,"Weekly","",0.1,"GASREGWR"
"668",2003-06-02,"GASREGWR",1.473,2024-10-29,2024-10-29,2.51747262549029,183.1,"Real US Regular All Formulations Gas Price","1990-08-20","2024-10-28","2024 $ per gallon","NSA",2024-10-28,"Weekly","",0.0810000000000002,"GASREGWR"
"669",2003-06-09,"GASREGWR",1.49,2024-10-29,2024-10-29,2.54652695993248,183.1,"Real US Regular All Formulations Gas Price","1990-08-20","2024-10-28","2024 $ per gallon","NSA",2024-10-28,"Weekly","",0.115,"GASREGWR"
"670",2003-06-16,"GASREGWR",1.518,2024-10-29,2024-10-29,2.59438115783725,183.1,"Real US Regular All Formulations Gas Price","1990-08-20","2024-10-28","2024 $ per gallon","NSA",2024-10-28,"Weekly","",0.14,"GASREGWR"
"671",2003-06-23,"GASREGWR",1.496,2024-10-29,2024-10-29,2.55678143091207,183.1,"Real US Regular All Formulations Gas Price","1990-08-20","2024-10-28","2024 $ per gallon","NSA",2024-10-28,"Weekly","",0.112,"GASREGWR"
"672",2003-06-30,"GASREGWR",1.487,2024-10-29,2024-10-29,2.54139972444268,183.1,"Real US Regular All Formulations Gas Price","1990-08-20","2024-10-28","2024 $ per gallon","NSA",2024-10-28,"Weekly","",0.0950000000000002,"GASREGWR"
"673",2003-07-07,"GASREGWR",1.489,2024-10-29,2024-10-29,2.53650601029346,183.7,"Real US Regular All Formulations Gas Price","1990-08-20","2024-10-28","2024 $ per gallon","NSA",2024-10-28,"Weekly","",0.107,"GASREGWR"
"674",2003-07-14,"GASREGWR",1.521,2024-10-29,2024-10-29,2.59101789231454,183.7,"Real US Regular All Formulations Gas Price","1990-08-20","2024-10-28","2024 $ per gallon","NSA",2024-10-28,"Weekly","",0.127,"GASREGWR"
"675",2003-07-21,"GASREGWR",1.524,2024-10-29,2024-10-29,2.59612838125402,183.7,"Real US Regular All Formulations Gas Price","1990-08-20","2024-10-28","2024 $ per gallon","NSA",2024-10-28,"Weekly","",0.114,"GASREGWR"
"676",2003-07-28,"GASREGWR",1.516,2024-10-29,2024-10-29,2.58250041074875,183.7,"Real US Regular All Formulations Gas Price","1990-08-20","2024-10-28","2024 $ per gallon","NSA",2024-10-28,"Weekly","",0.109,"GASREGWR"
"677",2003-08-04,"GASREGWR",1.536,2024-10-29,2024-10-29,2.60522477457502,184.5,"Real US Regular All Formulations Gas Price","1990-08-20","2024-10-28","2024 $ per gallon","NSA",2024-10-28,"Weekly","",0.141,"GASREGWR"
"678",2003-08-11,"GASREGWR",1.571,2024-10-29,2024-10-29,2.66458862034984,184.5,"Real US Regular All Formulations Gas Price","1990-08-20","2024-10-28","2024 $ per gallon","NSA",2024-10-28,"Weekly","",0.178,"GASREGWR"
"679",2003-08-18,"GASREGWR",1.627,2024-10-29,2024-10-29,2.75957077358955,184.5,"Real US Regular All Formulations Gas Price","1990-08-20","2024-10-28","2024 $ per gallon","NSA",2024-10-28,"Weekly","",0.235,"GASREGWR"
"680",2003-08-25,"GASREGWR",1.747,2024-10-29,2024-10-29,2.96310395910323,184.5,"Real US Regular All Formulations Gas Price","1990-08-20","2024-10-28","2024 $ per gallon","NSA",2024-10-28,"Weekly","",0.344,"GASREGWR"
"681",2003-09-01,"GASREGWR",1.746,2024-10-29,2024-10-29,2.95180847207897,185.1,"Real US Regular All Formulations Gas Price","1990-08-20","2024-10-28","2024 $ per gallon","NSA",2024-10-28,"Weekly","",0.352,"GASREGWR"
"682",2003-09-08,"GASREGWR",1.717,2024-10-29,2024-10-29,2.90278072540641,185.1,"Real US Regular All Formulations Gas Price","1990-08-20","2024-10-28","2024 $ per gallon","NSA",2024-10-28,"Weekly","",0.322,"GASREGWR"
"683",2003-09-15,"GASREGWR",1.697,2024-10-29,2024-10-29,2.86896848632189,185.1,"Real US Regular All Formulations Gas Price","1990-08-20","2024-10-28","2024 $ per gallon","NSA",2024-10-28,"Weekly","",0.296,"GASREGWR"
"684",2003-09-22,"GASREGWR",1.643,2024-10-29,2024-10-29,2.77767544079367,185.1,"Real US Regular All Formulations Gas Price","1990-08-20","2024-10-28","2024 $ per gallon","NSA",2024-10-28,"Weekly","",0.248,"GASREGWR"
"685",2003-09-29,"GASREGWR",1.591,2024-10-29,2024-10-29,2.68976361917391,185.1,"Real US Regular All Formulations Gas Price","1990-08-20","2024-10-28","2024 $ per gallon","NSA",2024-10-28,"Weekly","",0.178,"GASREGWR"
"686",2003-10-06,"GASREGWR",1.573,2024-10-29,2024-10-29,2.66220911303407,184.9,"Real US Regular All Formulations Gas Price","1990-08-20","2024-10-28","2024 $ per gallon","NSA",2024-10-28,"Weekly","",0.134,"GASREGWR"
"687",2003-10-13,"GASREGWR",1.568,2024-10-29,2024-10-29,2.65374690987757,184.9,"Real US Regular All Formulations Gas Price","1990-08-20","2024-10-28","2024 $ per gallon","NSA",2024-10-28,"Weekly","",0.128,"GASREGWR"
"688",2003-10-20,"GASREGWR",1.571,2024-10-29,2024-10-29,2.65882423177147,184.9,"Real US Regular All Formulations Gas Price","1990-08-20","2024-10-28","2024 $ per gallon","NSA",2024-10-28,"Weekly","",0.113,"GASREGWR"
"689",2003-10-27,"GASREGWR",1.542,2024-10-29,2024-10-29,2.60974345346379,184.9,"Real US Regular All Formulations Gas Price","1990-08-20","2024-10-28","2024 $ per gallon","NSA",2024-10-28,"Weekly","",0.0980000000000001,"GASREGWR"
"690",2003-11-03,"GASREGWR",1.535,2024-10-29,2024-10-29,2.5964921007371,185,"Real US Regular All Formulations Gas Price","1990-08-20","2024-10-28","2024 $ per gallon","NSA",2024-10-28,"Weekly","",0.087,"GASREGWR"
"691",2003-11-10,"GASREGWR",1.504,2024-10-29,2024-10-29,2.5440548009828,185,"Real US Regular All Formulations Gas Price","1990-08-20","2024-10-28","2024 $ per gallon","NSA",2024-10-28,"Weekly","",0.0649999999999999,"GASREGWR"
"692",2003-11-17,"GASREGWR",1.497,2024-10-29,2024-10-29,2.53221412039312,185,"Real US Regular All Formulations Gas Price","1990-08-20","2024-10-28","2024 $ per gallon","NSA",2024-10-28,"Weekly","",0.0880000000000001,"GASREGWR"
"693",2003-11-24,"GASREGWR",1.512,2024-10-29,2024-10-29,2.55758700737101,185,"Real US Regular All Formulations Gas Price","1990-08-20","2024-10-28","2024 $ per gallon","NSA",2024-10-28,"Weekly","",0.132,"GASREGWR"
"694",2003-12-01,"GASREGWR",1.49,2024-10-29,2024-10-29,2.51357998039696,185.5,"Real US Regular All Formulations Gas Price","1990-08-20","2024-10-28","2024 $ per gallon","NSA",2024-10-28,"Weekly","",0.126,"GASREGWR"
"695",2003-12-08,"GASREGWR",1.476,2024-10-29,2024-10-29,2.48996245037981,185.5,"Real US Regular All Formulations Gas Price","1990-08-20","2024-10-28","2024 $ per gallon","NSA",2024-10-28,"Weekly","",0.116,"GASREGWR"
"696",2003-12-15,"GASREGWR",1.465,2024-10-29,2024-10-29,2.47140581965205,185.5,"Real US Regular All Formulations Gas Price","1990-08-20","2024-10-28","2024 $ per gallon","NSA",2024-10-28,"Weekly","",0.102,"GASREGWR"
"697",2003-12-22,"GASREGWR",1.485,2024-10-29,2024-10-29,2.50514514824798,185.5,"Real US Regular All Formulations Gas Price","1990-08-20","2024-10-28","2024 $ per gallon","NSA",2024-10-28,"Weekly","",0.0840000000000001,"GASREGWR"
"698",2003-12-29,"GASREGWR",1.478,2024-10-29,2024-10-29,2.4933363832394,185.5,"Real US Regular All Formulations Gas Price","1990-08-20","2024-10-28","2024 $ per gallon","NSA",2024-10-28,"Weekly","",0.0369999999999999,"GASREGWR"
"699",2004-01-05,"GASREGWR",1.51,2024-10-29,2024-10-29,2.5363807397648,186.3,"Real US Regular All Formulations Gas Price","1990-08-20","2024-10-28","2024 $ per gallon","NSA",2024-10-28,"Weekly","",0.0660000000000001,"GASREGWR"
"700",2004-01-12,"GASREGWR",1.56,2024-10-29,2024-10-29,2.62036685697555,186.3,"Real US Regular All Formulations Gas Price","1990-08-20","2024-10-28","2024 $ per gallon","NSA",2024-10-28,"Weekly","",0.106,"GASREGWR"
"701",2004-01-19,"GASREGWR",1.595,2024-10-29,2024-10-29,2.67915713902308,186.3,"Real US Regular All Formulations Gas Price","1990-08-20","2024-10-28","2024 $ per gallon","NSA",2024-10-28,"Weekly","",0.136,"GASREGWR"
"702",2004-01-26,"GASREGWR",1.622,2024-10-29,2024-10-29,2.72450964231689,186.3,"Real US Regular All Formulations Gas Price","1990-08-20","2024-10-28","2024 $ per gallon","NSA",2024-10-28,"Weekly","",0.149,"GASREGWR"
"703",2004-02-02,"GASREGWR",1.616,2024-10-29,2024-10-29,2.70861570823392,186.7,"Real US Regular All Formulations Gas Price","1990-08-20","2024-10-28","2024 $ per gallon","NSA",2024-10-28,"Weekly","",0.0890000000000002,"GASREGWR"
"704",2004-02-09,"GASREGWR",1.638,2024-10-29,2024-10-29,2.74549042703413,186.7,"Real US Regular All Formulations Gas Price","1990-08-20","2024-10-28","2024 $ per gallon","NSA",2024-10-28,"Weekly","",0.0309999999999999,"GASREGWR"
"705",2004-02-16,"GASREGWR",1.648,2024-10-29,2024-10-29,2.76225166285241,186.7,"Real US Regular All Formulations Gas Price","1990-08-20","2024-10-28","2024 $ per gallon","NSA",2024-10-28,"Weekly","",-0.012,"GASREGWR"
"706",2004-02-23,"GASREGWR",1.688,2024-10-29,2024-10-29,2.82929660612553,186.7,"Real US Regular All Formulations Gas Price","1990-08-20","2024-10-28","2024 $ per gallon","NSA",2024-10-28,"Weekly","",0.03,"GASREGWR"
"707",2004-03-01,"GASREGWR",1.717,2024-10-29,2024-10-29,2.87175153539673,187.1,"Real US Regular All Formulations Gas Price","1990-08-20","2024-10-28","2024 $ per gallon","NSA",2024-10-28,"Weekly","",0.0310000000000001,"GASREGWR"
"708",2004-03-08,"GASREGWR",1.738,2024-10-29,2024-10-29,2.90687487974345,187.1,"Real US Regular All Formulations Gas Price","1990-08-20","2024-10-28","2024 $ per gallon","NSA",2024-10-28,"Weekly","",0.026,"GASREGWR"
"709",2004-03-15,"GASREGWR",1.724,2024-10-29,2024-10-29,2.88345931684563,187.1,"Real US Regular All Formulations Gas Price","1990-08-20","2024-10-28","2024 $ per gallon","NSA",2024-10-28,"Weekly","",-0.004,"GASREGWR"
"710",2004-03-22,"GASREGWR",1.743,2024-10-29,2024-10-29,2.91523758077839,187.1,"Real US Regular All Formulations Gas Price","1990-08-20","2024-10-28","2024 $ per gallon","NSA",2024-10-28,"Weekly","",0.0530000000000002,"GASREGWR"
"711",2004-03-29,"GASREGWR",1.758,2024-10-29,2024-10-29,2.94032568388319,187.1,"Real US Regular All Formulations Gas Price","1990-08-20","2024-10-28","2024 $ per gallon","NSA",2024-10-28,"Weekly","",0.109,"GASREGWR"
"712",2004-04-05,"GASREGWR",1.78,2024-10-29,2024-10-29,2.97235563209469,187.4,"Real US Regular All Formulations Gas Price","1990-08-20","2024-10-28","2024 $ per gallon","NSA",2024-10-28,"Weekly","",0.15,"GASREGWR"
"713",2004-04-12,"GASREGWR",1.786,2024-10-29,2024-10-29,2.98237480838265,187.4,"Real US Regular All Formulations Gas Price","1990-08-20","2024-10-28","2024 $ per gallon","NSA",2024-10-28,"Weekly","",0.191,"GASREGWR"
"714",2004-04-19,"GASREGWR",1.813,2024-10-29,2024-10-29,3.02746110167847,187.4,"Real US Regular All Formulations Gas Price","1990-08-20","2024-10-28","2024 $ per gallon","NSA",2024-10-28,"Weekly","",0.239,"GASREGWR"
"715",2004-04-26,"GASREGWR",1.812,2024-10-29,2024-10-29,3.02579123896381,187.4,"Real US Regular All Formulations Gas Price","1990-08-20","2024-10-28","2024 $ per gallon","NSA",2024-10-28,"Weekly","",0.255,"GASREGWR"
"716",2004-05-03,"GASREGWR",1.844,2024-10-29,2024-10-29,3.06613767751908,188.2,"Real US Regular All Formulations Gas Price","1990-08-20","2024-10-28","2024 $ per gallon","NSA",2024-10-28,"Weekly","",0.331,"GASREGWR"
"717",2004-05-10,"GASREGWR",1.941,2024-10-29,2024-10-29,3.2274258308376,188.2,"Real US Regular All Formulations Gas Price","1990-08-20","2024-10-28","2024 $ per gallon","NSA",2024-10-28,"Weekly","",0.45,"GASREGWR"
"718",2004-05-17,"GASREGWR",2.017,2024-10-29,2024-10-29,3.35379593034489,188.2,"Real US Regular All Formulations Gas Price","1990-08-20","2024-10-28","2024 $ per gallon","NSA",2024-10-28,"Weekly","",0.519,"GASREGWR"
"719",2004-05-24,"GASREGWR",2.064,2024-10-29,2024-10-29,3.43194586030335,188.2,"Real US Regular All Formulations Gas Price","1990-08-20","2024-10-28","2024 $ per gallon","NSA",2024-10-28,"Weekly","",0.577,"GASREGWR"
"720",2004-05-31,"GASREGWR",2.051,2024-10-29,2024-10-29,3.41032992222974,188.2,"Real US Regular All Formulations Gas Price","1990-08-20","2024-10-28","2024 $ per gallon","NSA",2024-10-28,"Weekly","",0.578,"GASREGWR"
"721",2004-06-07,"GASREGWR",2.034,2024-10-29,2024-10-29,3.3695301361952,188.9,"Real US Regular All Formulations Gas Price","1990-08-20","2024-10-28","2024 $ per gallon","NSA",2024-10-28,"Weekly","",0.544,"GASREGWR"
"722",2004-06-14,"GASREGWR",1.985,2024-10-29,2024-10-29,3.2883565980076,188.9,"Real US Regular All Formulations Gas Price","1990-08-20","2024-10-28","2024 $ per gallon","NSA",2024-10-28,"Weekly","",0.467,"GASREGWR"
"723",2004-06-21,"GASREGWR",1.937,2024-10-29,2024-10-29,3.20883966264017,188.9,"Real US Regular All Formulations Gas Price","1990-08-20","2024-10-28","2024 $ per gallon","NSA",2024-10-28,"Weekly","",0.441,"GASREGWR"
"724",2004-06-28,"GASREGWR",1.921,2024-10-29,2024-10-29,3.18233401751769,188.9,"Real US Regular All Formulations Gas Price","1990-08-20","2024-10-28","2024 $ per gallon","NSA",2024-10-28,"Weekly","",0.434,"GASREGWR"
"725",2004-07-05,"GASREGWR",1.895,2024-10-29,2024-10-29,3.13594213018605,189.1,"Real US Regular All Formulations Gas Price","1990-08-20","2024-10-28","2024 $ per gallon","NSA",2024-10-28,"Weekly","",0.406,"GASREGWR"
"726",2004-07-12,"GASREGWR",1.917,2024-10-29,2024-10-29,3.17234884620932,189.1,"Real US Regular All Formulations Gas Price","1990-08-20","2024-10-28","2024 $ per gallon","NSA",2024-10-28,"Weekly","",0.396,"GASREGWR"
"727",2004-07-19,"GASREGWR",1.928,2024-10-29,2024-10-29,3.19055220422095,189.1,"Real US Regular All Formulations Gas Price","1990-08-20","2024-10-28","2024 $ per gallon","NSA",2024-10-28,"Weekly","",0.404,"GASREGWR"
"728",2004-07-26,"GASREGWR",1.905,2024-10-29,2024-10-29,3.15249063746935,189.1,"Real US Regular All Formulations Gas Price","1990-08-20","2024-10-28","2024 $ per gallon","NSA",2024-10-28,"Weekly","",0.389,"GASREGWR"
"729",2004-08-02,"GASREGWR",1.888,2024-10-29,2024-10-29,3.12270682298674,189.2,"Real US Regular All Formulations Gas Price","1990-08-20","2024-10-28","2024 $ per gallon","NSA",2024-10-28,"Weekly","",0.352,"GASREGWR"
"730",2004-08-09,"GASREGWR",1.877,2024-10-29,2024-10-29,3.10451308620027,189.2,"Real US Regular All Formulations Gas Price","1990-08-20","2024-10-28","2024 $ per gallon","NSA",2024-10-28,"Weekly","",0.306,"GASREGWR"
"731",2004-08-16,"GASREGWR",1.875,2024-10-29,2024-10-29,3.10120513405727,189.2,"Real US Regular All Formulations Gas Price","1990-08-20","2024-10-28","2024 $ per gallon","NSA",2024-10-28,"Weekly","",0.248,"GASREGWR"
"732",2004-08-23,"GASREGWR",1.884,2024-10-29,2024-10-29,3.11609091870075,189.2,"Real US Regular All Formulations Gas Price","1990-08-20","2024-10-28","2024 $ per gallon","NSA",2024-10-28,"Weekly","",0.137,"GASREGWR"
"733",2004-08-30,"GASREGWR",1.866,2024-10-29,2024-10-29,3.0863193494138,189.2,"Real US Regular All Formulations Gas Price","1990-08-20","2024-10-28","2024 $ per gallon","NSA",2024-10-28,"Weekly","",0.12,"GASREGWR"
"734",2004-09-06,"GASREGWR",1.85,2024-10-29,2024-10-29,3.05018284797394,189.8,"Real US Regular All Formulations Gas Price","1990-08-20","2024-10-28","2024 $ per gallon","NSA",2024-10-28,"Weekly","",0.133,"GASREGWR"
"735",2004-09-13,"GASREGWR",1.846,2024-10-29,2024-10-29,3.04358785803238,189.8,"Real US Regular All Formulations Gas Price","1990-08-20","2024-10-28","2024 $ per gallon","NSA",2024-10-28,"Weekly","",0.149,"GASREGWR"
"736",2004-09-20,"GASREGWR",1.866,2024-10-29,2024-10-29,3.0765628077402,189.8,"Real US Regular All Formulations Gas Price","1990-08-20","2024-10-28","2024 $ per gallon","NSA",2024-10-28,"Weekly","",0.223,"GASREGWR"
"737",2004-09-27,"GASREGWR",1.917,2024-10-29,2024-10-29,3.16064892949516,189.8,"Real US Regular All Formulations Gas Price","1990-08-20","2024-10-28","2024 $ per gallon","NSA",2024-10-28,"Weekly","",0.326,"GASREGWR"
"738",2004-10-04,"GASREGWR",1.938,2024-10-29,2024-10-29,3.17852591480846,190.8,"Real US Regular All Formulations Gas Price","1990-08-20","2024-10-28","2024 $ per gallon","NSA",2024-10-28,"Weekly","",0.365,"GASREGWR"
"739",2004-10-11,"GASREGWR",1.993,2024-10-29,2024-10-29,3.26873175862398,190.8,"Real US Regular All Formulations Gas Price","1990-08-20","2024-10-28","2024 $ per gallon","NSA",2024-10-28,"Weekly","",0.425,"GASREGWR"
"740",2004-10-18,"GASREGWR",2.035,2024-10-29,2024-10-29,3.337616221174,190.8,"Real US Regular All Formulations Gas Price","1990-08-20","2024-10-28","2024 $ per gallon","NSA",2024-10-28,"Weekly","",0.464,"GASREGWR"
"741",2004-10-25,"GASREGWR",2.032,2024-10-29,2024-10-29,3.33269590242043,190.8,"Real US Regular All Formulations Gas Price","1990-08-20","2024-10-28","2024 $ per gallon","NSA",2024-10-28,"Weekly","",0.49,"GASREGWR"
"742",2004-11-01,"GASREGWR",2.034,2024-10-29,2024-10-29,3.32031425522834,191.7,"Real US Regular All Formulations Gas Price","1990-08-20","2024-10-28","2024 $ per gallon","NSA",2024-10-28,"Weekly","",0.499,"GASREGWR"
"743",2004-11-08,"GASREGWR",2.001,2024-10-29,2024-10-29,3.26644484990753,191.7,"Real US Regular All Formulations Gas Price","1990-08-20","2024-10-28","2024 $ per gallon","NSA",2024-10-28,"Weekly","",0.497,"GASREGWR"
"744",2004-11-15,"GASREGWR",1.969,2024-10-29,2024-10-29,3.21420785080856,191.7,"Real US Regular All Formulations Gas Price","1990-08-20","2024-10-28","2024 $ per gallon","NSA",2024-10-28,"Weekly","",0.472,"GASREGWR"
"745",2004-11-22,"GASREGWR",1.948,2024-10-29,2024-10-29,3.17992732014985,191.7,"Real US Regular All Formulations Gas Price","1990-08-20","2024-10-28","2024 $ per gallon","NSA",2024-10-28,"Weekly","",0.436,"GASREGWR"
"746",2004-11-29,"GASREGWR",1.945,2024-10-29,2024-10-29,3.17503010148433,191.7,"Real US Regular All Formulations Gas Price","1990-08-20","2024-10-28","2024 $ per gallon","NSA",2024-10-28,"Weekly","",0.455,"GASREGWR"
"747",2004-12-06,"GASREGWR",1.911,2024-10-29,2024-10-29,3.11952828994167,191.7,"Real US Regular All Formulations Gas Price","1990-08-20","2024-10-28","2024 $ per gallon","NSA",2024-10-28,"Weekly","",0.435,"GASREGWR"
"748",2004-12-13,"GASREGWR",1.847,2024-10-29,2024-10-29,3.01505429174373,191.7,"Real US Regular All Formulations Gas Price","1990-08-20","2024-10-28","2024 $ per gallon","NSA",2024-10-28,"Weekly","",0.382,"GASREGWR"
"749",2004-12-20,"GASREGWR",1.815,2024-10-29,2024-10-29,2.96281729264476,191.7,"Real US Regular All Formulations Gas Price","1990-08-20","2024-10-28","2024 $ per gallon","NSA",2024-10-28,"Weekly","",0.33,"GASREGWR"
"750",2004-12-27,"GASREGWR",1.791,2024-10-29,2024-10-29,2.92363954332053,191.7,"Real US Regular All Formulations Gas Price","1990-08-20","2024-10-28","2024 $ per gallon","NSA",2024-10-28,"Weekly","",0.313,"GASREGWR"
"751",2005-01-03,"GASREGWR",1.778,2024-10-29,2024-10-29,2.90393309451509,191.6,"Real US Regular All Formulations Gas Price","1990-08-20","2024-10-28","2024 $ per gallon","NSA",2024-10-28,"Weekly","",0.268,"GASREGWR"
"752",2005-01-10,"GASREGWR",1.793,2024-10-29,2024-10-29,2.92843196764092,191.6,"Real US Regular All Formulations Gas Price","1990-08-20","2024-10-28","2024 $ per gallon","NSA",2024-10-28,"Weekly","",0.233,"GASREGWR"
"753",2005-01-17,"GASREGWR",1.819,2024-10-29,2024-10-29,2.97089668105902,191.6,"Real US Regular All Formulations Gas Price","1990-08-20","2024-10-28","2024 $ per gallon","NSA",2024-10-28,"Weekly","",0.224,"GASREGWR"
"754",2005-01-24,"GASREGWR",1.853,2024-10-29,2024-10-29,3.02642746014424,191.6,"Real US Regular All Formulations Gas Price","1990-08-20","2024-10-28","2024 $ per gallon","NSA",2024-10-28,"Weekly","",0.231,"GASREGWR"
"755",2005-01-31,"GASREGWR",1.911,2024-10-29,2024-10-29,3.12115643623078,191.6,"Real US Regular All Formulations Gas Price","1990-08-20","2024-10-28","2024 $ per gallon","NSA",2024-10-28,"Weekly","",0.295,"GASREGWR"
"756",2005-02-07,"GASREGWR",1.909,2024-10-29,2024-10-29,3.10492572056322,192.4,"Real US Regular All Formulations Gas Price","1990-08-20","2024-10-28","2024 $ per gallon","NSA",2024-10-28,"Weekly","",0.271,"GASREGWR"
"757",2005-02-14,"GASREGWR",1.898,2024-10-29,2024-10-29,3.08703458230958,192.4,"Real US Regular All Formulations Gas Price","1990-08-20","2024-10-28","2024 $ per gallon","NSA",2024-10-28,"Weekly","",0.25,"GASREGWR"
"758",2005-02-21,"GASREGWR",1.905,2024-10-29,2024-10-29,3.09841985210735,192.4,"Real US Regular All Formulations Gas Price","1990-08-20","2024-10-28","2024 $ per gallon","NSA",2024-10-28,"Weekly","",0.217,"GASREGWR"
"759",2005-02-28,"GASREGWR",1.928,2024-10-29,2024-10-29,3.13582859572859,192.4,"Real US Regular All Formulations Gas Price","1990-08-20","2024-10-28","2024 $ per gallon","NSA",2024-10-28,"Weekly","",0.211,"GASREGWR"
"760",2005-03-07,"GASREGWR",1.999,2024-10-29,2024-10-29,3.23952155971941,193.1,"Real US Regular All Formulations Gas Price","1990-08-20","2024-10-28","2024 $ per gallon","NSA",2024-10-28,"Weekly","",0.261,"GASREGWR"
"761",2005-03-14,"GASREGWR",2.056,2024-10-29,2024-10-29,3.33189411044678,193.1,"Real US Regular All Formulations Gas Price","1990-08-20","2024-10-28","2024 $ per gallon","NSA",2024-10-28,"Weekly","",0.332,"GASREGWR"
"762",2005-03-21,"GASREGWR",2.109,2024-10-29,2024-10-29,3.41778437691258,193.1,"Real US Regular All Formulations Gas Price","1990-08-20","2024-10-28","2024 $ per gallon","NSA",2024-10-28,"Weekly","",0.366,"GASREGWR"
"763",2005-03-28,"GASREGWR",2.153,2024-10-29,2024-10-29,3.48908950378984,193.1,"Real US Regular All Formulations Gas Price","1990-08-20","2024-10-28","2024 $ per gallon","NSA",2024-10-28,"Weekly","",0.395,"GASREGWR"
"764",2005-04-04,"GASREGWR",2.217,2024-10-29,2024-10-29,3.58167707091566,193.7,"Real US Regular All Formulations Gas Price","1990-08-20","2024-10-28","2024 $ per gallon","NSA",2024-10-28,"Weekly","",0.437,"GASREGWR"
"765",2005-04-11,"GASREGWR",2.28,2024-10-29,2024-10-29,3.68345679823532,193.7,"Real US Regular All Formulations Gas Price","1990-08-20","2024-10-28","2024 $ per gallon","NSA",2024-10-28,"Weekly","",0.494,"GASREGWR"
"766",2005-04-18,"GASREGWR",2.237,2024-10-29,2024-10-29,3.61398809546159,193.7,"Real US Regular All Formulations Gas Price","1990-08-20","2024-10-28","2024 $ per gallon","NSA",2024-10-28,"Weekly","",0.424,"GASREGWR"
"767",2005-04-25,"GASREGWR",2.236,2024-10-29,2024-10-29,3.61237254423429,193.7,"Real US Regular All Formulations Gas Price","1990-08-20","2024-10-28","2024 $ per gallon","NSA",2024-10-28,"Weekly","",0.424,"GASREGWR"
"768",2005-05-02,"GASREGWR",2.235,2024-10-29,2024-10-29,3.61262205343727,193.6,"Real US Regular All Formulations Gas Price","1990-08-20","2024-10-28","2024 $ per gallon","NSA",2024-10-28,"Weekly","",0.391,"GASREGWR"
"769",2005-05-09,"GASREGWR",2.186,2024-10-29,2024-10-29,3.53341915383171,193.6,"Real US Regular All Formulations Gas Price","1990-08-20","2024-10-28","2024 $ per gallon","NSA",2024-10-28,"Weekly","",0.245,"GASREGWR"
"770",2005-05-16,"GASREGWR",2.163,2024-10-29,2024-10-29,3.49624228258828,193.6,"Real US Regular All Formulations Gas Price","1990-08-20","2024-10-28","2024 $ per gallon","NSA",2024-10-28,"Weekly","",0.146,"GASREGWR"
"771",2005-05-23,"GASREGWR",2.125,2024-10-29,2024-10-29,3.43481962575132,193.6,"Real US Regular All Formulations Gas Price","1990-08-20","2024-10-28","2024 $ per gallon","NSA",2024-10-28,"Weekly","",0.0609999999999999,"GASREGWR"
"772",2005-05-30,"GASREGWR",2.097,2024-10-29,2024-10-29,3.38956082597671,193.6,"Real US Regular All Formulations Gas Price","1990-08-20","2024-10-28","2024 $ per gallon","NSA",2024-10-28,"Weekly","",0.0459999999999998,"GASREGWR"
"773",2005-06-06,"GASREGWR",2.116,2024-10-29,2024-10-29,3.41850639695875,193.7,"Real US Regular All Formulations Gas Price","1990-08-20","2024-10-28","2024 $ per gallon","NSA",2024-10-28,"Weekly","",0.0820000000000003,"GASREGWR"
"774",2005-06-13,"GASREGWR",2.13,2024-10-29,2024-10-29,3.44112411414089,193.7,"Real US Regular All Formulations Gas Price","1990-08-20","2024-10-28","2024 $ per gallon","NSA",2024-10-28,"Weekly","",0.145,"GASREGWR"
"775",2005-06-20,"GASREGWR",2.161,2024-10-29,2024-10-29,3.49120620218708,193.7,"Real US Regular All Formulations Gas Price","1990-08-20","2024-10-28","2024 $ per gallon","NSA",2024-10-28,"Weekly","",0.224,"GASREGWR"
"776",2005-06-27,"GASREGWR",2.215,2024-10-29,2024-10-29,3.57844596846107,193.7,"Real US Regular All Formulations Gas Price","1990-08-20","2024-10-28","2024 $ per gallon","NSA",2024-10-28,"Weekly","",0.294,"GASREGWR"
"777",2005-07-04,"GASREGWR",2.226,2024-10-29,2024-10-29,3.57407511077942,194.9,"Real US Regular All Formulations Gas Price","1990-08-20","2024-10-28","2024 $ per gallon","NSA",2024-10-28,"Weekly","",0.331,"GASREGWR"
"778",2005-07-11,"GASREGWR",2.328,2024-10-29,2024-10-29,3.73784674658333,194.9,"Real US Regular All Formulations Gas Price","1990-08-20","2024-10-28","2024 $ per gallon","NSA",2024-10-28,"Weekly","",0.411,"GASREGWR"
"779",2005-07-18,"GASREGWR",2.317,2024-10-29,2024-10-29,3.72018509958487,194.9,"Real US Regular All Formulations Gas Price","1990-08-20","2024-10-28","2024 $ per gallon","NSA",2024-10-28,"Weekly","",0.389,"GASREGWR"
"780",2005-07-25,"GASREGWR",2.289,2024-10-29,2024-10-29,3.67522817995242,194.9,"Real US Regular All Formulations Gas Price","1990-08-20","2024-10-28","2024 $ per gallon","NSA",2024-10-28,"Weekly","",0.384,"GASREGWR"
"781",2005-08-01,"GASREGWR",2.291,2024-10-29,2024-10-29,3.65592981549302,196.1,"Real US Regular All Formulations Gas Price","1990-08-20","2024-10-28","2024 $ per gallon","NSA",2024-10-28,"Weekly","",0.403,"GASREGWR"
"782",2005-08-08,"GASREGWR",2.368,2024-10-29,2024-10-29,3.77880480274443,196.1,"Real US Regular All Formulations Gas Price","1990-08-20","2024-10-28","2024 $ per gallon","NSA",2024-10-28,"Weekly","",0.491,"GASREGWR"
"783",2005-08-15,"GASREGWR",2.55,2024-10-29,2024-10-29,4.06923659079319,196.1,"Real US Regular All Formulations Gas Price","1990-08-20","2024-10-28","2024 $ per gallon","NSA",2024-10-28,"Weekly","",0.675,"GASREGWR"
"784",2005-08-22,"GASREGWR",2.612,2024-10-29,2024-10-29,4.1681748922164,196.1,"Real US Regular All Formulations Gas Price","1990-08-20","2024-10-28","2024 $ per gallon","NSA",2024-10-28,"Weekly","",0.728,"GASREGWR"
"785",2005-08-29,"GASREGWR",2.61,2024-10-29,2024-10-29,4.16498333410598,196.1,"Real US Regular All Formulations Gas Price","1990-08-20","2024-10-28","2024 $ per gallon","NSA",2024-10-28,"Weekly","",0.744,"GASREGWR"
"786",2005-09-05,"GASREGWR",3.069,2024-10-29,2024-10-29,4.83093131287726,198.8,"Real US Regular All Formulations Gas Price","1990-08-20","2024-10-28","2024 $ per gallon","NSA",2024-10-28,"Weekly","",1.219,"GASREGWR"
"787",2005-09-12,"GASREGWR",2.955,2024-10-29,2024-10-29,4.65148322891897,198.8,"Real US Regular All Formulations Gas Price","1990-08-20","2024-10-28","2024 $ per gallon","NSA",2024-10-28,"Weekly","",1.109,"GASREGWR"
"788",2005-09-19,"GASREGWR",2.786,2024-10-29,2024-10-29,4.38545931498079,198.8,"Real US Regular All Formulations Gas Price","1990-08-20","2024-10-28","2024 $ per gallon","NSA",2024-10-28,"Weekly","",0.92,"GASREGWR"
"789",2005-09-26,"GASREGWR",2.803,2024-10-29,2024-10-29,4.41221911697457,198.8,"Real US Regular All Formulations Gas Price","1990-08-20","2024-10-28","2024 $ per gallon","NSA",2024-10-28,"Weekly","",0.886,"GASREGWR"
"790",2005-10-03,"GASREGWR",2.928,2024-10-29,2024-10-29,4.6020376421168,199.1,"Real US Regular All Formulations Gas Price","1990-08-20","2024-10-28","2024 $ per gallon","NSA",2024-10-28,"Weekly","",0.99,"GASREGWR"
"791",2005-10-10,"GASREGWR",2.848,2024-10-29,2024-10-29,4.47629890872563,199.1,"Real US Regular All Formulations Gas Price","1990-08-20","2024-10-28","2024 $ per gallon","NSA",2024-10-28,"Weekly","",0.855,"GASREGWR"
"792",2005-10-17,"GASREGWR",2.725,2024-10-29,2024-10-29,4.28297560613671,199.1,"Real US Regular All Formulations Gas Price","1990-08-20","2024-10-28","2024 $ per gallon","NSA",2024-10-28,"Weekly","",0.69,"GASREGWR"
"793",2005-10-24,"GASREGWR",2.603,2024-10-29,2024-10-29,4.09122403771517,199.1,"Real US Regular All Formulations Gas Price","1990-08-20","2024-10-28","2024 $ per gallon","NSA",2024-10-28,"Weekly","",0.571,"GASREGWR"
"794",2005-10-31,"GASREGWR",2.48,2024-10-29,2024-10-29,3.89790073512625,199.1,"Real US Regular All Formulations Gas Price","1990-08-20","2024-10-28","2024 $ per gallon","NSA",2024-10-28,"Weekly","",0.446,"GASREGWR"
"795",2005-11-07,"GASREGWR",2.376,2024-10-29,2024-10-29,3.7532916708733,198.1,"Real US Regular All Formulations Gas Price","1990-08-20","2024-10-28","2024 $ per gallon","NSA",2024-10-28,"Weekly","",0.375,"GASREGWR"
"796",2005-11-14,"GASREGWR",2.296,2024-10-29,2024-10-29,3.62691821394154,198.1,"Real US Regular All Formulations Gas Price","1990-08-20","2024-10-28","2024 $ per gallon","NSA",2024-10-28,"Weekly","",0.327,"GASREGWR"
"797",2005-11-21,"GASREGWR",2.201,2024-10-29,2024-10-29,3.47684973383507,198.1,"Real US Regular All Formulations Gas Price","1990-08-20","2024-10-28","2024 $ per gallon","NSA",2024-10-28,"Weekly","",0.253,"GASREGWR"
"798",2005-11-28,"GASREGWR",2.154,2024-10-29,2024-10-29,3.40260532788766,198.1,"Real US Regular All Formulations Gas Price","1990-08-20","2024-10-28","2024 $ per gallon","NSA",2024-10-28,"Weekly","",0.209,"GASREGWR"
"799",2005-12-05,"GASREGWR",2.147,2024-10-29,2024-10-29,3.39154765040613,198.1,"Real US Regular All Formulations Gas Price","1990-08-20","2024-10-28","2024 $ per gallon","NSA",2024-10-28,"Weekly","",0.236,"GASREGWR"
"800",2005-12-12,"GASREGWR",2.185,2024-10-29,2024-10-29,3.45157504244872,198.1,"Real US Regular All Formulations Gas Price","1990-08-20","2024-10-28","2024 $ per gallon","NSA",2024-10-28,"Weekly","",0.338,"GASREGWR"
"801",2005-12-19,"GASREGWR",2.211,2024-10-29,2024-10-29,3.49264641595154,198.1,"Real US Regular All Formulations Gas Price","1990-08-20","2024-10-28","2024 $ per gallon","NSA",2024-10-28,"Weekly","",0.396,"GASREGWR"
"802",2005-12-26,"GASREGWR",2.197,2024-10-29,2024-10-29,3.47053106098848,198.1,"Real US Regular All Formulations Gas Price","1990-08-20","2024-10-28","2024 $ per gallon","NSA",2024-10-28,"Weekly","",0.406,"GASREGWR"
"803",2006-01-02,"GASREGWR",2.238,2024-10-29,2024-10-29,3.51401117091639,199.3,"Real US Regular All Formulations Gas Price","1990-08-20","2024-10-28","2024 $ per gallon","NSA",2024-10-28,"Weekly","",0.46,"GASREGWR"
"804",2006-01-09,"GASREGWR",2.327,2024-10-29,2024-10-29,3.65375513615837,199.3,"Real US Regular All Formulations Gas Price","1990-08-20","2024-10-28","2024 $ per gallon","NSA",2024-10-28,"Weekly","",0.534,"GASREGWR"
"805",2006-01-16,"GASREGWR",2.32,2024-10-29,2024-10-29,3.64276403776855,199.3,"Real US Regular All Formulations Gas Price","1990-08-20","2024-10-28","2024 $ per gallon","NSA",2024-10-28,"Weekly","",0.501,"GASREGWR"
"806",2006-01-23,"GASREGWR",2.336,2024-10-29,2024-10-29,3.66788654837385,199.3,"Real US Regular All Formulations Gas Price","1990-08-20","2024-10-28","2024 $ per gallon","NSA",2024-10-28,"Weekly","",0.483,"GASREGWR"
"807",2006-01-30,"GASREGWR",2.357,2024-10-29,2024-10-29,3.70085984354331,199.3,"Real US Regular All Formulations Gas Price","1990-08-20","2024-10-28","2024 $ per gallon","NSA",2024-10-28,"Weekly","",0.446,"GASREGWR"
"808",2006-02-06,"GASREGWR",2.342,2024-10-29,2024-10-29,3.675463303547,199.4,"Real US Regular All Formulations Gas Price","1990-08-20","2024-10-28","2024 $ per gallon","NSA",2024-10-28,"Weekly","",0.433,"GASREGWR"
"809",2006-02-13,"GASREGWR",2.284,2024-10-29,2024-10-29,3.58443987416796,199.4,"Real US Regular All Formulations Gas Price","1990-08-20","2024-10-28","2024 $ per gallon","NSA",2024-10-28,"Weekly","",0.386,"GASREGWR"
"810",2006-02-20,"GASREGWR",2.24,2024-10-29,2024-10-29,3.51538761739765,199.4,"Real US Regular All Formulations Gas Price","1990-08-20","2024-10-28","2024 $ per gallon","NSA",2024-10-28,"Weekly","",0.335,"GASREGWR"
"811",2006-02-27,"GASREGWR",2.254,2024-10-29,2024-10-29,3.53735879000638,199.4,"Real US Regular All Formulations Gas Price","1990-08-20","2024-10-28","2024 $ per gallon","NSA",2024-10-28,"Weekly","",0.326,"GASREGWR"
"812",2006-03-06,"GASREGWR",2.331,2024-10-29,2024-10-29,3.65270469567988,199.7,"Real US Regular All Formulations Gas Price","1990-08-20","2024-10-28","2024 $ per gallon","NSA",2024-10-28,"Weekly","",0.332,"GASREGWR"
"813",2006-03-13,"GASREGWR",2.366,2024-10-29,2024-10-29,3.70755011153093,199.7,"Real US Regular All Formulations Gas Price","1990-08-20","2024-10-28","2024 $ per gallon","NSA",2024-10-28,"Weekly","",0.31,"GASREGWR"
"814",2006-03-20,"GASREGWR",2.504,2024-10-29,2024-10-29,3.92379775117221,199.7,"Real US Regular All Formulations Gas Price","1990-08-20","2024-10-28","2024 $ per gallon","NSA",2024-10-28,"Weekly","",0.395,"GASREGWR"
"815",2006-03-27,"GASREGWR",2.498,2024-10-29,2024-10-29,3.91439567988346,199.7,"Real US Regular All Formulations Gas Price","1990-08-20","2024-10-28","2024 $ per gallon","NSA",2024-10-28,"Weekly","",0.345,"GASREGWR"
"816",2006-04-03,"GASREGWR",2.588,2024-10-29,2024-10-29,4.03522033790823,200.7,"Real US Regular All Formulations Gas Price","1990-08-20","2024-10-28","2024 $ per gallon","NSA",2024-10-28,"Weekly","",0.371,"GASREGWR"
"817",2006-04-10,"GASREGWR",2.683,2024-10-29,2024-10-29,4.1833447320741,200.7,"Real US Regular All Formulations Gas Price","1990-08-20","2024-10-28","2024 $ per gallon","NSA",2024-10-28,"Weekly","",0.403,"GASREGWR"
"818",2006-04-17,"GASREGWR",2.783,2024-10-29,2024-10-29,4.33926514698555,200.7,"Real US Regular All Formulations Gas Price","1990-08-20","2024-10-28","2024 $ per gallon","NSA",2024-10-28,"Weekly","",0.546,"GASREGWR"
"819",2006-04-24,"GASREGWR",2.914,2024-10-29,2024-10-29,4.54352089051955,200.7,"Real US Regular All Formulations Gas Price","1990-08-20","2024-10-28","2024 $ per gallon","NSA",2024-10-28,"Weekly","",0.678,"GASREGWR"
"820",2006-05-01,"GASREGWR",2.919,2024-10-29,2024-10-29,4.53775113805717,201.3,"Real US Regular All Formulations Gas Price","1990-08-20","2024-10-28","2024 $ per gallon","NSA",2024-10-28,"Weekly","",0.684,"GASREGWR"
"821",2006-05-08,"GASREGWR",2.909,2024-10-29,2024-10-29,4.52220557060922,201.3,"Real US Regular All Formulations Gas Price","1990-08-20","2024-10-28","2024 $ per gallon","NSA",2024-10-28,"Weekly","",0.723,"GASREGWR"
"822",2006-05-15,"GASREGWR",2.947,2024-10-29,2024-10-29,4.58127872691144,201.3,"Real US Regular All Formulations Gas Price","1990-08-20","2024-10-28","2024 $ per gallon","NSA",2024-10-28,"Weekly","",0.784,"GASREGWR"
"823",2006-05-22,"GASREGWR",2.892,2024-10-29,2024-10-29,4.4957781059477,201.3,"Real US Regular All Formulations Gas Price","1990-08-20","2024-10-28","2024 $ per gallon","NSA",2024-10-28,"Weekly","",0.767,"GASREGWR"
"824",2006-05-29,"GASREGWR",2.867,2024-10-29,2024-10-29,4.45691418732782,201.3,"Real US Regular All Formulations Gas Price","1990-08-20","2024-10-28","2024 $ per gallon","NSA",2024-10-28,"Weekly","",0.77,"GASREGWR"
"825",2006-06-05,"GASREGWR",2.892,2024-10-29,2024-10-29,4.48463891341562,201.8,"Real US Regular All Formulations Gas Price","1990-08-20","2024-10-28","2024 $ per gallon","NSA",2024-10-28,"Weekly","",0.776,"GASREGWR"
"826",2006-06-12,"GASREGWR",2.906,2024-10-29,2024-10-29,4.5063487836742,201.8,"Real US Regular All Formulations Gas Price","1990-08-20","2024-10-28","2024 $ per gallon","NSA",2024-10-28,"Weekly","",0.776,"GASREGWR"
"827",2006-06-19,"GASREGWR",2.871,2024-10-29,2024-10-29,4.45207410802775,201.8,"Real US Regular All Formulations Gas Price","1990-08-20","2024-10-28","2024 $ per gallon","NSA",2024-10-28,"Weekly","",0.71,"GASREGWR"
"828",2006-06-26,"GASREGWR",2.869,2024-10-29,2024-10-29,4.44897269799081,201.8,"Real US Regular All Formulations Gas Price","1990-08-20","2024-10-28","2024 $ per gallon","NSA",2024-10-28,"Weekly","",0.654,"GASREGWR"
"829",2006-07-03,"GASREGWR",2.934,2024-10-29,2024-10-29,4.52510245530714,202.9,"Real US Regular All Formulations Gas Price","1990-08-20","2024-10-28","2024 $ per gallon","NSA",2024-10-28,"Weekly","",0.708,"GASREGWR"
"830",2006-07-10,"GASREGWR",2.973,2024-10-29,2024-10-29,4.58525207894619,202.9,"Real US Regular All Formulations Gas Price","1990-08-20","2024-10-28","2024 $ per gallon","NSA",2024-10-28,"Weekly","",0.645,"GASREGWR"
"831",2006-07-17,"GASREGWR",2.989,2024-10-29,2024-10-29,4.60992884761862,202.9,"Real US Regular All Formulations Gas Price","1990-08-20","2024-10-28","2024 $ per gallon","NSA",2024-10-28,"Weekly","",0.672,"GASREGWR"
"832",2006-07-24,"GASREGWR",3.003,2024-10-29,2024-10-29,4.631521020207,202.9,"Real US Regular All Formulations Gas Price","1990-08-20","2024-10-28","2024 $ per gallon","NSA",2024-10-28,"Weekly","",0.714,"GASREGWR"
"833",2006-07-31,"GASREGWR",3.004,2024-10-29,2024-10-29,4.63306331824903,202.9,"Real US Regular All Formulations Gas Price","1990-08-20","2024-10-28","2024 $ per gallon","NSA",2024-10-28,"Weekly","",0.713,"GASREGWR"
"834",2006-08-07,"GASREGWR",3.038,2024-10-29,2024-10-29,4.66480983584619,203.8,"Real US Regular All Formulations Gas Price","1990-08-20","2024-10-28","2024 $ per gallon","NSA",2024-10-28,"Weekly","",0.67,"GASREGWR"
"835",2006-08-14,"GASREGWR",3,2024-10-29,2024-10-29,4.6064613257204,203.8,"Real US Regular All Formulations Gas Price","1990-08-20","2024-10-28","2024 $ per gallon","NSA",2024-10-28,"Weekly","",0.45,"GASREGWR"
"836",2006-08-21,"GASREGWR",2.924,2024-10-29,2024-10-29,4.48976430546882,203.8,"Real US Regular All Formulations Gas Price","1990-08-20","2024-10-28","2024 $ per gallon","NSA",2024-10-28,"Weekly","",0.312,"GASREGWR"
"837",2006-08-28,"GASREGWR",2.845,2024-10-29,2024-10-29,4.36846082389152,203.8,"Real US Regular All Formulations Gas Price","1990-08-20","2024-10-28","2024 $ per gallon","NSA",2024-10-28,"Weekly","",0.235,"GASREGWR"
"838",2006-09-04,"GASREGWR",2.727,2024-10-29,2024-10-29,4.20792064954276,202.8,"Real US Regular All Formulations Gas Price","1990-08-20","2024-10-28","2024 $ per gallon","NSA",2024-10-28,"Weekly","",-0.342,"GASREGWR"
"839",2006-09-11,"GASREGWR",2.618,2024-10-29,2024-10-29,4.03972726824458,202.8,"Real US Regular All Formulations Gas Price","1990-08-20","2024-10-28","2024 $ per gallon","NSA",2024-10-28,"Weekly","",-0.337,"GASREGWR"
"840",2006-09-18,"GASREGWR",2.497,2024-10-29,2024-10-29,3.85301718441815,202.8,"Real US Regular All Formulations Gas Price","1990-08-20","2024-10-28","2024 $ per gallon","NSA",2024-10-28,"Weekly","",-0.289,"GASREGWR"
"841",2006-09-25,"GASREGWR",2.378,2024-10-29,2024-10-29,3.66939321767976,202.8,"Real US Regular All Formulations Gas Price","1990-08-20","2024-10-28","2024 $ per gallon","NSA",2024-10-28,"Weekly","",-0.425,"GASREGWR"
"842",2006-10-02,"GASREGWR",2.31,2024-10-29,2024-10-29,3.5803543833581,201.9,"Real US Regular All Formulations Gas Price","1990-08-20","2024-10-28","2024 $ per gallon","NSA",2024-10-28,"Weekly","",-0.618,"GASREGWR"
"843",2006-10-09,"GASREGWR",2.261,2024-10-29,2024-10-29,3.50440747219596,201.9,"Real US Regular All Formulations Gas Price","1990-08-20","2024-10-28","2024 $ per gallon","NSA",2024-10-28,"Weekly","",-0.587,"GASREGWR"
"844",2006-10-16,"GASREGWR",2.226,2024-10-29,2024-10-29,3.45015967850871,201.9,"Real US Regular All Formulations Gas Price","1990-08-20","2024-10-28","2024 $ per gallon","NSA",2024-10-28,"Weekly","",-0.499,"GASREGWR"
"845",2006-10-23,"GASREGWR",2.208,2024-10-29,2024-10-29,3.42226081318384,201.9,"Real US Regular All Formulations Gas Price","1990-08-20","2024-10-28","2024 $ per gallon","NSA",2024-10-28,"Weekly","",-0.395,"GASREGWR"
"846",2006-10-30,"GASREGWR",2.218,2024-10-29,2024-10-29,3.43776018280877,201.9,"Real US Regular All Formulations Gas Price","1990-08-20","2024-10-28","2024 $ per gallon","NSA",2024-10-28,"Weekly","",-0.262,"GASREGWR"
"847",2006-11-06,"GASREGWR",2.2,2024-10-29,2024-10-29,3.40817326732673,202,"Real US Regular All Formulations Gas Price","1990-08-20","2024-10-28","2024 $ per gallon","NSA",2024-10-28,"Weekly","",-0.176,"GASREGWR"
"848",2006-11-13,"GASREGWR",2.232,2024-10-29,2024-10-29,3.45774669666967,202,"Real US Regular All Formulations Gas Price","1990-08-20","2024-10-28","2024 $ per gallon","NSA",2024-10-28,"Weekly","",-0.0639999999999996,"GASREGWR"
"849",2006-11-20,"GASREGWR",2.239,2024-10-29,2024-10-29,3.46859088433843,202,"Real US Regular All Formulations Gas Price","1990-08-20","2024-10-28","2024 $ per gallon","NSA",2024-10-28,"Weekly","",0.0379999999999998,"GASREGWR"
"850",2006-11-27,"GASREGWR",2.246,2024-10-29,2024-10-29,3.4794350720072,202,"Real US Regular All Formulations Gas Price","1990-08-20","2024-10-28","2024 $ per gallon","NSA",2024-10-28,"Weekly","",0.0920000000000001,"GASREGWR"
"851",2006-12-04,"GASREGWR",2.297,2024-10-29,2024-10-29,3.53917001700909,203.1,"Real US Regular All Formulations Gas Price","1990-08-20","2024-10-28","2024 $ per gallon","NSA",2024-10-28,"Weekly","",0.15,"GASREGWR"
"852",2006-12-11,"GASREGWR",2.293,2024-10-29,2024-10-29,3.53300689987019,203.1,"Real US Regular All Formulations Gas Price","1990-08-20","2024-10-28","2024 $ per gallon","NSA",2024-10-28,"Weekly","",0.108,"GASREGWR"
"853",2006-12-18,"GASREGWR",2.32,2024-10-29,2024-10-29,3.57460794055772,203.1,"Real US Regular All Formulations Gas Price","1990-08-20","2024-10-28","2024 $ per gallon","NSA",2024-10-28,"Weekly","",0.109,"GASREGWR"
"854",2006-12-25,"GASREGWR",2.341,2024-10-29,2024-10-29,3.60696430553691,203.1,"Real US Regular All Formulations Gas Price","1990-08-20","2024-10-28","2024 $ per gallon","NSA",2024-10-28,"Weekly","",0.144,"GASREGWR"
"855",2007-01-01,"GASREGWR",2.334,2024-10-29,2024-10-29,3.59022166344104,203.437,"Real US Regular All Formulations Gas Price","1990-08-20","2024-10-28","2024 $ per gallon","NSA",2024-10-28,"Weekly","",0.0960000000000001,"GASREGWR"
"856",2007-01-08,"GASREGWR",2.306,2024-10-29,2024-10-29,3.54715130929522,203.437,"Real US Regular All Formulations Gas Price","1990-08-20","2024-10-28","2024 $ per gallon","NSA",2024-10-28,"Weekly","",-0.0209999999999999,"GASREGWR"
"857",2007-01-15,"GASREGWR",2.229,2024-10-29,2024-10-29,3.4287078353942,203.437,"Real US Regular All Formulations Gas Price","1990-08-20","2024-10-28","2024 $ per gallon","NSA",2024-10-28,"Weekly","",-0.0909999999999997,"GASREGWR"
"858",2007-01-22,"GASREGWR",2.165,2024-10-29,2024-10-29,3.33026131163233,203.437,"Real US Regular All Formulations Gas Price","1990-08-20","2024-10-28","2024 $ per gallon","NSA",2024-10-28,"Weekly","",-0.171,"GASREGWR"
"859",2007-01-29,"GASREGWR",2.165,2024-10-29,2024-10-29,3.33026131163233,203.437,"Real US Regular All Formulations Gas Price","1990-08-20","2024-10-28","2024 $ per gallon","NSA",2024-10-28,"Weekly","",-0.192,"GASREGWR"
"860",2007-02-05,"GASREGWR",2.191,2024-10-29,2024-10-29,3.35723467896083,204.226,"Real US Regular All Formulations Gas Price","1990-08-20","2024-10-28","2024 $ per gallon","NSA",2024-10-28,"Weekly","",-0.151,"GASREGWR"
"861",2007-02-12,"GASREGWR",2.241,2024-10-29,2024-10-29,3.43384888888691,204.226,"Real US Regular All Formulations Gas Price","1990-08-20","2024-10-28","2024 $ per gallon","NSA",2024-10-28,"Weekly","",-0.0429999999999997,"GASREGWR"
"862",2007-02-19,"GASREGWR",2.296,2024-10-29,2024-10-29,3.5181245198056,204.226,"Real US Regular All Formulations Gas Price","1990-08-20","2024-10-28","2024 $ per gallon","NSA",2024-10-28,"Weekly","",0.0559999999999996,"GASREGWR"
"863",2007-02-26,"GASREGWR",2.383,2024-10-29,2024-10-29,3.65143324507698,204.226,"Real US Regular All Formulations Gas Price","1990-08-20","2024-10-28","2024 $ per gallon","NSA",2024-10-28,"Weekly","",0.129,"GASREGWR"
"864",2007-03-05,"GASREGWR",2.505,2024-10-29,2024-10-29,3.81851517469028,205.288,"Real US Regular All Formulations Gas Price","1990-08-20","2024-10-28","2024 $ per gallon","NSA",2024-10-28,"Weekly","",0.174,"GASREGWR"
"865",2007-03-12,"GASREGWR",2.559,2024-10-29,2024-10-29,3.90083047186923,205.288,"Real US Regular All Formulations Gas Price","1990-08-20","2024-10-28","2024 $ per gallon","NSA",2024-10-28,"Weekly","",0.193,"GASREGWR"
"866",2007-03-19,"GASREGWR",2.577,2024-10-29,2024-10-29,3.92826890426222,205.288,"Real US Regular All Formulations Gas Price","1990-08-20","2024-10-28","2024 $ per gallon","NSA",2024-10-28,"Weekly","",0.073,"GASREGWR"
"867",2007-03-26,"GASREGWR",2.61,2024-10-29,2024-10-29,3.97857269698269,205.288,"Real US Regular All Formulations Gas Price","1990-08-20","2024-10-28","2024 $ per gallon","NSA",2024-10-28,"Weekly","",0.112,"GASREGWR"
"868",2007-04-02,"GASREGWR",2.707,2024-10-29,2024-10-29,4.11409036382357,205.904,"Real US Regular All Formulations Gas Price","1990-08-20","2024-10-28","2024 $ per gallon","NSA",2024-10-28,"Weekly","",0.119,"GASREGWR"
"869",2007-04-09,"GASREGWR",2.802,2024-10-29,2024-10-29,4.25847107478154,205.904,"Real US Regular All Formulations Gas Price","1990-08-20","2024-10-28","2024 $ per gallon","NSA",2024-10-28,"Weekly","",0.119,"GASREGWR"
"870",2007-04-16,"GASREGWR",2.876,2024-10-29,2024-10-29,4.37093604963302,205.904,"Real US Regular All Formulations Gas Price","1990-08-20","2024-10-28","2024 $ per gallon","NSA",2024-10-28,"Weekly","",0.093,"GASREGWR"
"871",2007-04-23,"GASREGWR",2.869,2024-10-29,2024-10-29,4.36029747093085,205.904,"Real US Regular All Formulations Gas Price","1990-08-20","2024-10-28","2024 $ per gallon","NSA",2024-10-28,"Weekly","",-0.0449999999999999,"GASREGWR"
"872",2007-04-30,"GASREGWR",2.971,2024-10-29,2024-10-29,4.51531676059099,205.904,"Real US Regular All Formulations Gas Price","1990-08-20","2024-10-28","2024 $ per gallon","NSA",2024-10-28,"Weekly","",0.052,"GASREGWR"
"873",2007-05-07,"GASREGWR",3.054,2024-10-29,2024-10-29,4.62235573944568,206.755,"Real US Regular All Formulations Gas Price","1990-08-20","2024-10-28","2024 $ per gallon","NSA",2024-10-28,"Weekly","",0.145,"GASREGWR"
"874",2007-05-14,"GASREGWR",3.103,2024-10-29,2024-10-29,4.69651927292074,206.755,"Real US Regular All Formulations Gas Price","1990-08-20","2024-10-28","2024 $ per gallon","NSA",2024-10-28,"Weekly","",0.156,"GASREGWR"
"875",2007-05-21,"GASREGWR",3.218,2024-10-29,2024-10-29,4.87057654536221,206.755,"Real US Regular All Formulations Gas Price","1990-08-20","2024-10-28","2024 $ per gallon","NSA",2024-10-28,"Weekly","",0.326,"GASREGWR"
"876",2007-05-28,"GASREGWR",3.209,2024-10-29,2024-10-29,4.85695467186679,206.755,"Real US Regular All Formulations Gas Price","1990-08-20","2024-10-28","2024 $ per gallon","NSA",2024-10-28,"Weekly","",0.342,"GASREGWR"
"877",2007-06-04,"GASREGWR",3.157,2024-10-29,2024-10-29,4.76720608104848,207.234,"Real US Regular All Formulations Gas Price","1990-08-20","2024-10-28","2024 $ per gallon","NSA",2024-10-28,"Weekly","",0.265,"GASREGWR"
"878",2007-06-11,"GASREGWR",3.076,2024-10-29,2024-10-29,4.64489258958033,207.234,"Real US Regular All Formulations Gas Price","1990-08-20","2024-10-28","2024 $ per gallon","NSA",2024-10-28,"Weekly","",0.17,"GASREGWR"
"879",2007-06-18,"GASREGWR",3.009,2024-10-29,2024-10-29,4.54371970157582,207.234,"Real US Regular All Formulations Gas Price","1990-08-20","2024-10-28","2024 $ per gallon","NSA",2024-10-28,"Weekly","",0.138,"GASREGWR"
"880",2007-06-25,"GASREGWR",2.982,2024-10-29,2024-10-29,4.50294853775311,207.234,"Real US Regular All Formulations Gas Price","1990-08-20","2024-10-28","2024 $ per gallon","NSA",2024-10-28,"Weekly","",0.113,"GASREGWR"
"881",2007-07-02,"GASREGWR",2.959,2024-10-29,2024-10-29,4.46027559813683,207.603,"Real US Regular All Formulations Gas Price","1990-08-20","2024-10-28","2024 $ per gallon","NSA",2024-10-28,"Weekly","",0.0249999999999999,"GASREGWR"
"882",2007-07-09,"GASREGWR",2.981,2024-10-29,2024-10-29,4.49343749849472,207.603,"Real US Regular All Formulations Gas Price","1990-08-20","2024-10-28","2024 $ per gallon","NSA",2024-10-28,"Weekly","",0.00800000000000001,"GASREGWR"
"883",2007-07-16,"GASREGWR",3.049,2024-10-29,2024-10-29,4.59593791778276,207.603,"Real US Regular All Formulations Gas Price","1990-08-20","2024-10-28","2024 $ per gallon","NSA",2024-10-28,"Weekly","",0.0600000000000001,"GASREGWR"
"884",2007-07-23,"GASREGWR",2.958,2024-10-29,2024-10-29,4.45876823902965,207.603,"Real US Regular All Formulations Gas Price","1990-08-20","2024-10-28","2024 $ per gallon","NSA",2024-10-28,"Weekly","",-0.0449999999999999,"GASREGWR"
"885",2007-07-30,"GASREGWR",2.876,2024-10-29,2024-10-29,4.33516479224114,207.603,"Real US Regular All Formulations Gas Price","1990-08-20","2024-10-28","2024 $ per gallon","NSA",2024-10-28,"Weekly","",-0.128,"GASREGWR"
"886",2007-08-06,"GASREGWR",2.838,2024-10-29,2024-10-29,4.27656676313521,207.667,"Real US Regular All Formulations Gas Price","1990-08-20","2024-10-28","2024 $ per gallon","NSA",2024-10-28,"Weekly","",-0.2,"GASREGWR"
"887",2007-08-13,"GASREGWR",2.771,2024-10-29,2024-10-29,4.17560482757141,207.667,"Real US Regular All Formulations Gas Price","1990-08-20","2024-10-28","2024 $ per gallon","NSA",2024-10-28,"Weekly","",-0.229,"GASREGWR"
"888",2007-08-20,"GASREGWR",2.785,2024-10-29,2024-10-29,4.19670135142057,207.667,"Real US Regular All Formulations Gas Price","1990-08-20","2024-10-28","2024 $ per gallon","NSA",2024-10-28,"Weekly","",-0.139,"GASREGWR"
"889",2007-08-27,"GASREGWR",2.749,2024-10-29,2024-10-29,4.14245314723703,207.667,"Real US Regular All Formulations Gas Price","1990-08-20","2024-10-28","2024 $ per gallon","NSA",2024-10-28,"Weekly","",-0.0960000000000001,"GASREGWR"
"890",2007-09-03,"GASREGWR",2.796,2024-10-29,2024-10-29,4.19549854251298,208.547,"Real US Regular All Formulations Gas Price","1990-08-20","2024-10-28","2024 $ per gallon","NSA",2024-10-28,"Weekly","",0.069,"GASREGWR"
"891",2007-09-10,"GASREGWR",2.818,2024-10-29,2024-10-29,4.22851033362002,208.547,"Real US Regular All Formulations Gas Price","1990-08-20","2024-10-28","2024 $ per gallon","NSA",2024-10-28,"Weekly","",0.2,"GASREGWR"
"892",2007-09-17,"GASREGWR",2.787,2024-10-29,2024-10-29,4.18199371887828,208.547,"Real US Regular All Formulations Gas Price","1990-08-20","2024-10-28","2024 $ per gallon","NSA",2024-10-28,"Weekly","",0.29,"GASREGWR"
"893",2007-09-24,"GASREGWR",2.812,2024-10-29,2024-10-29,4.21950711786356,208.547,"Real US Regular All Formulations Gas Price","1990-08-20","2024-10-28","2024 $ per gallon","NSA",2024-10-28,"Weekly","",0.434,"GASREGWR"
"894",2007-10-01,"GASREGWR",2.788,2024-10-29,2024-10-29,4.17063519462515,209.19,"Real US Regular All Formulations Gas Price","1990-08-20","2024-10-28","2024 $ per gallon","NSA",2024-10-28,"Weekly","",0.478,"GASREGWR"
"895",2007-10-08,"GASREGWR",2.77,2024-10-29,2024-10-29,4.14370856854795,209.19,"Real US Regular All Formulations Gas Price","1990-08-20","2024-10-28","2024 $ per gallon","NSA",2024-10-28,"Weekly","",0.509,"GASREGWR"
"896",2007-10-15,"GASREGWR",2.762,2024-10-29,2024-10-29,4.1317411791803,209.19,"Real US Regular All Formulations Gas Price","1990-08-20","2024-10-28","2024 $ per gallon","NSA",2024-10-28,"Weekly","",0.536,"GASREGWR"
"897",2007-10-22,"GASREGWR",2.823,2024-10-29,2024-10-29,4.22299252310861,209.19,"Real US Regular All Formulations Gas Price","1990-08-20","2024-10-28","2024 $ per gallon","NSA",2024-10-28,"Weekly","",0.615,"GASREGWR"
"898",2007-10-29,"GASREGWR",2.872,2024-10-29,2024-10-29,4.29629278298545,209.19,"Real US Regular All Formulations Gas Price","1990-08-20","2024-10-28","2024 $ per gallon","NSA",2024-10-28,"Weekly","",0.654,"GASREGWR"
"899",2007-11-05,"GASREGWR",3.013,2024-10-29,2024-10-29,4.47207252021625,210.834,"Real US Regular All Formulations Gas Price","1990-08-20","2024-10-28","2024 $ per gallon","NSA",2024-10-28,"Weekly","",0.813,"GASREGWR"
"900",2007-11-12,"GASREGWR",3.111,2024-10-29,2024-10-29,4.61752990719972,210.834,"Real US Regular All Formulations Gas Price","1990-08-20","2024-10-28","2024 $ per gallon","NSA",2024-10-28,"Weekly","",0.879,"GASREGWR"
"901",2007-11-19,"GASREGWR",3.099,2024-10-29,2024-10-29,4.5997187985895,210.834,"Real US Regular All Formulations Gas Price","1990-08-20","2024-10-28","2024 $ per gallon","NSA",2024-10-28,"Weekly","",0.86,"GASREGWR"
"902",2007-11-26,"GASREGWR",3.097,2024-10-29,2024-10-29,4.59675028048779,210.834,"Real US Regular All Formulations Gas Price","1990-08-20","2024-10-28","2024 $ per gallon","NSA",2024-10-28,"Weekly","",0.851,"GASREGWR"
"903",2007-12-03,"GASREGWR",3.061,2024-10-29,2024-10-29,4.53018840274389,211.445,"Real US Regular All Formulations Gas Price","1990-08-20","2024-10-28","2024 $ per gallon","NSA",2024-10-28,"Weekly","",0.764,"GASREGWR"
"904",2007-12-10,"GASREGWR",3,2024-10-29,2024-10-29,4.43991022810574,211.445,"Real US Regular All Formulations Gas Price","1990-08-20","2024-10-28","2024 $ per gallon","NSA",2024-10-28,"Weekly","",0.707,"GASREGWR"
"905",2007-12-17,"GASREGWR",2.998,2024-10-29,2024-10-29,4.43695028795367,211.445,"Real US Regular All Formulations Gas Price","1990-08-20","2024-10-28","2024 $ per gallon","NSA",2024-10-28,"Weekly","",0.678,"GASREGWR"
"906",2007-12-24,"GASREGWR",2.98,2024-10-29,2024-10-29,4.41031082658504,211.445,"Real US Regular All Formulations Gas Price","1990-08-20","2024-10-28","2024 $ per gallon","NSA",2024-10-28,"Weekly","",0.639,"GASREGWR"
"907",2007-12-31,"GASREGWR",3.053,2024-10-29,2024-10-29,4.51834864213561,211.445,"Real US Regular All Formulations Gas Price","1990-08-20","2024-10-28","2024 $ per gallon","NSA",2024-10-28,"Weekly","",0.719,"GASREGWR"
"908",2008-01-07,"GASREGWR",3.109,2024-10-29,2024-10-29,4.5854177981708,212.174,"Real US Regular All Formulations Gas Price","1990-08-20","2024-10-28","2024 $ per gallon","NSA",2024-10-28,"Weekly","",0.803,"GASREGWR"
"909",2008-01-14,"GASREGWR",3.068,2024-10-29,2024-10-29,4.5249475087771,212.174,"Real US Regular All Formulations Gas Price","1990-08-20","2024-10-28","2024 $ per gallon","NSA",2024-10-28,"Weekly","",0.839,"GASREGWR"
"910",2008-01-21,"GASREGWR",3.017,2024-10-29,2024-10-29,4.44972836831177,212.174,"Real US Regular All Formulations Gas Price","1990-08-20","2024-10-28","2024 $ per gallon","NSA",2024-10-28,"Weekly","",0.852,"GASREGWR"
"911",2008-01-28,"GASREGWR",2.977,2024-10-29,2024-10-29,4.39073296402524,212.174,"Real US Regular All Formulations Gas Price","1990-08-20","2024-10-28","2024 $ per gallon","NSA",2024-10-28,"Weekly","",0.812,"GASREGWR"
"912",2008-02-04,"GASREGWR",2.978,2024-10-29,2024-10-29,4.38161386535998,212.687,"Real US Regular All Formulations Gas Price","1990-08-20","2024-10-28","2024 $ per gallon","NSA",2024-10-28,"Weekly","",0.787,"GASREGWR"
"913",2008-02-11,"GASREGWR",2.96,2024-10-29,2024-10-29,4.35512996691254,212.687,"Real US Regular All Formulations Gas Price","1990-08-20","2024-10-28","2024 $ per gallon","NSA",2024-10-28,"Weekly","",0.719,"GASREGWR"
"914",2008-02-18,"GASREGWR",3.042,2024-10-29,2024-10-29,4.47577883761755,212.687,"Real US Regular All Formulations Gas Price","1990-08-20","2024-10-28","2024 $ per gallon","NSA",2024-10-28,"Weekly","",0.746,"GASREGWR"
"915",2008-02-25,"GASREGWR",3.13,2024-10-29,2024-10-29,4.60525567447171,212.687,"Real US Regular All Formulations Gas Price","1990-08-20","2024-10-28","2024 $ per gallon","NSA",2024-10-28,"Weekly","",0.747,"GASREGWR"
"916",2008-03-03,"GASREGWR",3.162,2024-10-29,2024-10-29,4.63575131349854,213.448,"Real US Regular All Formulations Gas Price","1990-08-20","2024-10-28","2024 $ per gallon","NSA",2024-10-28,"Weekly","",0.657,"GASREGWR"
"917",2008-03-10,"GASREGWR",3.225,2024-10-29,2024-10-29,4.72811448008627,213.448,"Real US Regular All Formulations Gas Price","1990-08-20","2024-10-28","2024 $ per gallon","NSA",2024-10-28,"Weekly","",0.666,"GASREGWR"
"918",2008-03-17,"GASREGWR",3.284,2024-10-29,2024-10-29,4.81461331863669,213.448,"Real US Regular All Formulations Gas Price","1990-08-20","2024-10-28","2024 $ per gallon","NSA",2024-10-28,"Weekly","",0.707,"GASREGWR"
"919",2008-03-24,"GASREGWR",3.259,2024-10-29,2024-10-29,4.77796126840346,213.448,"Real US Regular All Formulations Gas Price","1990-08-20","2024-10-28","2024 $ per gallon","NSA",2024-10-28,"Weekly","",0.649,"GASREGWR"
"920",2008-03-31,"GASREGWR",3.29,2024-10-29,2024-10-29,4.82340981069266,213.448,"Real US Regular All Formulations Gas Price","1990-08-20","2024-10-28","2024 $ per gallon","NSA",2024-10-28,"Weekly","",0.583,"GASREGWR"
"921",2008-04-07,"GASREGWR",3.332,2024-10-29,2024-10-29,4.8737056432457,213.942,"Real US Regular All Formulations Gas Price","1990-08-20","2024-10-28","2024 $ per gallon","NSA",2024-10-28,"Weekly","",0.53,"GASREGWR"
"922",2008-04-14,"GASREGWR",3.389,2024-10-29,2024-10-29,4.9570793592316,213.942,"Real US Regular All Formulations Gas Price","1990-08-20","2024-10-28","2024 $ per gallon","NSA",2024-10-28,"Weekly","",0.513,"GASREGWR"
"923",2008-04-21,"GASREGWR",3.508,2024-10-29,2024-10-29,5.13114027506181,213.942,"Real US Regular All Formulations Gas Price","1990-08-20","2024-10-28","2024 $ per gallon","NSA",2024-10-28,"Weekly","",0.639,"GASREGWR"
"924",2008-04-28,"GASREGWR",3.603,2024-10-29,2024-10-29,5.27009646837163,213.942,"Real US Regular All Formulations Gas Price","1990-08-20","2024-10-28","2024 $ per gallon","NSA",2024-10-28,"Weekly","",0.632,"GASREGWR"
"925",2008-05-05,"GASREGWR",3.613,2024-10-29,2024-10-29,5.25363509425131,215.208,"Real US Regular All Formulations Gas Price","1990-08-20","2024-10-28","2024 $ per gallon","NSA",2024-10-28,"Weekly","",0.559,"GASREGWR"
"926",2008-05-12,"GASREGWR",3.722,2024-10-29,2024-10-29,5.41213114331674,215.208,"Real US Regular All Formulations Gas Price","1990-08-20","2024-10-28","2024 $ per gallon","NSA",2024-10-28,"Weekly","",0.619,"GASREGWR"
"927",2008-05-19,"GASREGWR",3.791,2024-10-29,2024-10-29,5.51246350465174,215.208,"Real US Regular All Formulations Gas Price","1990-08-20","2024-10-28","2024 $ per gallon","NSA",2024-10-28,"Weekly","",0.573,"GASREGWR"
"928",2008-05-26,"GASREGWR",3.937,2024-10-29,2024-10-29,5.72476096486782,215.208,"Real US Regular All Formulations Gas Price","1990-08-20","2024-10-28","2024 $ per gallon","NSA",2024-10-28,"Weekly","",0.728,"GASREGWR"
"929",2008-06-02,"GASREGWR",3.976,2024-10-29,2024-10-29,5.72151913826093,217.463,"Real US Regular All Formulations Gas Price","1990-08-20","2024-10-28","2024 $ per gallon","NSA",2024-10-28,"Weekly","",0.819,"GASREGWR"
"930",2008-06-09,"GASREGWR",4.039,2024-10-29,2024-10-29,5.81217701193056,217.463,"Real US Regular All Formulations Gas Price","1990-08-20","2024-10-28","2024 $ per gallon","NSA",2024-10-28,"Weekly","",0.963,"GASREGWR"
"931",2008-06-16,"GASREGWR",4.082,2024-10-29,2024-10-29,5.87405460824475,217.463,"Real US Regular All Formulations Gas Price","1990-08-20","2024-10-28","2024 $ per gallon","NSA",2024-10-28,"Weekly","",1.073,"GASREGWR"
"932",2008-06-23,"GASREGWR",4.079,2024-10-29,2024-10-29,5.86973756664143,217.463,"Real US Regular All Formulations Gas Price","1990-08-20","2024-10-28","2024 $ per gallon","NSA",2024-10-28,"Weekly","",1.097,"GASREGWR"
"933",2008-06-30,"GASREGWR",4.095,2024-10-29,2024-10-29,5.89276178852578,217.463,"Real US Regular All Formulations Gas Price","1990-08-20","2024-10-28","2024 $ per gallon","NSA",2024-10-28,"Weekly","",1.136,"GASREGWR"
"934",2008-07-07,"GASREGWR",4.114,2024-10-29,2024-10-29,5.87812474887679,219.016,"Real US Regular All Formulations Gas Price","1990-08-20","2024-10-28","2024 $ per gallon","NSA",2024-10-28,"Weekly","",1.133,"GASREGWR"
"935",2008-07-14,"GASREGWR",4.113,2024-10-29,2024-10-29,5.87669593877741,219.016,"Real US Regular All Formulations Gas Price","1990-08-20","2024-10-28","2024 $ per gallon","NSA",2024-10-28,"Weekly","",1.064,"GASREGWR"
"936",2008-07-21,"GASREGWR",4.064,2024-10-29,2024-10-29,5.80668424390746,219.016,"Real US Regular All Formulations Gas Price","1990-08-20","2024-10-28","2024 $ per gallon","NSA",2024-10-28,"Weekly","",1.106,"GASREGWR"
"937",2008-07-28,"GASREGWR",3.955,2024-10-29,2024-10-29,5.65094394307431,219.016,"Real US Regular All Formulations Gas Price","1990-08-20","2024-10-28","2024 $ per gallon","NSA",2024-10-28,"Weekly","",1.079,"GASREGWR"
"938",2008-08-04,"GASREGWR",3.88,2024-10-29,2024-10-29,5.55204727322611,218.69,"Real US Regular All Formulations Gas Price","1990-08-20","2024-10-28","2024 $ per gallon","NSA",2024-10-28,"Weekly","",1.042,"GASREGWR"
"939",2008-08-11,"GASREGWR",3.809,2024-10-29,2024-10-29,5.45045053188615,218.69,"Real US Regular All Formulations Gas Price","1990-08-20","2024-10-28","2024 $ per gallon","NSA",2024-10-28,"Weekly","",1.038,"GASREGWR"
"940",2008-08-18,"GASREGWR",3.74,2024-10-29,2024-10-29,5.35171567058393,218.69,"Real US Regular All Formulations Gas Price","1990-08-20","2024-10-28","2024 $ per gallon","NSA",2024-10-28,"Weekly","",0.955,"GASREGWR"
"941",2008-08-25,"GASREGWR",3.685,2024-10-29,2024-10-29,5.27301396954593,218.69,"Real US Regular All Formulations Gas Price","1990-08-20","2024-10-28","2024 $ per gallon","NSA",2024-10-28,"Weekly","",0.936,"GASREGWR"
"942",2008-09-01,"GASREGWR",3.68,2024-10-29,2024-10-29,5.26136032400099,218.877,"Real US Regular All Formulations Gas Price","1990-08-20","2024-10-28","2024 $ per gallon","NSA",2024-10-28,"Weekly","",0.884,"GASREGWR"
"943",2008-09-08,"GASREGWR",3.648,2024-10-29,2024-10-29,5.21560936466185,218.877,"Real US Regular All Formulations Gas Price","1990-08-20","2024-10-28","2024 $ per gallon","NSA",2024-10-28,"Weekly","",0.83,"GASREGWR"
"944",2008-09-15,"GASREGWR",3.835,2024-10-29,2024-10-29,5.48296653329994,218.877,"Real US Regular All Formulations Gas Price","1990-08-20","2024-10-28","2024 $ per gallon","NSA",2024-10-28,"Weekly","",1.048,"GASREGWR"
"945",2008-09-22,"GASREGWR",3.718,2024-10-29,2024-10-29,5.31568958821621,218.877,"Real US Regular All Formulations Gas Price","1990-08-20","2024-10-28","2024 $ per gallon","NSA",2024-10-28,"Weekly","",0.906,"GASREGWR"
"946",2008-09-29,"GASREGWR",3.632,2024-10-29,2024-10-29,5.19273388499228,218.877,"Real US Regular All Formulations Gas Price","1990-08-20","2024-10-28","2024 $ per gallon","NSA",2024-10-28,"Weekly","",0.844,"GASREGWR"
"947",2008-10-06,"GASREGWR",3.484,2024-10-29,2024-10-29,5.02433714224668,216.995,"Real US Regular All Formulations Gas Price","1990-08-20","2024-10-28","2024 $ per gallon","NSA",2024-10-28,"Weekly","",0.714,"GASREGWR"
"948",2008-10-13,"GASREGWR",3.151,2024-10-29,2024-10-29,4.54411203651529,216.995,"Real US Regular All Formulations Gas Price","1990-08-20","2024-10-28","2024 $ per gallon","NSA",2024-10-28,"Weekly","",0.389,"GASREGWR"
"949",2008-10-20,"GASREGWR",2.914,2024-10-29,2024-10-29,4.20233020450827,216.995,"Real US Regular All Formulations Gas Price","1990-08-20","2024-10-28","2024 $ per gallon","NSA",2024-10-28,"Weekly","",0.0910000000000002,"GASREGWR"
"950",2008-10-27,"GASREGWR",2.656,2024-10-29,2024-10-29,3.83026390637405,216.995,"Real US Regular All Formulations Gas Price","1990-08-20","2024-10-28","2024 $ per gallon","NSA",2024-10-28,"Weekly","",-0.216,"GASREGWR"
"951",2008-11-03,"GASREGWR",2.4,2024-10-29,2024-10-29,3.52346649845629,213.153,"Real US Regular All Formulations Gas Price","1990-08-20","2024-10-28","2024 $ per gallon","NSA",2024-10-28,"Weekly","",-0.613,"GASREGWR"
"952",2008-11-10,"GASREGWR",2.224,2024-10-29,2024-10-29,3.26507895523617,213.153,"Real US Regular All Formulations Gas Price","1990-08-20","2024-10-28","2024 $ per gallon","NSA",2024-10-28,"Weekly","",-0.887,"GASREGWR"
"953",2008-11-17,"GASREGWR",2.072,2024-10-29,2024-10-29,3.0419260770006,213.153,"Real US Regular All Formulations Gas Price","1990-08-20","2024-10-28","2024 $ per gallon","NSA",2024-10-28,"Weekly","",-1.027,"GASREGWR"
"954",2008-11-24,"GASREGWR",1.892,2024-10-29,2024-10-29,2.77766608961638,213.153,"Real US Regular All Formulations Gas Price","1990-08-20","2024-10-28","2024 $ per gallon","NSA",2024-10-28,"Weekly","",-1.205,"GASREGWR"
"955",2008-12-01,"GASREGWR",1.811,2024-10-29,2024-10-29,2.68082170081595,211.398,"Real US Regular All Formulations Gas Price","1990-08-20","2024-10-28","2024 $ per gallon","NSA",2024-10-28,"Weekly","",-1.25,"GASREGWR"
"956",2008-12-08,"GASREGWR",1.699,2024-10-29,2024-10-29,2.51502819971635,211.398,"Real US Regular All Formulations Gas Price","1990-08-20","2024-10-28","2024 $ per gallon","NSA",2024-10-28,"Weekly","",-1.301,"GASREGWR"
"957",2008-12-15,"GASREGWR",1.659,2024-10-29,2024-10-29,2.45581623503792,211.398,"Real US Regular All Formulations Gas Price","1990-08-20","2024-10-28","2024 $ per gallon","NSA",2024-10-28,"Weekly","",-1.339,"GASREGWR"
"958",2008-12-22,"GASREGWR",1.653,2024-10-29,2024-10-29,2.44693444033615,211.398,"Real US Regular All Formulations Gas Price","1990-08-20","2024-10-28","2024 $ per gallon","NSA",2024-10-28,"Weekly","",-1.327,"GASREGWR"
"959",2008-12-29,"GASREGWR",1.613,2024-10-29,2024-10-29,2.38772247565772,211.398,"Real US Regular All Formulations Gas Price","1990-08-20","2024-10-28","2024 $ per gallon","NSA",2024-10-28,"Weekly","",-1.44,"GASREGWR"
"960",2009-01-05,"GASREGWR",1.684,2024-10-29,2024-10-29,2.48653087189219,211.933,"Real US Regular All Formulations Gas Price","1990-08-20","2024-10-28","2024 $ per gallon","NSA",2024-10-28,"Weekly","",-1.425,"GASREGWR"
"961",2009-01-12,"GASREGWR",1.784,2024-10-29,2024-10-29,2.63418709943923,211.933,"Real US Regular All Formulations Gas Price","1990-08-20","2024-10-28","2024 $ per gallon","NSA",2024-10-28,"Weekly","",-1.284,"GASREGWR"
"962",2009-01-19,"GASREGWR",1.847,2024-10-29,2024-10-29,2.72721052279387,211.933,"Real US Regular All Formulations Gas Price","1990-08-20","2024-10-28","2024 $ per gallon","NSA",2024-10-28,"Weekly","",-1.17,"GASREGWR"
"963",2009-01-26,"GASREGWR",1.838,2024-10-29,2024-10-29,2.71392146231463,211.933,"Real US Regular All Formulations Gas Price","1990-08-20","2024-10-28","2024 $ per gallon","NSA",2024-10-28,"Weekly","",-1.139,"GASREGWR"
"964",2009-02-02,"GASREGWR",1.892,2024-10-29,2024-10-29,2.78351641945417,212.705,"Real US Regular All Formulations Gas Price","1990-08-20","2024-10-28","2024 $ per gallon","NSA",2024-10-28,"Weekly","",-1.086,"GASREGWR"
"965",2009-02-09,"GASREGWR",1.926,2024-10-29,2024-10-29,2.83353732762618,212.705,"Real US Regular All Formulations Gas Price","1990-08-20","2024-10-28","2024 $ per gallon","NSA",2024-10-28,"Weekly","",-1.034,"GASREGWR"
"966",2009-02-16,"GASREGWR",1.964,2024-10-29,2024-10-29,2.88944304852431,212.705,"Real US Regular All Formulations Gas Price","1990-08-20","2024-10-28","2024 $ per gallon","NSA",2024-10-28,"Weekly","",-1.078,"GASREGWR"
"967",2009-02-23,"GASREGWR",1.909,2024-10-29,2024-10-29,2.80852687354018,212.705,"Real US Regular All Formulations Gas Price","1990-08-20","2024-10-28","2024 $ per gallon","NSA",2024-10-28,"Weekly","",-1.221,"GASREGWR"
"968",2009-03-02,"GASREGWR",1.934,2024-10-29,2024-10-29,2.84811885199438,212.495,"Real US Regular All Formulations Gas Price","1990-08-20","2024-10-28","2024 $ per gallon","NSA",2024-10-28,"Weekly","",-1.228,"GASREGWR"
"969",2009-03-09,"GASREGWR",1.941,2024-10-29,2024-10-29,2.85842745176892,212.495,"Real US Regular All Formulations Gas Price","1990-08-20","2024-10-28","2024 $ per gallon","NSA",2024-10-28,"Weekly","",-1.284,"GASREGWR"
"970",2009-03-16,"GASREGWR",1.91,2024-10-29,2024-10-29,2.81277508133881,212.495,"Real US Regular All Formulations Gas Price","1990-08-20","2024-10-28","2024 $ per gallon","NSA",2024-10-28,"Weekly","",-1.374,"GASREGWR"
"971",2009-03-23,"GASREGWR",1.962,2024-10-29,2024-10-29,2.88935325109254,212.495,"Real US Regular All Formulations Gas Price","1990-08-20","2024-10-28","2024 $ per gallon","NSA",2024-10-28,"Weekly","",-1.297,"GASREGWR"
"972",2009-03-30,"GASREGWR",2.046,2024-10-29,2024-10-29,3.01305644838702,212.495,"Real US Regular All Formulations Gas Price","1990-08-20","2024-10-28","2024 $ per gallon","NSA",2024-10-28,"Weekly","",-1.244,"GASREGWR"
"973",2009-04-06,"GASREGWR",2.037,2024-10-29,2024-10-29,2.996784525081,212.709,"Real US Regular All Formulations Gas Price","1990-08-20","2024-10-28","2024 $ per gallon","NSA",2024-10-28,"Weekly","",-1.295,"GASREGWR"
"974",2009-04-13,"GASREGWR",2.051,2024-10-29,2024-10-29,3.01738098229805,212.709,"Real US Regular All Formulations Gas Price","1990-08-20","2024-10-28","2024 $ per gallon","NSA",2024-10-28,"Weekly","",-1.338,"GASREGWR"
"975",2009-04-20,"GASREGWR",2.059,2024-10-29,2024-10-29,3.02915038642208,212.709,"Real US Regular All Formulations Gas Price","1990-08-20","2024-10-28","2024 $ per gallon","NSA",2024-10-28,"Weekly","",-1.449,"GASREGWR"
"976",2009-04-27,"GASREGWR",2.049,2024-10-29,2024-10-29,3.01443863126704,212.709,"Real US Regular All Formulations Gas Price","1990-08-20","2024-10-28","2024 $ per gallon","NSA",2024-10-28,"Weekly","",-1.554,"GASREGWR"
"977",2009-05-04,"GASREGWR",2.078,2024-10-29,2024-10-29,3.05261082295384,213.022,"Real US Regular All Formulations Gas Price","1990-08-20","2024-10-28","2024 $ per gallon","NSA",2024-10-28,"Weekly","",-1.535,"GASREGWR"
"978",2009-05-11,"GASREGWR",2.24,2024-10-29,2024-10-29,3.29059106997911,213.022,"Real US Regular All Formulations Gas Price","1990-08-20","2024-10-28","2024 $ per gallon","NSA",2024-10-28,"Weekly","",-1.482,"GASREGWR"
"979",2009-05-18,"GASREGWR",2.309,2024-10-29,2024-10-29,3.39195302704544,213.022,"Real US Regular All Formulations Gas Price","1990-08-20","2024-10-28","2024 $ per gallon","NSA",2024-10-28,"Weekly","",-1.482,"GASREGWR"
"980",2009-05-25,"GASREGWR",2.435,2024-10-29,2024-10-29,3.57704877473176,213.022,"Real US Regular All Formulations Gas Price","1990-08-20","2024-10-28","2024 $ per gallon","NSA",2024-10-28,"Weekly","",-1.502,"GASREGWR"
"981",2009-06-01,"GASREGWR",2.524,2024-10-29,2024-10-29,3.67727108507676,214.79,"Real US Regular All Formulations Gas Price","1990-08-20","2024-10-28","2024 $ per gallon","NSA",2024-10-28,"Weekly","",-1.452,"GASREGWR"
"982",2009-06-08,"GASREGWR",2.624,2024-10-29,2024-10-29,3.82296328337615,214.79,"Real US Regular All Formulations Gas Price","1990-08-20","2024-10-28","2024 $ per gallon","NSA",2024-10-28,"Weekly","",-1.415,"GASREGWR"
"983",2009-06-15,"GASREGWR",2.672,2024-10-29,2024-10-29,3.89289553855986,214.79,"Real US Regular All Formulations Gas Price","1990-08-20","2024-10-28","2024 $ per gallon","NSA",2024-10-28,"Weekly","",-1.41,"GASREGWR"
"984",2009-06-22,"GASREGWR",2.691,2024-10-29,2024-10-29,3.92057705623675,214.79,"Real US Regular All Formulations Gas Price","1990-08-20","2024-10-28","2024 $ per gallon","NSA",2024-10-28,"Weekly","",-1.388,"GASREGWR"
"985",2009-06-29,"GASREGWR",2.642,2024-10-29,2024-10-29,3.84918787907004,214.79,"Real US Regular All Formulations Gas Price","1990-08-20","2024-10-28","2024 $ per gallon","NSA",2024-10-28,"Weekly","",-1.453,"GASREGWR"
"986",2009-07-06,"GASREGWR",2.612,2024-10-29,2024-10-29,3.80661445918816,214.726,"Real US Regular All Formulations Gas Price","1990-08-20","2024-10-28","2024 $ per gallon","NSA",2024-10-28,"Weekly","",-1.502,"GASREGWR"
"987",2009-07-13,"GASREGWR",2.528,2024-10-29,2024-10-29,3.68419653630462,214.726,"Real US Regular All Formulations Gas Price","1990-08-20","2024-10-28","2024 $ per gallon","NSA",2024-10-28,"Weekly","",-1.585,"GASREGWR"
"988",2009-07-20,"GASREGWR",2.463,2024-10-29,2024-10-29,3.58946838169236,214.726,"Real US Regular All Formulations Gas Price","1990-08-20","2024-10-28","2024 $ per gallon","NSA",2024-10-28,"Weekly","",-1.601,"GASREGWR"
"989",2009-07-27,"GASREGWR",2.503,2024-10-29,2024-10-29,3.64776263068452,214.726,"Real US Regular All Formulations Gas Price","1990-08-20","2024-10-28","2024 $ per gallon","NSA",2024-10-28,"Weekly","",-1.452,"GASREGWR"
"990",2009-08-03,"GASREGWR",2.557,2024-10-29,2024-10-29,3.71402363184867,215.445,"Real US Regular All Formulations Gas Price","1990-08-20","2024-10-28","2024 $ per gallon","NSA",2024-10-28,"Weekly","",-1.323,"GASREGWR"
"991",2009-08-10,"GASREGWR",2.647,2024-10-29,2024-10-29,3.84474796773697,215.445,"Real US Regular All Formulations Gas Price","1990-08-20","2024-10-28","2024 $ per gallon","NSA",2024-10-28,"Weekly","",-1.162,"GASREGWR"
"992",2009-08-17,"GASREGWR",2.637,2024-10-29,2024-10-29,3.83022304152716,215.445,"Real US Regular All Formulations Gas Price","1990-08-20","2024-10-28","2024 $ per gallon","NSA",2024-10-28,"Weekly","",-1.103,"GASREGWR"
"993",2009-08-24,"GASREGWR",2.628,2024-10-29,2024-10-29,3.81715060793833,215.445,"Real US Regular All Formulations Gas Price","1990-08-20","2024-10-28","2024 $ per gallon","NSA",2024-10-28,"Weekly","",-1.057,"GASREGWR"
"994",2009-08-31,"GASREGWR",2.613,2024-10-29,2024-10-29,3.79536321862361,215.445,"Real US Regular All Formulations Gas Price","1990-08-20","2024-10-28","2024 $ per gallon","NSA",2024-10-28,"Weekly","",-1.067,"GASREGWR"
"995",2009-09-07,"GASREGWR",2.588,2024-10-29,2024-10-29,3.75180658765679,215.861,"Real US Regular All Formulations Gas Price","1990-08-20","2024-10-28","2024 $ per gallon","NSA",2024-10-28,"Weekly","",-1.06,"GASREGWR"
"996",2009-09-14,"GASREGWR",2.577,2024-10-29,2024-10-29,3.73585995996582,215.861,"Real US Regular All Formulations Gas Price","1990-08-20","2024-10-28","2024 $ per gallon","NSA",2024-10-28,"Weekly","",-1.258,"GASREGWR"
"997",2009-09-21,"GASREGWR",2.552,2024-10-29,2024-10-29,3.69961762430453,215.861,"Real US Regular All Formulations Gas Price","1990-08-20","2024-10-28","2024 $ per gallon","NSA",2024-10-28,"Weekly","",-1.166,"GASREGWR"
"998",2009-09-28,"GASREGWR",2.499,2024-10-29,2024-10-29,3.62278387270259,215.861,"Real US Regular All Formulations Gas Price","1990-08-20","2024-10-28","2024 $ per gallon","NSA",2024-10-28,"Weekly","",-1.133,"GASREGWR"
"999",2009-10-05,"GASREGWR",2.468,2024-10-29,2024-10-29,3.5671350802549,216.509,"Real US Regular All Formulations Gas Price","1990-08-20","2024-10-28","2024 $ per gallon","NSA",2024-10-28,"Weekly","",-1.016,"GASREGWR"
"1000",2009-10-12,"GASREGWR",2.489,2024-10-29,2024-10-29,3.59748752623763,216.509,"Real US Regular All Formulations Gas Price","1990-08-20","2024-10-28","2024 $ per gallon","NSA",2024-10-28,"Weekly","",-0.662,"GASREGWR"
"1001",2009-10-19,"GASREGWR",2.574,2024-10-29,2024-10-29,3.72034266473911,216.509,"Real US Regular All Formulations Gas Price","1990-08-20","2024-10-28","2024 $ per gallon","NSA",2024-10-28,"Weekly","",-0.34,"GASREGWR"
"1002",2009-10-26,"GASREGWR",2.674,2024-10-29,2024-10-29,3.86487812179968,216.509,"Real US Regular All Formulations Gas Price","1990-08-20","2024-10-28","2024 $ per gallon","NSA",2024-10-28,"Weekly","",0.0179999999999998,"GASREGWR"
"1003",2009-11-02,"GASREGWR",2.694,2024-10-29,2024-10-29,3.88079003621566,217.234,"Real US Regular All Formulations Gas Price","1990-08-20","2024-10-28","2024 $ per gallon","NSA",2024-10-28,"Weekly","",0.294,"GASREGWR"
"1004",2009-11-09,"GASREGWR",2.666,2024-10-29,2024-10-29,3.8404551731815,217.234,"Real US Regular All Formulations Gas Price","1990-08-20","2024-10-28","2024 $ per gallon","NSA",2024-10-28,"Weekly","",0.442,"GASREGWR"
"1005",2009-11-16,"GASREGWR",2.629,2024-10-29,2024-10-29,3.78715553274349,217.234,"Real US Regular All Formulations Gas Price","1990-08-20","2024-10-28","2024 $ per gallon","NSA",2024-10-28,"Weekly","",0.557,"GASREGWR"
"1006",2009-11-23,"GASREGWR",2.639,2024-10-29,2024-10-29,3.80156084096998,217.234,"Real US Regular All Formulations Gas Price","1990-08-20","2024-10-28","2024 $ per gallon","NSA",2024-10-28,"Weekly","",0.747,"GASREGWR"
"1007",2009-11-30,"GASREGWR",2.629,2024-10-29,2024-10-29,3.78715553274349,217.234,"Real US Regular All Formulations Gas Price","1990-08-20","2024-10-28","2024 $ per gallon","NSA",2024-10-28,"Weekly","",0.818,"GASREGWR"
"1008",2009-12-07,"GASREGWR",2.634,2024-10-29,2024-10-29,3.79238547743303,217.347,"Real US Regular All Formulations Gas Price","1990-08-20","2024-10-28","2024 $ per gallon","NSA",2024-10-28,"Weekly","",0.935,"GASREGWR"
"1009",2009-12-14,"GASREGWR",2.599,2024-10-29,2024-10-29,3.74199311155977,217.347,"Real US Regular All Formulations Gas Price","1990-08-20","2024-10-28","2024 $ per gallon","NSA",2024-10-28,"Weekly","",0.94,"GASREGWR"
"1010",2009-12-21,"GASREGWR",2.589,2024-10-29,2024-10-29,3.72759529273884,217.347,"Real US Regular All Formulations Gas Price","1990-08-20","2024-10-28","2024 $ per gallon","NSA",2024-10-28,"Weekly","",0.936,"GASREGWR"
"1011",2009-12-28,"GASREGWR",2.607,2024-10-29,2024-10-29,3.75351136661652,217.347,"Real US Regular All Formulations Gas Price","1990-08-20","2024-10-28","2024 $ per gallon","NSA",2024-10-28,"Weekly","",0.994,"GASREGWR"
"1012",2010-01-04,"GASREGWR",2.665,2024-10-29,2024-10-29,3.83453113191616,217.488,"Real US Regular All Formulations Gas Price","1990-08-20","2024-10-28","2024 $ per gallon","NSA",2024-10-28,"Weekly","",0.981,"GASREGWR"
"1013",2010-01-11,"GASREGWR",2.751,2024-10-29,2024-10-29,3.9582720990249,217.488,"Real US Regular All Formulations Gas Price","1990-08-20","2024-10-28","2024 $ per gallon","NSA",2024-10-28,"Weekly","",0.967,"GASREGWR"
"1014",2010-01-18,"GASREGWR",2.739,2024-10-29,2024-10-29,3.94100591756787,217.488,"Real US Regular All Formulations Gas Price","1990-08-20","2024-10-28","2024 $ per gallon","NSA",2024-10-28,"Weekly","",0.892,"GASREGWR"
"1015",2010-01-25,"GASREGWR",2.705,2024-10-29,2024-10-29,3.89208507010627,217.488,"Real US Regular All Formulations Gas Price","1990-08-20","2024-10-28","2024 $ per gallon","NSA",2024-10-28,"Weekly","",0.867,"GASREGWR"
"1016",2010-02-01,"GASREGWR",2.661,2024-10-29,2024-10-29,3.83242334915281,217.281,"Real US Regular All Formulations Gas Price","1990-08-20","2024-10-28","2024 $ per gallon","NSA",2024-10-28,"Weekly","",0.769,"GASREGWR"
"1017",2010-02-08,"GASREGWR",2.652,2024-10-29,2024-10-29,3.81946137615681,217.281,"Real US Regular All Formulations Gas Price","1990-08-20","2024-10-28","2024 $ per gallon","NSA",2024-10-28,"Weekly","",0.726,"GASREGWR"
"1018",2010-02-15,"GASREGWR",2.608,2024-10-29,2024-10-29,3.75609173039855,217.281,"Real US Regular All Formulations Gas Price","1990-08-20","2024-10-28","2024 $ per gallon","NSA",2024-10-28,"Weekly","",0.644,"GASREGWR"
"1019",2010-02-22,"GASREGWR",2.655,2024-10-29,2024-10-29,3.82378203382214,217.281,"Real US Regular All Formulations Gas Price","1990-08-20","2024-10-28","2024 $ per gallon","NSA",2024-10-28,"Weekly","",0.746,"GASREGWR"
"1020",2010-03-01,"GASREGWR",2.702,2024-10-29,2024-10-29,3.89018325447126,217.353,"Real US Regular All Formulations Gas Price","1990-08-20","2024-10-28","2024 $ per gallon","NSA",2024-10-28,"Weekly","",0.768,"GASREGWR"
"1021",2010-03-08,"GASREGWR",2.751,2024-10-29,2024-10-29,3.96073061918965,217.353,"Real US Regular All Formulations Gas Price","1990-08-20","2024-10-28","2024 $ per gallon","NSA",2024-10-28,"Weekly","",0.81,"GASREGWR"
"1022",2010-03-15,"GASREGWR",2.788,2024-10-29,2024-10-29,4.01400107826272,217.353,"Real US Regular All Formulations Gas Price","1990-08-20","2024-10-28","2024 $ per gallon","NSA",2024-10-28,"Weekly","",0.878,"GASREGWR"
"1023",2010-03-22,"GASREGWR",2.819,2024-10-29,2024-10-29,4.05863308451313,217.353,"Real US Regular All Formulations Gas Price","1990-08-20","2024-10-28","2024 $ per gallon","NSA",2024-10-28,"Weekly","",0.857,"GASREGWR"
"1024",2010-03-29,"GASREGWR",2.798,2024-10-29,2024-10-29,4.02839849963382,217.353,"Real US Regular All Formulations Gas Price","1990-08-20","2024-10-28","2024 $ per gallon","NSA",2024-10-28,"Weekly","",0.752,"GASREGWR"
"1025",2010-04-05,"GASREGWR",2.826,2024-10-29,2024-10-29,4.06777552622214,217.403,"Real US Regular All Formulations Gas Price","1990-08-20","2024-10-28","2024 $ per gallon","NSA",2024-10-28,"Weekly","",0.789,"GASREGWR"
"1026",2010-04-12,"GASREGWR",2.858,2024-10-29,2024-10-29,4.1138366786776,217.403,"Real US Regular All Formulations Gas Price","1990-08-20","2024-10-28","2024 $ per gallon","NSA",2024-10-28,"Weekly","",0.807,"GASREGWR"
"1027",2010-04-19,"GASREGWR",2.86,2024-10-29,2024-10-29,4.11671550070606,217.403,"Real US Regular All Formulations Gas Price","1990-08-20","2024-10-28","2024 $ per gallon","NSA",2024-10-28,"Weekly","",0.801,"GASREGWR"
"1028",2010-04-26,"GASREGWR",2.849,2024-10-29,2024-10-29,4.1008819795495,217.403,"Real US Regular All Formulations Gas Price","1990-08-20","2024-10-28","2024 $ per gallon","NSA",2024-10-28,"Weekly","",0.8,"GASREGWR"
"1029",2010-05-03,"GASREGWR",2.898,2024-10-29,2024-10-29,4.17358243068543,217.29,"Real US Regular All Formulations Gas Price","1990-08-20","2024-10-28","2024 $ per gallon","NSA",2024-10-28,"Weekly","",0.82,"GASREGWR"
"1030",2010-05-10,"GASREGWR",2.905,2024-10-29,2024-10-29,4.18366354766776,217.29,"Real US Regular All Formulations Gas Price","1990-08-20","2024-10-28","2024 $ per gallon","NSA",2024-10-28,"Weekly","",0.665,"GASREGWR"
"1031",2010-05-17,"GASREGWR",2.864,2024-10-29,2024-10-29,4.12461700534267,217.29,"Real US Regular All Formulations Gas Price","1990-08-20","2024-10-28","2024 $ per gallon","NSA",2024-10-28,"Weekly","",0.555,"GASREGWR"
"1032",2010-05-24,"GASREGWR",2.786,2024-10-29,2024-10-29,4.01228455896812,217.29,"Real US Regular All Formulations Gas Price","1990-08-20","2024-10-28","2024 $ per gallon","NSA",2024-10-28,"Weekly","",0.351,"GASREGWR"
"1033",2010-05-31,"GASREGWR",2.728,2024-10-29,2024-10-29,3.92875530397165,217.29,"Real US Regular All Formulations Gas Price","1990-08-20","2024-10-28","2024 $ per gallon","NSA",2024-10-28,"Weekly","",0.204,"GASREGWR"
"1034",2010-06-07,"GASREGWR",2.725,2024-10-29,2024-10-29,3.92607904816237,217.199,"Real US Regular All Formulations Gas Price","1990-08-20","2024-10-28","2024 $ per gallon","NSA",2024-10-28,"Weekly","",0.101,"GASREGWR"
"1035",2010-06-14,"GASREGWR",2.701,2024-10-29,2024-10-29,3.89150073727947,217.199,"Real US Regular All Formulations Gas Price","1990-08-20","2024-10-28","2024 $ per gallon","NSA",2024-10-28,"Weekly","",0.0289999999999999,"GASREGWR"
"1036",2010-06-21,"GASREGWR",2.743,2024-10-29,2024-10-29,3.95201278132454,217.199,"Real US Regular All Formulations Gas Price","1990-08-20","2024-10-28","2024 $ per gallon","NSA",2024-10-28,"Weekly","",0.052,"GASREGWR"
"1037",2010-06-28,"GASREGWR",2.757,2024-10-29,2024-10-29,3.9721834626729,217.199,"Real US Regular All Formulations Gas Price","1990-08-20","2024-10-28","2024 $ per gallon","NSA",2024-10-28,"Weekly","",0.115,"GASREGWR"
"1038",2010-07-05,"GASREGWR",2.726,2024-10-29,2024-10-29,3.92019197837617,217.605,"Real US Regular All Formulations Gas Price","1990-08-20","2024-10-28","2024 $ per gallon","NSA",2024-10-28,"Weekly","",0.114,"GASREGWR"
"1039",2010-07-12,"GASREGWR",2.718,2024-10-29,2024-10-29,3.90868737976024,217.605,"Real US Regular All Formulations Gas Price","1990-08-20","2024-10-28","2024 $ per gallon","NSA",2024-10-28,"Weekly","",0.19,"GASREGWR"
"1040",2010-07-19,"GASREGWR",2.722,2024-10-29,2024-10-29,3.9144396790682,217.605,"Real US Regular All Formulations Gas Price","1990-08-20","2024-10-28","2024 $ per gallon","NSA",2024-10-28,"Weekly","",0.259,"GASREGWR"
"1041",2010-07-26,"GASREGWR",2.749,2024-10-29,2024-10-29,3.95326769939695,217.605,"Real US Regular All Formulations Gas Price","1990-08-20","2024-10-28","2024 $ per gallon","NSA",2024-10-28,"Weekly","",0.246,"GASREGWR"
"1042",2010-08-02,"GASREGWR",2.735,2024-10-29,2024-10-29,3.92739529975767,217.923,"Real US Regular All Formulations Gas Price","1990-08-20","2024-10-28","2024 $ per gallon","NSA",2024-10-28,"Weekly","",0.178,"GASREGWR"
"1043",2010-08-09,"GASREGWR",2.783,2024-10-29,2024-10-29,3.99632216425068,217.923,"Real US Regular All Formulations Gas Price","1990-08-20","2024-10-28","2024 $ per gallon","NSA",2024-10-28,"Weekly","",0.136,"GASREGWR"
"1044",2010-08-16,"GASREGWR",2.745,2024-10-29,2024-10-29,3.94175506319371,217.923,"Real US Regular All Formulations Gas Price","1990-08-20","2024-10-28","2024 $ per gallon","NSA",2024-10-28,"Weekly","",0.108,"GASREGWR"
"1045",2010-08-23,"GASREGWR",2.704,2024-10-29,2024-10-29,3.88288003310594,217.923,"Real US Regular All Formulations Gas Price","1990-08-20","2024-10-28","2024 $ per gallon","NSA",2024-10-28,"Weekly","",0.0760000000000001,"GASREGWR"
"1046",2010-08-30,"GASREGWR",2.682,2024-10-29,2024-10-29,3.85128855354664,217.923,"Real US Regular All Formulations Gas Price","1990-08-20","2024-10-28","2024 $ per gallon","NSA",2024-10-28,"Weekly","",0.069,"GASREGWR"
"1047",2010-09-06,"GASREGWR",2.682,2024-10-29,2024-10-29,3.84507779385887,218.275,"Real US Regular All Formulations Gas Price","1990-08-20","2024-10-28","2024 $ per gallon","NSA",2024-10-28,"Weekly","",0.0939999999999999,"GASREGWR"
"1048",2010-09-13,"GASREGWR",2.721,2024-10-29,2024-10-29,3.9009905581991,218.275,"Real US Regular All Formulations Gas Price","1990-08-20","2024-10-28","2024 $ per gallon","NSA",2024-10-28,"Weekly","",0.144,"GASREGWR"
"1049",2010-09-20,"GASREGWR",2.723,2024-10-29,2024-10-29,3.90385787944732,218.275,"Real US Regular All Formulations Gas Price","1990-08-20","2024-10-28","2024 $ per gallon","NSA",2024-10-28,"Weekly","",0.171,"GASREGWR"
"1050",2010-09-27,"GASREGWR",2.694,2024-10-29,2024-10-29,3.86228172134817,218.275,"Real US Regular All Formulations Gas Price","1990-08-20","2024-10-28","2024 $ per gallon","NSA",2024-10-28,"Weekly","",0.195,"GASREGWR"
"1051",2010-10-04,"GASREGWR",2.732,2024-10-29,2024-10-29,3.90317058502481,219.035,"Real US Regular All Formulations Gas Price","1990-08-20","2024-10-28","2024 $ per gallon","NSA",2024-10-28,"Weekly","",0.264,"GASREGWR"
"1052",2010-10-11,"GASREGWR",2.819,2024-10-29,2024-10-29,4.0274662808144,219.035,"Real US Regular All Formulations Gas Price","1990-08-20","2024-10-28","2024 $ per gallon","NSA",2024-10-28,"Weekly","",0.33,"GASREGWR"
"1053",2010-10-18,"GASREGWR",2.834,2024-10-29,2024-10-29,4.04889657319191,219.035,"Real US Regular All Formulations Gas Price","1990-08-20","2024-10-28","2024 $ per gallon","NSA",2024-10-28,"Weekly","",0.26,"GASREGWR"
"1054",2010-10-25,"GASREGWR",2.817,2024-10-29,2024-10-29,4.0246089084974,219.035,"Real US Regular All Formulations Gas Price","1990-08-20","2024-10-28","2024 $ per gallon","NSA",2024-10-28,"Weekly","",0.143,"GASREGWR"
"1055",2010-11-01,"GASREGWR",2.806,2024-10-29,2024-10-29,3.99876113335182,219.59,"Real US Regular All Formulations Gas Price","1990-08-20","2024-10-28","2024 $ per gallon","NSA",2024-10-28,"Weekly","",0.112,"GASREGWR"
"1056",2010-11-08,"GASREGWR",2.865,2024-10-29,2024-10-29,4.08284057272023,219.59,"Real US Regular All Formulations Gas Price","1990-08-20","2024-10-28","2024 $ per gallon","NSA",2024-10-28,"Weekly","",0.199,"GASREGWR"
"1057",2010-11-15,"GASREGWR",2.892,2024-10-29,2024-10-29,4.12131760429561,219.59,"Real US Regular All Formulations Gas Price","1990-08-20","2024-10-28","2024 $ per gallon","NSA",2024-10-28,"Weekly","",0.263,"GASREGWR"
"1058",2010-11-22,"GASREGWR",2.876,2024-10-29,2024-10-29,4.09851640039909,219.59,"Real US Regular All Formulations Gas Price","1990-08-20","2024-10-28","2024 $ per gallon","NSA",2024-10-28,"Weekly","",0.237,"GASREGWR"
"1059",2010-11-29,"GASREGWR",2.856,2024-10-29,2024-10-29,4.07001489552844,219.59,"Real US Regular All Formulations Gas Price","1990-08-20","2024-10-28","2024 $ per gallon","NSA",2024-10-28,"Weekly","",0.227,"GASREGWR"
"1060",2010-12-06,"GASREGWR",2.958,2024-10-29,2024-10-29,4.19850893867372,220.472,"Real US Regular All Formulations Gas Price","1990-08-20","2024-10-28","2024 $ per gallon","NSA",2024-10-28,"Weekly","",0.324,"GASREGWR"
"1061",2010-12-13,"GASREGWR",2.98,2024-10-29,2024-10-29,4.22973517148333,220.472,"Real US Regular All Formulations Gas Price","1990-08-20","2024-10-28","2024 $ per gallon","NSA",2024-10-28,"Weekly","",0.381,"GASREGWR"
"1062",2010-12-20,"GASREGWR",2.982,2024-10-29,2024-10-29,4.23257391992057,220.472,"Real US Regular All Formulations Gas Price","1990-08-20","2024-10-28","2024 $ per gallon","NSA",2024-10-28,"Weekly","",0.393,"GASREGWR"
"1063",2010-12-27,"GASREGWR",3.052,2024-10-29,2024-10-29,4.33193011522387,220.472,"Real US Regular All Formulations Gas Price","1990-08-20","2024-10-28","2024 $ per gallon","NSA",2024-10-28,"Weekly","",0.445,"GASREGWR"
"1064",2011-01-03,"GASREGWR",3.07,2024-10-29,2024-10-29,4.34339304422379,221.187,"Real US Regular All Formulations Gas Price","1990-08-20","2024-10-28","2024 $ per gallon","NSA",2024-10-28,"Weekly","",0.405,"GASREGWR"
"1065",2011-01-10,"GASREGWR",3.089,2024-10-29,2024-10-29,4.37027397837371,221.187,"Real US Regular All Formulations Gas Price","1990-08-20","2024-10-28","2024 $ per gallon","NSA",2024-10-28,"Weekly","",0.338,"GASREGWR"
"1066",2011-01-17,"GASREGWR",3.104,2024-10-29,2024-10-29,4.39149576849207,221.187,"Real US Regular All Formulations Gas Price","1990-08-20","2024-10-28","2024 $ per gallon","NSA",2024-10-28,"Weekly","",0.365,"GASREGWR"
"1067",2011-01-24,"GASREGWR",3.11,2024-10-29,2024-10-29,4.39998448453941,221.187,"Real US Regular All Formulations Gas Price","1990-08-20","2024-10-28","2024 $ per gallon","NSA",2024-10-28,"Weekly","",0.405,"GASREGWR"
"1068",2011-01-31,"GASREGWR",3.101,2024-10-29,2024-10-29,4.38725141046839,221.187,"Real US Regular All Formulations Gas Price","1990-08-20","2024-10-28","2024 $ per gallon","NSA",2024-10-28,"Weekly","",0.44,"GASREGWR"
"1069",2011-02-07,"GASREGWR",3.132,2024-10-29,2024-10-29,4.41691172602645,221.898,"Real US Regular All Formulations Gas Price","1990-08-20","2024-10-28","2024 $ per gallon","NSA",2024-10-28,"Weekly","",0.48,"GASREGWR"
"1070",2011-02-14,"GASREGWR",3.14,2024-10-29,2024-10-29,4.42819374831515,221.898,"Real US Regular All Formulations Gas Price","1990-08-20","2024-10-28","2024 $ per gallon","NSA",2024-10-28,"Weekly","",0.532,"GASREGWR"
"1071",2011-02-21,"GASREGWR",3.189,2024-10-29,2024-10-29,4.49729613483345,221.898,"Real US Regular All Formulations Gas Price","1990-08-20","2024-10-28","2024 $ per gallon","NSA",2024-10-28,"Weekly","",0.534,"GASREGWR"
"1072",2011-02-28,"GASREGWR",3.383,2024-10-29,2024-10-29,4.77088517533445,221.898,"Real US Regular All Formulations Gas Price","1990-08-20","2024-10-28","2024 $ per gallon","NSA",2024-10-28,"Weekly","",0.681,"GASREGWR"
"1073",2011-03-07,"GASREGWR",3.52,2024-10-29,2024-10-29,4.938540032101,223.046,"Real US Regular All Formulations Gas Price","1990-08-20","2024-10-28","2024 $ per gallon","NSA",2024-10-28,"Weekly","",0.769,"GASREGWR"
"1074",2011-03-14,"GASREGWR",3.567,2024-10-29,2024-10-29,5.00448076548417,223.046,"Real US Regular All Formulations Gas Price","1990-08-20","2024-10-28","2024 $ per gallon","NSA",2024-10-28,"Weekly","",0.779,"GASREGWR"
"1075",2011-03-21,"GASREGWR",3.562,2024-10-29,2024-10-29,4.99746579384766,223.046,"Real US Regular All Formulations Gas Price","1990-08-20","2024-10-28","2024 $ per gallon","NSA",2024-10-28,"Weekly","",0.743,"GASREGWR"
"1076",2011-03-28,"GASREGWR",3.596,2024-10-29,2024-10-29,5.04516760097591,223.046,"Real US Regular All Formulations Gas Price","1990-08-20","2024-10-28","2024 $ per gallon","NSA",2024-10-28,"Weekly","",0.798,"GASREGWR"
"1077",2011-04-04,"GASREGWR",3.684,2024-10-29,2024-10-29,5.14448239225354,224.093,"Real US Regular All Formulations Gas Price","1990-08-20","2024-10-28","2024 $ per gallon","NSA",2024-10-28,"Weekly","",0.858,"GASREGWR"
"1078",2011-04-11,"GASREGWR",3.791,2024-10-29,2024-10-29,5.29390139767459,224.093,"Real US Regular All Formulations Gas Price","1990-08-20","2024-10-28","2024 $ per gallon","NSA",2024-10-28,"Weekly","",0.933,"GASREGWR"
"1079",2011-04-18,"GASREGWR",3.844,2024-10-29,2024-10-29,5.36791268073361,224.093,"Real US Regular All Formulations Gas Price","1990-08-20","2024-10-28","2024 $ per gallon","NSA",2024-10-28,"Weekly","",0.984,"GASREGWR"
"1080",2011-04-25,"GASREGWR",3.879,2024-10-29,2024-10-29,5.41678805633862,224.093,"Real US Regular All Formulations Gas Price","1990-08-20","2024-10-28","2024 $ per gallon","NSA",2024-10-28,"Weekly","",1.03,"GASREGWR"
"1081",2011-05-02,"GASREGWR",3.963,2024-10-29,2024-10-29,5.51653691101742,224.806,"Real US Regular All Formulations Gas Price","1990-08-20","2024-10-28","2024 $ per gallon","NSA",2024-10-28,"Weekly","",1.065,"GASREGWR"
"1082",2011-05-09,"GASREGWR",3.965,2024-10-29,2024-10-29,5.51932093166391,224.806,"Real US Regular All Formulations Gas Price","1990-08-20","2024-10-28","2024 $ per gallon","NSA",2024-10-28,"Weekly","",1.06,"GASREGWR"
"1083",2011-05-16,"GASREGWR",3.96,2024-10-29,2024-10-29,5.51236088004769,224.806,"Real US Regular All Formulations Gas Price","1990-08-20","2024-10-28","2024 $ per gallon","NSA",2024-10-28,"Weekly","",1.096,"GASREGWR"
"1084",2011-05-23,"GASREGWR",3.849,2024-10-29,2024-10-29,5.35784773416756,224.806,"Real US Regular All Formulations Gas Price","1990-08-20","2024-10-28","2024 $ per gallon","NSA",2024-10-28,"Weekly","",1.063,"GASREGWR"
"1085",2011-05-30,"GASREGWR",3.794,2024-10-29,2024-10-29,5.28128716638912,224.806,"Real US Regular All Formulations Gas Price","1990-08-20","2024-10-28","2024 $ per gallon","NSA",2024-10-28,"Weekly","",1.066,"GASREGWR"
"1086",2011-06-06,"GASREGWR",3.781,2024-10-29,2024-10-29,5.26319103218694,224.806,"Real US Regular All Formulations Gas Price","1990-08-20","2024-10-28","2024 $ per gallon","NSA",2024-10-28,"Weekly","",1.056,"GASREGWR"
"1087",2011-06-13,"GASREGWR",3.713,2024-10-29,2024-10-29,5.16853433020633,224.806,"Real US Regular All Formulations Gas Price","1990-08-20","2024-10-28","2024 $ per gallon","NSA",2024-10-28,"Weekly","",1.012,"GASREGWR"
"1088",2011-06-20,"GASREGWR",3.652,2024-10-29,2024-10-29,5.08362170048842,224.806,"Real US Regular All Formulations Gas Price","1990-08-20","2024-10-28","2024 $ per gallon","NSA",2024-10-28,"Weekly","",0.909,"GASREGWR"
"1089",2011-06-27,"GASREGWR",3.574,2024-10-29,2024-10-29,4.97504489527536,224.806,"Real US Regular All Formulations Gas Price","1990-08-20","2024-10-28","2024 $ per gallon","NSA",2024-10-28,"Weekly","",0.817,"GASREGWR"
"1090",2011-07-04,"GASREGWR",3.579,2024-10-29,2024-10-29,4.96898602050138,225.395,"Real US Regular All Formulations Gas Price","1990-08-20","2024-10-28","2024 $ per gallon","NSA",2024-10-28,"Weekly","",0.853,"GASREGWR"
"1091",2011-07-11,"GASREGWR",3.641,2024-10-29,2024-10-29,5.05506513010493,225.395,"Real US Regular All Formulations Gas Price","1990-08-20","2024-10-28","2024 $ per gallon","NSA",2024-10-28,"Weekly","",0.923,"GASREGWR"
"1092",2011-07-18,"GASREGWR",3.682,2024-10-29,2024-10-29,5.11198841226211,225.395,"Real US Regular All Formulations Gas Price","1990-08-20","2024-10-28","2024 $ per gallon","NSA",2024-10-28,"Weekly","",0.96,"GASREGWR"
"1093",2011-07-25,"GASREGWR",3.699,2024-10-29,2024-10-29,5.13559074876631,225.395,"Real US Regular All Formulations Gas Price","1990-08-20","2024-10-28","2024 $ per gallon","NSA",2024-10-28,"Weekly","",0.95,"GASREGWR"
"1094",2011-08-01,"GASREGWR",3.711,2024-10-29,2024-10-29,5.1360497469811,226.106,"Real US Regular All Formulations Gas Price","1990-08-20","2024-10-28","2024 $ per gallon","NSA",2024-10-28,"Weekly","",0.976,"GASREGWR"
"1095",2011-08-08,"GASREGWR",3.674,2024-10-29,2024-10-29,5.08484149027447,226.106,"Real US Regular All Formulations Gas Price","1990-08-20","2024-10-28","2024 $ per gallon","NSA",2024-10-28,"Weekly","",0.891,"GASREGWR"
"1096",2011-08-15,"GASREGWR",3.604,2024-10-29,2024-10-29,4.98796100461328,226.106,"Real US Regular All Formulations Gas Price","1990-08-20","2024-10-28","2024 $ per gallon","NSA",2024-10-28,"Weekly","",0.859,"GASREGWR"
"1097",2011-08-22,"GASREGWR",3.581,2024-10-29,2024-10-29,4.95612884503889,226.106,"Real US Regular All Formulations Gas Price","1990-08-20","2024-10-28","2024 $ per gallon","NSA",2024-10-28,"Weekly","",0.877,"GASREGWR"
"1098",2011-08-29,"GASREGWR",3.627,2024-10-29,2024-10-29,5.01979316418767,226.106,"Real US Regular All Formulations Gas Price","1990-08-20","2024-10-28","2024 $ per gallon","NSA",2024-10-28,"Weekly","",0.945,"GASREGWR"
"1099",2011-09-05,"GASREGWR",3.674,2024-10-29,2024-10-29,5.07382343985137,226.597,"Real US Regular All Formulations Gas Price","1990-08-20","2024-10-28","2024 $ per gallon","NSA",2024-10-28,"Weekly","",0.992,"GASREGWR"
"1100",2011-09-12,"GASREGWR",3.661,2024-10-29,2024-10-29,5.05587033568205,226.597,"Real US Regular All Formulations Gas Price","1990-08-20","2024-10-28","2024 $ per gallon","NSA",2024-10-28,"Weekly","",0.94,"GASREGWR"
"1101",2011-09-19,"GASREGWR",3.601,2024-10-29,2024-10-29,4.97300985490059,226.597,"Real US Regular All Formulations Gas Price","1990-08-20","2024-10-28","2024 $ per gallon","NSA",2024-10-28,"Weekly","",0.878,"GASREGWR"
"1102",2011-09-26,"GASREGWR",3.509,2024-10-29,2024-10-29,4.84595711770235,226.597,"Real US Regular All Formulations Gas Price","1990-08-20","2024-10-28","2024 $ per gallon","NSA",2024-10-28,"Weekly","",0.815,"GASREGWR"
"1103",2011-10-03,"GASREGWR",3.433,2024-10-29,2024-10-29,4.73780150947178,226.75,"Real US Regular All Formulations Gas Price","1990-08-20","2024-10-28","2024 $ per gallon","NSA",2024-10-28,"Weekly","",0.701,"GASREGWR"
"1104",2011-10-10,"GASREGWR",3.417,2024-10-29,2024-10-29,4.71572029066854,226.75,"Real US Regular All Formulations Gas Price","1990-08-20","2024-10-28","2024 $ per gallon","NSA",2024-10-28,"Weekly","",0.598,"GASREGWR"
"1105",2011-10-17,"GASREGWR",3.476,2024-10-29,2024-10-29,4.79714478500551,226.75,"Real US Regular All Formulations Gas Price","1990-08-20","2024-10-28","2024 $ per gallon","NSA",2024-10-28,"Weekly","",0.642,"GASREGWR"
"1106",2011-10-24,"GASREGWR",3.462,2024-10-29,2024-10-29,4.77782371855267,226.75,"Real US Regular All Formulations Gas Price","1990-08-20","2024-10-28","2024 $ per gallon","NSA",2024-10-28,"Weekly","",0.645,"GASREGWR"
"1107",2011-10-31,"GASREGWR",3.452,2024-10-29,2024-10-29,4.76402295680064,226.75,"Real US Regular All Formulations Gas Price","1990-08-20","2024-10-28","2024 $ per gallon","NSA",2024-10-28,"Weekly","",0.646,"GASREGWR"
"1108",2011-11-07,"GASREGWR",3.424,2024-10-29,2024-10-29,4.71666513396714,227.169,"Real US Regular All Formulations Gas Price","1990-08-20","2024-10-28","2024 $ per gallon","NSA",2024-10-28,"Weekly","",0.559,"GASREGWR"
"1109",2011-11-14,"GASREGWR",3.436,2024-10-29,2024-10-29,4.73319550242731,227.169,"Real US Regular All Formulations Gas Price","1990-08-20","2024-10-28","2024 $ per gallon","NSA",2024-10-28,"Weekly","",0.544,"GASREGWR"
"1110",2011-11-21,"GASREGWR",3.368,2024-10-29,2024-10-29,4.63952341448637,227.169,"Real US Regular All Formulations Gas Price","1990-08-20","2024-10-28","2024 $ per gallon","NSA",2024-10-28,"Weekly","",0.492,"GASREGWR"
"1111",2011-11-28,"GASREGWR",3.307,2024-10-29,2024-10-29,4.55549404148053,227.169,"Real US Regular All Formulations Gas Price","1990-08-20","2024-10-28","2024 $ per gallon","NSA",2024-10-28,"Weekly","",0.451,"GASREGWR"
"1112",2011-12-05,"GASREGWR",3.29,2024-10-29,2024-10-29,4.53099896257301,227.223,"Real US Regular All Formulations Gas Price","1990-08-20","2024-10-28","2024 $ per gallon","NSA",2024-10-28,"Weekly","",0.332,"GASREGWR"
"1113",2011-12-12,"GASREGWR",3.286,2024-10-29,2024-10-29,4.52549014924465,227.223,"Real US Regular All Formulations Gas Price","1990-08-20","2024-10-28","2024 $ per gallon","NSA",2024-10-28,"Weekly","",0.306,"GASREGWR"
"1114",2011-12-19,"GASREGWR",3.229,2024-10-29,2024-10-29,4.44698955931558,227.223,"Real US Regular All Formulations Gas Price","1990-08-20","2024-10-28","2024 $ per gallon","NSA",2024-10-28,"Weekly","",0.247,"GASREGWR"
"1115",2011-12-26,"GASREGWR",3.258,2024-10-29,2024-10-29,4.48692845594616,227.223,"Real US Regular All Formulations Gas Price","1990-08-20","2024-10-28","2024 $ per gallon","NSA",2024-10-28,"Weekly","",0.206,"GASREGWR"
"1116",2012-01-02,"GASREGWR",3.299,2024-10-29,2024-10-29,4.53105032315057,227.842,"Real US Regular All Formulations Gas Price","1990-08-20","2024-10-28","2024 $ per gallon","NSA",2024-10-28,"Weekly","",0.229,"GASREGWR"
"1117",2012-01-09,"GASREGWR",3.382,2024-10-29,2024-10-29,4.64504764864966,227.842,"Real US Regular All Formulations Gas Price","1990-08-20","2024-10-28","2024 $ per gallon","NSA",2024-10-28,"Weekly","",0.293,"GASREGWR"
"1118",2012-01-16,"GASREGWR",3.391,2024-10-29,2024-10-29,4.65740880442667,227.842,"Real US Regular All Formulations Gas Price","1990-08-20","2024-10-28","2024 $ per gallon","NSA",2024-10-28,"Weekly","",0.287,"GASREGWR"
"1119",2012-01-23,"GASREGWR",3.389,2024-10-29,2024-10-29,4.65466188092067,227.842,"Real US Regular All Formulations Gas Price","1990-08-20","2024-10-28","2024 $ per gallon","NSA",2024-10-28,"Weekly","",0.279,"GASREGWR"
"1120",2012-01-30,"GASREGWR",3.439,2024-10-29,2024-10-29,4.72333496857072,227.842,"Real US Regular All Formulations Gas Price","1990-08-20","2024-10-28","2024 $ per gallon","NSA",2024-10-28,"Weekly","",0.338,"GASREGWR"
"1121",2012-02-06,"GASREGWR",3.482,2024-10-29,2024-10-29,4.77219351740849,228.329,"Real US Regular All Formulations Gas Price","1990-08-20","2024-10-28","2024 $ per gallon","NSA",2024-10-28,"Weekly","",0.35,"GASREGWR"
"1122",2012-02-13,"GASREGWR",3.523,2024-10-29,2024-10-29,4.8283853422832,228.329,"Real US Regular All Formulations Gas Price","1990-08-20","2024-10-28","2024 $ per gallon","NSA",2024-10-28,"Weekly","",0.383,"GASREGWR"
"1123",2012-02-20,"GASREGWR",3.591,2024-10-29,2024-10-29,4.92158153963639,228.329,"Real US Regular All Formulations Gas Price","1990-08-20","2024-10-28","2024 $ per gallon","NSA",2024-10-28,"Weekly","",0.402,"GASREGWR"
"1124",2012-02-27,"GASREGWR",3.721,2024-10-29,2024-10-29,5.09975074045864,228.329,"Real US Regular All Formulations Gas Price","1990-08-20","2024-10-28","2024 $ per gallon","NSA",2024-10-28,"Weekly","",0.338,"GASREGWR"
"1125",2012-03-05,"GASREGWR",3.793,2024-10-29,2024-10-29,5.18756904489175,228.807,"Real US Regular All Formulations Gas Price","1990-08-20","2024-10-28","2024 $ per gallon","NSA",2024-10-28,"Weekly","",0.273,"GASREGWR"
"1126",2012-03-12,"GASREGWR",3.829,2024-10-29,2024-10-29,5.23680513390205,228.807,"Real US Regular All Formulations Gas Price","1990-08-20","2024-10-28","2024 $ per gallon","NSA",2024-10-28,"Weekly","",0.262,"GASREGWR"
"1127",2012-03-19,"GASREGWR",3.867,2024-10-29,2024-10-29,5.28877656119071,228.807,"Real US Regular All Formulations Gas Price","1990-08-20","2024-10-28","2024 $ per gallon","NSA",2024-10-28,"Weekly","",0.305,"GASREGWR"
"1128",2012-03-26,"GASREGWR",3.918,2024-10-29,2024-10-29,5.35852768728865,228.807,"Real US Regular All Formulations Gas Price","1990-08-20","2024-10-28","2024 $ per gallon","NSA",2024-10-28,"Weekly","",0.322,"GASREGWR"
"1129",2012-04-02,"GASREGWR",3.941,2024-10-29,2024-10-29,5.38104729682827,229.187,"Real US Regular All Formulations Gas Price","1990-08-20","2024-10-28","2024 $ per gallon","NSA",2024-10-28,"Weekly","",0.257,"GASREGWR"
"1130",2012-04-09,"GASREGWR",3.939,2024-10-29,2024-10-29,5.37831649383572,229.187,"Real US Regular All Formulations Gas Price","1990-08-20","2024-10-28","2024 $ per gallon","NSA",2024-10-28,"Weekly","",0.148,"GASREGWR"
"1131",2012-04-16,"GASREGWR",3.922,2024-10-29,2024-10-29,5.35510466839901,229.187,"Real US Regular All Formulations Gas Price","1990-08-20","2024-10-28","2024 $ per gallon","NSA",2024-10-28,"Weekly","",0.0780000000000003,"GASREGWR"
"1132",2012-04-23,"GASREGWR",3.87,2024-10-29,2024-10-29,5.2841037905926,229.187,"Real US Regular All Formulations Gas Price","1990-08-20","2024-10-28","2024 $ per gallon","NSA",2024-10-28,"Weekly","",-0.0089999999999999,"GASREGWR"
"1133",2012-04-30,"GASREGWR",3.83,2024-10-29,2024-10-29,5.22948773074151,229.187,"Real US Regular All Formulations Gas Price","1990-08-20","2024-10-28","2024 $ per gallon","NSA",2024-10-28,"Weekly","",-0.133,"GASREGWR"
"1134",2012-05-07,"GASREGWR",3.79,2024-10-29,2024-10-29,5.18559641837746,228.713,"Real US Regular All Formulations Gas Price","1990-08-20","2024-10-28","2024 $ per gallon","NSA",2024-10-28,"Weekly","",-0.175,"GASREGWR"
"1135",2012-05-14,"GASREGWR",3.754,2024-10-29,2024-10-29,5.1363400935591,228.713,"Real US Regular All Formulations Gas Price","1990-08-20","2024-10-28","2024 $ per gallon","NSA",2024-10-28,"Weekly","",-0.206,"GASREGWR"
"1136",2012-05-21,"GASREGWR",3.715,2024-10-29,2024-10-29,5.08297907500587,228.713,"Real US Regular All Formulations Gas Price","1990-08-20","2024-10-28","2024 $ per gallon","NSA",2024-10-28,"Weekly","",-0.134,"GASREGWR"
"1137",2012-05-28,"GASREGWR",3.67,2024-10-29,2024-10-29,5.02140866898292,228.713,"Real US Regular All Formulations Gas Price","1990-08-20","2024-10-28","2024 $ per gallon","NSA",2024-10-28,"Weekly","",-0.124,"GASREGWR"
"1138",2012-06-04,"GASREGWR",3.613,2024-10-29,2024-10-29,4.94750792636063,228.524,"Real US Regular All Formulations Gas Price","1990-08-20","2024-10-28","2024 $ per gallon","NSA",2024-10-28,"Weekly","",-0.168,"GASREGWR"
"1139",2012-06-11,"GASREGWR",3.572,2024-10-29,2024-10-29,4.89136405008585,228.524,"Real US Regular All Formulations Gas Price","1990-08-20","2024-10-28","2024 $ per gallon","NSA",2024-10-28,"Weekly","",-0.141,"GASREGWR"
"1140",2012-06-18,"GASREGWR",3.533,2024-10-29,2024-10-29,4.83795889948301,228.524,"Real US Regular All Formulations Gas Price","1990-08-20","2024-10-28","2024 $ per gallon","NSA",2024-10-28,"Weekly","",-0.119,"GASREGWR"
"1141",2012-06-25,"GASREGWR",3.437,2024-10-29,2024-10-29,4.70650006722986,228.524,"Real US Regular All Formulations Gas Price","1990-08-20","2024-10-28","2024 $ per gallon","NSA",2024-10-28,"Weekly","",-0.137,"GASREGWR"
"1142",2012-07-02,"GASREGWR",3.356,2024-10-29,2024-10-29,4.59425481111478,228.59,"Real US Regular All Formulations Gas Price","1990-08-20","2024-10-28","2024 $ per gallon","NSA",2024-10-28,"Weekly","",-0.223,"GASREGWR"
"1143",2012-07-09,"GASREGWR",3.411,2024-10-29,2024-10-29,4.66954802166642,228.59,"Real US Regular All Formulations Gas Price","1990-08-20","2024-10-28","2024 $ per gallon","NSA",2024-10-28,"Weekly","",-0.23,"GASREGWR"
"1144",2012-07-16,"GASREGWR",3.427,2024-10-29,2024-10-29,4.69145150109963,228.59,"Real US Regular All Formulations Gas Price","1990-08-20","2024-10-28","2024 $ per gallon","NSA",2024-10-28,"Weekly","",-0.255,"GASREGWR"
"1145",2012-07-23,"GASREGWR",3.494,2024-10-29,2024-10-29,4.78317232122617,228.59,"Real US Regular All Formulations Gas Price","1990-08-20","2024-10-28","2024 $ per gallon","NSA",2024-10-28,"Weekly","",-0.205,"GASREGWR"
"1146",2012-07-30,"GASREGWR",3.508,2024-10-29,2024-10-29,4.80233786573023,228.59,"Real US Regular All Formulations Gas Price","1990-08-20","2024-10-28","2024 $ per gallon","NSA",2024-10-28,"Weekly","",-0.203,"GASREGWR"
"1147",2012-08-06,"GASREGWR",3.645,2024-10-29,2024-10-29,4.9610649626863,229.918,"Real US Regular All Formulations Gas Price","1990-08-20","2024-10-28","2024 $ per gallon","NSA",2024-10-28,"Weekly","",-0.0289999999999999,"GASREGWR"
"1148",2012-08-13,"GASREGWR",3.721,2024-10-29,2024-10-29,5.06450554901392,229.918,"Real US Regular All Formulations Gas Price","1990-08-20","2024-10-28","2024 $ per gallon","NSA",2024-10-28,"Weekly","",0.117,"GASREGWR"
"1149",2012-08-20,"GASREGWR",3.744,2024-10-29,2024-10-29,5.09580993698149,229.918,"Real US Regular All Formulations Gas Price","1990-08-20","2024-10-28","2024 $ per gallon","NSA",2024-10-28,"Weekly","",0.163,"GASREGWR"
"1150",2012-08-27,"GASREGWR",3.776,2024-10-29,2024-10-29,5.1393638680668,229.918,"Real US Regular All Formulations Gas Price","1990-08-20","2024-10-28","2024 $ per gallon","NSA",2024-10-28,"Weekly","",0.149,"GASREGWR"
"1151",2012-09-03,"GASREGWR",3.843,2024-10-29,2024-10-29,5.20571704907001,231.015,"Real US Regular All Formulations Gas Price","1990-08-20","2024-10-28","2024 $ per gallon","NSA",2024-10-28,"Weekly","",0.169,"GASREGWR"
"1152",2012-09-10,"GASREGWR",3.847,2024-10-29,2024-10-29,5.21113543787987,231.015,"Real US Regular All Formulations Gas Price","1990-08-20","2024-10-28","2024 $ per gallon","NSA",2024-10-28,"Weekly","",0.186,"GASREGWR"
"1153",2012-09-17,"GASREGWR",3.878,2024-10-29,2024-10-29,5.25312795115626,231.015,"Real US Regular All Formulations Gas Price","1990-08-20","2024-10-28","2024 $ per gallon","NSA",2024-10-28,"Weekly","",0.277,"GASREGWR"
"1154",2012-09-24,"GASREGWR",3.826,2024-10-29,2024-10-29,5.18268889662812,231.015,"Real US Regular All Formulations Gas Price","1990-08-20","2024-10-28","2024 $ per gallon","NSA",2024-10-28,"Weekly","",0.317,"GASREGWR"
"1155",2012-10-01,"GASREGWR",3.804,2024-10-29,2024-10-29,5.13902885301438,231.638,"Real US Regular All Formulations Gas Price","1990-08-20","2024-10-28","2024 $ per gallon","NSA",2024-10-28,"Weekly","",0.371,"GASREGWR"
"1156",2012-10-08,"GASREGWR",3.85,2024-10-29,2024-10-29,5.20117273504347,231.638,"Real US Regular All Formulations Gas Price","1990-08-20","2024-10-28","2024 $ per gallon","NSA",2024-10-28,"Weekly","",0.433,"GASREGWR"
"1157",2012-10-15,"GASREGWR",3.819,2024-10-29,2024-10-29,5.15929316237169,231.638,"Real US Regular All Formulations Gas Price","1990-08-20","2024-10-28","2024 $ per gallon","NSA",2024-10-28,"Weekly","",0.343,"GASREGWR"
"1158",2012-10-22,"GASREGWR",3.687,2024-10-29,2024-10-29,4.98096724002735,231.638,"Real US Regular All Formulations Gas Price","1990-08-20","2024-10-28","2024 $ per gallon","NSA",2024-10-28,"Weekly","",0.225,"GASREGWR"
"1159",2012-10-29,"GASREGWR",3.568,2024-10-29,2024-10-29,4.820203719126,231.638,"Real US Regular All Formulations Gas Price","1990-08-20","2024-10-28","2024 $ per gallon","NSA",2024-10-28,"Weekly","",0.116,"GASREGWR"
"1160",2012-11-05,"GASREGWR",3.492,2024-10-29,2024-10-29,4.72546690521315,231.249,"Real US Regular All Formulations Gas Price","1990-08-20","2024-10-28","2024 $ per gallon","NSA",2024-10-28,"Weekly","",0.0680000000000001,"GASREGWR"
"1161",2012-11-12,"GASREGWR",3.449,2024-10-29,2024-10-29,4.66727816611689,231.249,"Real US Regular All Formulations Gas Price","1990-08-20","2024-10-28","2024 $ per gallon","NSA",2024-10-28,"Weekly","",0.0129999999999999,"GASREGWR"
"1162",2012-11-19,"GASREGWR",3.429,2024-10-29,2024-10-29,4.64021363630467,231.249,"Real US Regular All Formulations Gas Price","1990-08-20","2024-10-28","2024 $ per gallon","NSA",2024-10-28,"Weekly","",0.0609999999999999,"GASREGWR"
"1163",2012-11-26,"GASREGWR",3.437,2024-10-29,2024-10-29,4.65103944822956,231.249,"Real US Regular All Formulations Gas Price","1990-08-20","2024-10-28","2024 $ per gallon","NSA",2024-10-28,"Weekly","",0.13,"GASREGWR"
"1164",2012-12-03,"GASREGWR",3.394,2024-10-29,2024-10-29,4.59340688621,231.221,"Real US Regular All Formulations Gas Price","1990-08-20","2024-10-28","2024 $ per gallon","NSA",2024-10-28,"Weekly","",0.104,"GASREGWR"
"1165",2012-12-10,"GASREGWR",3.349,2024-10-29,2024-10-29,4.53250431995207,231.221,"Real US Regular All Formulations Gas Price","1990-08-20","2024-10-28","2024 $ per gallon","NSA",2024-10-28,"Weekly","",0.0630000000000002,"GASREGWR"
"1166",2012-12-17,"GASREGWR",3.254,2024-10-29,2024-10-29,4.40393223562975,231.221,"Real US Regular All Formulations Gas Price","1990-08-20","2024-10-28","2024 $ per gallon","NSA",2024-10-28,"Weekly","",0.0249999999999999,"GASREGWR"
"1167",2012-12-24,"GASREGWR",3.257,2024-10-29,2024-10-29,4.40799240671361,231.221,"Real US Regular All Formulations Gas Price","1990-08-20","2024-10-28","2024 $ per gallon","NSA",2024-10-28,"Weekly","",-0.00099999999999989,"GASREGWR"
"1168",2012-12-31,"GASREGWR",3.298,2024-10-29,2024-10-29,4.4634814115264,231.221,"Real US Regular All Formulations Gas Price","1990-08-20","2024-10-28","2024 $ per gallon","NSA",2024-10-28,"Weekly","",-0.00099999999999989,"GASREGWR"
"1169",2013-01-07,"GASREGWR",3.299,2024-10-29,2024-10-29,4.45600838974302,231.679,"Real US Regular All Formulations Gas Price","1990-08-20","2024-10-28","2024 $ per gallon","NSA",2024-10-28,"Weekly","",-0.0830000000000002,"GASREGWR"
"1170",2013-01-14,"GASREGWR",3.303,2024-10-29,2024-10-29,4.46141124926377,231.679,"Real US Regular All Formulations Gas Price","1990-08-20","2024-10-28","2024 $ per gallon","NSA",2024-10-28,"Weekly","",-0.0880000000000001,"GASREGWR"
"1171",2013-01-21,"GASREGWR",3.315,2024-10-29,2024-10-29,4.47761982782604,231.679,"Real US Regular All Formulations Gas Price","1990-08-20","2024-10-28","2024 $ per gallon","NSA",2024-10-28,"Weekly","",-0.0739999999999998,"GASREGWR"
"1172",2013-01-28,"GASREGWR",3.357,2024-10-29,2024-10-29,4.53434985279397,231.679,"Real US Regular All Formulations Gas Price","1990-08-20","2024-10-28","2024 $ per gallon","NSA",2024-10-28,"Weekly","",-0.0819999999999999,"GASREGWR"
"1173",2013-02-04,"GASREGWR",3.538,2024-10-29,2024-10-29,4.75302069189992,232.937,"Real US Regular All Formulations Gas Price","1990-08-20","2024-10-28","2024 $ per gallon","NSA",2024-10-28,"Weekly","",0.0559999999999996,"GASREGWR"
"1174",2013-02-11,"GASREGWR",3.611,2024-10-29,2024-10-29,4.8510903670013,232.937,"Real US Regular All Formulations Gas Price","1990-08-20","2024-10-28","2024 $ per gallon","NSA",2024-10-28,"Weekly","",0.0880000000000001,"GASREGWR"
"1175",2013-02-18,"GASREGWR",3.747,2024-10-29,2024-10-29,5.03379551513538,232.937,"Real US Regular All Formulations Gas Price","1990-08-20","2024-10-28","2024 $ per gallon","NSA",2024-10-28,"Weekly","",0.156,"GASREGWR"
"1176",2013-02-25,"GASREGWR",3.784,2024-10-29,2024-10-29,5.08350206278951,232.937,"Real US Regular All Formulations Gas Price","1990-08-20","2024-10-28","2024 $ per gallon","NSA",2024-10-28,"Weekly","",0.0629999999999997,"GASREGWR"
"1177",2013-03-04,"GASREGWR",3.759,2024-10-29,2024-10-29,5.06415655617662,232.282,"Real US Regular All Formulations Gas Price","1990-08-20","2024-10-28","2024 $ per gallon","NSA",2024-10-28,"Weekly","",-0.0340000000000003,"GASREGWR"
"1178",2013-03-11,"GASREGWR",3.71,2024-10-29,2024-10-29,4.99814334222274,232.282,"Real US Regular All Formulations Gas Price","1990-08-20","2024-10-28","2024 $ per gallon","NSA",2024-10-28,"Weekly","",-0.119,"GASREGWR"
"1179",2013-03-18,"GASREGWR",3.696,2024-10-29,2024-10-29,4.9792824239502,232.282,"Real US Regular All Formulations Gas Price","1990-08-20","2024-10-28","2024 $ per gallon","NSA",2024-10-28,"Weekly","",-0.171,"GASREGWR"
"1180",2013-03-25,"GASREGWR",3.68,2024-10-29,2024-10-29,4.95772708878158,232.282,"Real US Regular All Formulations Gas Price","1990-08-20","2024-10-28","2024 $ per gallon","NSA",2024-10-28,"Weekly","",-0.238,"GASREGWR"
"1181",2013-04-01,"GASREGWR",3.645,2024-10-29,2024-10-29,4.92084942467292,231.797,"Real US Regular All Formulations Gas Price","1990-08-20","2024-10-28","2024 $ per gallon","NSA",2024-10-28,"Weekly","",-0.296,"GASREGWR"
"1182",2013-04-08,"GASREGWR",3.608,2024-10-29,2024-10-29,4.87089841542384,231.797,"Real US Regular All Formulations Gas Price","1990-08-20","2024-10-28","2024 $ per gallon","NSA",2024-10-28,"Weekly","",-0.331,"GASREGWR"
"1183",2013-04-15,"GASREGWR",3.542,2024-10-29,2024-10-29,4.7817966151417,231.797,"Real US Regular All Formulations Gas Price","1990-08-20","2024-10-28","2024 $ per gallon","NSA",2024-10-28,"Weekly","",-0.38,"GASREGWR"
"1184",2013-04-22,"GASREGWR",3.536,2024-10-29,2024-10-29,4.77369645147968,231.797,"Real US Regular All Formulations Gas Price","1990-08-20","2024-10-28","2024 $ per gallon","NSA",2024-10-28,"Weekly","",-0.334,"GASREGWR"
"1185",2013-04-29,"GASREGWR",3.52,2024-10-29,2024-10-29,4.75209601504765,231.797,"Real US Regular All Formulations Gas Price","1990-08-20","2024-10-28","2024 $ per gallon","NSA",2024-10-28,"Weekly","",-0.31,"GASREGWR"
"1186",2013-05-06,"GASREGWR",3.538,2024-10-29,2024-10-29,4.77441915413182,231.893,"Real US Regular All Formulations Gas Price","1990-08-20","2024-10-28","2024 $ per gallon","NSA",2024-10-28,"Weekly","",-0.252,"GASREGWR"
"1187",2013-05-13,"GASREGWR",3.603,2024-10-29,2024-10-29,4.86213459930383,231.893,"Real US Regular All Formulations Gas Price","1990-08-20","2024-10-28","2024 $ per gallon","NSA",2024-10-28,"Weekly","",-0.151,"GASREGWR"
"1188",2013-05-20,"GASREGWR",3.673,2024-10-29,2024-10-29,4.95659738641215,231.893,"Real US Regular All Formulations Gas Price","1990-08-20","2024-10-28","2024 $ per gallon","NSA",2024-10-28,"Weekly","",-0.0419999999999998,"GASREGWR"
"1189",2013-05-27,"GASREGWR",3.645,2024-10-29,2024-10-29,4.91881227156882,231.893,"Real US Regular All Formulations Gas Price","1990-08-20","2024-10-28","2024 $ per gallon","NSA",2024-10-28,"Weekly","",-0.0249999999999999,"GASREGWR"
"1190",2013-06-03,"GASREGWR",3.646,2024-10-29,2024-10-29,4.90847755969643,232.445,"Real US Regular All Formulations Gas Price","1990-08-20","2024-10-28","2024 $ per gallon","NSA",2024-10-28,"Weekly","",0.0329999999999999,"GASREGWR"
"1191",2013-06-10,"GASREGWR",3.655,2024-10-29,2024-10-29,4.92059393326672,232.445,"Real US Regular All Formulations Gas Price","1990-08-20","2024-10-28","2024 $ per gallon","NSA",2024-10-28,"Weekly","",0.0829999999999997,"GASREGWR"
"1192",2013-06-17,"GASREGWR",3.626,2024-10-29,2024-10-29,4.88155228509579,232.445,"Real US Regular All Formulations Gas Price","1990-08-20","2024-10-28","2024 $ per gallon","NSA",2024-10-28,"Weekly","",0.093,"GASREGWR"
"1193",2013-06-24,"GASREGWR",3.577,2024-10-29,2024-10-29,4.81558536232423,232.445,"Real US Regular All Formulations Gas Price","1990-08-20","2024-10-28","2024 $ per gallon","NSA",2024-10-28,"Weekly","",0.14,"GASREGWR"
"1194",2013-07-01,"GASREGWR",3.496,2024-10-29,2024-10-29,4.69734317498731,232.9,"Real US Regular All Formulations Gas Price","1990-08-20","2024-10-28","2024 $ per gallon","NSA",2024-10-28,"Weekly","",0.14,"GASREGWR"
"1195",2013-07-08,"GASREGWR",3.492,2024-10-29,2024-10-29,4.69196864046216,232.9,"Real US Regular All Formulations Gas Price","1990-08-20","2024-10-28","2024 $ per gallon","NSA",2024-10-28,"Weekly","",0.081,"GASREGWR"
"1196",2013-07-15,"GASREGWR",3.639,2024-10-29,2024-10-29,4.88948278426168,232.9,"Real US Regular All Formulations Gas Price","1990-08-20","2024-10-28","2024 $ per gallon","NSA",2024-10-28,"Weekly","",0.212,"GASREGWR"
"1197",2013-07-22,"GASREGWR",3.682,2024-10-29,2024-10-29,4.94725903040712,232.9,"Real US Regular All Formulations Gas Price","1990-08-20","2024-10-28","2024 $ per gallon","NSA",2024-10-28,"Weekly","",0.188,"GASREGWR"
"1198",2013-07-29,"GASREGWR",3.646,2024-10-29,2024-10-29,4.89888821968071,232.9,"Real US Regular All Formulations Gas Price","1990-08-20","2024-10-28","2024 $ per gallon","NSA",2024-10-28,"Weekly","",0.138,"GASREGWR"
"1199",2013-08-05,"GASREGWR",3.632,2024-10-29,2024-10-29,4.86845493174497,233.456,"Real US Regular All Formulations Gas Price","1990-08-20","2024-10-28","2024 $ per gallon","NSA",2024-10-28,"Weekly","",-0.0129999999999999,"GASREGWR"
"1200",2013-08-12,"GASREGWR",3.561,2024-10-29,2024-10-29,4.77328414425767,233.456,"Real US Regular All Formulations Gas Price","1990-08-20","2024-10-28","2024 $ per gallon","NSA",2024-10-28,"Weekly","",-0.16,"GASREGWR"
"1201",2013-08-19,"GASREGWR",3.55,2024-10-29,2024-10-29,4.75853937436527,233.456,"Real US Regular All Formulations Gas Price","1990-08-20","2024-10-28","2024 $ per gallon","NSA",2024-10-28,"Weekly","",-0.194,"GASREGWR"
"1202",2013-08-26,"GASREGWR",3.552,2024-10-29,2024-10-29,4.76122024161843,233.456,"Real US Regular All Formulations Gas Price","1990-08-20","2024-10-28","2024 $ per gallon","NSA",2024-10-28,"Weekly","",-0.224,"GASREGWR"
"1203",2013-09-02,"GASREGWR",3.608,2024-10-29,2024-10-29,4.83446219984243,233.544,"Real US Regular All Formulations Gas Price","1990-08-20","2024-10-28","2024 $ per gallon","NSA",2024-10-28,"Weekly","",-0.235,"GASREGWR"
"1204",2013-09-09,"GASREGWR",3.587,2024-10-29,2024-10-29,4.80632370034224,233.544,"Real US Regular All Formulations Gas Price","1990-08-20","2024-10-28","2024 $ per gallon","NSA",2024-10-28,"Weekly","",-0.26,"GASREGWR"
"1205",2013-09-16,"GASREGWR",3.547,2024-10-29,2024-10-29,4.75272655843711,233.544,"Real US Regular All Formulations Gas Price","1990-08-20","2024-10-28","2024 $ per gallon","NSA",2024-10-28,"Weekly","",-0.331,"GASREGWR"
"1206",2013-09-23,"GASREGWR",3.495,2024-10-29,2024-10-29,4.68305027396045,233.544,"Real US Regular All Formulations Gas Price","1990-08-20","2024-10-28","2024 $ per gallon","NSA",2024-10-28,"Weekly","",-0.331,"GASREGWR"
"1207",2013-09-30,"GASREGWR",3.425,2024-10-29,2024-10-29,4.58925527562647,233.544,"Real US Regular All Formulations Gas Price","1990-08-20","2024-10-28","2024 $ per gallon","NSA",2024-10-28,"Weekly","",-0.379,"GASREGWR"
"1208",2013-10-07,"GASREGWR",3.367,2024-10-29,2024-10-29,4.5091259956294,233.669,"Real US Regular All Formulations Gas Price","1990-08-20","2024-10-28","2024 $ per gallon","NSA",2024-10-28,"Weekly","",-0.483,"GASREGWR"
"1209",2013-10-14,"GASREGWR",3.354,2024-10-29,2024-10-29,4.49171624275053,233.669,"Real US Regular All Formulations Gas Price","1990-08-20","2024-10-28","2024 $ per gallon","NSA",2024-10-28,"Weekly","",-0.465,"GASREGWR"
"1210",2013-10-21,"GASREGWR",3.36,2024-10-29,2024-10-29,4.49975151331001,233.669,"Real US Regular All Formulations Gas Price","1990-08-20","2024-10-28","2024 $ per gallon","NSA",2024-10-28,"Weekly","",-0.327,"GASREGWR"
"1211",2013-10-28,"GASREGWR",3.294,2024-10-29,2024-10-29,4.4113635371557,233.669,"Real US Regular All Formulations Gas Price","1990-08-20","2024-10-28","2024 $ per gallon","NSA",2024-10-28,"Weekly","",-0.274,"GASREGWR"
"1212",2013-11-04,"GASREGWR",3.265,2024-10-29,2024-10-29,4.36447616597414,234.1,"Real US Regular All Formulations Gas Price","1990-08-20","2024-10-28","2024 $ per gallon","NSA",2024-10-28,"Weekly","",-0.227,"GASREGWR"
"1213",2013-11-11,"GASREGWR",3.194,2024-10-29,2024-10-29,4.2695671896237,234.1,"Real US Regular All Formulations Gas Price","1990-08-20","2024-10-28","2024 $ per gallon","NSA",2024-10-28,"Weekly","",-0.255,"GASREGWR"
"1214",2013-11-18,"GASREGWR",3.219,2024-10-29,2024-10-29,4.30298584326822,234.1,"Real US Regular All Formulations Gas Price","1990-08-20","2024-10-28","2024 $ per gallon","NSA",2024-10-28,"Weekly","",-0.21,"GASREGWR"
"1215",2013-11-25,"GASREGWR",3.293,2024-10-29,2024-10-29,4.401905058056,234.1,"Real US Regular All Formulations Gas Price","1990-08-20","2024-10-28","2024 $ per gallon","NSA",2024-10-28,"Weekly","",-0.144,"GASREGWR"
"1216",2013-12-02,"GASREGWR",3.272,2024-10-29,2024-10-29,4.36229873322414,234.719,"Real US Regular All Formulations Gas Price","1990-08-20","2024-10-28","2024 $ per gallon","NSA",2024-10-28,"Weekly","",-0.122,"GASREGWR"
"1217",2013-12-09,"GASREGWR",3.269,2024-10-29,2024-10-29,4.35829907057143,234.719,"Real US Regular All Formulations Gas Price","1990-08-20","2024-10-28","2024 $ per gallon","NSA",2024-10-28,"Weekly","",-0.0800000000000001,"GASREGWR"
"1218",2013-12-16,"GASREGWR",3.239,2024-10-29,2024-10-29,4.31830244404431,234.719,"Real US Regular All Formulations Gas Price","1990-08-20","2024-10-28","2024 $ per gallon","NSA",2024-10-28,"Weekly","",-0.0150000000000001,"GASREGWR"
"1219",2013-12-23,"GASREGWR",3.271,2024-10-29,2024-10-29,4.3609655123399,234.719,"Real US Regular All Formulations Gas Price","1990-08-20","2024-10-28","2024 $ per gallon","NSA",2024-10-28,"Weekly","",0.0139999999999998,"GASREGWR"
"1220",2013-12-30,"GASREGWR",3.331,2024-10-29,2024-10-29,4.44095876539413,234.719,"Real US Regular All Formulations Gas Price","1990-08-20","2024-10-28","2024 $ per gallon","NSA",2024-10-28,"Weekly","",0.0329999999999999,"GASREGWR"
"1221",2014-01-06,"GASREGWR",3.332,2024-10-29,2024-10-29,4.4315491343684,235.288,"Real US Regular All Formulations Gas Price","1990-08-20","2024-10-28","2024 $ per gallon","NSA",2024-10-28,"Weekly","",0.0329999999999999,"GASREGWR"
"1222",2014-01-13,"GASREGWR",3.327,2024-10-29,2024-10-29,4.42489915067337,235.288,"Real US Regular All Formulations Gas Price","1990-08-20","2024-10-28","2024 $ per gallon","NSA",2024-10-28,"Weekly","",0.024,"GASREGWR"
"1223",2014-01-20,"GASREGWR",3.296,2024-10-29,2024-10-29,4.38366925176418,235.288,"Real US Regular All Formulations Gas Price","1990-08-20","2024-10-28","2024 $ per gallon","NSA",2024-10-28,"Weekly","",-0.0190000000000001,"GASREGWR"
"1224",2014-01-27,"GASREGWR",3.295,2024-10-29,2024-10-29,4.38233925502518,235.288,"Real US Regular All Formulations Gas Price","1990-08-20","2024-10-28","2024 $ per gallon","NSA",2024-10-28,"Weekly","",-0.0620000000000003,"GASREGWR"
"1225",2014-02-03,"GASREGWR",3.292,2024-10-29,2024-10-29,4.37353497101717,235.547,"Real US Regular All Formulations Gas Price","1990-08-20","2024-10-28","2024 $ per gallon","NSA",2024-10-28,"Weekly","",-0.246,"GASREGWR"
"1226",2014-02-10,"GASREGWR",3.309,2024-10-29,2024-10-29,4.39612005440335,235.547,"Real US Regular All Formulations Gas Price","1990-08-20","2024-10-28","2024 $ per gallon","NSA",2024-10-28,"Weekly","",-0.302,"GASREGWR"
"1227",2014-02-17,"GASREGWR",3.38,2024-10-29,2024-10-29,4.49044599089855,235.547,"Real US Regular All Formulations Gas Price","1990-08-20","2024-10-28","2024 $ per gallon","NSA",2024-10-28,"Weekly","",-0.367,"GASREGWR"
"1228",2014-02-24,"GASREGWR",3.444,2024-10-29,2024-10-29,4.57547218717592,235.547,"Real US Regular All Formulations Gas Price","1990-08-20","2024-10-28","2024 $ per gallon","NSA",2024-10-28,"Weekly","",-0.34,"GASREGWR"
"1229",2014-03-03,"GASREGWR",3.479,2024-10-29,2024-10-29,4.61255180240557,236.028,"Real US Regular All Formulations Gas Price","1990-08-20","2024-10-28","2024 $ per gallon","NSA",2024-10-28,"Weekly","",-0.28,"GASREGWR"
"1230",2014-03-10,"GASREGWR",3.512,2024-10-29,2024-10-29,4.65630409026972,236.028,"Real US Regular All Formulations Gas Price","1990-08-20","2024-10-28","2024 $ per gallon","NSA",2024-10-28,"Weekly","",-0.198,"GASREGWR"
"1231",2014-03-17,"GASREGWR",3.547,2024-10-29,2024-10-29,4.70270803194382,236.028,"Real US Regular All Formulations Gas Price","1990-08-20","2024-10-28","2024 $ per gallon","NSA",2024-10-28,"Weekly","",-0.149,"GASREGWR"
"1232",2014-03-24,"GASREGWR",3.549,2024-10-29,2024-10-29,4.70535968575377,236.028,"Real US Regular All Formulations Gas Price","1990-08-20","2024-10-28","2024 $ per gallon","NSA",2024-10-28,"Weekly","",-0.131,"GASREGWR"
"1233",2014-03-31,"GASREGWR",3.579,2024-10-29,2024-10-29,4.745134492903,236.028,"Real US Regular All Formulations Gas Price","1990-08-20","2024-10-28","2024 $ per gallon","NSA",2024-10-28,"Weekly","",-0.0659999999999998,"GASREGWR"
"1234",2014-04-07,"GASREGWR",3.596,2024-10-29,2024-10-29,4.75880225961768,236.468,"Real US Regular All Formulations Gas Price","1990-08-20","2024-10-28","2024 $ per gallon","NSA",2024-10-28,"Weekly","",-0.012,"GASREGWR"
"1235",2014-04-14,"GASREGWR",3.651,2024-10-29,2024-10-29,4.8315870550234,236.468,"Real US Regular All Formulations Gas Price","1990-08-20","2024-10-28","2024 $ per gallon","NSA",2024-10-28,"Weekly","",0.109,"GASREGWR"
"1236",2014-04-21,"GASREGWR",3.683,2024-10-29,2024-10-29,4.87393457235036,236.468,"Real US Regular All Formulations Gas Price","1990-08-20","2024-10-28","2024 $ per gallon","NSA",2024-10-28,"Weekly","",0.147,"GASREGWR"
"1237",2014-04-28,"GASREGWR",3.713,2024-10-29,2024-10-29,4.91363536984439,236.468,"Real US Regular All Formulations Gas Price","1990-08-20","2024-10-28","2024 $ per gallon","NSA",2024-10-28,"Weekly","",0.193,"GASREGWR"
"1238",2014-05-05,"GASREGWR",3.684,2024-10-29,2024-10-29,4.86599790951837,236.918,"Real US Regular All Formulations Gas Price","1990-08-20","2024-10-28","2024 $ per gallon","NSA",2024-10-28,"Weekly","",0.146,"GASREGWR"
"1239",2014-05-12,"GASREGWR",3.668,2024-10-29,2024-10-29,4.84486436810895,236.918,"Real US Regular All Formulations Gas Price","1990-08-20","2024-10-28","2024 $ per gallon","NSA",2024-10-28,"Weekly","",0.0649999999999999,"GASREGWR"
"1240",2014-05-19,"GASREGWR",3.665,2024-10-29,2024-10-29,4.84090182909469,236.918,"Real US Regular All Formulations Gas Price","1990-08-20","2024-10-28","2024 $ per gallon","NSA",2024-10-28,"Weekly","",-0.00800000000000001,"GASREGWR"
"1241",2014-05-26,"GASREGWR",3.674,2024-10-29,2024-10-29,4.85278944613748,236.918,"Real US Regular All Formulations Gas Price","1990-08-20","2024-10-28","2024 $ per gallon","NSA",2024-10-28,"Weekly","",0.0289999999999999,"GASREGWR"
"1242",2014-06-02,"GASREGWR",3.69,2024-10-29,2024-10-29,4.86749238659212,237.231,"Real US Regular All Formulations Gas Price","1990-08-20","2024-10-28","2024 $ per gallon","NSA",2024-10-28,"Weekly","",0.044,"GASREGWR"
"1243",2014-06-09,"GASREGWR",3.674,2024-10-29,2024-10-29,4.84638672854728,237.231,"Real US Regular All Formulations Gas Price","1990-08-20","2024-10-28","2024 $ per gallon","NSA",2024-10-28,"Weekly","",0.0190000000000001,"GASREGWR"
"1244",2014-06-16,"GASREGWR",3.686,2024-10-29,2024-10-29,4.86221597208091,237.231,"Real US Regular All Formulations Gas Price","1990-08-20","2024-10-28","2024 $ per gallon","NSA",2024-10-28,"Weekly","",0.0600000000000001,"GASREGWR"
"1245",2014-06-23,"GASREGWR",3.704,2024-10-29,2024-10-29,4.88595983738136,237.231,"Real US Regular All Formulations Gas Price","1990-08-20","2024-10-28","2024 $ per gallon","NSA",2024-10-28,"Weekly","",0.127,"GASREGWR"
"1246",2014-06-30,"GASREGWR",3.704,2024-10-29,2024-10-29,4.88595983738136,237.231,"Real US Regular All Formulations Gas Price","1990-08-20","2024-10-28","2024 $ per gallon","NSA",2024-10-28,"Weekly","",0.208,"GASREGWR"
"1247",2014-07-07,"GASREGWR",3.678,2024-10-29,2024-10-29,4.84620880635167,237.498,"Real US Regular All Formulations Gas Price","1990-08-20","2024-10-28","2024 $ per gallon","NSA",2024-10-28,"Weekly","",0.186,"GASREGWR"
"1248",2014-07-14,"GASREGWR",3.635,2024-10-29,2024-10-29,4.78955111775104,237.498,"Real US Regular All Formulations Gas Price","1990-08-20","2024-10-28","2024 $ per gallon","NSA",2024-10-28,"Weekly","",-0.004,"GASREGWR"
"1249",2014-07-21,"GASREGWR",3.593,2024-10-29,2024-10-29,4.73421104981554,237.498,"Real US Regular All Formulations Gas Price","1990-08-20","2024-10-28","2024 $ per gallon","NSA",2024-10-28,"Weekly","",-0.089,"GASREGWR"
"1250",2014-07-28,"GASREGWR",3.539,2024-10-29,2024-10-29,4.66305953389847,237.498,"Real US Regular All Formulations Gas Price","1990-08-20","2024-10-28","2024 $ per gallon","NSA",2024-10-28,"Weekly","",-0.107,"GASREGWR"
"1251",2014-08-04,"GASREGWR",3.515,2024-10-29,2024-10-29,4.63217779262345,237.46,"Real US Regular All Formulations Gas Price","1990-08-20","2024-10-28","2024 $ per gallon","NSA",2024-10-28,"Weekly","",-0.117,"GASREGWR"
"1252",2014-08-11,"GASREGWR",3.505,2024-10-29,2024-10-29,4.61899947742395,237.46,"Real US Regular All Formulations Gas Price","1990-08-20","2024-10-28","2024 $ per gallon","NSA",2024-10-28,"Weekly","",-0.056,"GASREGWR"
"1253",2014-08-18,"GASREGWR",3.472,2024-10-29,2024-10-29,4.57551103726561,237.46,"Real US Regular All Formulations Gas Price","1990-08-20","2024-10-28","2024 $ per gallon","NSA",2024-10-28,"Weekly","",-0.0779999999999998,"GASREGWR"
"1254",2014-08-25,"GASREGWR",3.454,2024-10-29,2024-10-29,4.55179006990651,237.46,"Real US Regular All Formulations Gas Price","1990-08-20","2024-10-28","2024 $ per gallon","NSA",2024-10-28,"Weekly","",-0.0979999999999999,"GASREGWR"
"1255",2014-09-01,"GASREGWR",3.459,2024-10-29,2024-10-29,4.55805291191836,237.477,"Real US Regular All Formulations Gas Price","1990-08-20","2024-10-28","2024 $ per gallon","NSA",2024-10-28,"Weekly","",-0.149,"GASREGWR"
"1256",2014-09-08,"GASREGWR",3.457,2024-10-29,2024-10-29,4.55541743755472,237.477,"Real US Regular All Formulations Gas Price","1990-08-20","2024-10-28","2024 $ per gallon","NSA",2024-10-28,"Weekly","",-0.13,"GASREGWR"
"1257",2014-09-15,"GASREGWR",3.408,2024-10-29,2024-10-29,4.4908483156455,237.477,"Real US Regular All Formulations Gas Price","1990-08-20","2024-10-28","2024 $ per gallon","NSA",2024-10-28,"Weekly","",-0.139,"GASREGWR"
"1258",2014-09-22,"GASREGWR",3.353,2024-10-29,2024-10-29,4.41837277064535,237.477,"Real US Regular All Formulations Gas Price","1990-08-20","2024-10-28","2024 $ per gallon","NSA",2024-10-28,"Weekly","",-0.142,"GASREGWR"
"1259",2014-09-29,"GASREGWR",3.354,2024-10-29,2024-10-29,4.41969050782717,237.477,"Real US Regular All Formulations Gas Price","1990-08-20","2024-10-28","2024 $ per gallon","NSA",2024-10-28,"Weekly","",-0.0709999999999997,"GASREGWR"
"1260",2014-10-06,"GASREGWR",3.299,2024-10-29,2024-10-29,4.34807550742228,237.43,"Real US Regular All Formulations Gas Price","1990-08-20","2024-10-28","2024 $ per gallon","NSA",2024-10-28,"Weekly","",-0.0680000000000001,"GASREGWR"
"1261",2014-10-13,"GASREGWR",3.207,2024-10-29,2024-10-29,4.22681968848235,237.43,"Real US Regular All Formulations Gas Price","1990-08-20","2024-10-28","2024 $ per gallon","NSA",2024-10-28,"Weekly","",-0.147,"GASREGWR"
"1262",2014-10-20,"GASREGWR",3.12,2024-10-29,2024-10-29,4.11215385970219,237.43,"Real US Regular All Formulations Gas Price","1990-08-20","2024-10-28","2024 $ per gallon","NSA",2024-10-28,"Weekly","",-0.24,"GASREGWR"
"1263",2014-10-27,"GASREGWR",3.056,2024-10-29,2024-10-29,4.02780198565702,237.43,"Real US Regular All Formulations Gas Price","1990-08-20","2024-10-28","2024 $ per gallon","NSA",2024-10-28,"Weekly","",-0.238,"GASREGWR"
"1264",2014-11-03,"GASREGWR",2.993,2024-10-29,2024-10-29,3.95220877561988,236.983,"Real US Regular All Formulations Gas Price","1990-08-20","2024-10-28","2024 $ per gallon","NSA",2024-10-28,"Weekly","",-0.272,"GASREGWR"
"1265",2014-11-10,"GASREGWR",2.941,2024-10-29,2024-10-29,3.88354360477717,236.983,"Real US Regular All Formulations Gas Price","1990-08-20","2024-10-28","2024 $ per gallon","NSA",2024-10-28,"Weekly","",-0.253,"GASREGWR"
"1266",2014-11-17,"GASREGWR",2.894,2024-10-29,2024-10-29,3.8214808542078,236.983,"Real US Regular All Formulations Gas Price","1990-08-20","2024-10-28","2024 $ per gallon","NSA",2024-10-28,"Weekly","",-0.325,"GASREGWR"
"1267",2014-11-24,"GASREGWR",2.821,2024-10-29,2024-10-29,3.72508551821707,236.983,"Real US Regular All Formulations Gas Price","1990-08-20","2024-10-28","2024 $ per gallon","NSA",2024-10-28,"Weekly","",-0.472,"GASREGWR"
"1268",2014-12-01,"GASREGWR",2.778,2024-10-29,2024-10-29,3.67965500243961,236.252,"Real US Regular All Formulations Gas Price","1990-08-20","2024-10-28","2024 $ per gallon","NSA",2024-10-28,"Weekly","",-0.494,"GASREGWR"
"1269",2014-12-08,"GASREGWR",2.679,2024-10-29,2024-10-29,3.54852258874576,236.252,"Real US Regular All Formulations Gas Price","1990-08-20","2024-10-28","2024 $ per gallon","NSA",2024-10-28,"Weekly","",-0.59,"GASREGWR"
"1270",2014-12-15,"GASREGWR",2.554,2024-10-29,2024-10-29,3.38295135933433,236.252,"Real US Regular All Formulations Gas Price","1990-08-20","2024-10-28","2024 $ per gallon","NSA",2024-10-28,"Weekly","",-0.685,"GASREGWR"
"1271",2014-12-22,"GASREGWR",2.403,2024-10-29,2024-10-29,3.18294131420532,236.252,"Real US Regular All Formulations Gas Price","1990-08-20","2024-10-28","2024 $ per gallon","NSA",2024-10-28,"Weekly","",-0.868,"GASREGWR"
"1272",2014-12-29,"GASREGWR",2.299,2024-10-29,2024-10-29,3.04518605133502,236.252,"Real US Regular All Formulations Gas Price","1990-08-20","2024-10-28","2024 $ per gallon","NSA",2024-10-28,"Weekly","",-1.032,"GASREGWR"
"1273",2015-01-05,"GASREGWR",2.214,2024-10-29,2024-10-29,2.95139896066055,234.747,"Real US Regular All Formulations Gas Price","1990-08-20","2024-10-28","2024 $ per gallon","NSA",2024-10-28,"Weekly","",-1.118,"GASREGWR"
"1274",2015-01-12,"GASREGWR",2.139,2024-10-29,2024-10-29,2.85141932107178,234.747,"Real US Regular All Formulations Gas Price","1990-08-20","2024-10-28","2024 $ per gallon","NSA",2024-10-28,"Weekly","",-1.188,"GASREGWR"
"1275",2015-01-19,"GASREGWR",2.066,2024-10-29,2024-10-29,2.75410580520537,234.747,"Real US Regular All Formulations Gas Price","1990-08-20","2024-10-28","2024 $ per gallon","NSA",2024-10-28,"Weekly","",-1.23,"GASREGWR"
"1276",2015-01-26,"GASREGWR",2.044,2024-10-29,2024-10-29,2.72477844425933,234.747,"Real US Regular All Formulations Gas Price","1990-08-20","2024-10-28","2024 $ per gallon","NSA",2024-10-28,"Weekly","",-1.251,"GASREGWR"
"1277",2015-02-02,"GASREGWR",2.068,2024-10-29,2024-10-29,2.74980216026039,235.342,"Real US Regular All Formulations Gas Price","1990-08-20","2024-10-28","2024 $ per gallon","NSA",2024-10-28,"Weekly","",-1.224,"GASREGWR"
"1278",2015-02-09,"GASREGWR",2.191,2024-10-29,2024-10-29,2.9133542229838,235.342,"Real US Regular All Formulations Gas Price","1990-08-20","2024-10-28","2024 $ per gallon","NSA",2024-10-28,"Weekly","",-1.118,"GASREGWR"
"1279",2015-02-16,"GASREGWR",2.274,2024-10-29,2024-10-29,3.02371862303294,235.342,"Real US Regular All Formulations Gas Price","1990-08-20","2024-10-28","2024 $ per gallon","NSA",2024-10-28,"Weekly","",-1.106,"GASREGWR"
"1280",2015-02-23,"GASREGWR",2.332,2024-10-29,2024-10-29,3.10084073391065,235.342,"Real US Regular All Formulations Gas Price","1990-08-20","2024-10-28","2024 $ per gallon","NSA",2024-10-28,"Weekly","",-1.112,"GASREGWR"
"1281",2015-03-02,"GASREGWR",2.473,2024-10-29,2024-10-29,3.27949245031082,235.976,"Real US Regular All Formulations Gas Price","1990-08-20","2024-10-28","2024 $ per gallon","NSA",2024-10-28,"Weekly","",-1.006,"GASREGWR"
"1282",2015-03-09,"GASREGWR",2.487,2024-10-29,2024-10-29,3.29805811723534,235.976,"Real US Regular All Formulations Gas Price","1990-08-20","2024-10-28","2024 $ per gallon","NSA",2024-10-28,"Weekly","",-1.025,"GASREGWR"
"1283",2015-03-16,"GASREGWR",2.453,2024-10-29,2024-10-29,3.25297006899007,235.976,"Real US Regular All Formulations Gas Price","1990-08-20","2024-10-28","2024 $ per gallon","NSA",2024-10-28,"Weekly","",-1.094,"GASREGWR"
"1284",2015-03-23,"GASREGWR",2.457,2024-10-29,2024-10-29,3.25827454525422,235.976,"Real US Regular All Formulations Gas Price","1990-08-20","2024-10-28","2024 $ per gallon","NSA",2024-10-28,"Weekly","",-1.092,"GASREGWR"
"1285",2015-03-30,"GASREGWR",2.448,2024-10-29,2024-10-29,3.24633947365988,235.976,"Real US Regular All Formulations Gas Price","1990-08-20","2024-10-28","2024 $ per gallon","NSA",2024-10-28,"Weekly","",-1.131,"GASREGWR"
"1286",2015-04-06,"GASREGWR",2.413,2024-10-29,2024-10-29,3.19659292568393,236.222,"Real US Regular All Formulations Gas Price","1990-08-20","2024-10-28","2024 $ per gallon","NSA",2024-10-28,"Weekly","",-1.183,"GASREGWR"
"1287",2015-04-13,"GASREGWR",2.408,2024-10-29,2024-10-29,3.18996923541106,236.222,"Real US Regular All Formulations Gas Price","1990-08-20","2024-10-28","2024 $ per gallon","NSA",2024-10-28,"Weekly","",-1.243,"GASREGWR"
"1288",2015-04-20,"GASREGWR",2.485,2024-10-29,2024-10-29,3.29197406561316,236.222,"Real US Regular All Formulations Gas Price","1990-08-20","2024-10-28","2024 $ per gallon","NSA",2024-10-28,"Weekly","",-1.198,"GASREGWR"
"1289",2015-04-27,"GASREGWR",2.57,2024-10-29,2024-10-29,3.40457680025184,236.222,"Real US Regular All Formulations Gas Price","1990-08-20","2024-10-28","2024 $ per gallon","NSA",2024-10-28,"Weekly","",-1.143,"GASREGWR"
"1290",2015-05-04,"GASREGWR",2.664,2024-10-29,2024-10-29,3.51750235039284,237.001,"Real US Regular All Formulations Gas Price","1990-08-20","2024-10-28","2024 $ per gallon","NSA",2024-10-28,"Weekly","",-1.02,"GASREGWR"
"1291",2015-05-11,"GASREGWR",2.691,2024-10-29,2024-10-29,3.55315271205223,237.001,"Real US Regular All Formulations Gas Price","1990-08-20","2024-10-28","2024 $ per gallon","NSA",2024-10-28,"Weekly","",-0.977,"GASREGWR"
"1292",2015-05-18,"GASREGWR",2.744,2024-10-29,2024-10-29,3.62313305160584,237.001,"Real US Regular All Formulations Gas Price","1990-08-20","2024-10-28","2024 $ per gallon","NSA",2024-10-28,"Weekly","",-0.921,"GASREGWR"
"1293",2015-05-25,"GASREGWR",2.774,2024-10-29,2024-10-29,3.66274456456072,237.001,"Real US Regular All Formulations Gas Price","1990-08-20","2024-10-28","2024 $ per gallon","NSA",2024-10-28,"Weekly","",-0.9,"GASREGWR"
"1294",2015-06-01,"GASREGWR",2.78,2024-10-29,2024-10-29,3.66053479671046,237.657,"Real US Regular All Formulations Gas Price","1990-08-20","2024-10-28","2024 $ per gallon","NSA",2024-10-28,"Weekly","",-0.91,"GASREGWR"
"1295",2015-06-08,"GASREGWR",2.78,2024-10-29,2024-10-29,3.66053479671046,237.657,"Real US Regular All Formulations Gas Price","1990-08-20","2024-10-28","2024 $ per gallon","NSA",2024-10-28,"Weekly","",-0.894,"GASREGWR"
"1296",2015-06-15,"GASREGWR",2.835,2024-10-29,2024-10-29,3.73295544916337,237.657,"Real US Regular All Formulations Gas Price","1990-08-20","2024-10-28","2024 $ per gallon","NSA",2024-10-28,"Weekly","",-0.851,"GASREGWR"
"1297",2015-06-22,"GASREGWR",2.812,2024-10-29,2024-10-29,3.7026704490467,237.657,"Real US Regular All Formulations Gas Price","1990-08-20","2024-10-28","2024 $ per gallon","NSA",2024-10-28,"Weekly","",-0.892,"GASREGWR"
"1298",2015-06-29,"GASREGWR",2.801,2024-10-29,2024-10-29,3.68818631855612,237.657,"Real US Regular All Formulations Gas Price","1990-08-20","2024-10-28","2024 $ per gallon","NSA",2024-10-28,"Weekly","",-0.903,"GASREGWR"
"1299",2015-07-06,"GASREGWR",2.793,2024-10-29,2024-10-29,3.67182771254221,238.034,"Real US Regular All Formulations Gas Price","1990-08-20","2024-10-28","2024 $ per gallon","NSA",2024-10-28,"Weekly","",-0.885,"GASREGWR"
"1300",2015-07-13,"GASREGWR",2.834,2024-10-29,2024-10-29,3.72572851319178,238.034,"Real US Regular All Formulations Gas Price","1990-08-20","2024-10-28","2024 $ per gallon","NSA",2024-10-28,"Weekly","",-0.801,"GASREGWR"
"1301",2015-07-20,"GASREGWR",2.802,2024-10-29,2024-10-29,3.68365959561163,238.034,"Real US Regular All Formulations Gas Price","1990-08-20","2024-10-28","2024 $ per gallon","NSA",2024-10-28,"Weekly","",-0.791,"GASREGWR"
"1302",2015-07-27,"GASREGWR",2.745,2024-10-29,2024-10-29,3.60872433617199,238.034,"Real US Regular All Formulations Gas Price","1990-08-20","2024-10-28","2024 $ per gallon","NSA",2024-10-28,"Weekly","",-0.794,"GASREGWR"
"1303",2015-08-03,"GASREGWR",2.689,2024-10-29,2024-10-29,3.53511858172454,238.033,"Real US Regular All Formulations Gas Price","1990-08-20","2024-10-28","2024 $ per gallon","NSA",2024-10-28,"Weekly","",-0.826,"GASREGWR"
"1304",2015-08-10,"GASREGWR",2.629,2024-10-29,2024-10-29,3.45623902988241,238.033,"Real US Regular All Formulations Gas Price","1990-08-20","2024-10-28","2024 $ per gallon","NSA",2024-10-28,"Weekly","",-0.876,"GASREGWR"
"1305",2015-08-17,"GASREGWR",2.716,2024-10-29,2024-10-29,3.57061438005349,238.033,"Real US Regular All Formulations Gas Price","1990-08-20","2024-10-28","2024 $ per gallon","NSA",2024-10-28,"Weekly","",-0.756,"GASREGWR"
"1306",2015-08-24,"GASREGWR",2.637,2024-10-29,2024-10-29,3.46675630346136,238.033,"Real US Regular All Formulations Gas Price","1990-08-20","2024-10-28","2024 $ per gallon","NSA",2024-10-28,"Weekly","",-0.817,"GASREGWR"
"1307",2015-08-31,"GASREGWR",2.51,2024-10-29,2024-10-29,3.29979458539553,238.033,"Real US Regular All Formulations Gas Price","1990-08-20","2024-10-28","2024 $ per gallon","NSA",2024-10-28,"Weekly","",-0.949,"GASREGWR"
"1308",2015-09-07,"GASREGWR",2.437,2024-10-29,2024-10-29,3.21104156092415,237.498,"Real US Regular All Formulations Gas Price","1990-08-20","2024-10-28","2024 $ per gallon","NSA",2024-10-28,"Weekly","",-1.02,"GASREGWR"
"1309",2015-09-14,"GASREGWR",2.375,2024-10-29,2024-10-29,3.12934907968603,237.498,"Real US Regular All Formulations Gas Price","1990-08-20","2024-10-28","2024 $ per gallon","NSA",2024-10-28,"Weekly","",-1.033,"GASREGWR"
"1310",2015-09-21,"GASREGWR",2.327,2024-10-29,2024-10-29,3.06610328775974,237.498,"Real US Regular All Formulations Gas Price","1990-08-20","2024-10-28","2024 $ per gallon","NSA",2024-10-28,"Weekly","",-1.026,"GASREGWR"
"1311",2015-09-28,"GASREGWR",2.322,2024-10-29,2024-10-29,3.05951518443409,237.498,"Real US Regular All Formulations Gas Price","1990-08-20","2024-10-28","2024 $ per gallon","NSA",2024-10-28,"Weekly","",-1.032,"GASREGWR"
"1312",2015-10-05,"GASREGWR",2.318,2024-10-29,2024-10-29,3.05122556894423,237.733,"Real US Regular All Formulations Gas Price","1990-08-20","2024-10-28","2024 $ per gallon","NSA",2024-10-28,"Weekly","",-0.981,"GASREGWR"
"1313",2015-10-12,"GASREGWR",2.337,2024-10-29,2024-10-29,3.07623561459131,237.733,"Real US Regular All Formulations Gas Price","1990-08-20","2024-10-28","2024 $ per gallon","NSA",2024-10-28,"Weekly","",-0.87,"GASREGWR"
"1314",2015-10-19,"GASREGWR",2.277,2024-10-29,2024-10-29,2.9972565230742,237.733,"Real US Regular All Formulations Gas Price","1990-08-20","2024-10-28","2024 $ per gallon","NSA",2024-10-28,"Weekly","",-0.843,"GASREGWR"
"1315",2015-10-26,"GASREGWR",2.228,2024-10-29,2024-10-29,2.93275693166857,237.733,"Real US Regular All Formulations Gas Price","1990-08-20","2024-10-28","2024 $ per gallon","NSA",2024-10-28,"Weekly","",-0.828,"GASREGWR"
"1316",2015-11-02,"GASREGWR",2.224,2024-10-29,2024-10-29,2.92399859903055,238.017,"Real US Regular All Formulations Gas Price","1990-08-20","2024-10-28","2024 $ per gallon","NSA",2024-10-28,"Weekly","",-0.769,"GASREGWR"
"1317",2015-11-09,"GASREGWR",2.235,2024-10-29,2024-10-29,2.93846082231712,238.017,"Real US Regular All Formulations Gas Price","1990-08-20","2024-10-28","2024 $ per gallon","NSA",2024-10-28,"Weekly","",-0.706,"GASREGWR"
"1318",2015-11-16,"GASREGWR",2.178,2024-10-29,2024-10-29,2.86352021074125,238.017,"Real US Regular All Formulations Gas Price","1990-08-20","2024-10-28","2024 $ per gallon","NSA",2024-10-28,"Weekly","",-0.716,"GASREGWR"
"1319",2015-11-23,"GASREGWR",2.094,2024-10-29,2024-10-29,2.7530814147347,238.017,"Real US Regular All Formulations Gas Price","1990-08-20","2024-10-28","2024 $ per gallon","NSA",2024-10-28,"Weekly","",-0.727,"GASREGWR"
"1320",2015-11-30,"GASREGWR",2.059,2024-10-29,2024-10-29,2.70706524973197,238.017,"Real US Regular All Formulations Gas Price","1990-08-20","2024-10-28","2024 $ per gallon","NSA",2024-10-28,"Weekly","",-0.719,"GASREGWR"
"1321",2015-12-07,"GASREGWR",2.053,2024-10-29,2024-10-29,2.70208299893208,237.761,"Real US Regular All Formulations Gas Price","1990-08-20","2024-10-28","2024 $ per gallon","NSA",2024-10-28,"Weekly","",-0.626,"GASREGWR"
"1322",2015-12-14,"GASREGWR",2.037,2024-10-29,2024-10-29,2.68102438812696,237.761,"Real US Regular All Formulations Gas Price","1990-08-20","2024-10-28","2024 $ per gallon","NSA",2024-10-28,"Weekly","",-0.517,"GASREGWR"
"1323",2015-12-21,"GASREGWR",2.026,2024-10-29,2024-10-29,2.66654659319844,237.761,"Real US Regular All Formulations Gas Price","1990-08-20","2024-10-28","2024 $ per gallon","NSA",2024-10-28,"Weekly","",-0.377,"GASREGWR"
"1324",2015-12-28,"GASREGWR",2.034,2024-10-29,2024-10-29,2.677075898601,237.761,"Real US Regular All Formulations Gas Price","1990-08-20","2024-10-28","2024 $ per gallon","NSA",2024-10-28,"Weekly","",-0.265,"GASREGWR"
"1325",2016-01-04,"GASREGWR",2.028,2024-10-29,2024-10-29,2.67040314868341,237.652,"Real US Regular All Formulations Gas Price","1990-08-20","2024-10-28","2024 $ per gallon","NSA",2024-10-28,"Weekly","",-0.186,"GASREGWR"
"1326",2016-01-11,"GASREGWR",1.996,2024-10-29,2024-10-29,2.62826660984817,237.652,"Real US Regular All Formulations Gas Price","1990-08-20","2024-10-28","2024 $ per gallon","NSA",2024-10-28,"Weekly","",-0.143,"GASREGWR"
"1327",2016-01-18,"GASREGWR",1.914,2024-10-29,2024-10-29,2.52029172908286,237.652,"Real US Regular All Formulations Gas Price","1990-08-20","2024-10-28","2024 $ per gallon","NSA",2024-10-28,"Weekly","",-0.152,"GASREGWR"
"1328",2016-01-25,"GASREGWR",1.856,2024-10-29,2024-10-29,2.44391925244399,237.652,"Real US Regular All Formulations Gas Price","1990-08-20","2024-10-28","2024 $ per gallon","NSA",2024-10-28,"Weekly","",-0.188,"GASREGWR"
"1329",2016-02-01,"GASREGWR",1.822,2024-10-29,2024-10-29,2.40234351682463,237.336,"Real US Regular All Formulations Gas Price","1990-08-20","2024-10-28","2024 $ per gallon","NSA",2024-10-28,"Weekly","",-0.246,"GASREGWR"
"1330",2016-02-08,"GASREGWR",1.759,2024-10-29,2024-10-29,2.31927675416824,237.336,"Real US Regular All Formulations Gas Price","1990-08-20","2024-10-28","2024 $ per gallon","NSA",2024-10-28,"Weekly","",-0.432,"GASREGWR"
"1331",2016-02-15,"GASREGWR",1.724,2024-10-29,2024-10-29,2.27312855269246,237.336,"Real US Regular All Formulations Gas Price","1990-08-20","2024-10-28","2024 $ per gallon","NSA",2024-10-28,"Weekly","",-0.55,"GASREGWR"
"1332",2016-02-22,"GASREGWR",1.73,2024-10-29,2024-10-29,2.28103967294545,237.336,"Real US Regular All Formulations Gas Price","1990-08-20","2024-10-28","2024 $ per gallon","NSA",2024-10-28,"Weekly","",-0.602,"GASREGWR"
"1333",2016-02-29,"GASREGWR",1.783,2024-10-29,2024-10-29,2.3509212351802,237.336,"Real US Regular All Formulations Gas Price","1990-08-20","2024-10-28","2024 $ per gallon","NSA",2024-10-28,"Weekly","",-0.69,"GASREGWR"
"1334",2016-03-07,"GASREGWR",1.841,2024-10-29,2024-10-29,2.41980978700819,238.08,"Real US Regular All Formulations Gas Price","1990-08-20","2024-10-28","2024 $ per gallon","NSA",2024-10-28,"Weekly","",-0.646,"GASREGWR"
"1335",2016-03-14,"GASREGWR",1.961,2024-10-29,2024-10-29,2.57753774705217,238.08,"Real US Regular All Formulations Gas Price","1990-08-20","2024-10-28","2024 $ per gallon","NSA",2024-10-28,"Weekly","",-0.492,"GASREGWR"
"1336",2016-03-21,"GASREGWR",2.007,2024-10-29,2024-10-29,2.6380001317357,238.08,"Real US Regular All Formulations Gas Price","1990-08-20","2024-10-28","2024 $ per gallon","NSA",2024-10-28,"Weekly","",-0.45,"GASREGWR"
"1337",2016-03-28,"GASREGWR",2.066,2024-10-29,2024-10-29,2.71554971209066,238.08,"Real US Regular All Formulations Gas Price","1990-08-20","2024-10-28","2024 $ per gallon","NSA",2024-10-28,"Weekly","",-0.382,"GASREGWR"
"1338",2016-04-04,"GASREGWR",2.083,2024-10-29,2024-10-29,2.72744662620887,238.992,"Real US Regular All Formulations Gas Price","1990-08-20","2024-10-28","2024 $ per gallon","NSA",2024-10-28,"Weekly","",-0.33,"GASREGWR"
"1339",2016-04-11,"GASREGWR",2.069,2024-10-29,2024-10-29,2.70911525186085,238.992,"Real US Regular All Formulations Gas Price","1990-08-20","2024-10-28","2024 $ per gallon","NSA",2024-10-28,"Weekly","",-0.339,"GASREGWR"
"1340",2016-04-18,"GASREGWR",2.137,2024-10-29,2024-10-29,2.79815335583694,238.992,"Real US Regular All Formulations Gas Price","1990-08-20","2024-10-28","2024 $ per gallon","NSA",2024-10-28,"Weekly","",-0.348,"GASREGWR"
"1341",2016-04-25,"GASREGWR",2.162,2024-10-29,2024-10-29,2.83088795288697,238.992,"Real US Regular All Formulations Gas Price","1990-08-20","2024-10-28","2024 $ per gallon","NSA",2024-10-28,"Weekly","",-0.408,"GASREGWR"
"1342",2016-05-02,"GASREGWR",2.24,2024-10-29,2024-10-29,2.92610230930046,239.557,"Real US Regular All Formulations Gas Price","1990-08-20","2024-10-28","2024 $ per gallon","NSA",2024-10-28,"Weekly","",-0.424,"GASREGWR"
"1343",2016-05-09,"GASREGWR",2.22,2024-10-29,2024-10-29,2.89997639582457,239.557,"Real US Regular All Formulations Gas Price","1990-08-20","2024-10-28","2024 $ per gallon","NSA",2024-10-28,"Weekly","",-0.471,"GASREGWR"
"1344",2016-05-16,"GASREGWR",2.242,2024-10-29,2024-10-29,2.92871490064805,239.557,"Real US Regular All Formulations Gas Price","1990-08-20","2024-10-28","2024 $ per gallon","NSA",2024-10-28,"Weekly","",-0.502,"GASREGWR"
"1345",2016-05-23,"GASREGWR",2.3,2024-10-29,2024-10-29,3.00448004972815,239.557,"Real US Regular All Formulations Gas Price","1990-08-20","2024-10-28","2024 $ per gallon","NSA",2024-10-28,"Weekly","",-0.474,"GASREGWR"
"1346",2016-05-30,"GASREGWR",2.339,2024-10-29,2024-10-29,3.05542558100615,239.557,"Real US Regular All Formulations Gas Price","1990-08-20","2024-10-28","2024 $ per gallon","NSA",2024-10-28,"Weekly","",-0.441,"GASREGWR"
"1347",2016-06-06,"GASREGWR",2.381,2024-10-29,2024-10-29,3.10167986847015,240.222,"Real US Regular All Formulations Gas Price","1990-08-20","2024-10-28","2024 $ per gallon","NSA",2024-10-28,"Weekly","",-0.399,"GASREGWR"
"1348",2016-06-13,"GASREGWR",2.399,2024-10-29,2024-10-29,3.12512809931117,240.222,"Real US Regular All Formulations Gas Price","1990-08-20","2024-10-28","2024 $ per gallon","NSA",2024-10-28,"Weekly","",-0.436,"GASREGWR"
"1349",2016-06-20,"GASREGWR",2.353,2024-10-29,2024-10-29,3.06520484271746,240.222,"Real US Regular All Formulations Gas Price","1990-08-20","2024-10-28","2024 $ per gallon","NSA",2024-10-28,"Weekly","",-0.459,"GASREGWR"
"1350",2016-06-27,"GASREGWR",2.329,2024-10-29,2024-10-29,3.03394053492943,240.222,"Real US Regular All Formulations Gas Price","1990-08-20","2024-10-28","2024 $ per gallon","NSA",2024-10-28,"Weekly","",-0.472,"GASREGWR"
"1351",2016-07-04,"GASREGWR",2.291,2024-10-29,2024-10-29,2.98594273584109,240.101,"Real US Regular All Formulations Gas Price","1990-08-20","2024-10-28","2024 $ per gallon","NSA",2024-10-28,"Weekly","",-0.502,"GASREGWR"
"1352",2016-07-11,"GASREGWR",2.253,2024-10-29,2024-10-29,2.93641596850719,240.101,"Real US Regular All Formulations Gas Price","1990-08-20","2024-10-28","2024 $ per gallon","NSA",2024-10-28,"Weekly","",-0.581,"GASREGWR"
"1353",2016-07-18,"GASREGWR",2.23,2024-10-29,2024-10-29,2.90643924091036,240.101,"Real US Regular All Formulations Gas Price","1990-08-20","2024-10-28","2024 $ per gallon","NSA",2024-10-28,"Weekly","",-0.572,"GASREGWR"
"1354",2016-07-25,"GASREGWR",2.182,2024-10-29,2024-10-29,2.84387911375175,240.101,"Real US Regular All Formulations Gas Price","1990-08-20","2024-10-28","2024 $ per gallon","NSA",2024-10-28,"Weekly","",-0.563,"GASREGWR"
"1355",2016-08-01,"GASREGWR",2.159,2024-10-29,2024-10-29,2.80870846127827,240.545,"Real US Regular All Formulations Gas Price","1990-08-20","2024-10-28","2024 $ per gallon","NSA",2024-10-28,"Weekly","",-0.53,"GASREGWR"
"1356",2016-08-08,"GASREGWR",2.15,2024-10-29,2024-10-29,2.79700008881347,240.545,"Real US Regular All Formulations Gas Price","1990-08-20","2024-10-28","2024 $ per gallon","NSA",2024-10-28,"Weekly","",-0.479,"GASREGWR"
"1357",2016-08-15,"GASREGWR",2.149,2024-10-29,2024-10-29,2.7956991585396,240.545,"Real US Regular All Formulations Gas Price","1990-08-20","2024-10-28","2024 $ per gallon","NSA",2024-10-28,"Weekly","",-0.567,"GASREGWR"
"1358",2016-08-22,"GASREGWR",2.193,2024-10-29,2024-10-29,2.85294009058974,240.545,"Real US Regular All Formulations Gas Price","1990-08-20","2024-10-28","2024 $ per gallon","NSA",2024-10-28,"Weekly","",-0.444,"GASREGWR"
"1359",2016-08-29,"GASREGWR",2.237,2024-10-29,2024-10-29,2.91018102263988,240.545,"Real US Regular All Formulations Gas Price","1990-08-20","2024-10-28","2024 $ per gallon","NSA",2024-10-28,"Weekly","",-0.273,"GASREGWR"
"1360",2016-09-05,"GASREGWR",2.223,2024-10-29,2024-10-29,2.88440160825591,241.176,"Real US Regular All Formulations Gas Price","1990-08-20","2024-10-28","2024 $ per gallon","NSA",2024-10-28,"Weekly","",-0.214,"GASREGWR"
"1361",2016-09-12,"GASREGWR",2.202,2024-10-29,2024-10-29,2.85715354987832,241.176,"Real US Regular All Formulations Gas Price","1990-08-20","2024-10-28","2024 $ per gallon","NSA",2024-10-28,"Weekly","",-0.173,"GASREGWR"
"1362",2016-09-19,"GASREGWR",2.225,2024-10-29,2024-10-29,2.88699666143473,241.176,"Real US Regular All Formulations Gas Price","1990-08-20","2024-10-28","2024 $ per gallon","NSA",2024-10-28,"Weekly","",-0.102,"GASREGWR"
"1363",2016-09-26,"GASREGWR",2.224,2024-10-29,2024-10-29,2.88569913484532,241.176,"Real US Regular All Formulations Gas Price","1990-08-20","2024-10-28","2024 $ per gallon","NSA",2024-10-28,"Weekly","",-0.0979999999999999,"GASREGWR"
"1364",2016-10-03,"GASREGWR",2.245,2024-10-29,2024-10-29,2.90613901767895,241.741,"Real US Regular All Formulations Gas Price","1990-08-20","2024-10-28","2024 $ per gallon","NSA",2024-10-28,"Weekly","",-0.073,"GASREGWR"
"1365",2016-10-10,"GASREGWR",2.272,2024-10-29,2024-10-29,2.94109035553077,241.741,"Real US Regular All Formulations Gas Price","1990-08-20","2024-10-28","2024 $ per gallon","NSA",2024-10-28,"Weekly","",-0.0650000000000004,"GASREGWR"
"1366",2016-10-17,"GASREGWR",2.257,2024-10-29,2024-10-29,2.92167294561309,241.741,"Real US Regular All Formulations Gas Price","1990-08-20","2024-10-28","2024 $ per gallon","NSA",2024-10-28,"Weekly","",-0.02,"GASREGWR"
"1367",2016-10-24,"GASREGWR",2.243,2024-10-29,2024-10-29,2.90355002968993,241.741,"Real US Regular All Formulations Gas Price","1990-08-20","2024-10-28","2024 $ per gallon","NSA",2024-10-28,"Weekly","",0.0149999999999997,"GASREGWR"
"1368",2016-10-31,"GASREGWR",2.23,2024-10-29,2024-10-29,2.88672160776127,241.741,"Real US Regular All Formulations Gas Price","1990-08-20","2024-10-28","2024 $ per gallon","NSA",2024-10-28,"Weekly","",0.00599999999999978,"GASREGWR"
"1369",2016-11-07,"GASREGWR",2.233,2024-10-29,2024-10-29,2.88720123044632,242.026,"Real US Regular All Formulations Gas Price","1990-08-20","2024-10-28","2024 $ per gallon","NSA",2024-10-28,"Weekly","",-0.00199999999999978,"GASREGWR"
"1370",2016-11-14,"GASREGWR",2.184,2024-10-29,2024-10-29,2.82384571755251,242.026,"Real US Regular All Formulations Gas Price","1990-08-20","2024-10-28","2024 $ per gallon","NSA",2024-10-28,"Weekly","",0.00600000000000023,"GASREGWR"
"1371",2016-11-21,"GASREGWR",2.155,2024-10-29,2024-10-29,2.78634959767658,242.026,"Real US Regular All Formulations Gas Price","1990-08-20","2024-10-28","2024 $ per gallon","NSA",2024-10-28,"Weekly","",0.0609999999999999,"GASREGWR"
"1372",2016-11-28,"GASREGWR",2.154,2024-10-29,2024-10-29,2.78505662802569,242.026,"Real US Regular All Formulations Gas Price","1990-08-20","2024-10-28","2024 $ per gallon","NSA",2024-10-28,"Weekly","",0.0949999999999998,"GASREGWR"
"1373",2016-12-05,"GASREGWR",2.208,2024-10-29,2024-10-29,2.84768793787352,242.637,"Real US Regular All Formulations Gas Price","1990-08-20","2024-10-28","2024 $ per gallon","NSA",2024-10-28,"Weekly","",0.155,"GASREGWR"
"1374",2016-12-12,"GASREGWR",2.236,2024-10-29,2024-10-29,2.88379992259293,242.637,"Real US Regular All Formulations Gas Price","1990-08-20","2024-10-28","2024 $ per gallon","NSA",2024-10-28,"Weekly","",0.199,"GASREGWR"
"1375",2016-12-19,"GASREGWR",2.264,2024-10-29,2024-10-29,2.91991190731234,242.637,"Real US Regular All Formulations Gas Price","1990-08-20","2024-10-28","2024 $ per gallon","NSA",2024-10-28,"Weekly","",0.238,"GASREGWR"
"1376",2016-12-26,"GASREGWR",2.309,2024-10-29,2024-10-29,2.9779490256114,242.637,"Real US Regular All Formulations Gas Price","1990-08-20","2024-10-28","2024 $ per gallon","NSA",2024-10-28,"Weekly","",0.275,"GASREGWR"
"1377",2017-01-02,"GASREGWR",2.377,2024-10-29,2024-10-29,3.05330481439273,243.618,"Real US Regular All Formulations Gas Price","1990-08-20","2024-10-28","2024 $ per gallon","NSA",2024-10-28,"Weekly","",0.349,"GASREGWR"
"1378",2017-01-09,"GASREGWR",2.388,2024-10-29,2024-10-29,3.06743453797637,243.618,"Real US Regular All Formulations Gas Price","1990-08-20","2024-10-28","2024 $ per gallon","NSA",2024-10-28,"Weekly","",0.392,"GASREGWR"
"1379",2017-01-16,"GASREGWR",2.358,2024-10-29,2024-10-29,3.0288989282028,243.618,"Real US Regular All Formulations Gas Price","1990-08-20","2024-10-28","2024 $ per gallon","NSA",2024-10-28,"Weekly","",0.444,"GASREGWR"
"1380",2017-01-23,"GASREGWR",2.326,2024-10-29,2024-10-29,2.98779427777765,243.618,"Real US Regular All Formulations Gas Price","1990-08-20","2024-10-28","2024 $ per gallon","NSA",2024-10-28,"Weekly","",0.47,"GASREGWR"
"1381",2017-01-30,"GASREGWR",2.296,2024-10-29,2024-10-29,2.94925866800408,243.618,"Real US Regular All Formulations Gas Price","1990-08-20","2024-10-28","2024 $ per gallon","NSA",2024-10-28,"Weekly","",0.474,"GASREGWR"
"1382",2017-02-06,"GASREGWR",2.293,2024-10-29,2024-10-29,2.94072154522281,244.006,"Real US Regular All Formulations Gas Price","1990-08-20","2024-10-28","2024 $ per gallon","NSA",2024-10-28,"Weekly","",0.534,"GASREGWR"
"1383",2017-02-13,"GASREGWR",2.307,2024-10-29,2024-10-29,2.95867623411645,244.006,"Real US Regular All Formulations Gas Price","1990-08-20","2024-10-28","2024 $ per gallon","NSA",2024-10-28,"Weekly","",0.583,"GASREGWR"
"1384",2017-02-20,"GASREGWR",2.302,2024-10-29,2024-10-29,2.95226384522586,244.006,"Real US Regular All Formulations Gas Price","1990-08-20","2024-10-28","2024 $ per gallon","NSA",2024-10-28,"Weekly","",0.572,"GASREGWR"
"1385",2017-02-27,"GASREGWR",2.314,2024-10-29,2024-10-29,2.96765357856327,244.006,"Real US Regular All Formulations Gas Price","1990-08-20","2024-10-28","2024 $ per gallon","NSA",2024-10-28,"Weekly","",0.531,"GASREGWR"
"1386",2017-03-06,"GASREGWR",2.341,2024-10-29,2024-10-29,3.00368380453047,243.892,"Real US Regular All Formulations Gas Price","1990-08-20","2024-10-28","2024 $ per gallon","NSA",2024-10-28,"Weekly","",0.5,"GASREGWR"
"1387",2017-03-13,"GASREGWR",2.323,2024-10-29,2024-10-29,2.9805884143205,243.892,"Real US Regular All Formulations Gas Price","1990-08-20","2024-10-28","2024 $ per gallon","NSA",2024-10-28,"Weekly","",0.362,"GASREGWR"
"1388",2017-03-20,"GASREGWR",2.321,2024-10-29,2024-10-29,2.97802225985272,243.892,"Real US Regular All Formulations Gas Price","1990-08-20","2024-10-28","2024 $ per gallon","NSA",2024-10-28,"Weekly","",0.314,"GASREGWR"
"1389",2017-03-27,"GASREGWR",2.315,2024-10-29,2024-10-29,2.9703237964494,243.892,"Real US Regular All Formulations Gas Price","1990-08-20","2024-10-28","2024 $ per gallon","NSA",2024-10-28,"Weekly","",0.249,"GASREGWR"
"1390",2017-04-03,"GASREGWR",2.36,2024-10-29,2024-10-29,3.02432978683404,244.193,"Real US Regular All Formulations Gas Price","1990-08-20","2024-10-28","2024 $ per gallon","NSA",2024-10-28,"Weekly","",0.277,"GASREGWR"
"1391",2017-04-10,"GASREGWR",2.424,2024-10-29,2024-10-29,3.10634550986682,244.193,"Real US Regular All Formulations Gas Price","1990-08-20","2024-10-28","2024 $ per gallon","NSA",2024-10-28,"Weekly","",0.355,"GASREGWR"
"1392",2017-04-17,"GASREGWR",2.436,2024-10-29,2024-10-29,3.12172345793547,244.193,"Real US Regular All Formulations Gas Price","1990-08-20","2024-10-28","2024 $ per gallon","NSA",2024-10-28,"Weekly","",0.299,"GASREGWR"
"1393",2017-04-24,"GASREGWR",2.449,2024-10-29,2024-10-29,3.13838290167651,244.193,"Real US Regular All Formulations Gas Price","1990-08-20","2024-10-28","2024 $ per gallon","NSA",2024-10-28,"Weekly","",0.287,"GASREGWR"
"1394",2017-05-01,"GASREGWR",2.411,2024-10-29,2024-10-29,3.09207926732945,244.004,"Real US Regular All Formulations Gas Price","1990-08-20","2024-10-28","2024 $ per gallon","NSA",2024-10-28,"Weekly","",0.171,"GASREGWR"
"1395",2017-05-08,"GASREGWR",2.372,2024-10-29,2024-10-29,3.04206222401719,244.004,"Real US Regular All Formulations Gas Price","1990-08-20","2024-10-28","2024 $ per gallon","NSA",2024-10-28,"Weekly","",0.152,"GASREGWR"
"1396",2017-05-15,"GASREGWR",2.369,2024-10-29,2024-10-29,3.03821475914702,244.004,"Real US Regular All Formulations Gas Price","1990-08-20","2024-10-28","2024 $ per gallon","NSA",2024-10-28,"Weekly","",0.127,"GASREGWR"
"1397",2017-05-22,"GASREGWR",2.399,2024-10-29,2024-10-29,3.07668940784875,244.004,"Real US Regular All Formulations Gas Price","1990-08-20","2024-10-28","2024 $ per gallon","NSA",2024-10-28,"Weekly","",0.0990000000000002,"GASREGWR"
"1398",2017-05-29,"GASREGWR",2.406,2024-10-29,2024-10-29,3.08566682587916,244.004,"Real US Regular All Formulations Gas Price","1990-08-20","2024-10-28","2024 $ per gallon","NSA",2024-10-28,"Weekly","",0.0670000000000002,"GASREGWR"
"1399",2017-06-05,"GASREGWR",2.414,2024-10-29,2024-10-29,3.09391065134208,244.163,"Real US Regular All Formulations Gas Price","1990-08-20","2024-10-28","2024 $ per gallon","NSA",2024-10-28,"Weekly","",0.0330000000000004,"GASREGWR"
"1400",2017-06-12,"GASREGWR",2.366,2024-10-29,2024-10-29,3.03239130119112,244.163,"Real US Regular All Formulations Gas Price","1990-08-20","2024-10-28","2024 $ per gallon","NSA",2024-10-28,"Weekly","",-0.0329999999999999,"GASREGWR"
"1401",2017-06-19,"GASREGWR",2.318,2024-10-29,2024-10-29,2.97087195104016,244.163,"Real US Regular All Formulations Gas Price","1990-08-20","2024-10-28","2024 $ per gallon","NSA",2024-10-28,"Weekly","",-0.0350000000000001,"GASREGWR"
"1402",2017-06-26,"GASREGWR",2.288,2024-10-29,2024-10-29,2.93242235719581,244.163,"Real US Regular All Formulations Gas Price","1990-08-20","2024-10-28","2024 $ per gallon","NSA",2024-10-28,"Weekly","",-0.0410000000000004,"GASREGWR"
"1403",2017-07-03,"GASREGWR",2.26,2024-10-29,2024-10-29,2.89558733050133,244.243,"Real US Regular All Formulations Gas Price","1990-08-20","2024-10-28","2024 $ per gallon","NSA",2024-10-28,"Weekly","",-0.0310000000000001,"GASREGWR"
"1404",2017-07-10,"GASREGWR",2.297,2024-10-29,2024-10-29,2.9429929637883,244.243,"Real US Regular All Formulations Gas Price","1990-08-20","2024-10-28","2024 $ per gallon","NSA",2024-10-28,"Weekly","",0.044,"GASREGWR"
"1405",2017-07-17,"GASREGWR",2.278,2024-10-29,2024-10-29,2.91864953047877,244.243,"Real US Regular All Formulations Gas Price","1990-08-20","2024-10-28","2024 $ per gallon","NSA",2024-10-28,"Weekly","",0.048,"GASREGWR"
"1406",2017-07-24,"GASREGWR",2.312,2024-10-29,2024-10-29,2.9622114637695,244.243,"Real US Regular All Formulations Gas Price","1990-08-20","2024-10-28","2024 $ per gallon","NSA",2024-10-28,"Weekly","",0.13,"GASREGWR"
"1407",2017-07-31,"GASREGWR",2.352,2024-10-29,2024-10-29,3.01346079705271,244.243,"Real US Regular All Formulations Gas Price","1990-08-20","2024-10-28","2024 $ per gallon","NSA",2024-10-28,"Weekly","",0.193,"GASREGWR"
"1408",2017-08-07,"GASREGWR",2.378,2024-10-29,2024-10-29,3.03509192947902,245.183,"Real US Regular All Formulations Gas Price","1990-08-20","2024-10-28","2024 $ per gallon","NSA",2024-10-28,"Weekly","",0.228,"GASREGWR"
"1409",2017-08-14,"GASREGWR",2.384,2024-10-29,2024-10-29,3.0427498569714,245.183,"Real US Regular All Formulations Gas Price","1990-08-20","2024-10-28","2024 $ per gallon","NSA",2024-10-28,"Weekly","",0.235,"GASREGWR"
"1410",2017-08-21,"GASREGWR",2.36,2024-10-29,2024-10-29,3.01211814700189,245.183,"Real US Regular All Formulations Gas Price","1990-08-20","2024-10-28","2024 $ per gallon","NSA",2024-10-28,"Weekly","",0.167,"GASREGWR"
"1411",2017-08-28,"GASREGWR",2.399,2024-10-29,2024-10-29,3.06189467570234,245.183,"Real US Regular All Formulations Gas Price","1990-08-20","2024-10-28","2024 $ per gallon","NSA",2024-10-28,"Weekly","",0.162,"GASREGWR"
"1412",2017-09-04,"GASREGWR",2.679,2024-10-29,2024-10-29,3.40189323203426,246.435,"Real US Regular All Formulations Gas Price","1990-08-20","2024-10-28","2024 $ per gallon","NSA",2024-10-28,"Weekly","",0.456,"GASREGWR"
"1413",2017-09-11,"GASREGWR",2.685,2024-10-29,2024-10-29,3.40951225383053,246.435,"Real US Regular All Formulations Gas Price","1990-08-20","2024-10-28","2024 $ per gallon","NSA",2024-10-28,"Weekly","",0.483,"GASREGWR"
"1414",2017-09-18,"GASREGWR",2.634,2024-10-29,2024-10-29,3.34475056856224,246.435,"Real US Regular All Formulations Gas Price","1990-08-20","2024-10-28","2024 $ per gallon","NSA",2024-10-28,"Weekly","",0.409,"GASREGWR"
"1415",2017-09-25,"GASREGWR",2.583,2024-10-29,2024-10-29,3.27998888329395,246.435,"Real US Regular All Formulations Gas Price","1990-08-20","2024-10-28","2024 $ per gallon","NSA",2024-10-28,"Weekly","",0.359,"GASREGWR"
"1416",2017-10-02,"GASREGWR",2.565,2024-10-29,2024-10-29,3.25460932564066,246.626,"Real US Regular All Formulations Gas Price","1990-08-20","2024-10-28","2024 $ per gallon","NSA",2024-10-28,"Weekly","",0.32,"GASREGWR"
"1417",2017-10-09,"GASREGWR",2.504,2024-10-29,2024-10-29,3.17720925980671,246.626,"Real US Regular All Formulations Gas Price","1990-08-20","2024-10-28","2024 $ per gallon","NSA",2024-10-28,"Weekly","",0.232,"GASREGWR"
"1418",2017-10-16,"GASREGWR",2.489,2024-10-29,2024-10-29,3.15817645673279,246.626,"Real US Regular All Formulations Gas Price","1990-08-20","2024-10-28","2024 $ per gallon","NSA",2024-10-28,"Weekly","",0.232,"GASREGWR"
"1419",2017-10-23,"GASREGWR",2.479,2024-10-29,2024-10-29,3.14548792135018,246.626,"Real US Regular All Formulations Gas Price","1990-08-20","2024-10-28","2024 $ per gallon","NSA",2024-10-28,"Weekly","",0.236,"GASREGWR"
"1420",2017-10-30,"GASREGWR",2.488,2024-10-29,2024-10-29,3.15690760319453,246.626,"Real US Regular All Formulations Gas Price","1990-08-20","2024-10-28","2024 $ per gallon","NSA",2024-10-28,"Weekly","",0.258,"GASREGWR"
"1421",2017-11-06,"GASREGWR",2.561,2024-10-29,2024-10-29,3.24088720036292,247.284,"Real US Regular All Formulations Gas Price","1990-08-20","2024-10-28","2024 $ per gallon","NSA",2024-10-28,"Weekly","",0.328,"GASREGWR"
"1422",2017-11-13,"GASREGWR",2.592,2024-10-29,2024-10-29,3.28011699466642,247.284,"Real US Regular All Formulations Gas Price","1990-08-20","2024-10-28","2024 $ per gallon","NSA",2024-10-28,"Weekly","",0.408,"GASREGWR"
"1423",2017-11-20,"GASREGWR",2.568,2024-10-29,2024-10-29,3.2497455410121,247.284,"Real US Regular All Formulations Gas Price","1990-08-20","2024-10-28","2024 $ per gallon","NSA",2024-10-28,"Weekly","",0.413,"GASREGWR"
"1424",2017-11-27,"GASREGWR",2.533,2024-10-29,2024-10-29,3.20545383776622,247.284,"Real US Regular All Formulations Gas Price","1990-08-20","2024-10-28","2024 $ per gallon","NSA",2024-10-28,"Weekly","",0.379,"GASREGWR"
"1425",2017-12-04,"GASREGWR",2.5,2024-10-29,2024-10-29,3.15704155210017,247.805,"Real US Regular All Formulations Gas Price","1990-08-20","2024-10-28","2024 $ per gallon","NSA",2024-10-28,"Weekly","",0.292,"GASREGWR"
"1426",2017-12-11,"GASREGWR",2.485,2024-10-29,2024-10-29,3.13809930278757,247.805,"Real US Regular All Formulations Gas Price","1990-08-20","2024-10-28","2024 $ per gallon","NSA",2024-10-28,"Weekly","",0.249,"GASREGWR"
"1427",2017-12-18,"GASREGWR",2.45,2024-10-29,2024-10-29,3.09390072105816,247.805,"Real US Regular All Formulations Gas Price","1990-08-20","2024-10-28","2024 $ per gallon","NSA",2024-10-28,"Weekly","",0.186,"GASREGWR"
"1428",2017-12-25,"GASREGWR",2.472,2024-10-29,2024-10-29,3.12168268671664,247.805,"Real US Regular All Formulations Gas Price","1990-08-20","2024-10-28","2024 $ per gallon","NSA",2024-10-28,"Weekly","",0.163,"GASREGWR"
"1429",2018-01-01,"GASREGWR",2.52,2024-10-29,2024-10-29,3.1688198026703,248.859,"Real US Regular All Formulations Gas Price","1990-08-20","2024-10-28","2024 $ per gallon","NSA",2024-10-28,"Weekly","",0.143,"GASREGWR"
"1430",2018-01-08,"GASREGWR",2.522,2024-10-29,2024-10-29,3.17133473902162,248.859,"Real US Regular All Formulations Gas Price","1990-08-20","2024-10-28","2024 $ per gallon","NSA",2024-10-28,"Weekly","",0.134,"GASREGWR"
"1431",2018-01-15,"GASREGWR",2.557,2024-10-29,2024-10-29,3.21534612516982,248.859,"Real US Regular All Formulations Gas Price","1990-08-20","2024-10-28","2024 $ per gallon","NSA",2024-10-28,"Weekly","",0.199,"GASREGWR"
"1432",2018-01-22,"GASREGWR",2.567,2024-10-29,2024-10-29,3.22792080692645,248.859,"Real US Regular All Formulations Gas Price","1990-08-20","2024-10-28","2024 $ per gallon","NSA",2024-10-28,"Weekly","",0.241,"GASREGWR"
"1433",2018-01-29,"GASREGWR",2.607,2024-10-29,2024-10-29,3.27821953395296,248.859,"Real US Regular All Formulations Gas Price","1990-08-20","2024-10-28","2024 $ per gallon","NSA",2024-10-28,"Weekly","",0.311,"GASREGWR"
"1434",2018-02-05,"GASREGWR",2.637,2024-10-29,2024-10-29,3.30704007623089,249.529,"Real US Regular All Formulations Gas Price","1990-08-20","2024-10-28","2024 $ per gallon","NSA",2024-10-28,"Weekly","",0.344,"GASREGWR"
"1435",2018-02-12,"GASREGWR",2.607,2024-10-29,2024-10-29,3.26941732223509,249.529,"Real US Regular All Formulations Gas Price","1990-08-20","2024-10-28","2024 $ per gallon","NSA",2024-10-28,"Weekly","",0.3,"GASREGWR"
"1436",2018-02-19,"GASREGWR",2.557,2024-10-29,2024-10-29,3.20671273224209,249.529,"Real US Regular All Formulations Gas Price","1990-08-20","2024-10-28","2024 $ per gallon","NSA",2024-10-28,"Weekly","",0.255,"GASREGWR"
"1437",2018-02-26,"GASREGWR",2.548,2024-10-29,2024-10-29,3.19542590604335,249.529,"Real US Regular All Formulations Gas Price","1990-08-20","2024-10-28","2024 $ per gallon","NSA",2024-10-28,"Weekly","",0.234,"GASREGWR"
"1438",2018-03-05,"GASREGWR",2.56,2024-10-29,2024-10-29,3.20985755170476,249.577,"Real US Regular All Formulations Gas Price","1990-08-20","2024-10-28","2024 $ per gallon","NSA",2024-10-28,"Weekly","",0.219,"GASREGWR"
"1439",2018-03-12,"GASREGWR",2.559,2024-10-29,2024-10-29,3.20860370109862,249.577,"Real US Regular All Formulations Gas Price","1990-08-20","2024-10-28","2024 $ per gallon","NSA",2024-10-28,"Weekly","",0.236,"GASREGWR"
"1440",2018-03-19,"GASREGWR",2.598,2024-10-29,2024-10-29,3.25750387473787,249.577,"Real US Regular All Formulations Gas Price","1990-08-20","2024-10-28","2024 $ per gallon","NSA",2024-10-28,"Weekly","",0.277,"GASREGWR"
"1441",2018-03-26,"GASREGWR",2.648,2024-10-29,2024-10-29,3.32019640504461,249.577,"Real US Regular All Formulations Gas Price","1990-08-20","2024-10-28","2024 $ per gallon","NSA",2024-10-28,"Weekly","",0.333,"GASREGWR"
"1442",2018-04-02,"GASREGWR",2.7,2024-10-29,2024-10-29,3.37660259030255,250.227,"Real US Regular All Formulations Gas Price","1990-08-20","2024-10-28","2024 $ per gallon","NSA",2024-10-28,"Weekly","",0.34,"GASREGWR"
"1443",2018-04-09,"GASREGWR",2.694,2024-10-29,2024-10-29,3.36909902899077,250.227,"Real US Regular All Formulations Gas Price","1990-08-20","2024-10-28","2024 $ per gallon","NSA",2024-10-28,"Weekly","",0.27,"GASREGWR"
"1444",2018-04-16,"GASREGWR",2.747,2024-10-29,2024-10-29,3.43538048724485,250.227,"Real US Regular All Formulations Gas Price","1990-08-20","2024-10-28","2024 $ per gallon","NSA",2024-10-28,"Weekly","",0.311,"GASREGWR"
"1445",2018-04-23,"GASREGWR",2.798,2024-10-29,2024-10-29,3.49916075839501,250.227,"Real US Regular All Formulations Gas Price","1990-08-20","2024-10-28","2024 $ per gallon","NSA",2024-10-28,"Weekly","",0.349,"GASREGWR"
"1446",2018-04-30,"GASREGWR",2.846,2024-10-29,2024-10-29,3.55918924888928,250.227,"Real US Regular All Formulations Gas Price","1990-08-20","2024-10-28","2024 $ per gallon","NSA",2024-10-28,"Weekly","",0.435,"GASREGWR"
"1447",2018-05-07,"GASREGWR",2.845,2024-10-29,2024-10-29,3.54992310723265,250.792,"Real US Regular All Formulations Gas Price","1990-08-20","2024-10-28","2024 $ per gallon","NSA",2024-10-28,"Weekly","",0.473,"GASREGWR"
"1448",2018-05-14,"GASREGWR",2.873,2024-10-29,2024-10-29,3.58486083904373,250.792,"Real US Regular All Formulations Gas Price","1990-08-20","2024-10-28","2024 $ per gallon","NSA",2024-10-28,"Weekly","",0.504,"GASREGWR"
"1449",2018-05-21,"GASREGWR",2.923,2024-10-29,2024-10-29,3.64724964584922,250.792,"Real US Regular All Formulations Gas Price","1990-08-20","2024-10-28","2024 $ per gallon","NSA",2024-10-28,"Weekly","",0.524,"GASREGWR"
"1450",2018-05-28,"GASREGWR",2.962,2024-10-29,2024-10-29,3.69591291515751,250.792,"Real US Regular All Formulations Gas Price","1990-08-20","2024-10-28","2024 $ per gallon","NSA",2024-10-28,"Weekly","",0.556,"GASREGWR"
"1451",2018-06-04,"GASREGWR",2.94,2024-10-29,2024-10-29,3.66515899982544,251.018,"Real US Regular All Formulations Gas Price","1990-08-20","2024-10-28","2024 $ per gallon","NSA",2024-10-28,"Weekly","",0.526,"GASREGWR"
"1452",2018-06-11,"GASREGWR",2.911,2024-10-29,2024-10-29,3.6290060709156,251.018,"Real US Regular All Formulations Gas Price","1990-08-20","2024-10-28","2024 $ per gallon","NSA",2024-10-28,"Weekly","",0.545,"GASREGWR"
"1453",2018-06-18,"GASREGWR",2.879,2024-10-29,2024-10-29,3.58911318384267,251.018,"Real US Regular All Formulations Gas Price","1990-08-20","2024-10-28","2024 $ per gallon","NSA",2024-10-28,"Weekly","",0.561,"GASREGWR"
"1454",2018-06-25,"GASREGWR",2.833,2024-10-29,2024-10-29,3.53176715867533,251.018,"Real US Regular All Formulations Gas Price","1990-08-20","2024-10-28","2024 $ per gallon","NSA",2024-10-28,"Weekly","",0.545,"GASREGWR"
"1455",2018-07-02,"GASREGWR",2.844,2024-10-29,2024-10-29,3.54271411480397,251.214,"Real US Regular All Formulations Gas Price","1990-08-20","2024-10-28","2024 $ per gallon","NSA",2024-10-28,"Weekly","",0.584,"GASREGWR"
"1456",2018-07-09,"GASREGWR",2.857,2024-10-29,2024-10-29,3.55890795569442,251.214,"Real US Regular All Formulations Gas Price","1990-08-20","2024-10-28","2024 $ per gallon","NSA",2024-10-28,"Weekly","",0.56,"GASREGWR"
"1457",2018-07-16,"GASREGWR",2.865,2024-10-29,2024-10-29,3.56887339624239,251.214,"Real US Regular All Formulations Gas Price","1990-08-20","2024-10-28","2024 $ per gallon","NSA",2024-10-28,"Weekly","",0.587,"GASREGWR"
"1458",2018-07-23,"GASREGWR",2.831,2024-10-29,2024-10-29,3.52652027391351,251.214,"Real US Regular All Formulations Gas Price","1990-08-20","2024-10-28","2024 $ per gallon","NSA",2024-10-28,"Weekly","",0.519,"GASREGWR"
"1459",2018-07-30,"GASREGWR",2.846,2024-10-29,2024-10-29,3.54520547494096,251.214,"Real US Regular All Formulations Gas Price","1990-08-20","2024-10-28","2024 $ per gallon","NSA",2024-10-28,"Weekly","",0.494,"GASREGWR"
"1460",2018-08-06,"GASREGWR",2.852,2024-10-29,2024-10-29,3.54634110623406,251.663,"Real US Regular All Formulations Gas Price","1990-08-20","2024-10-28","2024 $ per gallon","NSA",2024-10-28,"Weekly","",0.474,"GASREGWR"
"1461",2018-08-13,"GASREGWR",2.843,2024-10-29,2024-10-29,3.53514998773612,251.663,"Real US Regular All Formulations Gas Price","1990-08-20","2024-10-28","2024 $ per gallon","NSA",2024-10-28,"Weekly","",0.459,"GASREGWR"
"1462",2018-08-20,"GASREGWR",2.821,2024-10-29,2024-10-29,3.50779392029673,251.663,"Real US Regular All Formulations Gas Price","1990-08-20","2024-10-28","2024 $ per gallon","NSA",2024-10-28,"Weekly","",0.461,"GASREGWR"
"1463",2018-08-27,"GASREGWR",2.827,2024-10-29,2024-10-29,3.51525466596202,251.663,"Real US Regular All Formulations Gas Price","1990-08-20","2024-10-28","2024 $ per gallon","NSA",2024-10-28,"Weekly","",0.428,"GASREGWR"
"1464",2018-09-03,"GASREGWR",2.824,2024-10-29,2024-10-29,3.50429744463054,252.182,"Real US Regular All Formulations Gas Price","1990-08-20","2024-10-28","2024 $ per gallon","NSA",2024-10-28,"Weekly","",0.145,"GASREGWR"
"1465",2018-09-10,"GASREGWR",2.833,2024-10-29,2024-10-29,3.5154655313875,252.182,"Real US Regular All Formulations Gas Price","1990-08-20","2024-10-28","2024 $ per gallon","NSA",2024-10-28,"Weekly","",0.148,"GASREGWR"
"1466",2018-09-17,"GASREGWR",2.841,2024-10-29,2024-10-29,3.52539271961592,252.182,"Real US Regular All Formulations Gas Price","1990-08-20","2024-10-28","2024 $ per gallon","NSA",2024-10-28,"Weekly","",0.207,"GASREGWR"
"1467",2018-09-24,"GASREGWR",2.844,2024-10-29,2024-10-29,3.52911541520158,252.182,"Real US Regular All Formulations Gas Price","1990-08-20","2024-10-28","2024 $ per gallon","NSA",2024-10-28,"Weekly","",0.261,"GASREGWR"
"1468",2018-10-01,"GASREGWR",2.866,2024-10-29,2024-10-29,3.54811408556471,252.772,"Real US Regular All Formulations Gas Price","1990-08-20","2024-10-28","2024 $ per gallon","NSA",2024-10-28,"Weekly","",0.301,"GASREGWR"
"1469",2018-10-08,"GASREGWR",2.903,2024-10-29,2024-10-29,3.59392016412923,252.772,"Real US Regular All Formulations Gas Price","1990-08-20","2024-10-28","2024 $ per gallon","NSA",2024-10-28,"Weekly","",0.399,"GASREGWR"
"1470",2018-10-15,"GASREGWR",2.879,2024-10-29,2024-10-29,3.56420811316846,252.772,"Real US Regular All Formulations Gas Price","1990-08-20","2024-10-28","2024 $ per gallon","NSA",2024-10-28,"Weekly","",0.39,"GASREGWR"
"1471",2018-10-22,"GASREGWR",2.841,2024-10-29,2024-10-29,3.51716403248058,252.772,"Real US Regular All Formulations Gas Price","1990-08-20","2024-10-28","2024 $ per gallon","NSA",2024-10-28,"Weekly","",0.362,"GASREGWR"
"1472",2018-10-29,"GASREGWR",2.811,2024-10-29,2024-10-29,3.48002396877963,252.772,"Real US Regular All Formulations Gas Price","1990-08-20","2024-10-28","2024 $ per gallon","NSA",2024-10-28,"Weekly","",0.323,"GASREGWR"
"1473",2018-11-05,"GASREGWR",2.753,2024-10-29,2024-10-29,3.41062157778166,252.594,"Real US Regular All Formulations Gas Price","1990-08-20","2024-10-28","2024 $ per gallon","NSA",2024-10-28,"Weekly","",0.192,"GASREGWR"
"1474",2018-11-12,"GASREGWR",2.686,2024-10-29,2024-10-29,3.32761698435218,252.594,"Real US Regular All Formulations Gas Price","1990-08-20","2024-10-28","2024 $ per gallon","NSA",2024-10-28,"Weekly","",0.0939999999999999,"GASREGWR"
"1475",2018-11-19,"GASREGWR",2.611,2024-10-29,2024-10-29,3.23470139469231,252.594,"Real US Regular All Formulations Gas Price","1990-08-20","2024-10-28","2024 $ per gallon","NSA",2024-10-28,"Weekly","",0.0430000000000001,"GASREGWR"
"1476",2018-11-26,"GASREGWR",2.539,2024-10-29,2024-10-29,3.14550242861883,252.594,"Real US Regular All Formulations Gas Price","1990-08-20","2024-10-28","2024 $ per gallon","NSA",2024-10-28,"Weekly","",0.00600000000000023,"GASREGWR"
"1477",2018-12-03,"GASREGWR",2.451,2024-10-29,2024-10-29,3.03440322690282,252.767,"Real US Regular All Formulations Gas Price","1990-08-20","2024-10-28","2024 $ per gallon","NSA",2024-10-28,"Weekly","",-0.0489999999999999,"GASREGWR"
"1478",2018-12-10,"GASREGWR",2.421,2024-10-29,2024-10-29,2.99726242853192,252.767,"Real US Regular All Formulations Gas Price","1990-08-20","2024-10-28","2024 $ per gallon","NSA",2024-10-28,"Weekly","",-0.0640000000000001,"GASREGWR"
"1479",2018-12-17,"GASREGWR",2.369,2024-10-29,2024-10-29,2.93288504468902,252.767,"Real US Regular All Formulations Gas Price","1990-08-20","2024-10-28","2024 $ per gallon","NSA",2024-10-28,"Weekly","",-0.081,"GASREGWR"
"1480",2018-12-24,"GASREGWR",2.321,2024-10-29,2024-10-29,2.87345976729557,252.767,"Real US Regular All Formulations Gas Price","1990-08-20","2024-10-28","2024 $ per gallon","NSA",2024-10-28,"Weekly","",-0.151,"GASREGWR"
"1481",2018-12-31,"GASREGWR",2.266,2024-10-29,2024-10-29,2.80536830361558,252.767,"Real US Regular All Formulations Gas Price","1990-08-20","2024-10-28","2024 $ per gallon","NSA",2024-10-28,"Weekly","",-0.254,"GASREGWR"
"1482",2019-01-07,"GASREGWR",2.237,2024-10-29,2024-10-29,2.77172443128951,252.561,"Real US Regular All Formulations Gas Price","1990-08-20","2024-10-28","2024 $ per gallon","NSA",2024-10-28,"Weekly","",-0.285,"GASREGWR"
"1483",2019-01-14,"GASREGWR",2.247,2024-10-29,2024-10-29,2.78411479530958,252.561,"Real US Regular All Formulations Gas Price","1990-08-20","2024-10-28","2024 $ per gallon","NSA",2024-10-28,"Weekly","",-0.31,"GASREGWR"
"1484",2019-01-21,"GASREGWR",2.251,2024-10-29,2024-10-29,2.7890709409176,252.561,"Real US Regular All Formulations Gas Price","1990-08-20","2024-10-28","2024 $ per gallon","NSA",2024-10-28,"Weekly","",-0.316,"GASREGWR"
"1485",2019-01-28,"GASREGWR",2.256,2024-10-29,2024-10-29,2.79526612292764,252.561,"Real US Regular All Formulations Gas Price","1990-08-20","2024-10-28","2024 $ per gallon","NSA",2024-10-28,"Weekly","",-0.351,"GASREGWR"
"1486",2019-02-04,"GASREGWR",2.254,2024-10-29,2024-10-29,2.78443126148166,253.319,"Real US Regular All Formulations Gas Price","1990-08-20","2024-10-28","2024 $ per gallon","NSA",2024-10-28,"Weekly","",-0.383,"GASREGWR"
"1487",2019-02-11,"GASREGWR",2.276,2024-10-29,2024-10-29,2.81160849650943,253.319,"Real US Regular All Formulations Gas Price","1990-08-20","2024-10-28","2024 $ per gallon","NSA",2024-10-28,"Weekly","",-0.331,"GASREGWR"
"1488",2019-02-18,"GASREGWR",2.317,2024-10-29,2024-10-29,2.86225697997028,253.319,"Real US Regular All Formulations Gas Price","1990-08-20","2024-10-28","2024 $ per gallon","NSA",2024-10-28,"Weekly","",-0.24,"GASREGWR"
"1489",2019-02-25,"GASREGWR",2.39,2024-10-29,2024-10-29,2.95243598710788,253.319,"Real US Regular All Formulations Gas Price","1990-08-20","2024-10-28","2024 $ per gallon","NSA",2024-10-28,"Weekly","",-0.158,"GASREGWR"
"1490",2019-03-04,"GASREGWR",2.422,2024-10-29,2024-10-29,2.98069414278702,254.277,"Real US Regular All Formulations Gas Price","1990-08-20","2024-10-28","2024 $ per gallon","NSA",2024-10-28,"Weekly","",-0.138,"GASREGWR"
"1491",2019-03-11,"GASREGWR",2.471,2024-10-29,2024-10-29,3.04099720347924,254.277,"Real US Regular All Formulations Gas Price","1990-08-20","2024-10-28","2024 $ per gallon","NSA",2024-10-28,"Weekly","",-0.0880000000000001,"GASREGWR"
"1492",2019-03-18,"GASREGWR",2.548,2024-10-29,2024-10-29,3.13575915599559,254.277,"Real US Regular All Formulations Gas Price","1990-08-20","2024-10-28","2024 $ per gallon","NSA",2024-10-28,"Weekly","",-0.0499999999999998,"GASREGWR"
"1493",2019-03-25,"GASREGWR",2.623,2024-10-29,2024-10-29,3.22805975909593,254.277,"Real US Regular All Formulations Gas Price","1990-08-20","2024-10-28","2024 $ per gallon","NSA",2024-10-28,"Weekly","",-0.0249999999999999,"GASREGWR"
"1494",2019-04-01,"GASREGWR",2.691,2024-10-29,2024-10-29,3.29934117417846,255.233,"Real US Regular All Formulations Gas Price","1990-08-20","2024-10-28","2024 $ per gallon","NSA",2024-10-28,"Weekly","",-0.00900000000000034,"GASREGWR"
"1495",2019-04-08,"GASREGWR",2.745,2024-10-29,2024-10-29,3.36554868937937,255.233,"Real US Regular All Formulations Gas Price","1990-08-20","2024-10-28","2024 $ per gallon","NSA",2024-10-28,"Weekly","",0.0510000000000002,"GASREGWR"
"1496",2019-04-15,"GASREGWR",2.828,2024-10-29,2024-10-29,3.46731209237335,255.233,"Real US Regular All Formulations Gas Price","1990-08-20","2024-10-28","2024 $ per gallon","NSA",2024-10-28,"Weekly","",0.081,"GASREGWR"
"1497",2019-04-22,"GASREGWR",2.841,2024-10-29,2024-10-29,3.48325093862542,255.233,"Real US Regular All Formulations Gas Price","1990-08-20","2024-10-28","2024 $ per gallon","NSA",2024-10-28,"Weekly","",0.0430000000000001,"GASREGWR"
"1498",2019-04-29,"GASREGWR",2.887,2024-10-29,2024-10-29,3.53964993305582,255.233,"Real US Regular All Formulations Gas Price","1990-08-20","2024-10-28","2024 $ per gallon","NSA",2024-10-28,"Weekly","",0.0409999999999999,"GASREGWR"
"1499",2019-05-06,"GASREGWR",2.897,2024-10-29,2024-10-29,3.5510340706118,255.296,"Real US Regular All Formulations Gas Price","1990-08-20","2024-10-28","2024 $ per gallon","NSA",2024-10-28,"Weekly","",0.0519999999999996,"GASREGWR"
"1500",2019-05-13,"GASREGWR",2.866,2024-10-29,2024-10-29,3.51303543195492,255.296,"Real US Regular All Formulations Gas Price","1990-08-20","2024-10-28","2024 $ per gallon","NSA",2024-10-28,"Weekly","",-0.00700000000000012,"GASREGWR"
"1501",2019-05-20,"GASREGWR",2.852,2024-10-29,2024-10-29,3.49587475643246,255.296,"Real US Regular All Formulations Gas Price","1990-08-20","2024-10-28","2024 $ per gallon","NSA",2024-10-28,"Weekly","",-0.0710000000000002,"GASREGWR"
"1502",2019-05-27,"GASREGWR",2.822,2024-10-29,2024-10-29,3.45910188031291,255.296,"Real US Regular All Formulations Gas Price","1990-08-20","2024-10-28","2024 $ per gallon","NSA",2024-10-28,"Weekly","",-0.14,"GASREGWR"
"1503",2019-06-03,"GASREGWR",2.807,2024-10-29,2024-10-29,3.44183442671594,255.213,"Real US Regular All Formulations Gas Price","1990-08-20","2024-10-28","2024 $ per gallon","NSA",2024-10-28,"Weekly","",-0.133,"GASREGWR"
"1504",2019-06-10,"GASREGWR",2.732,2024-10-29,2024-10-29,3.34987233836407,255.213,"Real US Regular All Formulations Gas Price","1990-08-20","2024-10-28","2024 $ per gallon","NSA",2024-10-28,"Weekly","",-0.179,"GASREGWR"
"1505",2019-06-17,"GASREGWR",2.67,2024-10-29,2024-10-29,3.27385034532652,255.213,"Real US Regular All Formulations Gas Price","1990-08-20","2024-10-28","2024 $ per gallon","NSA",2024-10-28,"Weekly","",-0.209,"GASREGWR"
"1506",2019-06-24,"GASREGWR",2.654,2024-10-29,2024-10-29,3.25423176647813,255.213,"Real US Regular All Formulations Gas Price","1990-08-20","2024-10-28","2024 $ per gallon","NSA",2024-10-28,"Weekly","",-0.179,"GASREGWR"
"1507",2019-07-01,"GASREGWR",2.713,2024-10-29,2024-10-29,3.31891562970223,255.802,"Real US Regular All Formulations Gas Price","1990-08-20","2024-10-28","2024 $ per gallon","NSA",2024-10-28,"Weekly","",-0.131,"GASREGWR"
"1508",2019-07-08,"GASREGWR",2.743,2024-10-29,2024-10-29,3.35561576567388,255.802,"Real US Regular All Formulations Gas Price","1990-08-20","2024-10-28","2024 $ per gallon","NSA",2024-10-28,"Weekly","",-0.114,"GASREGWR"
"1509",2019-07-15,"GASREGWR",2.779,2024-10-29,2024-10-29,3.39965592883985,255.802,"Real US Regular All Formulations Gas Price","1990-08-20","2024-10-28","2024 $ per gallon","NSA",2024-10-28,"Weekly","",-0.0860000000000003,"GASREGWR"
"1510",2019-07-22,"GASREGWR",2.75,2024-10-29,2024-10-29,3.36417913073393,255.802,"Real US Regular All Formulations Gas Price","1990-08-20","2024-10-28","2024 $ per gallon","NSA",2024-10-28,"Weekly","",-0.081,"GASREGWR"
"1511",2019-07-29,"GASREGWR",2.715,2024-10-29,2024-10-29,3.32136230543368,255.802,"Real US Regular All Formulations Gas Price","1990-08-20","2024-10-28","2024 $ per gallon","NSA",2024-10-28,"Weekly","",-0.131,"GASREGWR"
"1512",2019-08-05,"GASREGWR",2.688,2024-10-29,2024-10-29,3.28532686454604,256.036,"Real US Regular All Formulations Gas Price","1990-08-20","2024-10-28","2024 $ per gallon","NSA",2024-10-28,"Weekly","",-0.164,"GASREGWR"
"1513",2019-08-12,"GASREGWR",2.624,2024-10-29,2024-10-29,3.20710479634256,256.036,"Real US Regular All Formulations Gas Price","1990-08-20","2024-10-28","2024 $ per gallon","NSA",2024-10-28,"Weekly","",-0.219,"GASREGWR"
"1514",2019-08-19,"GASREGWR",2.598,2024-10-29,2024-10-29,3.1753270811349,256.036,"Real US Regular All Formulations Gas Price","1990-08-20","2024-10-28","2024 $ per gallon","NSA",2024-10-28,"Weekly","",-0.223,"GASREGWR"
"1515",2019-08-26,"GASREGWR",2.574,2024-10-29,2024-10-29,3.14599380555859,256.036,"Real US Regular All Formulations Gas Price","1990-08-20","2024-10-28","2024 $ per gallon","NSA",2024-10-28,"Weekly","",-0.253,"GASREGWR"
"1516",2019-09-02,"GASREGWR",2.563,2024-10-29,2024-10-29,3.12773628280622,256.43,"Real US Regular All Formulations Gas Price","1990-08-20","2024-10-28","2024 $ per gallon","NSA",2024-10-28,"Weekly","",-0.261,"GASREGWR"
"1517",2019-09-09,"GASREGWR",2.55,2024-10-29,2024-10-29,3.11187183814119,256.43,"Real US Regular All Formulations Gas Price","1990-08-20","2024-10-28","2024 $ per gallon","NSA",2024-10-28,"Weekly","",-0.283,"GASREGWR"
"1518",2019-09-16,"GASREGWR",2.552,2024-10-29,2024-10-29,3.11431252193581,256.43,"Real US Regular All Formulations Gas Price","1990-08-20","2024-10-28","2024 $ per gallon","NSA",2024-10-28,"Weekly","",-0.289,"GASREGWR"
"1519",2019-09-23,"GASREGWR",2.654,2024-10-29,2024-10-29,3.23878739546146,256.43,"Real US Regular All Formulations Gas Price","1990-08-20","2024-10-28","2024 $ per gallon","NSA",2024-10-28,"Weekly","",-0.19,"GASREGWR"
"1520",2019-09-30,"GASREGWR",2.642,2024-10-29,2024-10-29,3.22414329269374,256.43,"Real US Regular All Formulations Gas Price","1990-08-20","2024-10-28","2024 $ per gallon","NSA",2024-10-28,"Weekly","",-0.224,"GASREGWR"
"1521",2019-10-07,"GASREGWR",2.645,2024-10-29,2024-10-29,3.21870413316341,257.155,"Real US Regular All Formulations Gas Price","1990-08-20","2024-10-28","2024 $ per gallon","NSA",2024-10-28,"Weekly","",-0.258,"GASREGWR"
"1522",2019-10-14,"GASREGWR",2.629,2024-10-29,2024-10-29,3.19923371118586,257.155,"Real US Regular All Formulations Gas Price","1990-08-20","2024-10-28","2024 $ per gallon","NSA",2024-10-28,"Weekly","",-0.25,"GASREGWR"
"1523",2019-10-21,"GASREGWR",2.638,2024-10-29,2024-10-29,3.21018582354823,257.155,"Real US Regular All Formulations Gas Price","1990-08-20","2024-10-28","2024 $ per gallon","NSA",2024-10-28,"Weekly","",-0.203,"GASREGWR"
"1524",2019-10-28,"GASREGWR",2.596,2024-10-29,2024-10-29,3.15907596585717,257.155,"Real US Regular All Formulations Gas Price","1990-08-20","2024-10-28","2024 $ per gallon","NSA",2024-10-28,"Weekly","",-0.215,"GASREGWR"
"1525",2019-11-04,"GASREGWR",2.605,2024-10-29,2024-10-29,3.16112816652207,257.879,"Real US Regular All Formulations Gas Price","1990-08-20","2024-10-28","2024 $ per gallon","NSA",2024-10-28,"Weekly","",-0.148,"GASREGWR"
"1526",2019-11-11,"GASREGWR",2.615,2024-10-29,2024-10-29,3.17326301552983,257.879,"Real US Regular All Formulations Gas Price","1990-08-20","2024-10-28","2024 $ per gallon","NSA",2024-10-28,"Weekly","",-0.0709999999999997,"GASREGWR"
"1527",2019-11-18,"GASREGWR",2.592,2024-10-29,2024-10-29,3.14535286281198,257.879,"Real US Regular All Formulations Gas Price","1990-08-20","2024-10-28","2024 $ per gallon","NSA",2024-10-28,"Weekly","",-0.0190000000000001,"GASREGWR"
"1528",2019-11-25,"GASREGWR",2.579,2024-10-29,2024-10-29,3.12957755910189,257.879,"Real US Regular All Formulations Gas Price","1990-08-20","2024-10-28","2024 $ per gallon","NSA",2024-10-28,"Weekly","",0.04,"GASREGWR"
"1529",2019-12-02,"GASREGWR",2.575,2024-10-29,2024-10-29,3.11565016538192,258.63,"Real US Regular All Formulations Gas Price","1990-08-20","2024-10-28","2024 $ per gallon","NSA",2024-10-28,"Weekly","",0.124,"GASREGWR"
"1530",2019-12-09,"GASREGWR",2.561,2024-10-29,2024-10-29,3.09871070817208,258.63,"Real US Regular All Formulations Gas Price","1990-08-20","2024-10-28","2024 $ per gallon","NSA",2024-10-28,"Weekly","",0.14,"GASREGWR"
"1531",2019-12-16,"GASREGWR",2.536,2024-10-29,2024-10-29,3.06846167744022,258.63,"Real US Regular All Formulations Gas Price","1990-08-20","2024-10-28","2024 $ per gallon","NSA",2024-10-28,"Weekly","",0.167,"GASREGWR"
"1532",2019-12-23,"GASREGWR",2.532,2024-10-29,2024-10-29,3.06362183252312,258.63,"Real US Regular All Formulations Gas Price","1990-08-20","2024-10-28","2024 $ per gallon","NSA",2024-10-28,"Weekly","",0.211,"GASREGWR"
"1533",2019-12-30,"GASREGWR",2.571,2024-10-29,2024-10-29,3.11081032046483,258.63,"Real US Regular All Formulations Gas Price","1990-08-20","2024-10-28","2024 $ per gallon","NSA",2024-10-28,"Weekly","",0.305,"GASREGWR"
"1534",2020-01-06,"GASREGWR",2.578,2024-10-29,2024-10-29,3.11595482179211,258.906,"Real US Regular All Formulations Gas Price","1990-08-20","2024-10-28","2024 $ per gallon","NSA",2024-10-28,"Weekly","",0.341,"GASREGWR"
"1535",2020-01-13,"GASREGWR",2.57,2024-10-29,2024-10-29,3.10628545073923,258.906,"Real US Regular All Formulations Gas Price","1990-08-20","2024-10-28","2024 $ per gallon","NSA",2024-10-28,"Weekly","",0.323,"GASREGWR"
"1536",2020-01-20,"GASREGWR",2.537,2024-10-29,2024-10-29,3.06639929514608,258.906,"Real US Regular All Formulations Gas Price","1990-08-20","2024-10-28","2024 $ per gallon","NSA",2024-10-28,"Weekly","",0.286,"GASREGWR"
"1537",2020-01-27,"GASREGWR",2.506,2024-10-29,2024-10-29,3.02893048231615,258.906,"Real US Regular All Formulations Gas Price","1990-08-20","2024-10-28","2024 $ per gallon","NSA",2024-10-28,"Weekly","",0.25,"GASREGWR"
"1538",2020-02-03,"GASREGWR",2.455,2024-10-29,2024-10-29,2.96339665624717,259.246,"Real US Regular All Formulations Gas Price","1990-08-20","2024-10-28","2024 $ per gallon","NSA",2024-10-28,"Weekly","",0.201,"GASREGWR"
"1539",2020-02-10,"GASREGWR",2.419,2024-10-29,2024-10-29,2.91994155253031,259.246,"Real US Regular All Formulations Gas Price","1990-08-20","2024-10-28","2024 $ per gallon","NSA",2024-10-28,"Weekly","",0.143,"GASREGWR"
"1540",2020-02-17,"GASREGWR",2.428,2024-10-29,2024-10-29,2.93080532845953,259.246,"Real US Regular All Formulations Gas Price","1990-08-20","2024-10-28","2024 $ per gallon","NSA",2024-10-28,"Weekly","",0.111,"GASREGWR"
"1541",2020-02-24,"GASREGWR",2.466,2024-10-29,2024-10-29,2.9766746046051,259.246,"Real US Regular All Formulations Gas Price","1990-08-20","2024-10-28","2024 $ per gallon","NSA",2024-10-28,"Weekly","",0.0760000000000001,"GASREGWR"
"1542",2020-03-02,"GASREGWR",2.423,2024-10-29,2024-10-29,2.93718728188333,258.15,"Real US Regular All Formulations Gas Price","1990-08-20","2024-10-28","2024 $ per gallon","NSA",2024-10-28,"Weekly","",0.00099999999999989,"GASREGWR"
"1543",2020-03-09,"GASREGWR",2.375,2024-10-29,2024-10-29,2.87900115331115,258.15,"Real US Regular All Formulations Gas Price","1990-08-20","2024-10-28","2024 $ per gallon","NSA",2024-10-28,"Weekly","",-0.0960000000000001,"GASREGWR"
"1544",2020-03-16,"GASREGWR",2.248,2024-10-29,2024-10-29,2.72505035479725,258.15,"Real US Regular All Formulations Gas Price","1990-08-20","2024-10-28","2024 $ per gallon","NSA",2024-10-28,"Weekly","",-0.3,"GASREGWR"
"1545",2020-03-23,"GASREGWR",2.12,2024-10-29,2024-10-29,2.56988734527142,258.15,"Real US Regular All Formulations Gas Price","1990-08-20","2024-10-28","2024 $ per gallon","NSA",2024-10-28,"Weekly","",-0.503,"GASREGWR"
"1546",2020-03-30,"GASREGWR",2.005,2024-10-29,2024-10-29,2.43048307890057,258.15,"Real US Regular All Formulations Gas Price","1990-08-20","2024-10-28","2024 $ per gallon","NSA",2024-10-28,"Weekly","",-0.686,"GASREGWR"
"1547",2020-04-06,"GASREGWR",1.924,2024-10-29,2024-10-29,2.35072461494449,256.126,"Real US Regular All Formulations Gas Price","1990-08-20","2024-10-28","2024 $ per gallon","NSA",2024-10-28,"Weekly","",-0.821,"GASREGWR"
"1548",2020-04-13,"GASREGWR",1.853,2024-10-29,2024-10-29,2.26397750077554,256.126,"Real US Regular All Formulations Gas Price","1990-08-20","2024-10-28","2024 $ per gallon","NSA",2024-10-28,"Weekly","",-0.975,"GASREGWR"
"1549",2020-04-20,"GASREGWR",1.812,2024-10-29,2024-10-29,2.21388409681882,256.126,"Real US Regular All Formulations Gas Price","1990-08-20","2024-10-28","2024 $ per gallon","NSA",2024-10-28,"Weekly","",-1.029,"GASREGWR"
"1550",2020-04-27,"GASREGWR",1.773,2024-10-29,2024-10-29,2.16623427354292,256.126,"Real US Regular All Formulations Gas Price","1990-08-20","2024-10-28","2024 $ per gallon","NSA",2024-10-28,"Weekly","",-1.114,"GASREGWR"
"1551",2020-05-04,"GASREGWR",1.789,2024-10-29,2024-10-29,2.18815795280436,255.848,"Real US Regular All Formulations Gas Price","1990-08-20","2024-10-28","2024 $ per gallon","NSA",2024-10-28,"Weekly","",-1.108,"GASREGWR"
"1552",2020-05-11,"GASREGWR",1.851,2024-10-29,2024-10-29,2.26399126363381,255.848,"Real US Regular All Formulations Gas Price","1990-08-20","2024-10-28","2024 $ per gallon","NSA",2024-10-28,"Weekly","",-1.015,"GASREGWR"
"1553",2020-05-18,"GASREGWR",1.878,2024-10-29,2024-10-29,2.29701544738211,255.848,"Real US Regular All Formulations Gas Price","1990-08-20","2024-10-28","2024 $ per gallon","NSA",2024-10-28,"Weekly","",-0.974,"GASREGWR"
"1554",2020-05-25,"GASREGWR",1.96,2024-10-29,2024-10-29,2.39731111654363,255.848,"Real US Regular All Formulations Gas Price","1990-08-20","2024-10-28","2024 $ per gallon","NSA",2024-10-28,"Weekly","",-0.862,"GASREGWR"
"1555",2020-06-01,"GASREGWR",1.974,2024-10-29,2024-10-29,2.40357467729544,257.004,"Real US Regular All Formulations Gas Price","1990-08-20","2024-10-28","2024 $ per gallon","NSA",2024-10-28,"Weekly","",-0.833,"GASREGWR"
"1556",2020-06-08,"GASREGWR",2.036,2024-10-29,2024-10-29,2.47906689107067,257.004,"Real US Regular All Formulations Gas Price","1990-08-20","2024-10-28","2024 $ per gallon","NSA",2024-10-28,"Weekly","",-0.696,"GASREGWR"
"1557",2020-06-15,"GASREGWR",2.098,2024-10-29,2024-10-29,2.55455910484591,257.004,"Real US Regular All Formulations Gas Price","1990-08-20","2024-10-28","2024 $ per gallon","NSA",2024-10-28,"Weekly","",-0.572,"GASREGWR"
"1558",2020-06-22,"GASREGWR",2.129,2024-10-29,2024-10-29,2.59230521173353,257.004,"Real US Regular All Formulations Gas Price","1990-08-20","2024-10-28","2024 $ per gallon","NSA",2024-10-28,"Weekly","",-0.525,"GASREGWR"
"1559",2020-06-29,"GASREGWR",2.174,2024-10-29,2024-10-29,2.64709794753813,257.004,"Real US Regular All Formulations Gas Price","1990-08-20","2024-10-28","2024 $ per gallon","NSA",2024-10-28,"Weekly","",-0.539,"GASREGWR"
"1560",2020-07-06,"GASREGWR",2.177,2024-10-29,2024-10-29,2.63634855626479,258.408,"Real US Regular All Formulations Gas Price","1990-08-20","2024-10-28","2024 $ per gallon","NSA",2024-10-28,"Weekly","",-0.566,"GASREGWR"
"1561",2020-07-13,"GASREGWR",2.195,2024-10-29,2024-10-29,2.65814656913239,258.408,"Real US Regular All Formulations Gas Price","1990-08-20","2024-10-28","2024 $ per gallon","NSA",2024-10-28,"Weekly","",-0.584,"GASREGWR"
"1562",2020-07-20,"GASREGWR",2.186,2024-10-29,2024-10-29,2.64724756269859,258.408,"Real US Regular All Formulations Gas Price","1990-08-20","2024-10-28","2024 $ per gallon","NSA",2024-10-28,"Weekly","",-0.564,"GASREGWR"
"1563",2020-07-27,"GASREGWR",2.175,2024-10-29,2024-10-29,2.63392655483506,258.408,"Real US Regular All Formulations Gas Price","1990-08-20","2024-10-28","2024 $ per gallon","NSA",2024-10-28,"Weekly","",-0.54,"GASREGWR"
"1564",2020-08-03,"GASREGWR",2.176,2024-10-29,2024-10-29,2.62540435313243,259.366,"Real US Regular All Formulations Gas Price","1990-08-20","2024-10-28","2024 $ per gallon","NSA",2024-10-28,"Weekly","",-0.512,"GASREGWR"
"1565",2020-08-10,"GASREGWR",2.166,2024-10-29,2024-10-29,2.61333907577428,259.366,"Real US Regular All Formulations Gas Price","1990-08-20","2024-10-28","2024 $ per gallon","NSA",2024-10-28,"Weekly","",-0.458,"GASREGWR"
"1566",2020-08-17,"GASREGWR",2.166,2024-10-29,2024-10-29,2.61333907577428,259.366,"Real US Regular All Formulations Gas Price","1990-08-20","2024-10-28","2024 $ per gallon","NSA",2024-10-28,"Weekly","",-0.432,"GASREGWR"
"1567",2020-08-24,"GASREGWR",2.182,2024-10-29,2024-10-29,2.63264351954732,259.366,"Real US Regular All Formulations Gas Price","1990-08-20","2024-10-28","2024 $ per gallon","NSA",2024-10-28,"Weekly","",-0.392,"GASREGWR"
"1568",2020-08-31,"GASREGWR",2.222,2024-10-29,2024-10-29,2.6809046289799,259.366,"Real US Regular All Formulations Gas Price","1990-08-20","2024-10-28","2024 $ per gallon","NSA",2024-10-28,"Weekly","",-0.341,"GASREGWR"
"1569",2020-09-07,"GASREGWR",2.211,2024-10-29,2024-10-29,2.66162951864005,259.951,"Real US Regular All Formulations Gas Price","1990-08-20","2024-10-28","2024 $ per gallon","NSA",2024-10-28,"Weekly","",-0.339,"GASREGWR"
"1570",2020-09-14,"GASREGWR",2.183,2024-10-29,2024-10-29,2.6279227676125,259.951,"Real US Regular All Formulations Gas Price","1990-08-20","2024-10-28","2024 $ per gallon","NSA",2024-10-28,"Weekly","",-0.369,"GASREGWR"
"1571",2020-09-21,"GASREGWR",2.168,2024-10-29,2024-10-29,2.60986557956202,259.951,"Real US Regular All Formulations Gas Price","1990-08-20","2024-10-28","2024 $ per gallon","NSA",2024-10-28,"Weekly","",-0.486,"GASREGWR"
"1572",2020-09-28,"GASREGWR",2.169,2024-10-29,2024-10-29,2.61106939209872,259.951,"Real US Regular All Formulations Gas Price","1990-08-20","2024-10-28","2024 $ per gallon","NSA",2024-10-28,"Weekly","",-0.473,"GASREGWR"
"1573",2020-10-05,"GASREGWR",2.172,2024-10-29,2024-10-29,2.61168687051107,260.249,"Real US Regular All Formulations Gas Price","1990-08-20","2024-10-28","2024 $ per gallon","NSA",2024-10-28,"Weekly","",-0.473,"GASREGWR"
"1574",2020-10-12,"GASREGWR",2.167,2024-10-29,2024-10-29,2.60567469999885,260.249,"Real US Regular All Formulations Gas Price","1990-08-20","2024-10-28","2024 $ per gallon","NSA",2024-10-28,"Weekly","",-0.462,"GASREGWR"
"1575",2020-10-19,"GASREGWR",2.15,2024-10-29,2024-10-29,2.58523332025728,260.249,"Real US Regular All Formulations Gas Price","1990-08-20","2024-10-28","2024 $ per gallon","NSA",2024-10-28,"Weekly","",-0.488,"GASREGWR"
"1576",2020-10-26,"GASREGWR",2.143,2024-10-29,2024-10-29,2.57681628154016,260.249,"Real US Regular All Formulations Gas Price","1990-08-20","2024-10-28","2024 $ per gallon","NSA",2024-10-28,"Weekly","",-0.453,"GASREGWR"
"1577",2020-11-02,"GASREGWR",2.112,2024-10-29,2024-10-29,2.53325268786293,260.895,"Real US Regular All Formulations Gas Price","1990-08-20","2024-10-28","2024 $ per gallon","NSA",2024-10-28,"Weekly","",-0.493,"GASREGWR"
"1578",2020-11-09,"GASREGWR",2.096,2024-10-29,2024-10-29,2.51406137962155,260.895,"Real US Regular All Formulations Gas Price","1990-08-20","2024-10-28","2024 $ per gallon","NSA",2024-10-28,"Weekly","",-0.519,"GASREGWR"
"1579",2020-11-16,"GASREGWR",2.111,2024-10-29,2024-10-29,2.53205323109785,260.895,"Real US Regular All Formulations Gas Price","1990-08-20","2024-10-28","2024 $ per gallon","NSA",2024-10-28,"Weekly","",-0.481,"GASREGWR"
"1580",2020-11-23,"GASREGWR",2.102,2024-10-29,2024-10-29,2.52125812021207,260.895,"Real US Regular All Formulations Gas Price","1990-08-20","2024-10-28","2024 $ per gallon","NSA",2024-10-28,"Weekly","",-0.477,"GASREGWR"
"1581",2020-11-30,"GASREGWR",2.12,2024-10-29,2024-10-29,2.54284834198363,260.895,"Real US Regular All Formulations Gas Price","1990-08-20","2024-10-28","2024 $ per gallon","NSA",2024-10-28,"Weekly","",-0.455,"GASREGWR"
"1582",2020-12-07,"GASREGWR",2.156,2024-10-29,2024-10-29,2.57507291845576,262.005,"Real US Regular All Formulations Gas Price","1990-08-20","2024-10-28","2024 $ per gallon","NSA",2024-10-28,"Weekly","",-0.405,"GASREGWR"
"1583",2020-12-14,"GASREGWR",2.158,2024-10-29,2024-10-29,2.57746166884393,262.005,"Real US Regular All Formulations Gas Price","1990-08-20","2024-10-28","2024 $ per gallon","NSA",2024-10-28,"Weekly","",-0.378,"GASREGWR"
"1584",2020-12-21,"GASREGWR",2.224,2024-10-29,2024-10-29,2.6562904316538,262.005,"Real US Regular All Formulations Gas Price","1990-08-20","2024-10-28","2024 $ per gallon","NSA",2024-10-28,"Weekly","",-0.308,"GASREGWR"
"1585",2020-12-28,"GASREGWR",2.243,2024-10-29,2024-10-29,2.67898356034149,262.005,"Real US Regular All Formulations Gas Price","1990-08-20","2024-10-28","2024 $ per gallon","NSA",2024-10-28,"Weekly","",-0.328,"GASREGWR"
"1586",2021-01-04,"GASREGWR",2.249,2024-10-29,2024-10-29,2.68090066724429,262.518,"Real US Regular All Formulations Gas Price","1990-08-20","2024-10-28","2024 $ per gallon","NSA",2024-10-28,"Weekly","",-0.329,"GASREGWR"
"1587",2021-01-11,"GASREGWR",2.317,2024-10-29,2024-10-29,2.76195946909961,262.518,"Real US Regular All Formulations Gas Price","1990-08-20","2024-10-28","2024 $ per gallon","NSA",2024-10-28,"Weekly","",-0.253,"GASREGWR"
"1588",2021-01-18,"GASREGWR",2.379,2024-10-29,2024-10-29,2.8358660237324,262.518,"Real US Regular All Formulations Gas Price","1990-08-20","2024-10-28","2024 $ per gallon","NSA",2024-10-28,"Weekly","",-0.158,"GASREGWR"
"1589",2021-01-25,"GASREGWR",2.392,2024-10-29,2024-10-29,2.85136255938121,262.518,"Real US Regular All Formulations Gas Price","1990-08-20","2024-10-28","2024 $ per gallon","NSA",2024-10-28,"Weekly","",-0.114,"GASREGWR"
"1590",2021-02-01,"GASREGWR",2.409,2024-10-29,2024-10-29,2.86002452737847,263.583,"Real US Regular All Formulations Gas Price","1990-08-20","2024-10-28","2024 $ per gallon","NSA",2024-10-28,"Weekly","",-0.0460000000000003,"GASREGWR"
"1591",2021-02-08,"GASREGWR",2.461,2024-10-29,2024-10-29,2.92176021663695,263.583,"Real US Regular All Formulations Gas Price","1990-08-20","2024-10-28","2024 $ per gallon","NSA",2024-10-28,"Weekly","",0.0419999999999998,"GASREGWR"
"1592",2021-02-15,"GASREGWR",2.501,2024-10-29,2024-10-29,2.96924920837425,263.583,"Real US Regular All Formulations Gas Price","1990-08-20","2024-10-28","2024 $ per gallon","NSA",2024-10-28,"Weekly","",0.073,"GASREGWR"
"1593",2021-02-22,"GASREGWR",2.633,2024-10-29,2024-10-29,3.12596288110731,263.583,"Real US Regular All Formulations Gas Price","1990-08-20","2024-10-28","2024 $ per gallon","NSA",2024-10-28,"Weekly","",0.167,"GASREGWR"
"1594",2021-03-01,"GASREGWR",2.711,2024-10-29,2024-10-29,3.2024438162532,264.91,"Real US Regular All Formulations Gas Price","1990-08-20","2024-10-28","2024 $ per gallon","NSA",2024-10-28,"Weekly","",0.288,"GASREGWR"
"1595",2021-03-08,"GASREGWR",2.771,2024-10-29,2024-10-29,3.27332047762362,264.91,"Real US Regular All Formulations Gas Price","1990-08-20","2024-10-28","2024 $ per gallon","NSA",2024-10-28,"Weekly","",0.396,"GASREGWR"
"1596",2021-03-15,"GASREGWR",2.853,2024-10-29,2024-10-29,3.37018524816318,264.91,"Real US Regular All Formulations Gas Price","1990-08-20","2024-10-28","2024 $ per gallon","NSA",2024-10-28,"Weekly","",0.605,"GASREGWR"
"1597",2021-03-22,"GASREGWR",2.865,2024-10-29,2024-10-29,3.38436058043727,264.91,"Real US Regular All Formulations Gas Price","1990-08-20","2024-10-28","2024 $ per gallon","NSA",2024-10-28,"Weekly","",0.745,"GASREGWR"
"1598",2021-03-29,"GASREGWR",2.852,2024-10-29,2024-10-29,3.36900397047368,264.91,"Real US Regular All Formulations Gas Price","1990-08-20","2024-10-28","2024 $ per gallon","NSA",2024-10-28,"Weekly","",0.847,"GASREGWR"
"1599",2021-04-05,"GASREGWR",2.857,2024-10-29,2024-10-29,3.35160562313242,266.752,"Real US Regular All Formulations Gas Price","1990-08-20","2024-10-28","2024 $ per gallon","NSA",2024-10-28,"Weekly","",0.933,"GASREGWR"
"1600",2021-04-12,"GASREGWR",2.849,2024-10-29,2024-10-29,3.3422206581394,266.752,"Real US Regular All Formulations Gas Price","1990-08-20","2024-10-28","2024 $ per gallon","NSA",2024-10-28,"Weekly","",0.996,"GASREGWR"
"1601",2021-04-19,"GASREGWR",2.855,2024-10-29,2024-10-29,3.34925938188416,266.752,"Real US Regular All Formulations Gas Price","1990-08-20","2024-10-28","2024 $ per gallon","NSA",2024-10-28,"Weekly","",1.043,"GASREGWR"
"1602",2021-04-26,"GASREGWR",2.872,2024-10-29,2024-10-29,3.36920243249433,266.752,"Real US Regular All Formulations Gas Price","1990-08-20","2024-10-28","2024 $ per gallon","NSA",2024-10-28,"Weekly","",1.099,"GASREGWR"
"1603",2021-05-03,"GASREGWR",2.89,2024-10-29,2024-10-29,3.36884906121697,268.452,"Real US Regular All Formulations Gas Price","1990-08-20","2024-10-28","2024 $ per gallon","NSA",2024-10-28,"Weekly","",1.101,"GASREGWR"
"1604",2021-05-10,"GASREGWR",2.961,2024-10-29,2024-10-29,3.45161317310154,268.452,"Real US Regular All Formulations Gas Price","1990-08-20","2024-10-28","2024 $ per gallon","NSA",2024-10-28,"Weekly","",1.11,"GASREGWR"
"1605",2021-05-17,"GASREGWR",3.028,2024-10-29,2024-10-29,3.52971451811937,268.452,"Real US Regular All Formulations Gas Price","1990-08-20","2024-10-28","2024 $ per gallon","NSA",2024-10-28,"Weekly","",1.15,"GASREGWR"
"1606",2021-05-24,"GASREGWR",3.02,2024-10-29,2024-10-29,3.5203889843859,268.452,"Real US Regular All Formulations Gas Price","1990-08-20","2024-10-28","2024 $ per gallon","NSA",2024-10-28,"Weekly","",1.06,"GASREGWR"
"1607",2021-05-31,"GASREGWR",3.027,2024-10-29,2024-10-29,3.52854882640269,268.452,"Real US Regular All Formulations Gas Price","1990-08-20","2024-10-28","2024 $ per gallon","NSA",2024-10-28,"Weekly","",1.053,"GASREGWR"
"1608",2021-06-07,"GASREGWR",3.035,2024-10-29,2024-10-29,3.50896110205743,270.664,"Real US Regular All Formulations Gas Price","1990-08-20","2024-10-28","2024 $ per gallon","NSA",2024-10-28,"Weekly","",0.999,"GASREGWR"
"1609",2021-06-14,"GASREGWR",3.069,2024-10-29,2024-10-29,3.54827071572134,270.664,"Real US Regular All Formulations Gas Price","1990-08-20","2024-10-28","2024 $ per gallon","NSA",2024-10-28,"Weekly","",0.971,"GASREGWR"
"1610",2021-06-21,"GASREGWR",3.06,2024-10-29,2024-10-29,3.53786522975148,270.664,"Real US Regular All Formulations Gas Price","1990-08-20","2024-10-28","2024 $ per gallon","NSA",2024-10-28,"Weekly","",0.931,"GASREGWR"
"1611",2021-06-28,"GASREGWR",3.091,2024-10-29,2024-10-29,3.5737063480921,270.664,"Real US Regular All Formulations Gas Price","1990-08-20","2024-10-28","2024 $ per gallon","NSA",2024-10-28,"Weekly","",0.917,"GASREGWR"
"1612",2021-07-05,"GASREGWR",3.122,2024-10-29,2024-10-29,3.59189745161491,271.994,"Real US Regular All Formulations Gas Price","1990-08-20","2024-10-28","2024 $ per gallon","NSA",2024-10-28,"Weekly","",0.945,"GASREGWR"
"1613",2021-07-12,"GASREGWR",3.133,2024-10-29,2024-10-29,3.60455308004789,271.994,"Real US Regular All Formulations Gas Price","1990-08-20","2024-10-28","2024 $ per gallon","NSA",2024-10-28,"Weekly","",0.938,"GASREGWR"
"1614",2021-07-19,"GASREGWR",3.153,2024-10-29,2024-10-29,3.6275633135624,271.994,"Real US Regular All Formulations Gas Price","1990-08-20","2024-10-28","2024 $ per gallon","NSA",2024-10-28,"Weekly","",0.967,"GASREGWR"
"1615",2021-07-26,"GASREGWR",3.136,2024-10-29,2024-10-29,3.60800461507506,271.994,"Real US Regular All Formulations Gas Price","1990-08-20","2024-10-28","2024 $ per gallon","NSA",2024-10-28,"Weekly","",0.961,"GASREGWR"
"1616",2021-08-02,"GASREGWR",3.159,2024-10-29,2024-10-29,3.62387431144751,272.789,"Real US Regular All Formulations Gas Price","1990-08-20","2024-10-28","2024 $ per gallon","NSA",2024-10-28,"Weekly","",0.983,"GASREGWR"
"1617",2021-08-09,"GASREGWR",3.172,2024-10-29,2024-10-29,3.63878737445758,272.789,"Real US Regular All Formulations Gas Price","1990-08-20","2024-10-28","2024 $ per gallon","NSA",2024-10-28,"Weekly","",1.006,"GASREGWR"
"1618",2021-08-16,"GASREGWR",3.174,2024-10-29,2024-10-29,3.64108169184375,272.789,"Real US Regular All Formulations Gas Price","1990-08-20","2024-10-28","2024 $ per gallon","NSA",2024-10-28,"Weekly","",1.008,"GASREGWR"
"1619",2021-08-23,"GASREGWR",3.145,2024-10-29,2024-10-29,3.60781408974436,272.789,"Real US Regular All Formulations Gas Price","1990-08-20","2024-10-28","2024 $ per gallon","NSA",2024-10-28,"Weekly","",0.963,"GASREGWR"
"1620",2021-08-30,"GASREGWR",3.139,2024-10-29,2024-10-29,3.60093113758586,272.789,"Real US Regular All Formulations Gas Price","1990-08-20","2024-10-28","2024 $ per gallon","NSA",2024-10-28,"Weekly","",0.917,"GASREGWR"
"1621",2021-09-06,"GASREGWR",3.176,2024-10-29,2024-10-29,3.62876988751499,273.887,"Real US Regular All Formulations Gas Price","1990-08-20","2024-10-28","2024 $ per gallon","NSA",2024-10-28,"Weekly","",0.965,"GASREGWR"
"1622",2021-09-13,"GASREGWR",3.165,2024-10-29,2024-10-29,3.61620172984413,273.887,"Real US Regular All Formulations Gas Price","1990-08-20","2024-10-28","2024 $ per gallon","NSA",2024-10-28,"Weekly","",0.982,"GASREGWR"
"1623",2021-09-20,"GASREGWR",3.184,2024-10-29,2024-10-29,3.63791036582107,273.887,"Real US Regular All Formulations Gas Price","1990-08-20","2024-10-28","2024 $ per gallon","NSA",2024-10-28,"Weekly","",1.016,"GASREGWR"
"1624",2021-09-27,"GASREGWR",3.175,2024-10-29,2024-10-29,3.62762732772673,273.887,"Real US Regular All Formulations Gas Price","1990-08-20","2024-10-28","2024 $ per gallon","NSA",2024-10-28,"Weekly","",1.006,"GASREGWR"
"1625",2021-10-04,"GASREGWR",3.19,2024-10-29,2024-10-29,3.61118368218092,276.434,"Real US Regular All Formulations Gas Price","1990-08-20","2024-10-28","2024 $ per gallon","NSA",2024-10-28,"Weekly","",1.018,"GASREGWR"
"1626",2021-10-11,"GASREGWR",3.267,2024-10-29,2024-10-29,3.69835018485425,276.434,"Real US Regular All Formulations Gas Price","1990-08-20","2024-10-28","2024 $ per gallon","NSA",2024-10-28,"Weekly","",1.1,"GASREGWR"
"1627",2021-10-18,"GASREGWR",3.322,2024-10-29,2024-10-29,3.76061197247806,276.434,"Real US Regular All Formulations Gas Price","1990-08-20","2024-10-28","2024 $ per gallon","NSA",2024-10-28,"Weekly","",1.172,"GASREGWR"
"1628",2021-10-25,"GASREGWR",3.383,2024-10-29,2024-10-29,3.82966595511538,276.434,"Real US Regular All Formulations Gas Price","1990-08-20","2024-10-28","2024 $ per gallon","NSA",2024-10-28,"Weekly","",1.24,"GASREGWR"
"1629",2021-11-01,"GASREGWR",3.39,2024-10-29,2024-10-29,3.80503661973484,278.799,"Real US Regular All Formulations Gas Price","1990-08-20","2024-10-28","2024 $ per gallon","NSA",2024-10-28,"Weekly","",1.278,"GASREGWR"
"1630",2021-11-08,"GASREGWR",3.41,2024-10-29,2024-10-29,3.8274852133616,278.799,"Real US Regular All Formulations Gas Price","1990-08-20","2024-10-28","2024 $ per gallon","NSA",2024-10-28,"Weekly","",1.314,"GASREGWR"
"1631",2021-11-15,"GASREGWR",3.399,2024-10-29,2024-10-29,3.81513848686688,278.799,"Real US Regular All Formulations Gas Price","1990-08-20","2024-10-28","2024 $ per gallon","NSA",2024-10-28,"Weekly","",1.288,"GASREGWR"
"1632",2021-11-22,"GASREGWR",3.395,2024-10-29,2024-10-29,3.81064876814153,278.799,"Real US Regular All Formulations Gas Price","1990-08-20","2024-10-28","2024 $ per gallon","NSA",2024-10-28,"Weekly","",1.293,"GASREGWR"
"1633",2021-11-29,"GASREGWR",3.38,2024-10-29,2024-10-29,3.79381232292147,278.799,"Real US Regular All Formulations Gas Price","1990-08-20","2024-10-28","2024 $ per gallon","NSA",2024-10-28,"Weekly","",1.26,"GASREGWR"
"1634",2021-12-06,"GASREGWR",3.341,2024-10-29,2024-10-29,3.72320846693049,280.808,"Real US Regular All Formulations Gas Price","1990-08-20","2024-10-28","2024 $ per gallon","NSA",2024-10-28,"Weekly","",1.185,"GASREGWR"
"1635",2021-12-13,"GASREGWR",3.315,2024-10-29,2024-10-29,3.69423408197384,280.808,"Real US Regular All Formulations Gas Price","1990-08-20","2024-10-28","2024 $ per gallon","NSA",2024-10-28,"Weekly","",1.157,"GASREGWR"
"1636",2021-12-20,"GASREGWR",3.295,2024-10-29,2024-10-29,3.67194609354564,280.808,"Real US Regular All Formulations Gas Price","1990-08-20","2024-10-28","2024 $ per gallon","NSA",2024-10-28,"Weekly","",1.071,"GASREGWR"
"1637",2021-12-27,"GASREGWR",3.275,2024-10-29,2024-10-29,3.64965810511744,280.808,"Real US Regular All Formulations Gas Price","1990-08-20","2024-10-28","2024 $ per gallon","NSA",2024-10-28,"Weekly","",1.032,"GASREGWR"
"1638",2022-01-03,"GASREGWR",3.281,2024-10-29,2024-10-29,3.6358609965586,282.39,"Real US Regular All Formulations Gas Price","1990-08-20","2024-10-28","2024 $ per gallon","NSA",2024-10-28,"Weekly","",1.032,"GASREGWR"
"1639",2022-01-10,"GASREGWR",3.295,2024-10-29,2024-10-29,3.65137518551069,282.39,"Real US Regular All Formulations Gas Price","1990-08-20","2024-10-28","2024 $ per gallon","NSA",2024-10-28,"Weekly","",0.978,"GASREGWR"
"1640",2022-01-17,"GASREGWR",3.306,2024-10-29,2024-10-29,3.66356490540162,282.39,"Real US Regular All Formulations Gas Price","1990-08-20","2024-10-28","2024 $ per gallon","NSA",2024-10-28,"Weekly","",0.927,"GASREGWR"
"1641",2022-01-24,"GASREGWR",3.323,2024-10-29,2024-10-29,3.68240356341488,282.39,"Real US Regular All Formulations Gas Price","1990-08-20","2024-10-28","2024 $ per gallon","NSA",2024-10-28,"Weekly","",0.931,"GASREGWR"
"1642",2022-01-31,"GASREGWR",3.368,2024-10-29,2024-10-29,3.73227059933232,282.39,"Real US Regular All Formulations Gas Price","1990-08-20","2024-10-28","2024 $ per gallon","NSA",2024-10-28,"Weekly","",0.959,"GASREGWR"
"1643",2022-02-07,"GASREGWR",3.444,2024-10-29,2024-10-29,3.7877194273911,284.535,"Real US Regular All Formulations Gas Price","1990-08-20","2024-10-28","2024 $ per gallon","NSA",2024-10-28,"Weekly","",0.983,"GASREGWR"
"1644",2022-02-14,"GASREGWR",3.487,2024-10-29,2024-10-29,3.83501093011405,284.535,"Real US Regular All Formulations Gas Price","1990-08-20","2024-10-28","2024 $ per gallon","NSA",2024-10-28,"Weekly","",0.986,"GASREGWR"
"1645",2022-02-21,"GASREGWR",3.53,2024-10-29,2024-10-29,3.88230243283699,284.535,"Real US Regular All Formulations Gas Price","1990-08-20","2024-10-28","2024 $ per gallon","NSA",2024-10-28,"Weekly","",0.897,"GASREGWR"
"1646",2022-02-28,"GASREGWR",3.608,2024-10-29,2024-10-29,3.96808701917163,284.535,"Real US Regular All Formulations Gas Price","1990-08-20","2024-10-28","2024 $ per gallon","NSA",2024-10-28,"Weekly","",0.897,"GASREGWR"
"1647",2022-03-07,"GASREGWR",4.102,2024-10-29,2024-10-29,4.4640403081424,287.553,"Real US Regular All Formulations Gas Price","1990-08-20","2024-10-28","2024 $ per gallon","NSA",2024-10-28,"Weekly","",1.331,"GASREGWR"
"1648",2022-03-14,"GASREGWR",4.315,2024-10-29,2024-10-29,4.69583957328973,287.553,"Real US Regular All Formulations Gas Price","1990-08-20","2024-10-28","2024 $ per gallon","NSA",2024-10-28,"Weekly","",1.462,"GASREGWR"
"1649",2022-03-21,"GASREGWR",4.239,2024-10-29,2024-10-29,4.61313185427003,287.553,"Real US Regular All Formulations Gas Price","1990-08-20","2024-10-28","2024 $ per gallon","NSA",2024-10-28,"Weekly","",1.374,"GASREGWR"
"1650",2022-03-28,"GASREGWR",4.231,2024-10-29,2024-10-29,4.60442577858374,287.553,"Real US Regular All Formulations Gas Price","1990-08-20","2024-10-28","2024 $ per gallon","NSA",2024-10-28,"Weekly","",1.379,"GASREGWR"
"1651",2022-04-04,"GASREGWR",4.17,2024-10-29,2024-10-29,4.51901060129631,288.764,"Real US Regular All Formulations Gas Price","1990-08-20","2024-10-28","2024 $ per gallon","NSA",2024-10-28,"Weekly","",1.313,"GASREGWR"
"1652",2022-04-11,"GASREGWR",4.091,2024-10-29,2024-10-29,4.43339864985688,288.764,"Real US Regular All Formulations Gas Price","1990-08-20","2024-10-28","2024 $ per gallon","NSA",2024-10-28,"Weekly","",1.242,"GASREGWR"
"1653",2022-04-18,"GASREGWR",4.066,2024-10-29,2024-10-29,4.40630626016086,288.764,"Real US Regular All Formulations Gas Price","1990-08-20","2024-10-28","2024 $ per gallon","NSA",2024-10-28,"Weekly","",1.211,"GASREGWR"
"1654",2022-04-25,"GASREGWR",4.107,2024-10-29,2024-10-29,4.45073777926234,288.764,"Real US Regular All Formulations Gas Price","1990-08-20","2024-10-28","2024 $ per gallon","NSA",2024-10-28,"Weekly","",1.235,"GASREGWR"
"1655",2022-05-02,"GASREGWR",4.182,2024-10-29,2024-10-29,4.49165038507633,291.359,"Real US Regular All Formulations Gas Price","1990-08-20","2024-10-28","2024 $ per gallon","NSA",2024-10-28,"Weekly","",1.292,"GASREGWR"
"1656",2022-05-09,"GASREGWR",4.328,2024-10-29,2024-10-29,4.64846075241759,291.359,"Real US Regular All Formulations Gas Price","1990-08-20","2024-10-28","2024 $ per gallon","NSA",2024-10-28,"Weekly","",1.367,"GASREGWR"
"1657",2022-05-16,"GASREGWR",4.491,2024-10-29,2024-10-29,4.8235298611616,291.359,"Real US Regular All Formulations Gas Price","1990-08-20","2024-10-28","2024 $ per gallon","NSA",2024-10-28,"Weekly","",1.463,"GASREGWR"
"1658",2022-05-23,"GASREGWR",4.593,2024-10-29,2024-10-29,4.93308230957809,291.359,"Real US Regular All Formulations Gas Price","1990-08-20","2024-10-28","2024 $ per gallon","NSA",2024-10-28,"Weekly","",1.573,"GASREGWR"
"1659",2022-05-30,"GASREGWR",4.624,2024-10-29,2024-10-29,4.96637766154781,291.359,"Real US Regular All Formulations Gas Price","1990-08-20","2024-10-28","2024 $ per gallon","NSA",2024-10-28,"Weekly","",1.597,"GASREGWR"
"1660",2022-06-06,"GASREGWR",4.876,2024-10-29,2024-10-29,5.17246932778133,294.996,"Real US Regular All Formulations Gas Price","1990-08-20","2024-10-28","2024 $ per gallon","NSA",2024-10-28,"Weekly","",1.841,"GASREGWR"
"1661",2022-06-13,"GASREGWR",5.006,2024-10-29,2024-10-29,5.3103735551422,294.996,"Real US Regular All Formulations Gas Price","1990-08-20","2024-10-28","2024 $ per gallon","NSA",2024-10-28,"Weekly","",1.937,"GASREGWR"
"1662",2022-06-20,"GASREGWR",4.962,2024-10-29,2024-10-29,5.26369827818929,294.996,"Real US Regular All Formulations Gas Price","1990-08-20","2024-10-28","2024 $ per gallon","NSA",2024-10-28,"Weekly","",1.902,"GASREGWR"
"1663",2022-06-27,"GASREGWR",4.872,2024-10-29,2024-10-29,5.16822612078561,294.996,"Real US Regular All Formulations Gas Price","1990-08-20","2024-10-28","2024 $ per gallon","NSA",2024-10-28,"Weekly","",1.781,"GASREGWR"
"1664",2022-07-04,"GASREGWR",4.771,2024-10-29,2024-10-29,5.06141113775589,294.977,"Real US Regular All Formulations Gas Price","1990-08-20","2024-10-28","2024 $ per gallon","NSA",2024-10-28,"Weekly","",1.649,"GASREGWR"
"1665",2022-07-11,"GASREGWR",4.646,2024-10-29,2024-10-29,4.9288023781207,294.977,"Real US Regular All Formulations Gas Price","1990-08-20","2024-10-28","2024 $ per gallon","NSA",2024-10-28,"Weekly","",1.513,"GASREGWR"
"1666",2022-07-18,"GASREGWR",4.49,2024-10-29,2024-10-29,4.76330664609598,294.977,"Real US Regular All Formulations Gas Price","1990-08-20","2024-10-28","2024 $ per gallon","NSA",2024-10-28,"Weekly","",1.337,"GASREGWR"
"1667",2022-07-25,"GASREGWR",4.33,2024-10-29,2024-10-29,4.59356743376294,294.977,"Real US Regular All Formulations Gas Price","1990-08-20","2024-10-28","2024 $ per gallon","NSA",2024-10-28,"Weekly","",1.194,"GASREGWR"
"1668",2022-08-01,"GASREGWR",4.192,2024-10-29,2024-10-29,4.44367240589795,295.209,"Real US Regular All Formulations Gas Price","1990-08-20","2024-10-28","2024 $ per gallon","NSA",2024-10-28,"Weekly","",1.033,"GASREGWR"
"1669",2022-08-08,"GASREGWR",4.038,2024-10-29,2024-10-29,4.28042680701716,295.209,"Real US Regular All Formulations Gas Price","1990-08-20","2024-10-28","2024 $ per gallon","NSA",2024-10-28,"Weekly","",0.866,"GASREGWR"
"1670",2022-08-15,"GASREGWR",3.938,2024-10-29,2024-10-29,4.17442317138028,295.209,"Real US Regular All Formulations Gas Price","1990-08-20","2024-10-28","2024 $ per gallon","NSA",2024-10-28,"Weekly","",0.764,"GASREGWR"
"1671",2022-08-22,"GASREGWR",3.88,2024-10-29,2024-10-29,4.11294106271089,295.209,"Real US Regular All Formulations Gas Price","1990-08-20","2024-10-28","2024 $ per gallon","NSA",2024-10-28,"Weekly","",0.735,"GASREGWR"
"1672",2022-08-29,"GASREGWR",3.827,2024-10-29,2024-10-29,4.05675913582334,295.209,"Real US Regular All Formulations Gas Price","1990-08-20","2024-10-28","2024 $ per gallon","NSA",2024-10-28,"Weekly","",0.688,"GASREGWR"
"1673",2022-09-05,"GASREGWR",3.746,2024-10-29,2024-10-29,3.95572767061042,296.341,"Real US Regular All Formulations Gas Price","1990-08-20","2024-10-28","2024 $ per gallon","NSA",2024-10-28,"Weekly","",0.57,"GASREGWR"
"1674",2022-09-12,"GASREGWR",3.69,2024-10-29,2024-10-29,3.89659239309996,296.341,"Real US Regular All Formulations Gas Price","1990-08-20","2024-10-28","2024 $ per gallon","NSA",2024-10-28,"Weekly","",0.525,"GASREGWR"
"1675",2022-09-19,"GASREGWR",3.654,2024-10-29,2024-10-29,3.85857685755752,296.341,"Real US Regular All Formulations Gas Price","1990-08-20","2024-10-28","2024 $ per gallon","NSA",2024-10-28,"Weekly","",0.47,"GASREGWR"
"1676",2022-09-26,"GASREGWR",3.711,2024-10-29,2024-10-29,3.91876812216639,296.341,"Real US Regular All Formulations Gas Price","1990-08-20","2024-10-28","2024 $ per gallon","NSA",2024-10-28,"Weekly","",0.536,"GASREGWR"
"1677",2022-10-03,"GASREGWR",3.782,2024-10-29,2024-10-29,3.97333625006982,297.863,"Real US Regular All Formulations Gas Price","1990-08-20","2024-10-28","2024 $ per gallon","NSA",2024-10-28,"Weekly","",0.592,"GASREGWR"
"1678",2022-10-10,"GASREGWR",3.912,2024-10-29,2024-10-29,4.10991311747042,297.863,"Real US Regular All Formulations Gas Price","1990-08-20","2024-10-28","2024 $ per gallon","NSA",2024-10-28,"Weekly","",0.645,"GASREGWR"
"1679",2022-10-17,"GASREGWR",3.871,2024-10-29,2024-10-29,4.06683887467484,297.863,"Real US Regular All Formulations Gas Price","1990-08-20","2024-10-28","2024 $ per gallon","NSA",2024-10-28,"Weekly","",0.549,"GASREGWR"
"1680",2022-10-24,"GASREGWR",3.769,2024-10-29,2024-10-29,3.95967856332976,297.863,"Real US Regular All Formulations Gas Price","1990-08-20","2024-10-28","2024 $ per gallon","NSA",2024-10-28,"Weekly","",0.386,"GASREGWR"
"1681",2022-10-31,"GASREGWR",3.742,2024-10-29,2024-10-29,3.93131259856194,297.863,"Real US Regular All Formulations Gas Price","1990-08-20","2024-10-28","2024 $ per gallon","NSA",2024-10-28,"Weekly","",0.352,"GASREGWR"
"1682",2022-11-07,"GASREGWR",3.796,2024-10-29,2024-10-29,3.9775619032196,298.648,"Real US Regular All Formulations Gas Price","1990-08-20","2024-10-28","2024 $ per gallon","NSA",2024-10-28,"Weekly","",0.386,"GASREGWR"
"1683",2022-11-14,"GASREGWR",3.762,2024-10-29,2024-10-29,3.94193569017706,298.648,"Real US Regular All Formulations Gas Price","1990-08-20","2024-10-28","2024 $ per gallon","NSA",2024-10-28,"Weekly","",0.363,"GASREGWR"
"1684",2022-11-21,"GASREGWR",3.648,2024-10-29,2024-10-29,3.82248309350503,298.648,"Real US Regular All Formulations Gas Price","1990-08-20","2024-10-28","2024 $ per gallon","NSA",2024-10-28,"Weekly","",0.253,"GASREGWR"
"1685",2022-11-28,"GASREGWR",3.534,2024-10-29,2024-10-29,3.703030496833,298.648,"Real US Regular All Formulations Gas Price","1990-08-20","2024-10-28","2024 $ per gallon","NSA",2024-10-28,"Weekly","",0.154,"GASREGWR"
"1686",2022-12-05,"GASREGWR",3.39,2024-10-29,2024-10-29,3.55019344787175,298.812,"Real US Regular All Formulations Gas Price","1990-08-20","2024-10-28","2024 $ per gallon","NSA",2024-10-28,"Weekly","",0.0489999999999999,"GASREGWR"
"1687",2022-12-12,"GASREGWR",3.239,2024-10-29,2024-10-29,3.39205798750932,298.812,"Real US Regular All Formulations Gas Price","1990-08-20","2024-10-28","2024 $ per gallon","NSA",2024-10-28,"Weekly","",-0.0760000000000001,"GASREGWR"
"1688",2022-12-19,"GASREGWR",3.12,2024-10-29,2024-10-29,3.26743467768728,298.812,"Real US Regular All Formulations Gas Price","1990-08-20","2024-10-28","2024 $ per gallon","NSA",2024-10-28,"Weekly","",-0.175,"GASREGWR"
"1689",2022-12-26,"GASREGWR",3.091,2024-10-29,2024-10-29,3.23706429126006,298.812,"Real US Regular All Formulations Gas Price","1990-08-20","2024-10-28","2024 $ per gallon","NSA",2024-10-28,"Weekly","",-0.184,"GASREGWR"
"1690",2023-01-02,"GASREGWR",3.223,2024-10-29,2024-10-29,3.35795094820813,300.356,"Real US Regular All Formulations Gas Price","1990-08-20","2024-10-28","2024 $ per gallon","NSA",2024-10-28,"Weekly","",-0.0580000000000003,"GASREGWR"
"1691",2023-01-09,"GASREGWR",3.259,2024-10-29,2024-10-29,3.3954583121968,300.356,"Real US Regular All Formulations Gas Price","1990-08-20","2024-10-28","2024 $ per gallon","NSA",2024-10-28,"Weekly","",-0.036,"GASREGWR"
"1692",2023-01-16,"GASREGWR",3.31,2024-10-29,2024-10-29,3.44859374451409,300.356,"Real US Regular All Formulations Gas Price","1990-08-20","2024-10-28","2024 $ per gallon","NSA",2024-10-28,"Weekly","",0.004,"GASREGWR"
"1693",2023-01-23,"GASREGWR",3.415,2024-10-29,2024-10-29,3.55799022281438,300.356,"Real US Regular All Formulations Gas Price","1990-08-20","2024-10-28","2024 $ per gallon","NSA",2024-10-28,"Weekly","",0.0920000000000001,"GASREGWR"
"1694",2023-01-30,"GASREGWR",3.489,2024-10-29,2024-10-29,3.63508869323554,300.356,"Real US Regular All Formulations Gas Price","1990-08-20","2024-10-28","2024 $ per gallon","NSA",2024-10-28,"Weekly","",0.121,"GASREGWR"
"1695",2023-02-06,"GASREGWR",3.444,2024-10-29,2024-10-29,3.57448284221276,301.509,"Real US Regular All Formulations Gas Price","1990-08-20","2024-10-28","2024 $ per gallon","NSA",2024-10-28,"Weekly","",0,"GASREGWR"
"1696",2023-02-13,"GASREGWR",3.39,2024-10-29,2024-10-29,3.51843694398991,301.509,"Real US Regular All Formulations Gas Price","1990-08-20","2024-10-28","2024 $ per gallon","NSA",2024-10-28,"Weekly","",-0.097,"GASREGWR"
"1697",2023-02-20,"GASREGWR",3.379,2024-10-29,2024-10-29,3.50702018694452,301.509,"Real US Regular All Formulations Gas Price","1990-08-20","2024-10-28","2024 $ per gallon","NSA",2024-10-28,"Weekly","",-0.151,"GASREGWR"
"1698",2023-02-27,"GASREGWR",3.342,2024-10-29,2024-10-29,3.46861836779183,301.509,"Real US Regular All Formulations Gas Price","1990-08-20","2024-10-28","2024 $ per gallon","NSA",2024-10-28,"Weekly","",-0.266,"GASREGWR"
"1699",2023-03-06,"GASREGWR",3.389,2024-10-29,2024-10-29,3.51465968593486,301.744,"Real US Regular All Formulations Gas Price","1990-08-20","2024-10-28","2024 $ per gallon","NSA",2024-10-28,"Weekly","",-0.713000000000001,"GASREGWR"
"1700",2023-03-13,"GASREGWR",3.456,2024-10-29,2024-10-29,3.58414395827408,301.744,"Real US Regular All Formulations Gas Price","1990-08-20","2024-10-28","2024 $ per gallon","NSA",2024-10-28,"Weekly","",-0.859,"GASREGWR"
"1701",2023-03-20,"GASREGWR",3.422,2024-10-29,2024-10-29,3.54888328275865,301.744,"Real US Regular All Formulations Gas Price","1990-08-20","2024-10-28","2024 $ per gallon","NSA",2024-10-28,"Weekly","",-0.817,"GASREGWR"
"1702",2023-03-27,"GASREGWR",3.421,2024-10-29,2024-10-29,3.54784620406702,301.744,"Real US Regular All Formulations Gas Price","1990-08-20","2024-10-28","2024 $ per gallon","NSA",2024-10-28,"Weekly","",-0.81,"GASREGWR"
"1703",2023-04-03,"GASREGWR",3.497,2024-10-29,2024-10-29,3.61124949750281,303.032,"Real US Regular All Formulations Gas Price","1990-08-20","2024-10-28","2024 $ per gallon","NSA",2024-10-28,"Weekly","",-0.673,"GASREGWR"
"1704",2023-04-10,"GASREGWR",3.596,2024-10-29,2024-10-29,3.71348389849017,303.032,"Real US Regular All Formulations Gas Price","1990-08-20","2024-10-28","2024 $ per gallon","NSA",2024-10-28,"Weekly","",-0.495,"GASREGWR"
"1705",2023-04-17,"GASREGWR",3.663,2024-10-29,2024-10-29,3.78267283653212,303.032,"Real US Regular All Formulations Gas Price","1990-08-20","2024-10-28","2024 $ per gallon","NSA",2024-10-28,"Weekly","",-0.403,"GASREGWR"
"1706",2023-04-24,"GASREGWR",3.656,2024-10-29,2024-10-29,3.77544414151281,303.032,"Real US Regular All Formulations Gas Price","1990-08-20","2024-10-28","2024 $ per gallon","NSA",2024-10-28,"Weekly","",-0.451,"GASREGWR"
"1707",2023-05-01,"GASREGWR",3.6,2024-10-29,2024-10-29,3.71353380191578,303.365,"Real US Regular All Formulations Gas Price","1990-08-20","2024-10-28","2024 $ per gallon","NSA",2024-10-28,"Weekly","",-0.582,"GASREGWR"
"1708",2023-05-08,"GASREGWR",3.533,2024-10-29,2024-10-29,3.64442081171346,303.365,"Real US Regular All Formulations Gas Price","1990-08-20","2024-10-28","2024 $ per gallon","NSA",2024-10-28,"Weekly","",-0.795,"GASREGWR"
"1709",2023-05-15,"GASREGWR",3.536,2024-10-29,2024-10-29,3.64751542321506,303.365,"Real US Regular All Formulations Gas Price","1990-08-20","2024-10-28","2024 $ per gallon","NSA",2024-10-28,"Weekly","",-0.955,"GASREGWR"
"1710",2023-05-22,"GASREGWR",3.534,2024-10-29,2024-10-29,3.64545234888066,303.365,"Real US Regular All Formulations Gas Price","1990-08-20","2024-10-28","2024 $ per gallon","NSA",2024-10-28,"Weekly","",-1.059,"GASREGWR"
"1711",2023-05-29,"GASREGWR",3.571,2024-10-29,2024-10-29,3.68361922406702,303.365,"Real US Regular All Formulations Gas Price","1990-08-20","2024-10-28","2024 $ per gallon","NSA",2024-10-28,"Weekly","",-1.053,"GASREGWR"
"1712",2023-06-05,"GASREGWR",3.541,2024-10-29,2024-10-29,3.64500737731954,304.003,"Real US Regular All Formulations Gas Price","1990-08-20","2024-10-28","2024 $ per gallon","NSA",2024-10-28,"Weekly","",-1.335,"GASREGWR"
"1713",2023-06-12,"GASREGWR",3.595,2024-10-29,2024-10-29,3.70059348248059,304.003,"Real US Regular All Formulations Gas Price","1990-08-20","2024-10-28","2024 $ per gallon","NSA",2024-10-28,"Weekly","",-1.411,"GASREGWR"
"1714",2023-06-19,"GASREGWR",3.577,2024-10-29,2024-10-29,3.68206478076024,304.003,"Real US Regular All Formulations Gas Price","1990-08-20","2024-10-28","2024 $ per gallon","NSA",2024-10-28,"Weekly","",-1.385,"GASREGWR"
"1715",2023-06-26,"GASREGWR",3.571,2024-10-29,2024-10-29,3.67588854685346,304.003,"Real US Regular All Formulations Gas Price","1990-08-20","2024-10-28","2024 $ per gallon","NSA",2024-10-28,"Weekly","",-1.301,"GASREGWR"
"1716",2023-07-03,"GASREGWR",3.527,2024-10-29,2024-10-29,3.62314733349886,304.628,"Real US Regular All Formulations Gas Price","1990-08-20","2024-10-28","2024 $ per gallon","NSA",2024-10-28,"Weekly","",-1.244,"GASREGWR"
"1717",2023-07-10,"GASREGWR",3.546,2024-10-29,2024-10-29,3.6426652805747,304.628,"Real US Regular All Formulations Gas Price","1990-08-20","2024-10-28","2024 $ per gallon","NSA",2024-10-28,"Weekly","",-1.1,"GASREGWR"
"1718",2023-07-17,"GASREGWR",3.559,2024-10-29,2024-10-29,3.65601966541606,304.628,"Real US Regular All Formulations Gas Price","1990-08-20","2024-10-28","2024 $ per gallon","NSA",2024-10-28,"Weekly","",-0.931,"GASREGWR"
"1719",2023-07-24,"GASREGWR",3.596,2024-10-29,2024-10-29,3.69402829919532,304.628,"Real US Regular All Formulations Gas Price","1990-08-20","2024-10-28","2024 $ per gallon","NSA",2024-10-28,"Weekly","",-0.734,"GASREGWR"
"1720",2023-07-31,"GASREGWR",3.757,2024-10-29,2024-10-29,3.85941721915373,304.628,"Real US Regular All Formulations Gas Price","1990-08-20","2024-10-28","2024 $ per gallon","NSA",2024-10-28,"Weekly","",-0.435,"GASREGWR"
"1721",2023-08-07,"GASREGWR",3.828,2024-10-29,2024-10-29,3.91233050390774,306.187,"Real US Regular All Formulations Gas Price","1990-08-20","2024-10-28","2024 $ per gallon","NSA",2024-10-28,"Weekly","",-0.21,"GASREGWR"
"1722",2023-08-14,"GASREGWR",3.85,2024-10-29,2024-10-29,3.93481516197618,306.187,"Real US Regular All Formulations Gas Price","1990-08-20","2024-10-28","2024 $ per gallon","NSA",2024-10-28,"Weekly","",-0.0880000000000001,"GASREGWR"
"1723",2023-08-21,"GASREGWR",3.868,2024-10-29,2024-10-29,3.95321170039581,306.187,"Real US Regular All Formulations Gas Price","1990-08-20","2024-10-28","2024 $ per gallon","NSA",2024-10-28,"Weekly","",-0.012,"GASREGWR"
"1724",2023-08-28,"GASREGWR",3.813,2024-10-29,2024-10-29,3.89700005522472,306.187,"Real US Regular All Formulations Gas Price","1990-08-20","2024-10-28","2024 $ per gallon","NSA",2024-10-28,"Weekly","",-0.0139999999999998,"GASREGWR"
"1725",2023-09-04,"GASREGWR",3.807,2024-10-29,2024-10-29,3.8769270595426,307.288,"Real US Regular All Formulations Gas Price","1990-08-20","2024-10-28","2024 $ per gallon","NSA",2024-10-28,"Weekly","",0.0609999999999999,"GASREGWR"
"1726",2023-09-11,"GASREGWR",3.822,2024-10-29,2024-10-29,3.89220257987177,307.288,"Real US Regular All Formulations Gas Price","1990-08-20","2024-10-28","2024 $ per gallon","NSA",2024-10-28,"Weekly","",0.132,"GASREGWR"
"1727",2023-09-18,"GASREGWR",3.878,2024-10-29,2024-10-29,3.94923118910066,307.288,"Real US Regular All Formulations Gas Price","1990-08-20","2024-10-28","2024 $ per gallon","NSA",2024-10-28,"Weekly","",0.224,"GASREGWR"
"1728",2023-09-25,"GASREGWR",3.837,2024-10-29,2024-10-29,3.90747810020094,307.288,"Real US Regular All Formulations Gas Price","1990-08-20","2024-10-28","2024 $ per gallon","NSA",2024-10-28,"Weekly","",0.126,"GASREGWR"
"1729",2023-10-02,"GASREGWR",3.798,2024-10-29,2024-10-29,3.86470558030957,307.531,"Real US Regular All Formulations Gas Price","1990-08-20","2024-10-28","2024 $ per gallon","NSA",2024-10-28,"Weekly","",0.016,"GASREGWR"
"1730",2023-10-09,"GASREGWR",3.684,2024-10-29,2024-10-29,3.74870335909964,307.531,"Real US Regular All Formulations Gas Price","1990-08-20","2024-10-28","2024 $ per gallon","NSA",2024-10-28,"Weekly","",-0.228,"GASREGWR"
"1731",2023-10-16,"GASREGWR",3.576,2024-10-29,2024-10-29,3.6388065179534,307.531,"Real US Regular All Formulations Gas Price","1990-08-20","2024-10-28","2024 $ per gallon","NSA",2024-10-28,"Weekly","",-0.295,"GASREGWR"
"1732",2023-10-23,"GASREGWR",3.533,2024-10-29,2024-10-29,3.59505129416369,307.531,"Real US Regular All Formulations Gas Price","1990-08-20","2024-10-28","2024 $ per gallon","NSA",2024-10-28,"Weekly","",-0.236,"GASREGWR"
"1733",2023-10-30,"GASREGWR",3.473,2024-10-29,2024-10-29,3.53399749352689,307.531,"Real US Regular All Formulations Gas Price","1990-08-20","2024-10-28","2024 $ per gallon","NSA",2024-10-28,"Weekly","",-0.269,"GASREGWR"
"1734",2023-11-06,"GASREGWR",3.396,2024-10-29,2024-10-29,3.45011427090687,308.024,"Real US Regular All Formulations Gas Price","1990-08-20","2024-10-28","2024 $ per gallon","NSA",2024-10-28,"Weekly","",-0.4,"GASREGWR"
"1735",2023-11-13,"GASREGWR",3.349,2024-10-29,2024-10-29,3.40236533959573,308.024,"Real US Regular All Formulations Gas Price","1990-08-20","2024-10-28","2024 $ per gallon","NSA",2024-10-28,"Weekly","",-0.413,"GASREGWR"
"1736",2023-11-20,"GASREGWR",3.289,2024-10-29,2024-10-29,3.34140925707088,308.024,"Real US Regular All Formulations Gas Price","1990-08-20","2024-10-28","2024 $ per gallon","NSA",2024-10-28,"Weekly","",-0.359,"GASREGWR"
"1737",2023-11-27,"GASREGWR",3.238,2024-10-29,2024-10-29,3.28959658692475,308.024,"Real US Regular All Formulations Gas Price","1990-08-20","2024-10-28","2024 $ per gallon","NSA",2024-10-28,"Weekly","",-0.296,"GASREGWR"
"1738",2023-12-04,"GASREGWR",3.231,2024-10-29,2024-10-29,3.27485140726502,308.742,"Real US Regular All Formulations Gas Price","1990-08-20","2024-10-28","2024 $ per gallon","NSA",2024-10-28,"Weekly","",-0.159,"GASREGWR"
"1739",2023-12-11,"GASREGWR",3.136,2024-10-29,2024-10-29,3.1785620591715,308.742,"Real US Regular All Formulations Gas Price","1990-08-20","2024-10-28","2024 $ per gallon","NSA",2024-10-28,"Weekly","",-0.103,"GASREGWR"
"1740",2023-12-18,"GASREGWR",3.053,2024-10-29,2024-10-29,3.09443557610032,308.742,"Real US Regular All Formulations Gas Price","1990-08-20","2024-10-28","2024 $ per gallon","NSA",2024-10-28,"Weekly","",-0.0670000000000002,"GASREGWR"
"1741",2023-12-25,"GASREGWR",3.116,2024-10-29,2024-10-29,3.1582906174676,308.742,"Real US Regular All Formulations Gas Price","1990-08-20","2024-10-28","2024 $ per gallon","NSA",2024-10-28,"Weekly","",0.0249999999999999,"GASREGWR"
"1742",2024-01-01,"GASREGWR",3.089,2024-10-29,2024-10-29,3.12139041430662,309.685,"Real US Regular All Formulations Gas Price","1990-08-20","2024-10-28","2024 $ per gallon","NSA",2024-10-28,"Weekly","",-0.134,"GASREGWR"
"1743",2024-01-08,"GASREGWR",3.073,2024-10-29,2024-10-29,3.10522264265595,309.685,"Real US Regular All Formulations Gas Price","1990-08-20","2024-10-28","2024 $ per gallon","NSA",2024-10-28,"Weekly","",-0.186,"GASREGWR"
"1744",2024-01-15,"GASREGWR",3.058,2024-10-29,2024-10-29,3.09006535673345,309.685,"Real US Regular All Formulations Gas Price","1990-08-20","2024-10-28","2024 $ per gallon","NSA",2024-10-28,"Weekly","",-0.252,"GASREGWR"
"1745",2024-01-22,"GASREGWR",3.062,2024-10-29,2024-10-29,3.09410729964612,309.685,"Real US Regular All Formulations Gas Price","1990-08-20","2024-10-28","2024 $ per gallon","NSA",2024-10-28,"Weekly","",-0.353,"GASREGWR"
"1746",2024-01-29,"GASREGWR",3.095,2024-10-29,2024-10-29,3.12745332867562,309.685,"Real US Regular All Formulations Gas Price","1990-08-20","2024-10-28","2024 $ per gallon","NSA",2024-10-28,"Weekly","",-0.394,"GASREGWR"
"1747",2024-02-05,"GASREGWR",3.136,2024-10-29,2024-10-29,3.15493646528489,311.054,"Real US Regular All Formulations Gas Price","1990-08-20","2024-10-28","2024 $ per gallon","NSA",2024-10-28,"Weekly","",-0.308,"GASREGWR"
"1748",2024-02-12,"GASREGWR",3.192,2024-10-29,2024-10-29,3.2112746164507,311.054,"Real US Regular All Formulations Gas Price","1990-08-20","2024-10-28","2024 $ per gallon","NSA",2024-10-28,"Weekly","",-0.198,"GASREGWR"
"1749",2024-02-19,"GASREGWR",3.269,2024-10-29,2024-10-29,3.28873957430367,311.054,"Real US Regular All Formulations Gas Price","1990-08-20","2024-10-28","2024 $ per gallon","NSA",2024-10-28,"Weekly","",-0.11,"GASREGWR"
"1750",2024-02-26,"GASREGWR",3.249,2024-10-29,2024-10-29,3.26861880603017,311.054,"Real US Regular All Formulations Gas Price","1990-08-20","2024-10-28","2024 $ per gallon","NSA",2024-10-28,"Weekly","",-0.093,"GASREGWR"
"1751",2024-03-04,"GASREGWR",3.35,2024-10-29,2024-10-29,3.3575348737673,312.23,"Real US Regular All Formulations Gas Price","1990-08-20","2024-10-28","2024 $ per gallon","NSA",2024-10-28,"Weekly","",-0.0389999999999997,"GASREGWR"
"1752",2024-03-11,"GASREGWR",3.376,2024-10-29,2024-10-29,3.3835933533846,312.23,"Real US Regular All Formulations Gas Price","1990-08-20","2024-10-28","2024 $ per gallon","NSA",2024-10-28,"Weekly","",-0.0800000000000001,"GASREGWR"
"1753",2024-03-18,"GASREGWR",3.453,2024-10-29,2024-10-29,3.46076654302044,312.23,"Real US Regular All Formulations Gas Price","1990-08-20","2024-10-28","2024 $ per gallon","NSA",2024-10-28,"Weekly","",0.0309999999999997,"GASREGWR"
"1754",2024-03-25,"GASREGWR",3.523,2024-10-29,2024-10-29,3.53092398814394,312.23,"Real US Regular All Formulations Gas Price","1990-08-20","2024-10-28","2024 $ per gallon","NSA",2024-10-28,"Weekly","",0.102,"GASREGWR"
"1755",2024-04-01,"GASREGWR",3.517,2024-10-29,2024-10-29,3.51391508868518,313.207,"Real US Regular All Formulations Gas Price","1990-08-20","2024-10-28","2024 $ per gallon","NSA",2024-10-28,"Weekly","",0.02,"GASREGWR"
"1756",2024-04-08,"GASREGWR",3.591,2024-10-29,2024-10-29,3.58785018011614,313.207,"Real US Regular All Formulations Gas Price","1990-08-20","2024-10-28","2024 $ per gallon","NSA",2024-10-28,"Weekly","",-0.00499999999999989,"GASREGWR"
"1757",2024-04-15,"GASREGWR",3.628,2024-10-29,2024-10-29,3.62481772583162,313.207,"Real US Regular All Formulations Gas Price","1990-08-20","2024-10-28","2024 $ per gallon","NSA",2024-10-28,"Weekly","",-0.0349999999999997,"GASREGWR"
"1758",2024-04-22,"GASREGWR",3.668,2024-10-29,2024-10-29,3.66478264011863,313.207,"Real US Regular All Formulations Gas Price","1990-08-20","2024-10-28","2024 $ per gallon","NSA",2024-10-28,"Weekly","",0.012,"GASREGWR"
"1759",2024-04-29,"GASREGWR",3.653,2024-10-29,2024-10-29,3.649795797261,313.207,"Real US Regular All Formulations Gas Price","1990-08-20","2024-10-28","2024 $ per gallon","NSA",2024-10-28,"Weekly","",0.0529999999999999,"GASREGWR"
"1760",2024-05-06,"GASREGWR",3.643,2024-10-29,2024-10-29,3.63959540121464,313.225,"Real US Regular All Formulations Gas Price","1990-08-20","2024-10-28","2024 $ per gallon","NSA",2024-10-28,"Weekly","",0.11,"GASREGWR"
"1761",2024-05-13,"GASREGWR",3.608,2024-10-29,2024-10-29,3.60462811078298,313.225,"Real US Regular All Formulations Gas Price","1990-08-20","2024-10-28","2024 $ per gallon","NSA",2024-10-28,"Weekly","",0.0720000000000001,"GASREGWR"
"1762",2024-05-20,"GASREGWR",3.584,2024-10-29,2024-10-29,3.58065054020128,313.225,"Real US Regular All Formulations Gas Price","1990-08-20","2024-10-28","2024 $ per gallon","NSA",2024-10-28,"Weekly","",0.0500000000000003,"GASREGWR"
"1763",2024-05-27,"GASREGWR",3.577,2024-10-29,2024-10-29,3.57365708211495,313.225,"Real US Regular All Formulations Gas Price","1990-08-20","2024-10-28","2024 $ per gallon","NSA",2024-10-28,"Weekly","",0.00599999999999978,"GASREGWR"
"1764",2024-06-03,"GASREGWR",3.516,2024-10-29,2024-10-29,3.51468898130673,313.049,"Real US Regular All Formulations Gas Price","1990-08-20","2024-10-28","2024 $ per gallon","NSA",2024-10-28,"Weekly","",-0.0249999999999999,"GASREGWR"
"1765",2024-06-10,"GASREGWR",3.429,2024-10-29,2024-10-29,3.42772142118907,313.049,"Real US Regular All Formulations Gas Price","1990-08-20","2024-10-28","2024 $ per gallon","NSA",2024-10-28,"Weekly","",-0.166,"GASREGWR"
"1766",2024-06-17,"GASREGWR",3.435,2024-10-29,2024-10-29,3.43371918395581,313.049,"Real US Regular All Formulations Gas Price","1990-08-20","2024-10-28","2024 $ per gallon","NSA",2024-10-28,"Weekly","",-0.142,"GASREGWR"
"1767",2024-06-24,"GASREGWR",3.438,2024-10-29,2024-10-29,3.43671806533918,313.049,"Real US Regular All Formulations Gas Price","1990-08-20","2024-10-28","2024 $ per gallon","NSA",2024-10-28,"Weekly","",-0.133,"GASREGWR"
"1768",2024-07-01,"GASREGWR",3.479,2024-10-29,2024-10-29,3.4723231828707,313.534,"Real US Regular All Formulations Gas Price","1990-08-20","2024-10-28","2024 $ per gallon","NSA",2024-10-28,"Weekly","",-0.048,"GASREGWR"
"1769",2024-07-08,"GASREGWR",3.489,2024-10-29,2024-10-29,3.4823039910997,313.534,"Real US Regular All Formulations Gas Price","1990-08-20","2024-10-28","2024 $ per gallon","NSA",2024-10-28,"Weekly","",-0.0569999999999999,"GASREGWR"
"1770",2024-07-15,"GASREGWR",3.496,2024-10-29,2024-10-29,3.48929055686001,313.534,"Real US Regular All Formulations Gas Price","1990-08-20","2024-10-28","2024 $ per gallon","NSA",2024-10-28,"Weekly","",-0.0630000000000002,"GASREGWR"
"1771",2024-07-22,"GASREGWR",3.471,2024-10-29,2024-10-29,3.4643385362875,313.534,"Real US Regular All Formulations Gas Price","1990-08-20","2024-10-28","2024 $ per gallon","NSA",2024-10-28,"Weekly","",-0.125,"GASREGWR"
"1772",2024-07-29,"GASREGWR",3.484,2024-10-29,2024-10-29,3.4773135869852,313.534,"Real US Regular All Formulations Gas Price","1990-08-20","2024-10-28","2024 $ per gallon","NSA",2024-10-28,"Weekly","",-0.273,"GASREGWR"
"1773",2024-08-05,"GASREGWR",3.448,2024-10-29,2024-10-29,3.43495174268399,314.121,"Real US Regular All Formulations Gas Price","1990-08-20","2024-10-28","2024 $ per gallon","NSA",2024-10-28,"Weekly","",-0.38,"GASREGWR"
"1774",2024-08-12,"GASREGWR",3.414,2024-10-29,2024-10-29,3.40108040879441,314.121,"Real US Regular All Formulations Gas Price","1990-08-20","2024-10-28","2024 $ per gallon","NSA",2024-10-28,"Weekly","",-0.436,"GASREGWR"
"1775",2024-08-19,"GASREGWR",3.382,2024-10-29,2024-10-29,3.36920150631011,314.121,"Real US Regular All Formulations Gas Price","1990-08-20","2024-10-28","2024 $ per gallon","NSA",2024-10-28,"Weekly","",-0.486,"GASREGWR"
"1776",2024-08-26,"GASREGWR",3.313,2024-10-29,2024-10-29,3.30046262282832,314.121,"Real US Regular All Formulations Gas Price","1990-08-20","2024-10-28","2024 $ per gallon","NSA",2024-10-28,"Weekly","",-0.5,"GASREGWR"
"1777",2024-09-02,"GASREGWR",3.289,2024-10-29,2024-10-29,3.27067058909516,314.686,"Real US Regular All Formulations Gas Price","1990-08-20","2024-10-28","2024 $ per gallon","NSA",2024-10-28,"Weekly","",-0.518,"GASREGWR"
"1778",2024-09-09,"GASREGWR",3.236,2024-10-29,2024-10-29,3.21796595509637,314.686,"Real US Regular All Formulations Gas Price","1990-08-20","2024-10-28","2024 $ per gallon","NSA",2024-10-28,"Weekly","",-0.586,"GASREGWR"
"1779",2024-09-16,"GASREGWR",3.18,2024-10-29,2024-10-29,3.16227803992783,314.686,"Real US Regular All Formulations Gas Price","1990-08-20","2024-10-28","2024 $ per gallon","NSA",2024-10-28,"Weekly","",-0.698,"GASREGWR"
"1780",2024-09-23,"GASREGWR",3.185,2024-10-29,2024-10-29,3.16725017521073,314.686,"Real US Regular All Formulations Gas Price","1990-08-20","2024-10-28","2024 $ per gallon","NSA",2024-10-28,"Weekly","",-0.652,"GASREGWR"
"1781",2024-09-30,"GASREGWR",3.179,2024-10-29,2024-10-29,3.16128361287124,314.686,"Real US Regular All Formulations Gas Price","1990-08-20","2024-10-28","2024 $ per gallon","NSA",2024-10-28,"Weekly","",-0.619,"GASREGWR"
"1782",2024-10-07,"GASREGWR",3.136,2024-10-29,2024-10-29,3.11852324943826,314.686,"Real US Regular All Formulations Gas Price","1990-08-20","2024-10-28","2024 $ per gallon","NSA",2024-10-28,"Weekly","",-0.548,"GASREGWR"
"1783",2024-10-14,"GASREGWR",3.171,2024-10-29,2024-10-29,3.15332819641859,314.686,"Real US Regular All Formulations Gas Price","1990-08-20","2024-10-28","2024 $ per gallon","NSA",2024-10-28,"Weekly","",-0.405,"GASREGWR"
"1784",2024-10-21,"GASREGWR",3.144,2024-10-29,2024-10-29,3.12647866589091,314.686,"Real US Regular All Formulations Gas Price","1990-08-20","2024-10-28","2024 $ per gallon","NSA",2024-10-28,"Weekly","",-0.389,"GASREGWR"
"1785",2024-10-28,"GASREGWR",3.097,2024-10-29,2024-10-29,3.0797405942316,314.686,"Real US Regular All Formulations Gas Price","1990-08-20","2024-10-28","2024 $ per gallon","NSA",2024-10-28,"Weekly","",-0.376,"GASREGWR"
