"","date","series_id","value","realtime_start","realtime_end","level","title","observation_start","observation_end","units_short","seasonal_adjustment_short","last_updated","frequency","corr_units_short","corr_value","sid1"
"1",1939-01-01,"PAYEMS",29923,2025-04-21,2025-04-21,29923,"Total Nonfarm Employment",NA,NA,NA,NA,2025-04-04,"Monthly","%",NA,"PAYEMS"
"2",1939-02-01,"PAYEMS",30100,2025-04-21,2025-04-21,30100,"Total Nonfarm Employment",NA,NA,NA,NA,2025-04-04,"Monthly","%",NA,"PAYEMS"
"3",1939-03-01,"PAYEMS",30280,2025-04-21,2025-04-21,30280,"Total Nonfarm Employment",NA,NA,NA,NA,2025-04-04,"Monthly","%",NA,"PAYEMS"
"4",1939-04-01,"PAYEMS",30094,2025-04-21,2025-04-21,30094,"Total Nonfarm Employment",NA,NA,NA,NA,2025-04-04,"Monthly","%",NA,"PAYEMS"
"5",1939-05-01,"PAYEMS",30299,2025-04-21,2025-04-21,30299,"Total Nonfarm Employment",NA,NA,NA,NA,2025-04-04,"Monthly","%",NA,"PAYEMS"
"6",1939-06-01,"PAYEMS",30502,2025-04-21,2025-04-21,30502,"Total Nonfarm Employment",NA,NA,NA,NA,2025-04-04,"Monthly","%",NA,"PAYEMS"
"7",1939-07-01,"PAYEMS",30419,2025-04-21,2025-04-21,30419,"Total Nonfarm Employment",NA,NA,NA,NA,2025-04-04,"Monthly","%",NA,"PAYEMS"
"8",1939-08-01,"PAYEMS",30663,2025-04-21,2025-04-21,30663,"Total Nonfarm Employment",NA,NA,NA,NA,2025-04-04,"Monthly","%",NA,"PAYEMS"
"9",1939-09-01,"PAYEMS",31031,2025-04-21,2025-04-21,31031,"Total Nonfarm Employment",NA,NA,NA,NA,2025-04-04,"Monthly","%",NA,"PAYEMS"
"10",1939-10-01,"PAYEMS",31411,2025-04-21,2025-04-21,31411,"Total Nonfarm Employment",NA,NA,NA,NA,2025-04-04,"Monthly","%",NA,"PAYEMS"
"11",1939-11-01,"PAYEMS",31470,2025-04-21,2025-04-21,31470,"Total Nonfarm Employment",NA,NA,NA,NA,2025-04-04,"Monthly","%",NA,"PAYEMS"
"12",1939-12-01,"PAYEMS",31542,2025-04-21,2025-04-21,31542,"Total Nonfarm Employment",NA,NA,NA,NA,2025-04-04,"Monthly","%",NA,"PAYEMS"
"13",1940-01-01,"PAYEMS",31603,2025-04-21,2025-04-21,31603,"Total Nonfarm Employment",NA,NA,NA,NA,2025-04-04,"Monthly","%",5.61441031982088,"PAYEMS"
"14",1940-02-01,"PAYEMS",31715,2025-04-21,2025-04-21,31715,"Total Nonfarm Employment",NA,NA,NA,NA,2025-04-04,"Monthly","%",5.36544850498339,"PAYEMS"
"15",1940-03-01,"PAYEMS",31825,2025-04-21,2025-04-21,31825,"Total Nonfarm Employment",NA,NA,NA,NA,2025-04-04,"Monthly","%",5.10237780713343,"PAYEMS"
"16",1940-04-01,"PAYEMS",31701,2025-04-21,2025-04-21,31701,"Total Nonfarm Employment",NA,NA,NA,NA,2025-04-04,"Monthly","%",5.33993487073836,"PAYEMS"
"17",1940-05-01,"PAYEMS",31879,2025-04-21,2025-04-21,31879,"Total Nonfarm Employment",NA,NA,NA,NA,2025-04-04,"Monthly","%",5.21469355424271,"PAYEMS"
"18",1940-06-01,"PAYEMS",31977,2025-04-21,2025-04-21,31977,"Total Nonfarm Employment",NA,NA,NA,NA,2025-04-04,"Monthly","%",4.8357484755098,"PAYEMS"
"19",1940-07-01,"PAYEMS",31942,2025-04-21,2025-04-21,31942,"Total Nonfarm Employment",NA,NA,NA,NA,2025-04-04,"Monthly","%",5.00673920904697,"PAYEMS"
"20",1940-08-01,"PAYEMS",32352,2025-04-21,2025-04-21,32352,"Total Nonfarm Employment",NA,NA,NA,NA,2025-04-04,"Monthly","%",5.50826729282849,"PAYEMS"
"21",1940-09-01,"PAYEMS",32810,2025-04-21,2025-04-21,32810,"Total Nonfarm Employment",NA,NA,NA,NA,2025-04-04,"Monthly","%",5.73297670071864,"PAYEMS"
"22",1940-10-01,"PAYEMS",33267,2025-04-21,2025-04-21,33267,"Total Nonfarm Employment",NA,NA,NA,NA,2025-04-04,"Monthly","%",5.90875807838018,"PAYEMS"
"23",1940-11-01,"PAYEMS",33669,2025-04-21,2025-04-21,33669,"Total Nonfarm Employment",NA,NA,NA,NA,2025-04-04,"Monthly","%",6.98760724499523,"PAYEMS"
"24",1940-12-01,"PAYEMS",34174,2025-04-21,2025-04-21,34174,"Total Nonfarm Employment",NA,NA,NA,NA,2025-04-04,"Monthly","%",8.34442964935642,"PAYEMS"
"25",1941-01-01,"PAYEMS",34481,2025-04-21,2025-04-21,34481,"Total Nonfarm Employment",NA,NA,NA,NA,2025-04-04,"Monthly","%",9.10673037369869,"PAYEMS"
"26",1941-02-01,"PAYEMS",34843,2025-04-21,2025-04-21,34843,"Total Nonfarm Employment",NA,NA,NA,NA,2025-04-04,"Monthly","%",9.86284092700616,"PAYEMS"
"27",1941-03-01,"PAYEMS",35092,2025-04-21,2025-04-21,35092,"Total Nonfarm Employment",NA,NA,NA,NA,2025-04-04,"Monthly","%",10.2655145326002,"PAYEMS"
"28",1941-04-01,"PAYEMS",35468,2025-04-21,2025-04-21,35468,"Total Nonfarm Employment",NA,NA,NA,NA,2025-04-04,"Monthly","%",11.882905902022,"PAYEMS"
"29",1941-05-01,"PAYEMS",36182,2025-04-21,2025-04-21,36182,"Total Nonfarm Employment",NA,NA,NA,NA,2025-04-04,"Monthly","%",13.4979139872643,"PAYEMS"
"30",1941-06-01,"PAYEMS",36650,2025-04-21,2025-04-21,36650,"Total Nonfarm Employment",NA,NA,NA,NA,2025-04-04,"Monthly","%",14.6136285455171,"PAYEMS"
"31",1941-07-01,"PAYEMS",37137,2025-04-21,2025-04-21,37137,"Total Nonfarm Employment",NA,NA,NA,NA,2025-04-04,"Monthly","%",16.2638532339866,"PAYEMS"
"32",1941-08-01,"PAYEMS",37544,2025-04-21,2025-04-21,37544,"Total Nonfarm Employment",NA,NA,NA,NA,2025-04-04,"Monthly","%",16.0484668644906,"PAYEMS"
"33",1941-09-01,"PAYEMS",37835,2025-04-21,2025-04-21,37835,"Total Nonfarm Employment",NA,NA,NA,NA,2025-04-04,"Monthly","%",15.3154526059128,"PAYEMS"
"34",1941-10-01,"PAYEMS",37949,2025-04-21,2025-04-21,37949,"Total Nonfarm Employment",NA,NA,NA,NA,2025-04-04,"Monthly","%",14.0740072744762,"PAYEMS"
"35",1941-11-01,"PAYEMS",38024,2025-04-21,2025-04-21,38024,"Total Nonfarm Employment",NA,NA,NA,NA,2025-04-04,"Monthly","%",12.9347470967359,"PAYEMS"
"36",1941-12-01,"PAYEMS",38104,2025-04-21,2025-04-21,38104,"Total Nonfarm Employment",NA,NA,NA,NA,2025-04-04,"Monthly","%",11.4999707379879,"PAYEMS"
"37",1942-01-01,"PAYEMS",38347,2025-04-21,2025-04-21,38347,"Total Nonfarm Employment",NA,NA,NA,NA,2025-04-04,"Monthly","%",11.2119718105623,"PAYEMS"
"38",1942-02-01,"PAYEMS",38512,2025-04-21,2025-04-21,38512,"Total Nonfarm Employment",NA,NA,NA,NA,2025-04-04,"Monthly","%",10.5300921275435,"PAYEMS"
"39",1942-03-01,"PAYEMS",38935,2025-04-21,2025-04-21,38935,"Total Nonfarm Employment",NA,NA,NA,NA,2025-04-04,"Monthly","%",10.9512139518979,"PAYEMS"
"40",1942-04-01,"PAYEMS",39352,2025-04-21,2025-04-21,39352,"Total Nonfarm Employment",NA,NA,NA,NA,2025-04-04,"Monthly","%",10.950716138491,"PAYEMS"
"41",1942-05-01,"PAYEMS",39771,2025-04-21,2025-04-21,39771,"Total Nonfarm Employment",NA,NA,NA,NA,2025-04-04,"Monthly","%",9.91929688795534,"PAYEMS"
"42",1942-06-01,"PAYEMS",40029,2025-04-21,2025-04-21,40029,"Total Nonfarm Employment",NA,NA,NA,NA,2025-04-04,"Monthly","%",9.21964529331514,"PAYEMS"
"43",1942-07-01,"PAYEMS",40472,2025-04-21,2025-04-21,40472,"Total Nonfarm Employment",NA,NA,NA,NA,2025-04-04,"Monthly","%",8.98026227212754,"PAYEMS"
"44",1942-08-01,"PAYEMS",40988,2025-04-21,2025-04-21,40988,"Total Nonfarm Employment",NA,NA,NA,NA,2025-04-04,"Monthly","%",9.17323673556361,"PAYEMS"
"45",1942-09-01,"PAYEMS",41259,2025-04-21,2025-04-21,41259,"Total Nonfarm Employment",NA,NA,NA,NA,2025-04-04,"Monthly","%",9.0498215937624,"PAYEMS"
"46",1942-10-01,"PAYEMS",41515,2025-04-21,2025-04-21,41515,"Total Nonfarm Employment",NA,NA,NA,NA,2025-04-04,"Monthly","%",9.39682205064691,"PAYEMS"
"47",1942-11-01,"PAYEMS",41674,2025-04-21,2025-04-21,41674,"Total Nonfarm Employment",NA,NA,NA,NA,2025-04-04,"Monthly","%",9.59920050494425,"PAYEMS"
"48",1942-12-01,"PAYEMS",41915,2025-04-21,2025-04-21,41915,"Total Nonfarm Employment",NA,NA,NA,NA,2025-04-04,"Monthly","%",10.0015746378333,"PAYEMS"
"49",1943-01-01,"PAYEMS",42172,2025-04-21,2025-04-21,42172,"Total Nonfarm Employment",NA,NA,NA,NA,2025-04-04,"Monthly","%",9.97470467050878,"PAYEMS"
"50",1943-02-01,"PAYEMS",42393,2025-04-21,2025-04-21,42393,"Total Nonfarm Employment",NA,NA,NA,NA,2025-04-04,"Monthly","%",10.077378479435,"PAYEMS"
"51",1943-03-01,"PAYEMS",42552,2025-04-21,2025-04-21,42552,"Total Nonfarm Employment",NA,NA,NA,NA,2025-04-04,"Monthly","%",9.28984204443304,"PAYEMS"
"52",1943-04-01,"PAYEMS",42647,2025-04-21,2025-04-21,42647,"Total Nonfarm Employment",NA,NA,NA,NA,2025-04-04,"Monthly","%",8.37314494816019,"PAYEMS"
"53",1943-05-01,"PAYEMS",42596,2025-04-21,2025-04-21,42596,"Total Nonfarm Employment",NA,NA,NA,NA,2025-04-04,"Monthly","%",7.10316562319278,"PAYEMS"
"54",1943-06-01,"PAYEMS",42781,2025-04-21,2025-04-21,42781,"Total Nonfarm Employment",NA,NA,NA,NA,2025-04-04,"Monthly","%",6.87501561368009,"PAYEMS"
"55",1943-07-01,"PAYEMS",42700,2025-04-21,2025-04-21,42700,"Total Nonfarm Employment",NA,NA,NA,NA,2025-04-04,"Monthly","%",5.50504052184226,"PAYEMS"
"56",1943-08-01,"PAYEMS",42546,2025-04-21,2025-04-21,42546,"Total Nonfarm Employment",NA,NA,NA,NA,2025-04-04,"Monthly","%",3.80111252073778,"PAYEMS"
"57",1943-09-01,"PAYEMS",42492,2025-04-21,2025-04-21,42492,"Total Nonfarm Employment",NA,NA,NA,NA,2025-04-04,"Monthly","%",2.98843888606122,"PAYEMS"
"58",1943-10-01,"PAYEMS",42675,2025-04-21,2025-04-21,42675,"Total Nonfarm Employment",NA,NA,NA,NA,2025-04-04,"Monthly","%",2.79417078164519,"PAYEMS"
"59",1943-11-01,"PAYEMS",42821,2025-04-21,2025-04-21,42821,"Total Nonfarm Employment",NA,NA,NA,NA,2025-04-04,"Monthly","%",2.75231559245572,"PAYEMS"
"60",1943-12-01,"PAYEMS",42746,2025-04-21,2025-04-21,42746,"Total Nonfarm Employment",NA,NA,NA,NA,2025-04-04,"Monthly","%",1.98258380054872,"PAYEMS"
"61",1944-01-01,"PAYEMS",42654,2025-04-21,2025-04-21,42654,"Total Nonfarm Employment",NA,NA,NA,NA,2025-04-04,"Monthly","%",1.14293844256852,"PAYEMS"
"62",1944-02-01,"PAYEMS",42538,2025-04-21,2025-04-21,42538,"Total Nonfarm Employment",NA,NA,NA,NA,2025-04-04,"Monthly","%",0.342037600547251,"PAYEMS"
"63",1944-03-01,"PAYEMS",42294,2025-04-21,2025-04-21,42294,"Total Nonfarm Employment",NA,NA,NA,NA,2025-04-04,"Monthly","%",-0.606316976875354,"PAYEMS"
"64",1944-04-01,"PAYEMS",42063,2025-04-21,2025-04-21,42063,"Total Nonfarm Employment",NA,NA,NA,NA,2025-04-04,"Monthly","%",-1.36938119914648,"PAYEMS"
"65",1944-05-01,"PAYEMS",41985,2025-04-21,2025-04-21,41985,"Total Nonfarm Employment",NA,NA,NA,NA,2025-04-04,"Monthly","%",-1.43440698657151,"PAYEMS"
"66",1944-06-01,"PAYEMS",41947,2025-04-21,2025-04-21,41947,"Total Nonfarm Employment",NA,NA,NA,NA,2025-04-04,"Monthly","%",-1.94946354690166,"PAYEMS"
"67",1944-07-01,"PAYEMS",41904,2025-04-21,2025-04-21,41904,"Total Nonfarm Employment",NA,NA,NA,NA,2025-04-04,"Monthly","%",-1.86416861826698,"PAYEMS"
"68",1944-08-01,"PAYEMS",41850,2025-04-21,2025-04-21,41850,"Total Nonfarm Employment",NA,NA,NA,NA,2025-04-04,"Monthly","%",-1.63587646312227,"PAYEMS"
"69",1944-09-01,"PAYEMS",41679,2025-04-21,2025-04-21,41679,"Total Nonfarm Employment",NA,NA,NA,NA,2025-04-04,"Monthly","%",-1.91330132730867,"PAYEMS"
"70",1944-10-01,"PAYEMS",41708,2025-04-21,2025-04-21,41708,"Total Nonfarm Employment",NA,NA,NA,NA,2025-04-04,"Monthly","%",-2.26596367896895,"PAYEMS"
"71",1944-11-01,"PAYEMS",41711,2025-04-21,2025-04-21,41711,"Total Nonfarm Employment",NA,NA,NA,NA,2025-04-04,"Monthly","%",-2.59218607692487,"PAYEMS"
"72",1944-12-01,"PAYEMS",41860,2025-04-21,2025-04-21,41860,"Total Nonfarm Employment",NA,NA,NA,NA,2025-04-04,"Monthly","%",-2.07270855752585,"PAYEMS"
"73",1945-01-01,"PAYEMS",41895,2025-04-21,2025-04-21,41895,"Total Nonfarm Employment",NA,NA,NA,NA,2025-04-04,"Monthly","%",-1.77943451962301,"PAYEMS"
"74",1945-02-01,"PAYEMS",41897,2025-04-21,2025-04-21,41897,"Total Nonfarm Employment",NA,NA,NA,NA,2025-04-04,"Monthly","%",-1.50688795900137,"PAYEMS"
"75",1945-03-01,"PAYEMS",41798,2025-04-21,2025-04-21,41798,"Total Nonfarm Employment",NA,NA,NA,NA,2025-04-04,"Monthly","%",-1.17274317870147,"PAYEMS"
"76",1945-04-01,"PAYEMS",41446,2025-04-21,2025-04-21,41446,"Total Nonfarm Employment",NA,NA,NA,NA,2025-04-04,"Monthly","%",-1.46684734802558,"PAYEMS"
"77",1945-05-01,"PAYEMS",41304,2025-04-21,2025-04-21,41304,"Total Nonfarm Employment",NA,NA,NA,NA,2025-04-04,"Monthly","%",-1.62200785994998,"PAYEMS"
"78",1945-06-01,"PAYEMS",41149,2025-04-21,2025-04-21,41149,"Total Nonfarm Employment",NA,NA,NA,NA,2025-04-04,"Monthly","%",-1.90240064843732,"PAYEMS"
"79",1945-07-01,"PAYEMS",40874,2025-04-21,2025-04-21,40874,"Total Nonfarm Employment",NA,NA,NA,NA,2025-04-04,"Monthly","%",-2.45799923634975,"PAYEMS"
"80",1945-08-01,"PAYEMS",40466,2025-04-21,2025-04-21,40466,"Total Nonfarm Employment",NA,NA,NA,NA,2025-04-04,"Monthly","%",-3.30704898446834,"PAYEMS"
"81",1945-09-01,"PAYEMS",38507,2025-04-21,2025-04-21,38507,"Total Nonfarm Employment",NA,NA,NA,NA,2025-04-04,"Monthly","%",-7.61054727800571,"PAYEMS"
"82",1945-10-01,"PAYEMS",38600,2025-04-21,2025-04-21,38600,"Total Nonfarm Employment",NA,NA,NA,NA,2025-04-04,"Monthly","%",-7.4518078066558,"PAYEMS"
"83",1945-11-01,"PAYEMS",38996,2025-04-21,2025-04-21,38996,"Total Nonfarm Employment",NA,NA,NA,NA,2025-04-04,"Monthly","%",-6.50907434489703,"PAYEMS"
"84",1945-12-01,"PAYEMS",39110,2025-04-21,2025-04-21,39110,"Total Nonfarm Employment",NA,NA,NA,NA,2025-04-04,"Monthly","%",-6.56951743908266,"PAYEMS"
"85",1946-01-01,"PAYEMS",39829,2025-04-21,2025-04-21,39829,"Total Nonfarm Employment",NA,NA,NA,NA,2025-04-04,"Monthly","%",-4.93137605919561,"PAYEMS"
"86",1946-02-01,"PAYEMS",39244,2025-04-21,2025-04-21,39244,"Total Nonfarm Employment",NA,NA,NA,NA,2025-04-04,"Monthly","%",-6.33219562259828,"PAYEMS"
"87",1946-03-01,"PAYEMS",40195,2025-04-21,2025-04-21,40195,"Total Nonfarm Employment",NA,NA,NA,NA,2025-04-04,"Monthly","%",-3.83511172783387,"PAYEMS"
"88",1946-04-01,"PAYEMS",40913,2025-04-21,2025-04-21,40913,"Total Nonfarm Employment",NA,NA,NA,NA,2025-04-04,"Monthly","%",-1.28601071273464,"PAYEMS"
"89",1946-05-01,"PAYEMS",41349,2025-04-21,2025-04-21,41349,"Total Nonfarm Employment",NA,NA,NA,NA,2025-04-04,"Monthly","%",0.108948285880306,"PAYEMS"
"90",1946-06-01,"PAYEMS",41735,2025-04-21,2025-04-21,41735,"Total Nonfarm Employment",NA,NA,NA,NA,2025-04-04,"Monthly","%",1.4240929305694,"PAYEMS"
"91",1946-07-01,"PAYEMS",42153,2025-04-21,2025-04-21,42153,"Total Nonfarm Employment",NA,NA,NA,NA,2025-04-04,"Monthly","%",3.12912854137104,"PAYEMS"
"92",1946-08-01,"PAYEMS",42642,2025-04-21,2025-04-21,42642,"Total Nonfarm Employment",NA,NA,NA,NA,2025-04-04,"Monthly","%",5.37735382790492,"PAYEMS"
"93",1946-09-01,"PAYEMS",42915,2025-04-21,2025-04-21,42915,"Total Nonfarm Employment",NA,NA,NA,NA,2025-04-04,"Monthly","%",11.4472693276547,"PAYEMS"
"94",1946-10-01,"PAYEMS",43093,2025-04-21,2025-04-21,43093,"Total Nonfarm Employment",NA,NA,NA,NA,2025-04-04,"Monthly","%",11.639896373057,"PAYEMS"
"95",1946-11-01,"PAYEMS",43395,2025-04-21,2025-04-21,43395,"Total Nonfarm Employment",NA,NA,NA,NA,2025-04-04,"Monthly","%",11.2806441686327,"PAYEMS"
"96",1946-12-01,"PAYEMS",43379,2025-04-21,2025-04-21,43379,"Total Nonfarm Employment",NA,NA,NA,NA,2025-04-04,"Monthly","%",10.9153669138328,"PAYEMS"
"97",1947-01-01,"PAYEMS",43535,2025-04-21,2025-04-21,43535,"Total Nonfarm Employment",NA,NA,NA,NA,2025-04-04,"Monthly","%",9.30477792563207,"PAYEMS"
"98",1947-02-01,"PAYEMS",43557,2025-04-21,2025-04-21,43557,"Total Nonfarm Employment",NA,NA,NA,NA,2025-04-04,"Monthly","%",10.9902150647233,"PAYEMS"
"99",1947-03-01,"PAYEMS",43607,2025-04-21,2025-04-21,43607,"Total Nonfarm Employment",NA,NA,NA,NA,2025-04-04,"Monthly","%",8.48861798731186,"PAYEMS"
"100",1947-04-01,"PAYEMS",43499,2025-04-21,2025-04-21,43499,"Total Nonfarm Employment",NA,NA,NA,NA,2025-04-04,"Monthly","%",6.32072935252854,"PAYEMS"
"101",1947-05-01,"PAYEMS",43638,2025-04-21,2025-04-21,43638,"Total Nonfarm Employment",NA,NA,NA,NA,2025-04-04,"Monthly","%",5.53580497714576,"PAYEMS"
"102",1947-06-01,"PAYEMS",43810,2025-04-21,2025-04-21,43810,"Total Nonfarm Employment",NA,NA,NA,NA,2025-04-04,"Monthly","%",4.97184617227746,"PAYEMS"
"103",1947-07-01,"PAYEMS",43743,2025-04-21,2025-04-21,43743,"Total Nonfarm Employment",NA,NA,NA,NA,2025-04-04,"Monthly","%",3.77197352501601,"PAYEMS"
"104",1947-08-01,"PAYEMS",43960,2025-04-21,2025-04-21,43960,"Total Nonfarm Employment",NA,NA,NA,NA,2025-04-04,"Monthly","%",3.09084939730782,"PAYEMS"
"105",1947-09-01,"PAYEMS",44203,2025-04-21,2025-04-21,44203,"Total Nonfarm Employment",NA,NA,NA,NA,2025-04-04,"Monthly","%",3.00128160316906,"PAYEMS"
"106",1947-10-01,"PAYEMS",44411,2025-04-21,2025-04-21,44411,"Total Nonfarm Employment",NA,NA,NA,NA,2025-04-04,"Monthly","%",3.05850138073469,"PAYEMS"
"107",1947-11-01,"PAYEMS",44484,2025-04-21,2025-04-21,44484,"Total Nonfarm Employment",NA,NA,NA,NA,2025-04-04,"Monthly","%",2.50950570342205,"PAYEMS"
"108",1947-12-01,"PAYEMS",44581,2025-04-21,2025-04-21,44581,"Total Nonfarm Employment",NA,NA,NA,NA,2025-04-04,"Monthly","%",2.77092602411304,"PAYEMS"
"109",1948-01-01,"PAYEMS",44679,2025-04-21,2025-04-21,44679,"Total Nonfarm Employment",NA,NA,NA,NA,2025-04-04,"Monthly","%",2.6277707591593,"PAYEMS"
"110",1948-02-01,"PAYEMS",44533,2025-04-21,2025-04-21,44533,"Total Nonfarm Employment",NA,NA,NA,NA,2025-04-04,"Monthly","%",2.24074201620865,"PAYEMS"
"111",1948-03-01,"PAYEMS",44683,2025-04-21,2025-04-21,44683,"Total Nonfarm Employment",NA,NA,NA,NA,2025-04-04,"Monthly","%",2.46749375100328,"PAYEMS"
"112",1948-04-01,"PAYEMS",44379,2025-04-21,2025-04-21,44379,"Total Nonfarm Employment",NA,NA,NA,NA,2025-04-04,"Monthly","%",2.02303501229912,"PAYEMS"
"113",1948-05-01,"PAYEMS",44796,2025-04-21,2025-04-21,44796,"Total Nonfarm Employment",NA,NA,NA,NA,2025-04-04,"Monthly","%",2.65365048810671,"PAYEMS"
"114",1948-06-01,"PAYEMS",45034,2025-04-21,2025-04-21,45034,"Total Nonfarm Employment",NA,NA,NA,NA,2025-04-04,"Monthly","%",2.79388267518832,"PAYEMS"
"115",1948-07-01,"PAYEMS",45160,2025-04-21,2025-04-21,45160,"Total Nonfarm Employment",NA,NA,NA,NA,2025-04-04,"Monthly","%",3.23937544292801,"PAYEMS"
"116",1948-08-01,"PAYEMS",45178,2025-04-21,2025-04-21,45178,"Total Nonfarm Employment",NA,NA,NA,NA,2025-04-04,"Monthly","%",2.77070063694267,"PAYEMS"
"117",1948-09-01,"PAYEMS",45294,2025-04-21,2025-04-21,45294,"Total Nonfarm Employment",NA,NA,NA,NA,2025-04-04,"Monthly","%",2.46815826980069,"PAYEMS"
"118",1948-10-01,"PAYEMS",45245,2025-04-21,2025-04-21,45245,"Total Nonfarm Employment",NA,NA,NA,NA,2025-04-04,"Monthly","%",1.87791312963004,"PAYEMS"
"119",1948-11-01,"PAYEMS",45192,2025-04-21,2025-04-21,45192,"Total Nonfarm Employment",NA,NA,NA,NA,2025-04-04,"Monthly","%",1.59158349069328,"PAYEMS"
"120",1948-12-01,"PAYEMS",45032,2025-04-21,2025-04-21,45032,"Total Nonfarm Employment",NA,NA,NA,NA,2025-04-04,"Monthly","%",1.01164173078216,"PAYEMS"
"121",1949-01-01,"PAYEMS",44668,2025-04-21,2025-04-21,44668,"Total Nonfarm Employment",NA,NA,NA,NA,2025-04-04,"Monthly","%",-0.0246200675932728,"PAYEMS"
"122",1949-02-01,"PAYEMS",44497,2025-04-21,2025-04-21,44497,"Total Nonfarm Employment",NA,NA,NA,NA,2025-04-04,"Monthly","%",-0.0808389284350897,"PAYEMS"
"123",1949-03-01,"PAYEMS",44240,2025-04-21,2025-04-21,44240,"Total Nonfarm Employment",NA,NA,NA,NA,2025-04-04,"Monthly","%",-0.99142850748607,"PAYEMS"
"124",1949-04-01,"PAYEMS",44236,2025-04-21,2025-04-21,44236,"Total Nonfarm Employment",NA,NA,NA,NA,2025-04-04,"Monthly","%",-0.322224475540234,"PAYEMS"
"125",1949-05-01,"PAYEMS",43984,2025-04-21,2025-04-21,43984,"Total Nonfarm Employment",NA,NA,NA,NA,2025-04-04,"Monthly","%",-1.81266184480757,"PAYEMS"
"126",1949-06-01,"PAYEMS",43739,2025-04-21,2025-04-21,43739,"Total Nonfarm Employment",NA,NA,NA,NA,2025-04-04,"Monthly","%",-2.87560509837012,"PAYEMS"
"127",1949-07-01,"PAYEMS",43531,2025-04-21,2025-04-21,43531,"Total Nonfarm Employment",NA,NA,NA,NA,2025-04-04,"Monthly","%",-3.60717449069974,"PAYEMS"
"128",1949-08-01,"PAYEMS",43624,2025-04-21,2025-04-21,43624,"Total Nonfarm Employment",NA,NA,NA,NA,2025-04-04,"Monthly","%",-3.43972730089867,"PAYEMS"
"129",1949-09-01,"PAYEMS",43780,2025-04-21,2025-04-21,43780,"Total Nonfarm Employment",NA,NA,NA,NA,2025-04-04,"Monthly","%",-3.34260608469112,"PAYEMS"
"130",1949-10-01,"PAYEMS",42942,2025-04-21,2025-04-21,42942,"Total Nonfarm Employment",NA,NA,NA,NA,2025-04-04,"Monthly","%",-5.09006520057464,"PAYEMS"
"131",1949-11-01,"PAYEMS",43242,2025-04-21,2025-04-21,43242,"Total Nonfarm Employment",NA,NA,NA,NA,2025-04-04,"Monthly","%",-4.31492299522039,"PAYEMS"
"132",1949-12-01,"PAYEMS",43522,2025-04-21,2025-04-21,43522,"Total Nonfarm Employment",NA,NA,NA,NA,2025-04-04,"Monthly","%",-3.35317107834429,"PAYEMS"
"133",1950-01-01,"PAYEMS",43526,2025-04-21,2025-04-21,43526,"Total Nonfarm Employment",NA,NA,NA,NA,2025-04-04,"Monthly","%",-2.55664010029552,"PAYEMS"
"134",1950-02-01,"PAYEMS",43297,2025-04-21,2025-04-21,43297,"Total Nonfarm Employment",NA,NA,NA,NA,2025-04-04,"Monthly","%",-2.6968110209677,"PAYEMS"
"135",1950-03-01,"PAYEMS",43954,2025-04-21,2025-04-21,43954,"Total Nonfarm Employment",NA,NA,NA,NA,2025-04-04,"Monthly","%",-0.64647377938517,"PAYEMS"
"136",1950-04-01,"PAYEMS",44382,2025-04-21,2025-04-21,44382,"Total Nonfarm Employment",NA,NA,NA,NA,2025-04-04,"Monthly","%",0.330047924767163,"PAYEMS"
"137",1950-05-01,"PAYEMS",44718,2025-04-21,2025-04-21,44718,"Total Nonfarm Employment",NA,NA,NA,NA,2025-04-04,"Monthly","%",1.66878865041833,"PAYEMS"
"138",1950-06-01,"PAYEMS",45083,2025-04-21,2025-04-21,45083,"Total Nonfarm Employment",NA,NA,NA,NA,2025-04-04,"Monthly","%",3.07277258282082,"PAYEMS"
"139",1950-07-01,"PAYEMS",45454,2025-04-21,2025-04-21,45454,"Total Nonfarm Employment",NA,NA,NA,NA,2025-04-04,"Monthly","%",4.41754152213365,"PAYEMS"
"140",1950-08-01,"PAYEMS",46192,2025-04-21,2025-04-21,46192,"Total Nonfarm Employment",NA,NA,NA,NA,2025-04-04,"Monthly","%",5.88666788923529,"PAYEMS"
"141",1950-09-01,"PAYEMS",46438,2025-04-21,2025-04-21,46438,"Total Nonfarm Employment",NA,NA,NA,NA,2025-04-04,"Monthly","%",6.07126541799909,"PAYEMS"
"142",1950-10-01,"PAYEMS",46706,2025-04-21,2025-04-21,46706,"Total Nonfarm Employment",NA,NA,NA,NA,2025-04-04,"Monthly","%",8.76531135019329,"PAYEMS"
"143",1950-11-01,"PAYEMS",46776,2025-04-21,2025-04-21,46776,"Total Nonfarm Employment",NA,NA,NA,NA,2025-04-04,"Monthly","%",8.17260996253641,"PAYEMS"
"144",1950-12-01,"PAYEMS",46861,2025-04-21,2025-04-21,46861,"Total Nonfarm Employment",NA,NA,NA,NA,2025-04-04,"Monthly","%",7.67198198612196,"PAYEMS"
"145",1951-01-01,"PAYEMS",47288,2025-04-21,2025-04-21,47288,"Total Nonfarm Employment",NA,NA,NA,NA,2025-04-04,"Monthly","%",8.64310986536783,"PAYEMS"
"146",1951-02-01,"PAYEMS",47577,2025-04-21,2025-04-21,47577,"Total Nonfarm Employment",NA,NA,NA,NA,2025-04-04,"Monthly","%",9.88521144652055,"PAYEMS"
"147",1951-03-01,"PAYEMS",47873,2025-04-21,2025-04-21,47873,"Total Nonfarm Employment",NA,NA,NA,NA,2025-04-04,"Monthly","%",8.91613960049142,"PAYEMS"
"148",1951-04-01,"PAYEMS",47861,2025-04-21,2025-04-21,47861,"Total Nonfarm Employment",NA,NA,NA,NA,2025-04-04,"Monthly","%",7.83876346266505,"PAYEMS"
"149",1951-05-01,"PAYEMS",47952,2025-04-21,2025-04-21,47952,"Total Nonfarm Employment",NA,NA,NA,NA,2025-04-04,"Monthly","%",7.23198711928084,"PAYEMS"
"150",1951-06-01,"PAYEMS",48064,2025-04-21,2025-04-21,48064,"Total Nonfarm Employment",NA,NA,NA,NA,2025-04-04,"Monthly","%",6.61224851939755,"PAYEMS"
"151",1951-07-01,"PAYEMS",48061,2025-04-21,2025-04-21,48061,"Total Nonfarm Employment",NA,NA,NA,NA,2025-04-04,"Monthly","%",5.7354688256259,"PAYEMS"
"152",1951-08-01,"PAYEMS",48012,2025-04-21,2025-04-21,48012,"Total Nonfarm Employment",NA,NA,NA,NA,2025-04-04,"Monthly","%",3.94007620367163,"PAYEMS"
"153",1951-09-01,"PAYEMS",47954,2025-04-21,2025-04-21,47954,"Total Nonfarm Employment",NA,NA,NA,NA,2025-04-04,"Monthly","%",3.26456781084457,"PAYEMS"
"154",1951-10-01,"PAYEMS",48006,2025-04-21,2025-04-21,48006,"Total Nonfarm Employment",NA,NA,NA,NA,2025-04-04,"Monthly","%",2.78336830385817,"PAYEMS"
"155",1951-11-01,"PAYEMS",48147,2025-04-21,2025-04-21,48147,"Total Nonfarm Employment",NA,NA,NA,NA,2025-04-04,"Monthly","%",2.93099025141097,"PAYEMS"
"156",1951-12-01,"PAYEMS",48314,2025-04-21,2025-04-21,48314,"Total Nonfarm Employment",NA,NA,NA,NA,2025-04-04,"Monthly","%",3.10065939693989,"PAYEMS"
"157",1952-01-01,"PAYEMS",48296,2025-04-21,2025-04-21,48296,"Total Nonfarm Employment",NA,NA,NA,NA,2025-04-04,"Monthly","%",2.13161901539503,"PAYEMS"
"158",1952-02-01,"PAYEMS",48522,2025-04-21,2025-04-21,48522,"Total Nonfarm Employment",NA,NA,NA,NA,2025-04-04,"Monthly","%",1.98625386216029,"PAYEMS"
"159",1952-03-01,"PAYEMS",48504,2025-04-21,2025-04-21,48504,"Total Nonfarm Employment",NA,NA,NA,NA,2025-04-04,"Monthly","%",1.3180707288033,"PAYEMS"
"160",1952-04-01,"PAYEMS",48620,2025-04-21,2025-04-21,48620,"Total Nonfarm Employment",NA,NA,NA,NA,2025-04-04,"Monthly","%",1.58584233509538,"PAYEMS"
"161",1952-05-01,"PAYEMS",48642,2025-04-21,2025-04-21,48642,"Total Nonfarm Employment",NA,NA,NA,NA,2025-04-04,"Monthly","%",1.43893893893894,"PAYEMS"
"162",1952-06-01,"PAYEMS",48282,2025-04-21,2025-04-21,48282,"Total Nonfarm Employment",NA,NA,NA,NA,2025-04-04,"Monthly","%",0.453561917443412,"PAYEMS"
"163",1952-07-01,"PAYEMS",48143,2025-04-21,2025-04-21,48143,"Total Nonfarm Employment",NA,NA,NA,NA,2025-04-04,"Monthly","%",0.170616508187504,"PAYEMS"
"164",1952-08-01,"PAYEMS",48924,2025-04-21,2025-04-21,48924,"Total Nonfarm Employment",NA,NA,NA,NA,2025-04-04,"Monthly","%",1.89952511872031,"PAYEMS"
"165",1952-09-01,"PAYEMS",49320,2025-04-21,2025-04-21,49320,"Total Nonfarm Employment",NA,NA,NA,NA,2025-04-04,"Monthly","%",2.84856320640614,"PAYEMS"
"166",1952-10-01,"PAYEMS",49597,2025-04-21,2025-04-21,49597,"Total Nonfarm Employment",NA,NA,NA,NA,2025-04-04,"Monthly","%",3.31416906220057,"PAYEMS"
"167",1952-11-01,"PAYEMS",49816,2025-04-21,2025-04-21,49816,"Total Nonfarm Employment",NA,NA,NA,NA,2025-04-04,"Monthly","%",3.4664672772966,"PAYEMS"
"168",1952-12-01,"PAYEMS",50166,2025-04-21,2025-04-21,50166,"Total Nonfarm Employment",NA,NA,NA,NA,2025-04-04,"Monthly","%",3.83325744090739,"PAYEMS"
"169",1953-01-01,"PAYEMS",50144,2025-04-21,2025-04-21,50144,"Total Nonfarm Employment",NA,NA,NA,NA,2025-04-04,"Monthly","%",3.82640384296835,"PAYEMS"
"170",1953-02-01,"PAYEMS",50339,2025-04-21,2025-04-21,50339,"Total Nonfarm Employment",NA,NA,NA,NA,2025-04-04,"Monthly","%",3.74469312888999,"PAYEMS"
"171",1953-03-01,"PAYEMS",50473,2025-04-21,2025-04-21,50473,"Total Nonfarm Employment",NA,NA,NA,NA,2025-04-04,"Monthly","%",4.0594590136896,"PAYEMS"
"172",1953-04-01,"PAYEMS",50435,2025-04-21,2025-04-21,50435,"Total Nonfarm Employment",NA,NA,NA,NA,2025-04-04,"Monthly","%",3.73303167420815,"PAYEMS"
"173",1953-05-01,"PAYEMS",50490,2025-04-21,2025-04-21,50490,"Total Nonfarm Employment",NA,NA,NA,NA,2025-04-04,"Monthly","%",3.79918588873813,"PAYEMS"
"174",1953-06-01,"PAYEMS",50519,2025-04-21,2025-04-21,50519,"Total Nonfarm Employment",NA,NA,NA,NA,2025-04-04,"Monthly","%",4.63319663642765,"PAYEMS"
"175",1953-07-01,"PAYEMS",50536,2025-04-21,2025-04-21,50536,"Total Nonfarm Employment",NA,NA,NA,NA,2025-04-04,"Monthly","%",4.97060839582077,"PAYEMS"
"176",1953-08-01,"PAYEMS",50489,2025-04-21,2025-04-21,50489,"Total Nonfarm Employment",NA,NA,NA,NA,2025-04-04,"Monthly","%",3.19883901561606,"PAYEMS"
"177",1953-09-01,"PAYEMS",50368,2025-04-21,2025-04-21,50368,"Total Nonfarm Employment",NA,NA,NA,NA,2025-04-04,"Monthly","%",2.12489862124898,"PAYEMS"
"178",1953-10-01,"PAYEMS",50240,2025-04-21,2025-04-21,50240,"Total Nonfarm Employment",NA,NA,NA,NA,2025-04-04,"Monthly","%",1.29644938201907,"PAYEMS"
"179",1953-11-01,"PAYEMS",49908,2025-04-21,2025-04-21,49908,"Total Nonfarm Employment",NA,NA,NA,NA,2025-04-04,"Monthly","%",0.184679621005301,"PAYEMS"
"180",1953-12-01,"PAYEMS",49703,2025-04-21,2025-04-21,49703,"Total Nonfarm Employment",NA,NA,NA,NA,2025-04-04,"Monthly","%",-0.922935852968143,"PAYEMS"
"181",1954-01-01,"PAYEMS",49469,2025-04-21,2025-04-21,49469,"Total Nonfarm Employment",NA,NA,NA,NA,2025-04-04,"Monthly","%",-1.34612316528399,"PAYEMS"
"182",1954-02-01,"PAYEMS",49382,2025-04-21,2025-04-21,49382,"Total Nonfarm Employment",NA,NA,NA,NA,2025-04-04,"Monthly","%",-1.90111047100657,"PAYEMS"
"183",1954-03-01,"PAYEMS",49157,2025-04-21,2025-04-21,49157,"Total Nonfarm Employment",NA,NA,NA,NA,2025-04-04,"Monthly","%",-2.60733461454639,"PAYEMS"
"184",1954-04-01,"PAYEMS",49179,2025-04-21,2025-04-21,49179,"Total Nonfarm Employment",NA,NA,NA,NA,2025-04-04,"Monthly","%",-2.49033409338753,"PAYEMS"
"185",1954-05-01,"PAYEMS",48965,2025-04-21,2025-04-21,48965,"Total Nonfarm Employment",NA,NA,NA,NA,2025-04-04,"Monthly","%",-3.02040007922361,"PAYEMS"
"186",1954-06-01,"PAYEMS",48895,2025-04-21,2025-04-21,48895,"Total Nonfarm Employment",NA,NA,NA,NA,2025-04-04,"Monthly","%",-3.21463211860884,"PAYEMS"
"187",1954-07-01,"PAYEMS",48835,2025-04-21,2025-04-21,48835,"Total Nonfarm Employment",NA,NA,NA,NA,2025-04-04,"Monthly","%",-3.36591736583821,"PAYEMS"
"188",1954-08-01,"PAYEMS",48826,2025-04-21,2025-04-21,48826,"Total Nonfarm Employment",NA,NA,NA,NA,2025-04-04,"Monthly","%",-3.29378676543406,"PAYEMS"
"189",1954-09-01,"PAYEMS",48886,2025-04-21,2025-04-21,48886,"Total Nonfarm Employment",NA,NA,NA,NA,2025-04-04,"Monthly","%",-2.94234434561627,"PAYEMS"
"190",1954-10-01,"PAYEMS",48942,2025-04-21,2025-04-21,48942,"Total Nonfarm Employment",NA,NA,NA,NA,2025-04-04,"Monthly","%",-2.58359872611464,"PAYEMS"
"191",1954-11-01,"PAYEMS",49180,2025-04-21,2025-04-21,49180,"Total Nonfarm Employment",NA,NA,NA,NA,2025-04-04,"Monthly","%",-1.45868397852048,"PAYEMS"
"192",1954-12-01,"PAYEMS",49331,2025-04-21,2025-04-21,49331,"Total Nonfarm Employment",NA,NA,NA,NA,2025-04-04,"Monthly","%",-0.748445767861095,"PAYEMS"
"193",1955-01-01,"PAYEMS",49496,2025-04-21,2025-04-21,49496,"Total Nonfarm Employment",NA,NA,NA,NA,2025-04-04,"Monthly","%",0.0545796357314776,"PAYEMS"
"194",1955-02-01,"PAYEMS",49644,2025-04-21,2025-04-21,49644,"Total Nonfarm Employment",NA,NA,NA,NA,2025-04-04,"Monthly","%",0.530557693086542,"PAYEMS"
"195",1955-03-01,"PAYEMS",49962,2025-04-21,2025-04-21,49962,"Total Nonfarm Employment",NA,NA,NA,NA,2025-04-04,"Monthly","%",1.63761010639381,"PAYEMS"
"196",1955-04-01,"PAYEMS",50248,2025-04-21,2025-04-21,50248,"Total Nonfarm Employment",NA,NA,NA,NA,2025-04-04,"Monthly","%",2.17369202301796,"PAYEMS"
"197",1955-05-01,"PAYEMS",50512,2025-04-21,2025-04-21,50512,"Total Nonfarm Employment",NA,NA,NA,NA,2025-04-04,"Monthly","%",3.15939957112223,"PAYEMS"
"198",1955-06-01,"PAYEMS",50790,2025-04-21,2025-04-21,50790,"Total Nonfarm Employment",NA,NA,NA,NA,2025-04-04,"Monthly","%",3.87565190714798,"PAYEMS"
"199",1955-07-01,"PAYEMS",50987,2025-04-21,2025-04-21,50987,"Total Nonfarm Employment",NA,NA,NA,NA,2025-04-04,"Monthly","%",4.40667554008396,"PAYEMS"
"200",1955-08-01,"PAYEMS",51111,2025-04-21,2025-04-21,51111,"Total Nonfarm Employment",NA,NA,NA,NA,2025-04-04,"Monthly","%",4.67988366853727,"PAYEMS"
"201",1955-09-01,"PAYEMS",51266,2025-04-21,2025-04-21,51266,"Total Nonfarm Employment",NA,NA,NA,NA,2025-04-04,"Monthly","%",4.86846950047048,"PAYEMS"
"202",1955-10-01,"PAYEMS",51429,2025-04-21,2025-04-21,51429,"Total Nonfarm Employment",NA,NA,NA,NA,2025-04-04,"Monthly","%",5.0815250704916,"PAYEMS"
"203",1955-11-01,"PAYEMS",51592,2025-04-21,2025-04-21,51592,"Total Nonfarm Employment",NA,NA,NA,NA,2025-04-04,"Monthly","%",4.90443269621796,"PAYEMS"
"204",1955-12-01,"PAYEMS",51805,2025-04-21,2025-04-21,51805,"Total Nonfarm Employment",NA,NA,NA,NA,2025-04-04,"Monthly","%",5.01510206563824,"PAYEMS"
"205",1956-01-01,"PAYEMS",51975,2025-04-21,2025-04-21,51975,"Total Nonfarm Employment",NA,NA,NA,NA,2025-04-04,"Monthly","%",5.00848553418458,"PAYEMS"
"206",1956-02-01,"PAYEMS",52167,2025-04-21,2025-04-21,52167,"Total Nonfarm Employment",NA,NA,NA,NA,2025-04-04,"Monthly","%",5.08218515832728,"PAYEMS"
"207",1956-03-01,"PAYEMS",52294,2025-04-21,2025-04-21,52294,"Total Nonfarm Employment",NA,NA,NA,NA,2025-04-04,"Monthly","%",4.66754733597534,"PAYEMS"
"208",1956-04-01,"PAYEMS",52375,2025-04-21,2025-04-21,52375,"Total Nonfarm Employment",NA,NA,NA,NA,2025-04-04,"Monthly","%",4.23300429867854,"PAYEMS"
"209",1956-05-01,"PAYEMS",52506,2025-04-21,2025-04-21,52506,"Total Nonfarm Employment",NA,NA,NA,NA,2025-04-04,"Monthly","%",3.94757681343048,"PAYEMS"
"210",1956-06-01,"PAYEMS",52586,2025-04-21,2025-04-21,52586,"Total Nonfarm Employment",NA,NA,NA,NA,2025-04-04,"Monthly","%",3.53612915928332,"PAYEMS"
"211",1956-07-01,"PAYEMS",51955,2025-04-21,2025-04-21,51955,"Total Nonfarm Employment",NA,NA,NA,NA,2025-04-04,"Monthly","%",1.89852315296055,"PAYEMS"
"212",1956-08-01,"PAYEMS",52631,2025-04-21,2025-04-21,52631,"Total Nonfarm Employment",NA,NA,NA,NA,2025-04-04,"Monthly","%",2.97391950852066,"PAYEMS"
"213",1956-09-01,"PAYEMS",52604,2025-04-21,2025-04-21,52604,"Total Nonfarm Employment",NA,NA,NA,NA,2025-04-04,"Monthly","%",2.60991690399095,"PAYEMS"
"214",1956-10-01,"PAYEMS",52777,2025-04-21,2025-04-21,52777,"Total Nonfarm Employment",NA,NA,NA,NA,2025-04-04,"Monthly","%",2.62108926870055,"PAYEMS"
"215",1956-11-01,"PAYEMS",52821,2025-04-21,2025-04-21,52821,"Total Nonfarm Employment",NA,NA,NA,NA,2025-04-04,"Monthly","%",2.38215227167002,"PAYEMS"
"216",1956-12-01,"PAYEMS",52929,2025-04-21,2025-04-21,52929,"Total Nonfarm Employment",NA,NA,NA,NA,2025-04-04,"Monthly","%",2.16967474182028,"PAYEMS"
"217",1957-01-01,"PAYEMS",52887,2025-04-21,2025-04-21,52887,"Total Nonfarm Employment",NA,NA,NA,NA,2025-04-04,"Monthly","%",1.75468975468975,"PAYEMS"
"218",1957-02-01,"PAYEMS",53097,2025-04-21,2025-04-21,53097,"Total Nonfarm Employment",NA,NA,NA,NA,2025-04-04,"Monthly","%",1.78273621254816,"PAYEMS"
"219",1957-03-01,"PAYEMS",53156,2025-04-21,2025-04-21,53156,"Total Nonfarm Employment",NA,NA,NA,NA,2025-04-04,"Monthly","%",1.6483726622557,"PAYEMS"
"220",1957-04-01,"PAYEMS",53238,2025-04-21,2025-04-21,53238,"Total Nonfarm Employment",NA,NA,NA,NA,2025-04-04,"Monthly","%",1.64773269689737,"PAYEMS"
"221",1957-05-01,"PAYEMS",53150,2025-04-21,2025-04-21,53150,"Total Nonfarm Employment",NA,NA,NA,NA,2025-04-04,"Monthly","%",1.22652649221042,"PAYEMS"
"222",1957-06-01,"PAYEMS",53067,2025-04-21,2025-04-21,53067,"Total Nonfarm Employment",NA,NA,NA,NA,2025-04-04,"Monthly","%",0.914692123378846,"PAYEMS"
"223",1957-07-01,"PAYEMS",53123,2025-04-21,2025-04-21,53123,"Total Nonfarm Employment",NA,NA,NA,NA,2025-04-04,"Monthly","%",2.24809931671639,"PAYEMS"
"224",1957-08-01,"PAYEMS",53128,2025-04-21,2025-04-21,53128,"Total Nonfarm Employment",NA,NA,NA,NA,2025-04-04,"Monthly","%",0.944310387414271,"PAYEMS"
"225",1957-09-01,"PAYEMS",52934,2025-04-21,2025-04-21,52934,"Total Nonfarm Employment",NA,NA,NA,NA,2025-04-04,"Monthly","%",0.62732872024942,"PAYEMS"
"226",1957-10-01,"PAYEMS",52763,2025-04-21,2025-04-21,52763,"Total Nonfarm Employment",NA,NA,NA,NA,2025-04-04,"Monthly","%",-0.0265267067093622,"PAYEMS"
"227",1957-11-01,"PAYEMS",52558,2025-04-21,2025-04-21,52558,"Total Nonfarm Employment",NA,NA,NA,NA,2025-04-04,"Monthly","%",-0.497908029003613,"PAYEMS"
"228",1957-12-01,"PAYEMS",52384,2025-04-21,2025-04-21,52384,"Total Nonfarm Employment",NA,NA,NA,NA,2025-04-04,"Monthly","%",-1.02968127113681,"PAYEMS"
"229",1958-01-01,"PAYEMS",52076,2025-04-21,2025-04-21,52076,"Total Nonfarm Employment",NA,NA,NA,NA,2025-04-04,"Monthly","%",-1.53345812770624,"PAYEMS"
"230",1958-02-01,"PAYEMS",51576,2025-04-21,2025-04-21,51576,"Total Nonfarm Employment",NA,NA,NA,NA,2025-04-04,"Monthly","%",-2.86456861969603,"PAYEMS"
"231",1958-03-01,"PAYEMS",51299,2025-04-21,2025-04-21,51299,"Total Nonfarm Employment",NA,NA,NA,NA,2025-04-04,"Monthly","%",-3.49349085709986,"PAYEMS"
"232",1958-04-01,"PAYEMS",51027,2025-04-21,2025-04-21,51027,"Total Nonfarm Employment",NA,NA,NA,NA,2025-04-04,"Monthly","%",-4.15304857432661,"PAYEMS"
"233",1958-05-01,"PAYEMS",50914,2025-04-21,2025-04-21,50914,"Total Nonfarm Employment",NA,NA,NA,NA,2025-04-04,"Monthly","%",-4.20696142991534,"PAYEMS"
"234",1958-06-01,"PAYEMS",50914,2025-04-21,2025-04-21,50914,"Total Nonfarm Employment",NA,NA,NA,NA,2025-04-04,"Monthly","%",-4.05713531950176,"PAYEMS"
"235",1958-07-01,"PAYEMS",51039,2025-04-21,2025-04-21,51039,"Total Nonfarm Employment",NA,NA,NA,NA,2025-04-04,"Monthly","%",-3.92297121773996,"PAYEMS"
"236",1958-08-01,"PAYEMS",51233,2025-04-21,2025-04-21,51233,"Total Nonfarm Employment",NA,NA,NA,NA,2025-04-04,"Monthly","%",-3.56685740099383,"PAYEMS"
"237",1958-09-01,"PAYEMS",51506,2025-04-21,2025-04-21,51506,"Total Nonfarm Employment",NA,NA,NA,NA,2025-04-04,"Monthly","%",-2.69769902142291,"PAYEMS"
"238",1958-10-01,"PAYEMS",51485,2025-04-21,2025-04-21,51485,"Total Nonfarm Employment",NA,NA,NA,NA,2025-04-04,"Monthly","%",-2.42215188673881,"PAYEMS"
"239",1958-11-01,"PAYEMS",51944,2025-04-21,2025-04-21,51944,"Total Nonfarm Employment",NA,NA,NA,NA,2025-04-04,"Monthly","%",-1.16823318999962,"PAYEMS"
"240",1958-12-01,"PAYEMS",52085,2025-04-21,2025-04-21,52085,"Total Nonfarm Employment",NA,NA,NA,NA,2025-04-04,"Monthly","%",-0.570784972510685,"PAYEMS"
"241",1959-01-01,"PAYEMS",52478,2025-04-21,2025-04-21,52478,"Total Nonfarm Employment",NA,NA,NA,NA,2025-04-04,"Monthly","%",0.771948690375601,"PAYEMS"
"242",1959-02-01,"PAYEMS",52688,2025-04-21,2025-04-21,52688,"Total Nonfarm Employment",NA,NA,NA,NA,2025-04-04,"Monthly","%",2.15604156972236,"PAYEMS"
"243",1959-03-01,"PAYEMS",53014,2025-04-21,2025-04-21,53014,"Total Nonfarm Employment",NA,NA,NA,NA,2025-04-04,"Monthly","%",3.34314509054758,"PAYEMS"
"244",1959-04-01,"PAYEMS",53321,2025-04-21,2025-04-21,53321,"Total Nonfarm Employment",NA,NA,NA,NA,2025-04-04,"Monthly","%",4.49565916083643,"PAYEMS"
"245",1959-05-01,"PAYEMS",53550,2025-04-21,2025-04-21,53550,"Total Nonfarm Employment",NA,NA,NA,NA,2025-04-04,"Monthly","%",5.1773578976313,"PAYEMS"
"246",1959-06-01,"PAYEMS",53681,2025-04-21,2025-04-21,53681,"Total Nonfarm Employment",NA,NA,NA,NA,2025-04-04,"Monthly","%",5.43465451545744,"PAYEMS"
"247",1959-07-01,"PAYEMS",53804,2025-04-21,2025-04-21,53804,"Total Nonfarm Employment",NA,NA,NA,NA,2025-04-04,"Monthly","%",5.41742589000569,"PAYEMS"
"248",1959-08-01,"PAYEMS",53336,2025-04-21,2025-04-21,53336,"Total Nonfarm Employment",NA,NA,NA,NA,2025-04-04,"Monthly","%",4.10477621845295,"PAYEMS"
"249",1959-09-01,"PAYEMS",53428,2025-04-21,2025-04-21,53428,"Total Nonfarm Employment",NA,NA,NA,NA,2025-04-04,"Monthly","%",3.73160408496098,"PAYEMS"
"250",1959-10-01,"PAYEMS",53358,2025-04-21,2025-04-21,53358,"Total Nonfarm Employment",NA,NA,NA,NA,2025-04-04,"Monthly","%",3.63795280178694,"PAYEMS"
"251",1959-11-01,"PAYEMS",53634,2025-04-21,2025-04-21,53634,"Total Nonfarm Employment",NA,NA,NA,NA,2025-04-04,"Monthly","%",3.25350377329432,"PAYEMS"
"252",1959-12-01,"PAYEMS",54174,2025-04-21,2025-04-21,54174,"Total Nonfarm Employment",NA,NA,NA,NA,2025-04-04,"Monthly","%",4.01075165594702,"PAYEMS"
"253",1960-01-01,"PAYEMS",54274,2025-04-21,2025-04-21,54274,"Total Nonfarm Employment",NA,NA,NA,NA,2025-04-04,"Monthly","%",3.42238652387667,"PAYEMS"
"254",1960-02-01,"PAYEMS",54513,2025-04-21,2025-04-21,54513,"Total Nonfarm Employment",NA,NA,NA,NA,2025-04-04,"Monthly","%",3.46378682052839,"PAYEMS"
"255",1960-03-01,"PAYEMS",54454,2025-04-21,2025-04-21,54454,"Total Nonfarm Employment",NA,NA,NA,NA,2025-04-04,"Monthly","%",2.7162636284755,"PAYEMS"
"256",1960-04-01,"PAYEMS",54813,2025-04-21,2025-04-21,54813,"Total Nonfarm Employment",NA,NA,NA,NA,2025-04-04,"Monthly","%",2.79814707151029,"PAYEMS"
"257",1960-05-01,"PAYEMS",54475,2025-04-21,2025-04-21,54475,"Total Nonfarm Employment",NA,NA,NA,NA,2025-04-04,"Monthly","%",1.72735760971054,"PAYEMS"
"258",1960-06-01,"PAYEMS",54348,2025-04-21,2025-04-21,54348,"Total Nonfarm Employment",NA,NA,NA,NA,2025-04-04,"Monthly","%",1.24252528827704,"PAYEMS"
"259",1960-07-01,"PAYEMS",54306,2025-04-21,2025-04-21,54306,"Total Nonfarm Employment",NA,NA,NA,NA,2025-04-04,"Monthly","%",0.933016132629549,"PAYEMS"
"260",1960-08-01,"PAYEMS",54272,2025-04-21,2025-04-21,54272,"Total Nonfarm Employment",NA,NA,NA,NA,2025-04-04,"Monthly","%",1.75491225438729,"PAYEMS"
"261",1960-09-01,"PAYEMS",54227,2025-04-21,2025-04-21,54227,"Total Nonfarm Employment",NA,NA,NA,NA,2025-04-04,"Monthly","%",1.49547053979187,"PAYEMS"
"262",1960-10-01,"PAYEMS",54142,2025-04-21,2025-04-21,54142,"Total Nonfarm Employment",NA,NA,NA,NA,2025-04-04,"Monthly","%",1.46932043929682,"PAYEMS"
"263",1960-11-01,"PAYEMS",53961,2025-04-21,2025-04-21,53961,"Total Nonfarm Employment",NA,NA,NA,NA,2025-04-04,"Monthly","%",0.609687884550847,"PAYEMS"
"264",1960-12-01,"PAYEMS",53742,2025-04-21,2025-04-21,53742,"Total Nonfarm Employment",NA,NA,NA,NA,2025-04-04,"Monthly","%",-0.797430501716689,"PAYEMS"
"265",1961-01-01,"PAYEMS",53683,2025-04-21,2025-04-21,53683,"Total Nonfarm Employment",NA,NA,NA,NA,2025-04-04,"Monthly","%",-1.08891918782474,"PAYEMS"
"266",1961-02-01,"PAYEMS",53557,2025-04-21,2025-04-21,53557,"Total Nonfarm Employment",NA,NA,NA,NA,2025-04-04,"Monthly","%",-1.75371012419056,"PAYEMS"
"267",1961-03-01,"PAYEMS",53659,2025-04-21,2025-04-21,53659,"Total Nonfarm Employment",NA,NA,NA,NA,2025-04-04,"Monthly","%",-1.45994784588828,"PAYEMS"
"268",1961-04-01,"PAYEMS",53627,2025-04-21,2025-04-21,53627,"Total Nonfarm Employment",NA,NA,NA,NA,2025-04-04,"Monthly","%",-2.16372028533377,"PAYEMS"
"269",1961-05-01,"PAYEMS",53786,2025-04-21,2025-04-21,53786,"Total Nonfarm Employment",NA,NA,NA,NA,2025-04-04,"Monthly","%",-1.26480036714089,"PAYEMS"
"270",1961-06-01,"PAYEMS",53977,2025-04-21,2025-04-21,53977,"Total Nonfarm Employment",NA,NA,NA,NA,2025-04-04,"Monthly","%",-0.682637815558995,"PAYEMS"
"271",1961-07-01,"PAYEMS",54123,2025-04-21,2025-04-21,54123,"Total Nonfarm Employment",NA,NA,NA,NA,2025-04-04,"Monthly","%",-0.336979339299526,"PAYEMS"
"272",1961-08-01,"PAYEMS",54298,2025-04-21,2025-04-21,54298,"Total Nonfarm Employment",NA,NA,NA,NA,2025-04-04,"Monthly","%",0.0479068396226356,"PAYEMS"
"273",1961-09-01,"PAYEMS",54388,2025-04-21,2025-04-21,54388,"Total Nonfarm Employment",NA,NA,NA,NA,2025-04-04,"Monthly","%",0.296900068231687,"PAYEMS"
"274",1961-10-01,"PAYEMS",54522,2025-04-21,2025-04-21,54522,"Total Nonfarm Employment",NA,NA,NA,NA,2025-04-04,"Monthly","%",0.701858076908879,"PAYEMS"
"275",1961-11-01,"PAYEMS",54742,2025-04-21,2025-04-21,54742,"Total Nonfarm Employment",NA,NA,NA,NA,2025-04-04,"Monthly","%",1.44734159856192,"PAYEMS"
"276",1961-12-01,"PAYEMS",54872,2025-04-21,2025-04-21,54872,"Total Nonfarm Employment",NA,NA,NA,NA,2025-04-04,"Monthly","%",2.10263853224666,"PAYEMS"
"277",1962-01-01,"PAYEMS",54891,2025-04-21,2025-04-21,54891,"Total Nonfarm Employment",NA,NA,NA,NA,2025-04-04,"Monthly","%",2.25024681929102,"PAYEMS"
"278",1962-02-01,"PAYEMS",55188,2025-04-21,2025-04-21,55188,"Total Nonfarm Employment",NA,NA,NA,NA,2025-04-04,"Monthly","%",3.04535354855575,"PAYEMS"
"279",1962-03-01,"PAYEMS",55275,2025-04-21,2025-04-21,55275,"Total Nonfarm Employment",NA,NA,NA,NA,2025-04-04,"Monthly","%",3.01161035427422,"PAYEMS"
"280",1962-04-01,"PAYEMS",55602,2025-04-21,2025-04-21,55602,"Total Nonfarm Employment",NA,NA,NA,NA,2025-04-04,"Monthly","%",3.68284632740969,"PAYEMS"
"281",1962-05-01,"PAYEMS",55628,2025-04-21,2025-04-21,55628,"Total Nonfarm Employment",NA,NA,NA,NA,2025-04-04,"Monthly","%",3.42468300301193,"PAYEMS"
"282",1962-06-01,"PAYEMS",55644,2025-04-21,2025-04-21,55644,"Total Nonfarm Employment",NA,NA,NA,NA,2025-04-04,"Monthly","%",3.08835244641237,"PAYEMS"
"283",1962-07-01,"PAYEMS",55746,2025-04-21,2025-04-21,55746,"Total Nonfarm Employment",NA,NA,NA,NA,2025-04-04,"Monthly","%",2.99872512610166,"PAYEMS"
"284",1962-08-01,"PAYEMS",55838,2025-04-21,2025-04-21,55838,"Total Nonfarm Employment",NA,NA,NA,NA,2025-04-04,"Monthly","%",2.83620022836937,"PAYEMS"
"285",1962-09-01,"PAYEMS",55978,2025-04-21,2025-04-21,55978,"Total Nonfarm Employment",NA,NA,NA,NA,2025-04-04,"Monthly","%",2.92343899389571,"PAYEMS"
"286",1962-10-01,"PAYEMS",56041,2025-04-21,2025-04-21,56041,"Total Nonfarm Employment",NA,NA,NA,NA,2025-04-04,"Monthly","%",2.78603132680386,"PAYEMS"
"287",1962-11-01,"PAYEMS",56056,2025-04-21,2025-04-21,56056,"Total Nonfarm Employment",NA,NA,NA,NA,2025-04-04,"Monthly","%",2.40035073618063,"PAYEMS"
"288",1962-12-01,"PAYEMS",56028,2025-04-21,2025-04-21,56028,"Total Nonfarm Employment",NA,NA,NA,NA,2025-04-04,"Monthly","%",2.10672109636973,"PAYEMS"
"289",1963-01-01,"PAYEMS",56115,2025-04-21,2025-04-21,56115,"Total Nonfarm Employment",NA,NA,NA,NA,2025-04-04,"Monthly","%",2.22987374979504,"PAYEMS"
"290",1963-02-01,"PAYEMS",56230,2025-04-21,2025-04-21,56230,"Total Nonfarm Employment",NA,NA,NA,NA,2025-04-04,"Monthly","%",1.888091614119,"PAYEMS"
"291",1963-03-01,"PAYEMS",56320,2025-04-21,2025-04-21,56320,"Total Nonfarm Employment",NA,NA,NA,NA,2025-04-04,"Monthly","%",1.89054726368159,"PAYEMS"
"292",1963-04-01,"PAYEMS",56580,2025-04-21,2025-04-21,56580,"Total Nonfarm Employment",NA,NA,NA,NA,2025-04-04,"Monthly","%",1.75892953490882,"PAYEMS"
"293",1963-05-01,"PAYEMS",56616,2025-04-21,2025-04-21,56616,"Total Nonfarm Employment",NA,NA,NA,NA,2025-04-04,"Monthly","%",1.77608398648164,"PAYEMS"
"294",1963-06-01,"PAYEMS",56659,2025-04-21,2025-04-21,56659,"Total Nonfarm Employment",NA,NA,NA,NA,2025-04-04,"Monthly","%",1.82409603910574,"PAYEMS"
"295",1963-07-01,"PAYEMS",56794,2025-04-21,2025-04-21,56794,"Total Nonfarm Employment",NA,NA,NA,NA,2025-04-04,"Monthly","%",1.87995551250313,"PAYEMS"
"296",1963-08-01,"PAYEMS",56910,2025-04-21,2025-04-21,56910,"Total Nonfarm Employment",NA,NA,NA,NA,2025-04-04,"Monthly","%",1.91983953579999,"PAYEMS"
"297",1963-09-01,"PAYEMS",57078,2025-04-21,2025-04-21,57078,"Total Nonfarm Employment",NA,NA,NA,NA,2025-04-04,"Monthly","%",1.96505770123978,"PAYEMS"
"298",1963-10-01,"PAYEMS",57283,2025-04-21,2025-04-21,57283,"Total Nonfarm Employment",NA,NA,NA,NA,2025-04-04,"Monthly","%",2.21623454256705,"PAYEMS"
"299",1963-11-01,"PAYEMS",57255,2025-04-21,2025-04-21,57255,"Total Nonfarm Employment",NA,NA,NA,NA,2025-04-04,"Monthly","%",2.13893249607535,"PAYEMS"
"300",1963-12-01,"PAYEMS",57361,2025-04-21,2025-04-21,57361,"Total Nonfarm Employment",NA,NA,NA,NA,2025-04-04,"Monthly","%",2.37916755907761,"PAYEMS"
"301",1964-01-01,"PAYEMS",57487,2025-04-21,2025-04-21,57487,"Total Nonfarm Employment",NA,NA,NA,NA,2025-04-04,"Monthly","%",2.44497906085717,"PAYEMS"
"302",1964-02-01,"PAYEMS",57753,2025-04-21,2025-04-21,57753,"Total Nonfarm Employment",NA,NA,NA,NA,2025-04-04,"Monthly","%",2.70851858438557,"PAYEMS"
"303",1964-03-01,"PAYEMS",57897,2025-04-21,2025-04-21,57897,"Total Nonfarm Employment",NA,NA,NA,NA,2025-04-04,"Monthly","%",2.80007102272728,"PAYEMS"
"304",1964-04-01,"PAYEMS",57922,2025-04-21,2025-04-21,57922,"Total Nonfarm Employment",NA,NA,NA,NA,2025-04-04,"Monthly","%",2.37186284906328,"PAYEMS"
"305",1964-05-01,"PAYEMS",58089,2025-04-21,2025-04-21,58089,"Total Nonfarm Employment",NA,NA,NA,NA,2025-04-04,"Monthly","%",2.6017380245867,"PAYEMS"
"306",1964-06-01,"PAYEMS",58219,2025-04-21,2025-04-21,58219,"Total Nonfarm Employment",NA,NA,NA,NA,2025-04-04,"Monthly","%",2.75331368361602,"PAYEMS"
"307",1964-07-01,"PAYEMS",58412,2025-04-21,2025-04-21,58412,"Total Nonfarm Employment",NA,NA,NA,NA,2025-04-04,"Monthly","%",2.84889248864317,"PAYEMS"
"308",1964-08-01,"PAYEMS",58619,2025-04-21,2025-04-21,58619,"Total Nonfarm Employment",NA,NA,NA,NA,2025-04-04,"Monthly","%",3.00298717272887,"PAYEMS"
"309",1964-09-01,"PAYEMS",58903,2025-04-21,2025-04-21,58903,"Total Nonfarm Employment",NA,NA,NA,NA,2025-04-04,"Monthly","%",3.19737902519359,"PAYEMS"
"310",1964-10-01,"PAYEMS",58793,2025-04-21,2025-04-21,58793,"Total Nonfarm Employment",NA,NA,NA,NA,2025-04-04,"Monthly","%",2.63603512385873,"PAYEMS"
"311",1964-11-01,"PAYEMS",59218,2025-04-21,2025-04-21,59218,"Total Nonfarm Employment",NA,NA,NA,NA,2025-04-04,"Monthly","%",3.42852152650424,"PAYEMS"
"312",1964-12-01,"PAYEMS",59421,2025-04-21,2025-04-21,59421,"Total Nonfarm Employment",NA,NA,NA,NA,2025-04-04,"Monthly","%",3.59129024947265,"PAYEMS"
"313",1965-01-01,"PAYEMS",59582,2025-04-21,2025-04-21,59582,"Total Nonfarm Employment",NA,NA,NA,NA,2025-04-04,"Monthly","%",3.64430219006036,"PAYEMS"
"314",1965-02-01,"PAYEMS",59800,2025-04-21,2025-04-21,59800,"Total Nonfarm Employment",NA,NA,NA,NA,2025-04-04,"Monthly","%",3.54440461967345,"PAYEMS"
"315",1965-03-01,"PAYEMS",60003,2025-04-21,2025-04-21,60003,"Total Nonfarm Employment",NA,NA,NA,NA,2025-04-04,"Monthly","%",3.63749417068242,"PAYEMS"
"316",1965-04-01,"PAYEMS",60259,2025-04-21,2025-04-21,60259,"Total Nonfarm Employment",NA,NA,NA,NA,2025-04-04,"Monthly","%",4.0347363696005,"PAYEMS"
"317",1965-05-01,"PAYEMS",60491,2025-04-21,2025-04-21,60491,"Total Nonfarm Employment",NA,NA,NA,NA,2025-04-04,"Monthly","%",4.13503417170205,"PAYEMS"
"318",1965-06-01,"PAYEMS",60690,2025-04-21,2025-04-21,60690,"Total Nonfarm Employment",NA,NA,NA,NA,2025-04-04,"Monthly","%",4.24431886497536,"PAYEMS"
"319",1965-07-01,"PAYEMS",60965,2025-04-21,2025-04-21,60965,"Total Nonfarm Employment",NA,NA,NA,NA,2025-04-04,"Monthly","%",4.37067725809765,"PAYEMS"
"320",1965-08-01,"PAYEMS",61228,2025-04-21,2025-04-21,61228,"Total Nonfarm Employment",NA,NA,NA,NA,2025-04-04,"Monthly","%",4.45077534587761,"PAYEMS"
"321",1965-09-01,"PAYEMS",61490,2025-04-21,2025-04-21,61490,"Total Nonfarm Employment",NA,NA,NA,NA,2025-04-04,"Monthly","%",4.39196645332156,"PAYEMS"
"322",1965-10-01,"PAYEMS",61719,2025-04-21,2025-04-21,61719,"Total Nonfarm Employment",NA,NA,NA,NA,2025-04-04,"Monthly","%",4.97678295035122,"PAYEMS"
"323",1965-11-01,"PAYEMS",61996,2025-04-21,2025-04-21,61996,"Total Nonfarm Employment",NA,NA,NA,NA,2025-04-04,"Monthly","%",4.69114120706542,"PAYEMS"
"324",1965-12-01,"PAYEMS",62322,2025-04-21,2025-04-21,62322,"Total Nonfarm Employment",NA,NA,NA,NA,2025-04-04,"Monthly","%",4.88211238451053,"PAYEMS"
"325",1966-01-01,"PAYEMS",62529,2025-04-21,2025-04-21,62529,"Total Nonfarm Employment",NA,NA,NA,NA,2025-04-04,"Monthly","%",4.94612466852404,"PAYEMS"
"326",1966-02-01,"PAYEMS",62796,2025-04-21,2025-04-21,62796,"Total Nonfarm Employment",NA,NA,NA,NA,2025-04-04,"Monthly","%",5.01003344481605,"PAYEMS"
"327",1966-03-01,"PAYEMS",63192,2025-04-21,2025-04-21,63192,"Total Nonfarm Employment",NA,NA,NA,NA,2025-04-04,"Monthly","%",5.31473426328684,"PAYEMS"
"328",1966-04-01,"PAYEMS",63437,2025-04-21,2025-04-21,63437,"Total Nonfarm Employment",NA,NA,NA,NA,2025-04-04,"Monthly","%",5.27390099404239,"PAYEMS"
"329",1966-05-01,"PAYEMS",63712,2025-04-21,2025-04-21,63712,"Total Nonfarm Employment",NA,NA,NA,NA,2025-04-04,"Monthly","%",5.32475905506604,"PAYEMS"
"330",1966-06-01,"PAYEMS",64111,2025-04-21,2025-04-21,64111,"Total Nonfarm Employment",NA,NA,NA,NA,2025-04-04,"Monthly","%",5.6368429724831,"PAYEMS"
"331",1966-07-01,"PAYEMS",64301,2025-04-21,2025-04-21,64301,"Total Nonfarm Employment",NA,NA,NA,NA,2025-04-04,"Monthly","%",5.47199212663003,"PAYEMS"
"332",1966-08-01,"PAYEMS",64507,2025-04-21,2025-04-21,64507,"Total Nonfarm Employment",NA,NA,NA,NA,2025-04-04,"Monthly","%",5.35539295747043,"PAYEMS"
"333",1966-09-01,"PAYEMS",64643,2025-04-21,2025-04-21,64643,"Total Nonfarm Employment",NA,NA,NA,NA,2025-04-04,"Monthly","%",5.12766303463978,"PAYEMS"
"334",1966-10-01,"PAYEMS",64854,2025-04-21,2025-04-21,64854,"Total Nonfarm Employment",NA,NA,NA,NA,2025-04-04,"Monthly","%",5.07947309580519,"PAYEMS"
"335",1966-11-01,"PAYEMS",65019,2025-04-21,2025-04-21,65019,"Total Nonfarm Employment",NA,NA,NA,NA,2025-04-04,"Monthly","%",4.87612104006709,"PAYEMS"
"336",1966-12-01,"PAYEMS",65199,2025-04-21,2025-04-21,65199,"Total Nonfarm Employment",NA,NA,NA,NA,2025-04-04,"Monthly","%",4.61634735727352,"PAYEMS"
"337",1967-01-01,"PAYEMS",65407,2025-04-21,2025-04-21,65407,"Total Nonfarm Employment",NA,NA,NA,NA,2025-04-04,"Monthly","%",4.60266436373522,"PAYEMS"
"338",1967-02-01,"PAYEMS",65429,2025-04-21,2025-04-21,65429,"Total Nonfarm Employment",NA,NA,NA,NA,2025-04-04,"Monthly","%",4.19294222561946,"PAYEMS"
"339",1967-03-01,"PAYEMS",65530,2025-04-21,2025-04-21,65530,"Total Nonfarm Employment",NA,NA,NA,NA,2025-04-04,"Monthly","%",3.69983542220533,"PAYEMS"
"340",1967-04-01,"PAYEMS",65466,2025-04-21,2025-04-21,65466,"Total Nonfarm Employment",NA,NA,NA,NA,2025-04-04,"Monthly","%",3.1984488547693,"PAYEMS"
"341",1967-05-01,"PAYEMS",65620,2025-04-21,2025-04-21,65620,"Total Nonfarm Employment",NA,NA,NA,NA,2025-04-04,"Monthly","%",2.99472626820694,"PAYEMS"
"342",1967-06-01,"PAYEMS",65750,2025-04-21,2025-04-21,65750,"Total Nonfarm Employment",NA,NA,NA,NA,2025-04-04,"Monthly","%",2.55650356413095,"PAYEMS"
"343",1967-07-01,"PAYEMS",65888,2025-04-21,2025-04-21,65888,"Total Nonfarm Employment",NA,NA,NA,NA,2025-04-04,"Monthly","%",2.46807981213355,"PAYEMS"
"344",1967-08-01,"PAYEMS",66143,2025-04-21,2025-04-21,66143,"Total Nonfarm Employment",NA,NA,NA,NA,2025-04-04,"Monthly","%",2.5361588664796,"PAYEMS"
"345",1967-09-01,"PAYEMS",66164,2025-04-21,2025-04-21,66164,"Total Nonfarm Employment",NA,NA,NA,NA,2025-04-04,"Monthly","%",2.35292297696579,"PAYEMS"
"346",1967-10-01,"PAYEMS",66225,2025-04-21,2025-04-21,66225,"Total Nonfarm Employment",NA,NA,NA,NA,2025-04-04,"Monthly","%",2.11397909149782,"PAYEMS"
"347",1967-11-01,"PAYEMS",66703,2025-04-21,2025-04-21,66703,"Total Nonfarm Employment",NA,NA,NA,NA,2025-04-04,"Monthly","%",2.59001215029453,"PAYEMS"
"348",1967-12-01,"PAYEMS",66900,2025-04-21,2025-04-21,66900,"Total Nonfarm Employment",NA,NA,NA,NA,2025-04-04,"Monthly","%",2.608935719873,"PAYEMS"
"349",1968-01-01,"PAYEMS",66804,2025-04-21,2025-04-21,66804,"Total Nonfarm Employment",NA,NA,NA,NA,2025-04-04,"Monthly","%",2.13585701836194,"PAYEMS"
"350",1968-02-01,"PAYEMS",67215,2025-04-21,2025-04-21,67215,"Total Nonfarm Employment",NA,NA,NA,NA,2025-04-04,"Monthly","%",2.72967644316739,"PAYEMS"
"351",1968-03-01,"PAYEMS",67295,2025-04-21,2025-04-21,67295,"Total Nonfarm Employment",NA,NA,NA,NA,2025-04-04,"Monthly","%",2.69342285975889,"PAYEMS"
"352",1968-04-01,"PAYEMS",67556,2025-04-21,2025-04-21,67556,"Total Nonfarm Employment",NA,NA,NA,NA,2025-04-04,"Monthly","%",3.19249686860354,"PAYEMS"
"353",1968-05-01,"PAYEMS",67652,2025-04-21,2025-04-21,67652,"Total Nonfarm Employment",NA,NA,NA,NA,2025-04-04,"Monthly","%",3.09661688509602,"PAYEMS"
"354",1968-06-01,"PAYEMS",67905,2025-04-21,2025-04-21,67905,"Total Nonfarm Employment",NA,NA,NA,NA,2025-04-04,"Monthly","%",3.27756653992395,"PAYEMS"
"355",1968-07-01,"PAYEMS",68126,2025-04-21,2025-04-21,68126,"Total Nonfarm Employment",NA,NA,NA,NA,2025-04-04,"Monthly","%",3.3966731423021,"PAYEMS"
"356",1968-08-01,"PAYEMS",68330,2025-04-21,2025-04-21,68330,"Total Nonfarm Employment",NA,NA,NA,NA,2025-04-04,"Monthly","%",3.30647234023254,"PAYEMS"
"357",1968-09-01,"PAYEMS",68484,2025-04-21,2025-04-21,68484,"Total Nonfarm Employment",NA,NA,NA,NA,2025-04-04,"Monthly","%",3.50643854664168,"PAYEMS"
"358",1968-10-01,"PAYEMS",68721,2025-04-21,2025-04-21,68721,"Total Nonfarm Employment",NA,NA,NA,NA,2025-04-04,"Monthly","%",3.76896942242355,"PAYEMS"
"359",1968-11-01,"PAYEMS",68984,2025-04-21,2025-04-21,68984,"Total Nonfarm Employment",NA,NA,NA,NA,2025-04-04,"Monthly","%",3.41963629821747,"PAYEMS"
"360",1968-12-01,"PAYEMS",69248,2025-04-21,2025-04-21,69248,"Total Nonfarm Employment",NA,NA,NA,NA,2025-04-04,"Monthly","%",3.50971599402092,"PAYEMS"
"361",1969-01-01,"PAYEMS",69439,2025-04-21,2025-04-21,69439,"Total Nonfarm Employment",NA,NA,NA,NA,2025-04-04,"Monthly","%",3.944374588348,"PAYEMS"
"362",1969-02-01,"PAYEMS",69699,2025-04-21,2025-04-21,69699,"Total Nonfarm Employment",NA,NA,NA,NA,2025-04-04,"Monthly","%",3.69560365989734,"PAYEMS"
"363",1969-03-01,"PAYEMS",69905,2025-04-21,2025-04-21,69905,"Total Nonfarm Employment",NA,NA,NA,NA,2025-04-04,"Monthly","%",3.87844564975111,"PAYEMS"
"364",1969-04-01,"PAYEMS",70072,2025-04-21,2025-04-21,70072,"Total Nonfarm Employment",NA,NA,NA,NA,2025-04-04,"Monthly","%",3.72431760317367,"PAYEMS"
"365",1969-05-01,"PAYEMS",70328,2025-04-21,2025-04-21,70328,"Total Nonfarm Employment",NA,NA,NA,NA,2025-04-04,"Monthly","%",3.95553716076391,"PAYEMS"
"366",1969-06-01,"PAYEMS",70636,2025-04-21,2025-04-21,70636,"Total Nonfarm Employment",NA,NA,NA,NA,2025-04-04,"Monthly","%",4.02179515499594,"PAYEMS"
"367",1969-07-01,"PAYEMS",70729,2025-04-21,2025-04-21,70729,"Total Nonfarm Employment",NA,NA,NA,NA,2025-04-04,"Monthly","%",3.82086134515456,"PAYEMS"
"368",1969-08-01,"PAYEMS",71008,2025-04-21,2025-04-21,71008,"Total Nonfarm Employment",NA,NA,NA,NA,2025-04-04,"Monthly","%",3.91921557149129,"PAYEMS"
"369",1969-09-01,"PAYEMS",70914,2025-04-21,2025-04-21,70914,"Total Nonfarm Employment",NA,NA,NA,NA,2025-04-04,"Monthly","%",3.548274049413,"PAYEMS"
"370",1969-10-01,"PAYEMS",71121,2025-04-21,2025-04-21,71121,"Total Nonfarm Employment",NA,NA,NA,NA,2025-04-04,"Monthly","%",3.49238224123631,"PAYEMS"
"371",1969-11-01,"PAYEMS",71086,2025-04-21,2025-04-21,71086,"Total Nonfarm Employment",NA,NA,NA,NA,2025-04-04,"Monthly","%",3.04708338165371,"PAYEMS"
"372",1969-12-01,"PAYEMS",71241,2025-04-21,2025-04-21,71241,"Total Nonfarm Employment",NA,NA,NA,NA,2025-04-04,"Monthly","%",2.87806146025877,"PAYEMS"
"373",1970-01-01,"PAYEMS",71176,2025-04-21,2025-04-21,71176,"Total Nonfarm Employment",NA,NA,NA,NA,2025-04-04,"Monthly","%",2.50147611572746,"PAYEMS"
"374",1970-02-01,"PAYEMS",71305,2025-04-21,2025-04-21,71305,"Total Nonfarm Employment",NA,NA,NA,NA,2025-04-04,"Monthly","%",2.30419374739954,"PAYEMS"
"375",1970-03-01,"PAYEMS",71451,2025-04-21,2025-04-21,71451,"Total Nonfarm Employment",NA,NA,NA,NA,2025-04-04,"Monthly","%",2.21157284886633,"PAYEMS"
"376",1970-04-01,"PAYEMS",71348,2025-04-21,2025-04-21,71348,"Total Nonfarm Employment",NA,NA,NA,NA,2025-04-04,"Monthly","%",1.82098413060852,"PAYEMS"
"377",1970-05-01,"PAYEMS",71124,2025-04-21,2025-04-21,71124,"Total Nonfarm Employment",NA,NA,NA,NA,2025-04-04,"Monthly","%",1.13183938118531,"PAYEMS"
"378",1970-06-01,"PAYEMS",71029,2025-04-21,2025-04-21,71029,"Total Nonfarm Employment",NA,NA,NA,NA,2025-04-04,"Monthly","%",0.556373520584397,"PAYEMS"
"379",1970-07-01,"PAYEMS",71053,2025-04-21,2025-04-21,71053,"Total Nonfarm Employment",NA,NA,NA,NA,2025-04-04,"Monthly","%",0.458086499172894,"PAYEMS"
"380",1970-08-01,"PAYEMS",70937,2025-04-21,2025-04-21,70937,"Total Nonfarm Employment",NA,NA,NA,NA,2025-04-04,"Monthly","%",-0.0999887336638139,"PAYEMS"
"381",1970-09-01,"PAYEMS",70944,2025-04-21,2025-04-21,70944,"Total Nonfarm Employment",NA,NA,NA,NA,2025-04-04,"Monthly","%",0.0423047635163654,"PAYEMS"
"382",1970-10-01,"PAYEMS",70521,2025-04-21,2025-04-21,70521,"Total Nonfarm Employment",NA,NA,NA,NA,2025-04-04,"Monthly","%",-0.843632682330109,"PAYEMS"
"383",1970-11-01,"PAYEMS",70409,2025-04-21,2025-04-21,70409,"Total Nonfarm Employment",NA,NA,NA,NA,2025-04-04,"Monthly","%",-0.952367554792788,"PAYEMS"
"384",1970-12-01,"PAYEMS",70792,2025-04-21,2025-04-21,70792,"Total Nonfarm Employment",NA,NA,NA,NA,2025-04-04,"Monthly","%",-0.630255049760675,"PAYEMS"
"385",1971-01-01,"PAYEMS",70865,2025-04-21,2025-04-21,70865,"Total Nonfarm Employment",NA,NA,NA,NA,2025-04-04,"Monthly","%",-0.436945037653147,"PAYEMS"
"386",1971-02-01,"PAYEMS",70807,2025-04-21,2025-04-21,70807,"Total Nonfarm Employment",NA,NA,NA,NA,2025-04-04,"Monthly","%",-0.698408246266036,"PAYEMS"
"387",1971-03-01,"PAYEMS",70860,2025-04-21,2025-04-21,70860,"Total Nonfarm Employment",NA,NA,NA,NA,2025-04-04,"Monthly","%",-0.82714027795272,"PAYEMS"
"388",1971-04-01,"PAYEMS",71036,2025-04-21,2025-04-21,71036,"Total Nonfarm Employment",NA,NA,NA,NA,2025-04-04,"Monthly","%",-0.437293266804961,"PAYEMS"
"389",1971-05-01,"PAYEMS",71247,2025-04-21,2025-04-21,71247,"Total Nonfarm Employment",NA,NA,NA,NA,2025-04-04,"Monthly","%",0.172937405095319,"PAYEMS"
"390",1971-06-01,"PAYEMS",71254,2025-04-21,2025-04-21,71254,"Total Nonfarm Employment",NA,NA,NA,NA,2025-04-04,"Monthly","%",0.316772022694956,"PAYEMS"
"391",1971-07-01,"PAYEMS",71315,2025-04-21,2025-04-21,71315,"Total Nonfarm Employment",NA,NA,NA,NA,2025-04-04,"Monthly","%",0.368738828761628,"PAYEMS"
"392",1971-08-01,"PAYEMS",71373,2025-04-21,2025-04-21,71373,"Total Nonfarm Employment",NA,NA,NA,NA,2025-04-04,"Monthly","%",0.61462988285379,"PAYEMS"
"393",1971-09-01,"PAYEMS",71614,2025-04-21,2025-04-21,71614,"Total Nonfarm Employment",NA,NA,NA,NA,2025-04-04,"Monthly","%",0.944406856111857,"PAYEMS"
"394",1971-10-01,"PAYEMS",71642,2025-04-21,2025-04-21,71642,"Total Nonfarm Employment",NA,NA,NA,NA,2025-04-04,"Monthly","%",1.58959742488054,"PAYEMS"
"395",1971-11-01,"PAYEMS",71847,2025-04-21,2025-04-21,71847,"Total Nonfarm Employment",NA,NA,NA,NA,2025-04-04,"Monthly","%",2.04235254015821,"PAYEMS"
"396",1971-12-01,"PAYEMS",72109,2025-04-21,2025-04-21,72109,"Total Nonfarm Employment",NA,NA,NA,NA,2025-04-04,"Monthly","%",1.86037970392134,"PAYEMS"
"397",1972-01-01,"PAYEMS",72441,2025-04-21,2025-04-21,72441,"Total Nonfarm Employment",NA,NA,NA,NA,2025-04-04,"Monthly","%",2.22394694136738,"PAYEMS"
"398",1972-02-01,"PAYEMS",72648,2025-04-21,2025-04-21,72648,"Total Nonfarm Employment",NA,NA,NA,NA,2025-04-04,"Monthly","%",2.60002542121542,"PAYEMS"
"399",1972-03-01,"PAYEMS",72944,2025-04-21,2025-04-21,72944,"Total Nonfarm Employment",NA,NA,NA,NA,2025-04-04,"Monthly","%",2.94101044312729,"PAYEMS"
"400",1972-04-01,"PAYEMS",73162,2025-04-21,2025-04-21,73162,"Total Nonfarm Employment",NA,NA,NA,NA,2025-04-04,"Monthly","%",2.99284869643561,"PAYEMS"
"401",1972-05-01,"PAYEMS",73469,2025-04-21,2025-04-21,73469,"Total Nonfarm Employment",NA,NA,NA,NA,2025-04-04,"Monthly","%",3.11872780608307,"PAYEMS"
"402",1972-06-01,"PAYEMS",73758,2025-04-21,2025-04-21,73758,"Total Nonfarm Employment",NA,NA,NA,NA,2025-04-04,"Monthly","%",3.51418867712689,"PAYEMS"
"403",1972-07-01,"PAYEMS",73709,2025-04-21,2025-04-21,73709,"Total Nonfarm Employment",NA,NA,NA,NA,2025-04-04,"Monthly","%",3.35693753067376,"PAYEMS"
"404",1972-08-01,"PAYEMS",74141,2025-04-21,2025-04-21,74141,"Total Nonfarm Employment",NA,NA,NA,NA,2025-04-04,"Monthly","%",3.87821725302284,"PAYEMS"
"405",1972-09-01,"PAYEMS",74264,2025-04-21,2025-04-21,74264,"Total Nonfarm Employment",NA,NA,NA,NA,2025-04-04,"Monthly","%",3.70039377775295,"PAYEMS"
"406",1972-10-01,"PAYEMS",74674,2025-04-21,2025-04-21,74674,"Total Nonfarm Employment",NA,NA,NA,NA,2025-04-04,"Monthly","%",4.23215432288322,"PAYEMS"
"407",1972-11-01,"PAYEMS",74973,2025-04-21,2025-04-21,74973,"Total Nonfarm Employment",NA,NA,NA,NA,2025-04-04,"Monthly","%",4.35091235542193,"PAYEMS"
"408",1972-12-01,"PAYEMS",75268,2025-04-21,2025-04-21,75268,"Total Nonfarm Employment",NA,NA,NA,NA,2025-04-04,"Monthly","%",4.38086785283391,"PAYEMS"
"409",1973-01-01,"PAYEMS",75617,2025-04-21,2025-04-21,75617,"Total Nonfarm Employment",NA,NA,NA,NA,2025-04-04,"Monthly","%",4.3842575337171,"PAYEMS"
"410",1973-02-01,"PAYEMS",76014,2025-04-21,2025-04-21,76014,"Total Nonfarm Employment",NA,NA,NA,NA,2025-04-04,"Monthly","%",4.63330029732407,"PAYEMS"
"411",1973-03-01,"PAYEMS",76284,2025-04-21,2025-04-21,76284,"Total Nonfarm Employment",NA,NA,NA,NA,2025-04-04,"Monthly","%",4.57885501206405,"PAYEMS"
"412",1973-04-01,"PAYEMS",76455,2025-04-21,2025-04-21,76455,"Total Nonfarm Employment",NA,NA,NA,NA,2025-04-04,"Monthly","%",4.50097044914026,"PAYEMS"
"413",1973-05-01,"PAYEMS",76648,2025-04-21,2025-04-21,76648,"Total Nonfarm Employment",NA,NA,NA,NA,2025-04-04,"Monthly","%",4.32699505914058,"PAYEMS"
"414",1973-06-01,"PAYEMS",76887,2025-04-21,2025-04-21,76887,"Total Nonfarm Employment",NA,NA,NA,NA,2025-04-04,"Monthly","%",4.24225168795249,"PAYEMS"
"415",1973-07-01,"PAYEMS",76913,2025-04-21,2025-04-21,76913,"Total Nonfarm Employment",NA,NA,NA,NA,2025-04-04,"Monthly","%",4.34682331872633,"PAYEMS"
"416",1973-08-01,"PAYEMS",77168,2025-04-21,2025-04-21,77168,"Total Nonfarm Employment",NA,NA,NA,NA,2025-04-04,"Monthly","%",4.08276122523301,"PAYEMS"
"417",1973-09-01,"PAYEMS",77276,2025-04-21,2025-04-21,77276,"Total Nonfarm Employment",NA,NA,NA,NA,2025-04-04,"Monthly","%",4.05580092642466,"PAYEMS"
"418",1973-10-01,"PAYEMS",77607,2025-04-21,2025-04-21,77607,"Total Nonfarm Employment",NA,NA,NA,NA,2025-04-04,"Monthly","%",3.92773923989609,"PAYEMS"
"419",1973-11-01,"PAYEMS",77920,2025-04-21,2025-04-21,77920,"Total Nonfarm Employment",NA,NA,NA,NA,2025-04-04,"Monthly","%",3.93074840275833,"PAYEMS"
"420",1973-12-01,"PAYEMS",78031,2025-04-21,2025-04-21,78031,"Total Nonfarm Employment",NA,NA,NA,NA,2025-04-04,"Monthly","%",3.67088271244087,"PAYEMS"
"421",1974-01-01,"PAYEMS",78100,2025-04-21,2025-04-21,78100,"Total Nonfarm Employment",NA,NA,NA,NA,2025-04-04,"Monthly","%",3.28365314677916,"PAYEMS"
"422",1974-02-01,"PAYEMS",78254,2025-04-21,2025-04-21,78254,"Total Nonfarm Employment",NA,NA,NA,NA,2025-04-04,"Monthly","%",2.94682558476069,"PAYEMS"
"423",1974-03-01,"PAYEMS",78296,2025-04-21,2025-04-21,78296,"Total Nonfarm Employment",NA,NA,NA,NA,2025-04-04,"Monthly","%",2.63751245346338,"PAYEMS"
"424",1974-04-01,"PAYEMS",78382,2025-04-21,2025-04-21,78382,"Total Nonfarm Employment",NA,NA,NA,NA,2025-04-04,"Monthly","%",2.52043685828265,"PAYEMS"
"425",1974-05-01,"PAYEMS",78549,2025-04-21,2025-04-21,78549,"Total Nonfarm Employment",NA,NA,NA,NA,2025-04-04,"Monthly","%",2.4801690846467,"PAYEMS"
"426",1974-06-01,"PAYEMS",78604,2025-04-21,2025-04-21,78604,"Total Nonfarm Employment",NA,NA,NA,NA,2025-04-04,"Monthly","%",2.23314734610531,"PAYEMS"
"427",1974-07-01,"PAYEMS",78636,2025-04-21,2025-04-21,78636,"Total Nonfarm Employment",NA,NA,NA,NA,2025-04-04,"Monthly","%",2.24019346534396,"PAYEMS"
"428",1974-08-01,"PAYEMS",78619,2025-04-21,2025-04-21,78619,"Total Nonfarm Employment",NA,NA,NA,NA,2025-04-04,"Monthly","%",1.88031308314327,"PAYEMS"
"429",1974-09-01,"PAYEMS",78610,2025-04-21,2025-04-21,78610,"Total Nonfarm Employment",NA,NA,NA,NA,2025-04-04,"Monthly","%",1.72627982814846,"PAYEMS"
"430",1974-10-01,"PAYEMS",78630,2025-04-21,2025-04-21,78630,"Total Nonfarm Employment",NA,NA,NA,NA,2025-04-04,"Monthly","%",1.31818006107696,"PAYEMS"
"431",1974-11-01,"PAYEMS",78265,2025-04-21,2025-04-21,78265,"Total Nonfarm Employment",NA,NA,NA,NA,2025-04-04,"Monthly","%",0.442761806981529,"PAYEMS"
"432",1974-12-01,"PAYEMS",77652,2025-04-21,2025-04-21,77652,"Total Nonfarm Employment",NA,NA,NA,NA,2025-04-04,"Monthly","%",-0.485704399533515,"PAYEMS"
"433",1975-01-01,"PAYEMS",77293,2025-04-21,2025-04-21,77293,"Total Nonfarm Employment",NA,NA,NA,NA,2025-04-04,"Monthly","%",-1.03329065300897,"PAYEMS"
"434",1975-02-01,"PAYEMS",76918,2025-04-21,2025-04-21,76918,"Total Nonfarm Employment",NA,NA,NA,NA,2025-04-04,"Monthly","%",-1.70726097068521,"PAYEMS"
"435",1975-03-01,"PAYEMS",76648,2025-04-21,2025-04-21,76648,"Total Nonfarm Employment",NA,NA,NA,NA,2025-04-04,"Monthly","%",-2.1048329416573,"PAYEMS"
"436",1975-04-01,"PAYEMS",76460,2025-04-21,2025-04-21,76460,"Total Nonfarm Employment",NA,NA,NA,NA,2025-04-04,"Monthly","%",-2.45209359291674,"PAYEMS"
"437",1975-05-01,"PAYEMS",76624,2025-04-21,2025-04-21,76624,"Total Nonfarm Employment",NA,NA,NA,NA,2025-04-04,"Monthly","%",-2.45069956332989,"PAYEMS"
"438",1975-06-01,"PAYEMS",76521,2025-04-21,2025-04-21,76521,"Total Nonfarm Employment",NA,NA,NA,NA,2025-04-04,"Monthly","%",-2.64999236680067,"PAYEMS"
"439",1975-07-01,"PAYEMS",76770,2025-04-21,2025-04-21,76770,"Total Nonfarm Employment",NA,NA,NA,NA,2025-04-04,"Monthly","%",-2.37295895009919,"PAYEMS"
"440",1975-08-01,"PAYEMS",77153,2025-04-21,2025-04-21,77153,"Total Nonfarm Employment",NA,NA,NA,NA,2025-04-04,"Monthly","%",-1.86468919726783,"PAYEMS"
"441",1975-09-01,"PAYEMS",77228,2025-04-21,2025-04-21,77228,"Total Nonfarm Employment",NA,NA,NA,NA,2025-04-04,"Monthly","%",-1.75804605012085,"PAYEMS"
"442",1975-10-01,"PAYEMS",77540,2025-04-21,2025-04-21,77540,"Total Nonfarm Employment",NA,NA,NA,NA,2025-04-04,"Monthly","%",-1.38623934884904,"PAYEMS"
"443",1975-11-01,"PAYEMS",77685,2025-04-21,2025-04-21,77685,"Total Nonfarm Employment",NA,NA,NA,NA,2025-04-04,"Monthly","%",-0.741071998977827,"PAYEMS"
"444",1975-12-01,"PAYEMS",78017,2025-04-21,2025-04-21,78017,"Total Nonfarm Employment",NA,NA,NA,NA,2025-04-04,"Monthly","%",0.470045845567402,"PAYEMS"
"445",1976-01-01,"PAYEMS",78503,2025-04-21,2025-04-21,78503,"Total Nonfarm Employment",NA,NA,NA,NA,2025-04-04,"Monthly","%",1.5654716468503,"PAYEMS"
"446",1976-02-01,"PAYEMS",78816,2025-04-21,2025-04-21,78816,"Total Nonfarm Employment",NA,NA,NA,NA,2025-04-04,"Monthly","%",2.46756285914871,"PAYEMS"
"447",1976-03-01,"PAYEMS",79048,2025-04-21,2025-04-21,79048,"Total Nonfarm Employment",NA,NA,NA,NA,2025-04-04,"Monthly","%",3.13119716104791,"PAYEMS"
"448",1976-04-01,"PAYEMS",79292,2025-04-21,2025-04-21,79292,"Total Nonfarm Employment",NA,NA,NA,NA,2025-04-04,"Monthly","%",3.70389746272561,"PAYEMS"
"449",1976-05-01,"PAYEMS",79312,2025-04-21,2025-04-21,79312,"Total Nonfarm Employment",NA,NA,NA,NA,2025-04-04,"Monthly","%",3.50803925662977,"PAYEMS"
"450",1976-06-01,"PAYEMS",79376,2025-04-21,2025-04-21,79376,"Total Nonfarm Employment",NA,NA,NA,NA,2025-04-04,"Monthly","%",3.7310019471779,"PAYEMS"
"451",1976-07-01,"PAYEMS",79547,2025-04-21,2025-04-21,79547,"Total Nonfarm Employment",NA,NA,NA,NA,2025-04-04,"Monthly","%",3.61729842386349,"PAYEMS"
"452",1976-08-01,"PAYEMS",79704,2025-04-21,2025-04-21,79704,"Total Nonfarm Employment",NA,NA,NA,NA,2025-04-04,"Monthly","%",3.30641711923061,"PAYEMS"
"453",1976-09-01,"PAYEMS",79892,2025-04-21,2025-04-21,79892,"Total Nonfarm Employment",NA,NA,NA,NA,2025-04-04,"Monthly","%",3.44952607862434,"PAYEMS"
"454",1976-10-01,"PAYEMS",79911,2025-04-21,2025-04-21,79911,"Total Nonfarm Employment",NA,NA,NA,NA,2025-04-04,"Monthly","%",3.05777663141604,"PAYEMS"
"455",1976-11-01,"PAYEMS",80240,2025-04-21,2025-04-21,80240,"Total Nonfarm Employment",NA,NA,NA,NA,2025-04-04,"Monthly","%",3.28892321554999,"PAYEMS"
"456",1976-12-01,"PAYEMS",80448,2025-04-21,2025-04-21,80448,"Total Nonfarm Employment",NA,NA,NA,NA,2025-04-04,"Monthly","%",3.11598754117692,"PAYEMS"
"457",1977-01-01,"PAYEMS",80690,2025-04-21,2025-04-21,80690,"Total Nonfarm Employment",NA,NA,NA,NA,2025-04-04,"Monthly","%",2.78588079436455,"PAYEMS"
"458",1977-02-01,"PAYEMS",80988,2025-04-21,2025-04-21,80988,"Total Nonfarm Employment",NA,NA,NA,NA,2025-04-04,"Monthly","%",2.7557856272838,"PAYEMS"
"459",1977-03-01,"PAYEMS",81391,2025-04-21,2025-04-21,81391,"Total Nonfarm Employment",NA,NA,NA,NA,2025-04-04,"Monthly","%",2.96402186013562,"PAYEMS"
"460",1977-04-01,"PAYEMS",81728,2025-04-21,2025-04-21,81728,"Total Nonfarm Employment",NA,NA,NA,NA,2025-04-04,"Monthly","%",3.07218887151288,"PAYEMS"
"461",1977-05-01,"PAYEMS",82088,2025-04-21,2025-04-21,82088,"Total Nonfarm Employment",NA,NA,NA,NA,2025-04-04,"Monthly","%",3.50010086746015,"PAYEMS"
"462",1977-06-01,"PAYEMS",82488,2025-04-21,2025-04-21,82488,"Total Nonfarm Employment",NA,NA,NA,NA,2025-04-04,"Monthly","%",3.92058052811932,"PAYEMS"
"463",1977-07-01,"PAYEMS",82834,2025-04-21,2025-04-21,82834,"Total Nonfarm Employment",NA,NA,NA,NA,2025-04-04,"Monthly","%",4.13214828969037,"PAYEMS"
"464",1977-08-01,"PAYEMS",83075,2025-04-21,2025-04-21,83075,"Total Nonfarm Employment",NA,NA,NA,NA,2025-04-04,"Monthly","%",4.22939877546924,"PAYEMS"
"465",1977-09-01,"PAYEMS",83532,2025-04-21,2025-04-21,83532,"Total Nonfarm Employment",NA,NA,NA,NA,2025-04-04,"Monthly","%",4.55615080358485,"PAYEMS"
"466",1977-10-01,"PAYEMS",83800,2025-04-21,2025-04-21,83800,"Total Nonfarm Employment",NA,NA,NA,NA,2025-04-04,"Monthly","%",4.86666416388233,"PAYEMS"
"467",1977-11-01,"PAYEMS",84173,2025-04-21,2025-04-21,84173,"Total Nonfarm Employment",NA,NA,NA,NA,2025-04-04,"Monthly","%",4.90154536390828,"PAYEMS"
"468",1977-12-01,"PAYEMS",84410,2025-04-21,2025-04-21,84410,"Total Nonfarm Employment",NA,NA,NA,NA,2025-04-04,"Monthly","%",4.92492044550517,"PAYEMS"
"469",1978-01-01,"PAYEMS",84594,2025-04-21,2025-04-21,84594,"Total Nonfarm Employment",NA,NA,NA,NA,2025-04-04,"Monthly","%",4.83826992192342,"PAYEMS"
"470",1978-02-01,"PAYEMS",84948,2025-04-21,2025-04-21,84948,"Total Nonfarm Employment",NA,NA,NA,NA,2025-04-04,"Monthly","%",4.88961327604089,"PAYEMS"
"471",1978-03-01,"PAYEMS",85460,2025-04-21,2025-04-21,85460,"Total Nonfarm Employment",NA,NA,NA,NA,2025-04-04,"Monthly","%",4.99932424960992,"PAYEMS"
"472",1978-04-01,"PAYEMS",86162,2025-04-21,2025-04-21,86162,"Total Nonfarm Employment",NA,NA,NA,NA,2025-04-04,"Monthly","%",5.42531323414253,"PAYEMS"
"473",1978-05-01,"PAYEMS",86509,2025-04-21,2025-04-21,86509,"Total Nonfarm Employment",NA,NA,NA,NA,2025-04-04,"Monthly","%",5.38568365656369,"PAYEMS"
"474",1978-06-01,"PAYEMS",86950,2025-04-21,2025-04-21,86950,"Total Nonfarm Employment",NA,NA,NA,NA,2025-04-04,"Monthly","%",5.40927165163418,"PAYEMS"
"475",1978-07-01,"PAYEMS",87204,2025-04-21,2025-04-21,87204,"Total Nonfarm Employment",NA,NA,NA,NA,2025-04-04,"Monthly","%",5.27561146389164,"PAYEMS"
"476",1978-08-01,"PAYEMS",87483,2025-04-21,2025-04-21,87483,"Total Nonfarm Employment",NA,NA,NA,NA,2025-04-04,"Monthly","%",5.3060487511285,"PAYEMS"
"477",1978-09-01,"PAYEMS",87621,2025-04-21,2025-04-21,87621,"Total Nonfarm Employment",NA,NA,NA,NA,2025-04-04,"Monthly","%",4.89513001005604,"PAYEMS"
"478",1978-10-01,"PAYEMS",87956,2025-04-21,2025-04-21,87956,"Total Nonfarm Employment",NA,NA,NA,NA,2025-04-04,"Monthly","%",4.95942720763722,"PAYEMS"
"479",1978-11-01,"PAYEMS",88391,2025-04-21,2025-04-21,88391,"Total Nonfarm Employment",NA,NA,NA,NA,2025-04-04,"Monthly","%",5.01110807503593,"PAYEMS"
"480",1978-12-01,"PAYEMS",88671,2025-04-21,2025-04-21,88671,"Total Nonfarm Employment",NA,NA,NA,NA,2025-04-04,"Monthly","%",5.04798009714489,"PAYEMS"
"481",1979-01-01,"PAYEMS",88808,2025-04-21,2025-04-21,88808,"Total Nonfarm Employment",NA,NA,NA,NA,2025-04-04,"Monthly","%",4.98144076412039,"PAYEMS"
"482",1979-02-01,"PAYEMS",89055,2025-04-21,2025-04-21,89055,"Total Nonfarm Employment",NA,NA,NA,NA,2025-04-04,"Monthly","%",4.83472241842069,"PAYEMS"
"483",1979-03-01,"PAYEMS",89479,2025-04-21,2025-04-21,89479,"Total Nonfarm Employment",NA,NA,NA,NA,2025-04-04,"Monthly","%",4.70278492862157,"PAYEMS"
"484",1979-04-01,"PAYEMS",89417,2025-04-21,2025-04-21,89417,"Total Nonfarm Employment",NA,NA,NA,NA,2025-04-04,"Monthly","%",3.77776746129384,"PAYEMS"
"485",1979-05-01,"PAYEMS",89789,2025-04-21,2025-04-21,89789,"Total Nonfarm Employment",NA,NA,NA,NA,2025-04-04,"Monthly","%",3.79151302176652,"PAYEMS"
"486",1979-06-01,"PAYEMS",90108,2025-04-21,2025-04-21,90108,"Total Nonfarm Employment",NA,NA,NA,NA,2025-04-04,"Monthly","%",3.63197239792985,"PAYEMS"
"487",1979-07-01,"PAYEMS",90217,2025-04-21,2025-04-21,90217,"Total Nonfarm Employment",NA,NA,NA,NA,2025-04-04,"Monthly","%",3.45511673776433,"PAYEMS"
"488",1979-08-01,"PAYEMS",90300,2025-04-21,2025-04-21,90300,"Total Nonfarm Employment",NA,NA,NA,NA,2025-04-04,"Monthly","%",3.22005418195535,"PAYEMS"
"489",1979-09-01,"PAYEMS",90327,2025-04-21,2025-04-21,90327,"Total Nonfarm Employment",NA,NA,NA,NA,2025-04-04,"Monthly","%",3.08830074982025,"PAYEMS"
"490",1979-10-01,"PAYEMS",90481,2025-04-21,2025-04-21,90481,"Total Nonfarm Employment",NA,NA,NA,NA,2025-04-04,"Monthly","%",2.87075355859747,"PAYEMS"
"491",1979-11-01,"PAYEMS",90573,2025-04-21,2025-04-21,90573,"Total Nonfarm Employment",NA,NA,NA,NA,2025-04-04,"Monthly","%",2.46857711757984,"PAYEMS"
"492",1979-12-01,"PAYEMS",90672,2025-04-21,2025-04-21,90672,"Total Nonfarm Employment",NA,NA,NA,NA,2025-04-04,"Monthly","%",2.25665662956323,"PAYEMS"
"493",1980-01-01,"PAYEMS",90800,2025-04-21,2025-04-21,90800,"Total Nonfarm Employment",NA,NA,NA,NA,2025-04-04,"Monthly","%",2.24304116746239,"PAYEMS"
"494",1980-02-01,"PAYEMS",90883,2025-04-21,2025-04-21,90883,"Total Nonfarm Employment",NA,NA,NA,NA,2025-04-04,"Monthly","%",2.05266408399303,"PAYEMS"
"495",1980-03-01,"PAYEMS",90994,2025-04-21,2025-04-21,90994,"Total Nonfarm Employment",NA,NA,NA,NA,2025-04-04,"Monthly","%",1.69313470199712,"PAYEMS"
"496",1980-04-01,"PAYEMS",90849,2025-04-21,2025-04-21,90849,"Total Nonfarm Employment",NA,NA,NA,NA,2025-04-04,"Monthly","%",1.60148517619692,"PAYEMS"
"497",1980-05-01,"PAYEMS",90420,2025-04-21,2025-04-21,90420,"Total Nonfarm Employment",NA,NA,NA,NA,2025-04-04,"Monthly","%",0.70275868981724,"PAYEMS"
"498",1980-06-01,"PAYEMS",90101,2025-04-21,2025-04-21,90101,"Total Nonfarm Employment",NA,NA,NA,NA,2025-04-04,"Monthly","%",-0.00776845563101869,"PAYEMS"
"499",1980-07-01,"PAYEMS",89840,2025-04-21,2025-04-21,89840,"Total Nonfarm Employment",NA,NA,NA,NA,2025-04-04,"Monthly","%",-0.417881330569625,"PAYEMS"
"500",1980-08-01,"PAYEMS",90099,2025-04-21,2025-04-21,90099,"Total Nonfarm Employment",NA,NA,NA,NA,2025-04-04,"Monthly","%",-0.222591362126245,"PAYEMS"
"501",1980-09-01,"PAYEMS",90213,2025-04-21,2025-04-21,90213,"Total Nonfarm Employment",NA,NA,NA,NA,2025-04-04,"Monthly","%",-0.126208110531734,"PAYEMS"
"502",1980-10-01,"PAYEMS",90490,2025-04-21,2025-04-21,90490,"Total Nonfarm Employment",NA,NA,NA,NA,2025-04-04,"Monthly","%",0.00994683966799581,"PAYEMS"
"503",1980-11-01,"PAYEMS",90747,2025-04-21,2025-04-21,90747,"Total Nonfarm Employment",NA,NA,NA,NA,2025-04-04,"Monthly","%",0.192110231525944,"PAYEMS"
"504",1980-12-01,"PAYEMS",90943,2025-04-21,2025-04-21,90943,"Total Nonfarm Employment",NA,NA,NA,NA,2025-04-04,"Monthly","%",0.298879477677794,"PAYEMS"
"505",1981-01-01,"PAYEMS",91033,2025-04-21,2025-04-21,91033,"Total Nonfarm Employment",NA,NA,NA,NA,2025-04-04,"Monthly","%",0.256607929515429,"PAYEMS"
"506",1981-02-01,"PAYEMS",91105,2025-04-21,2025-04-21,91105,"Total Nonfarm Employment",NA,NA,NA,NA,2025-04-04,"Monthly","%",0.244270105520283,"PAYEMS"
"507",1981-03-01,"PAYEMS",91210,2025-04-21,2025-04-21,91210,"Total Nonfarm Employment",NA,NA,NA,NA,2025-04-04,"Monthly","%",0.23737828867838,"PAYEMS"
"508",1981-04-01,"PAYEMS",91283,2025-04-21,2025-04-21,91283,"Total Nonfarm Employment",NA,NA,NA,NA,2025-04-04,"Monthly","%",0.477715770124054,"PAYEMS"
"509",1981-05-01,"PAYEMS",91296,2025-04-21,2025-04-21,91296,"Total Nonfarm Employment",NA,NA,NA,NA,2025-04-04,"Monthly","%",0.968812209688119,"PAYEMS"
"510",1981-06-01,"PAYEMS",91490,2025-04-21,2025-04-21,91490,"Total Nonfarm Employment",NA,NA,NA,NA,2025-04-04,"Monthly","%",1.54160331183895,"PAYEMS"
"511",1981-07-01,"PAYEMS",91601,2025-04-21,2025-04-21,91601,"Total Nonfarm Employment",NA,NA,NA,NA,2025-04-04,"Monthly","%",1.96015138023151,"PAYEMS"
"512",1981-08-01,"PAYEMS",91565,2025-04-21,2025-04-21,91565,"Total Nonfarm Employment",NA,NA,NA,NA,2025-04-04,"Monthly","%",1.627099079901,"PAYEMS"
"513",1981-09-01,"PAYEMS",91477,2025-04-21,2025-04-21,91477,"Total Nonfarm Employment",NA,NA,NA,NA,2025-04-04,"Monthly","%",1.40112844046867,"PAYEMS"
"514",1981-10-01,"PAYEMS",91380,2025-04-21,2025-04-21,91380,"Total Nonfarm Employment",NA,NA,NA,NA,2025-04-04,"Monthly","%",0.983534092164873,"PAYEMS"
"515",1981-11-01,"PAYEMS",91171,2025-04-21,2025-04-21,91171,"Total Nonfarm Employment",NA,NA,NA,NA,2025-04-04,"Monthly","%",0.467233076575524,"PAYEMS"
"516",1981-12-01,"PAYEMS",90895,2025-04-21,2025-04-21,90895,"Total Nonfarm Employment",NA,NA,NA,NA,2025-04-04,"Monthly","%",-0.052780312943268,"PAYEMS"
"517",1982-01-01,"PAYEMS",90565,2025-04-21,2025-04-21,90565,"Total Nonfarm Employment",NA,NA,NA,NA,2025-04-04,"Monthly","%",-0.514099282677716,"PAYEMS"
"518",1982-02-01,"PAYEMS",90563,2025-04-21,2025-04-21,90563,"Total Nonfarm Employment",NA,NA,NA,NA,2025-04-04,"Monthly","%",-0.594917951813845,"PAYEMS"
"519",1982-03-01,"PAYEMS",90434,2025-04-21,2025-04-21,90434,"Total Nonfarm Employment",NA,NA,NA,NA,2025-04-04,"Monthly","%",-0.850783905273544,"PAYEMS"
"520",1982-04-01,"PAYEMS",90150,2025-04-21,2025-04-21,90150,"Total Nonfarm Employment",NA,NA,NA,NA,2025-04-04,"Monthly","%",-1.24119496510851,"PAYEMS"
"521",1982-05-01,"PAYEMS",90107,2025-04-21,2025-04-21,90107,"Total Nonfarm Employment",NA,NA,NA,NA,2025-04-04,"Monthly","%",-1.30235716789344,"PAYEMS"
"522",1982-06-01,"PAYEMS",89865,2025-04-21,2025-04-21,89865,"Total Nonfarm Employment",NA,NA,NA,NA,2025-04-04,"Monthly","%",-1.7761503989507,"PAYEMS"
"523",1982-07-01,"PAYEMS",89521,2025-04-21,2025-04-21,89521,"Total Nonfarm Employment",NA,NA,NA,NA,2025-04-04,"Monthly","%",-2.2707175685855,"PAYEMS"
"524",1982-08-01,"PAYEMS",89363,2025-04-21,2025-04-21,89363,"Total Nonfarm Employment",NA,NA,NA,NA,2025-04-04,"Monthly","%",-2.40484901436139,"PAYEMS"
"525",1982-09-01,"PAYEMS",89183,2025-04-21,2025-04-21,89183,"Total Nonfarm Employment",NA,NA,NA,NA,2025-04-04,"Monthly","%",-2.50773418454913,"PAYEMS"
"526",1982-10-01,"PAYEMS",88907,2025-04-21,2025-04-21,88907,"Total Nonfarm Employment",NA,NA,NA,NA,2025-04-04,"Monthly","%",-2.70628146202671,"PAYEMS"
"527",1982-11-01,"PAYEMS",88786,2025-04-21,2025-04-21,88786,"Total Nonfarm Employment",NA,NA,NA,NA,2025-04-04,"Monthly","%",-2.61596340941747,"PAYEMS"
"528",1982-12-01,"PAYEMS",88771,2025-04-21,2025-04-21,88771,"Total Nonfarm Employment",NA,NA,NA,NA,2025-04-04,"Monthly","%",-2.33676219814071,"PAYEMS"
"529",1983-01-01,"PAYEMS",88990,2025-04-21,2025-04-21,88990,"Total Nonfarm Employment",NA,NA,NA,NA,2025-04-04,"Monthly","%",-1.73908242698614,"PAYEMS"
"530",1983-02-01,"PAYEMS",88917,2025-04-21,2025-04-21,88917,"Total Nonfarm Employment",NA,NA,NA,NA,2025-04-04,"Monthly","%",-1.81751929595972,"PAYEMS"
"531",1983-03-01,"PAYEMS",89090,2025-04-21,2025-04-21,89090,"Total Nonfarm Employment",NA,NA,NA,NA,2025-04-04,"Monthly","%",-1.48616670721189,"PAYEMS"
"532",1983-04-01,"PAYEMS",89364,2025-04-21,2025-04-21,89364,"Total Nonfarm Employment",NA,NA,NA,NA,2025-04-04,"Monthly","%",-0.871880199667219,"PAYEMS"
"533",1983-05-01,"PAYEMS",89644,2025-04-21,2025-04-21,89644,"Total Nonfarm Employment",NA,NA,NA,NA,2025-04-04,"Monthly","%",-0.513833553442022,"PAYEMS"
"534",1983-06-01,"PAYEMS",90021,2025-04-21,2025-04-21,90021,"Total Nonfarm Employment",NA,NA,NA,NA,2025-04-04,"Monthly","%",0.173593723919208,"PAYEMS"
"535",1983-07-01,"PAYEMS",90437,2025-04-21,2025-04-21,90437,"Total Nonfarm Employment",NA,NA,NA,NA,2025-04-04,"Monthly","%",1.0232236011662,"PAYEMS"
"536",1983-08-01,"PAYEMS",90129,2025-04-21,2025-04-21,90129,"Total Nonfarm Employment",NA,NA,NA,NA,2025-04-04,"Monthly","%",0.857178026700089,"PAYEMS"
"537",1983-09-01,"PAYEMS",91247,2025-04-21,2025-04-21,91247,"Total Nonfarm Employment",NA,NA,NA,NA,2025-04-04,"Monthly","%",2.31434241951942,"PAYEMS"
"538",1983-10-01,"PAYEMS",91520,2025-04-21,2025-04-21,91520,"Total Nonfarm Employment",NA,NA,NA,NA,2025-04-04,"Monthly","%",2.93902617341717,"PAYEMS"
"539",1983-11-01,"PAYEMS",91875,2025-04-21,2025-04-21,91875,"Total Nonfarm Employment",NA,NA,NA,NA,2025-04-04,"Monthly","%",3.47915211857726,"PAYEMS"
"540",1983-12-01,"PAYEMS",92230,2025-04-21,2025-04-21,92230,"Total Nonfarm Employment",NA,NA,NA,NA,2025-04-04,"Monthly","%",3.89654278987508,"PAYEMS"
"541",1984-01-01,"PAYEMS",92673,2025-04-21,2025-04-21,92673,"Total Nonfarm Employment",NA,NA,NA,NA,2025-04-04,"Monthly","%",4.13866726598495,"PAYEMS"
"542",1984-02-01,"PAYEMS",93157,2025-04-21,2025-04-21,93157,"Total Nonfarm Employment",NA,NA,NA,NA,2025-04-04,"Monthly","%",4.76849196441624,"PAYEMS"
"543",1984-03-01,"PAYEMS",93429,2025-04-21,2025-04-21,93429,"Total Nonfarm Employment",NA,NA,NA,NA,2025-04-04,"Monthly","%",4.87035581995734,"PAYEMS"
"544",1984-04-01,"PAYEMS",93792,2025-04-21,2025-04-21,93792,"Total Nonfarm Employment",NA,NA,NA,NA,2025-04-04,"Monthly","%",4.95501544246004,"PAYEMS"
"545",1984-05-01,"PAYEMS",94098,2025-04-21,2025-04-21,94098,"Total Nonfarm Employment",NA,NA,NA,NA,2025-04-04,"Monthly","%",4.96854223372452,"PAYEMS"
"546",1984-06-01,"PAYEMS",94479,2025-04-21,2025-04-21,94479,"Total Nonfarm Employment",NA,NA,NA,NA,2025-04-04,"Monthly","%",4.95217782517412,"PAYEMS"
"547",1984-07-01,"PAYEMS",94789,2025-04-21,2025-04-21,94789,"Total Nonfarm Employment",NA,NA,NA,NA,2025-04-04,"Monthly","%",4.8121897011179,"PAYEMS"
"548",1984-08-01,"PAYEMS",95032,2025-04-21,2025-04-21,95032,"Total Nonfarm Employment",NA,NA,NA,NA,2025-04-04,"Monthly","%",5.43998047243395,"PAYEMS"
"549",1984-09-01,"PAYEMS",95344,2025-04-21,2025-04-21,95344,"Total Nonfarm Employment",NA,NA,NA,NA,2025-04-04,"Monthly","%",4.49001063048649,"PAYEMS"
"550",1984-10-01,"PAYEMS",95629,2025-04-21,2025-04-21,95629,"Total Nonfarm Employment",NA,NA,NA,NA,2025-04-04,"Monthly","%",4.48972902097902,"PAYEMS"
"551",1984-11-01,"PAYEMS",95982,2025-04-21,2025-04-21,95982,"Total Nonfarm Employment",NA,NA,NA,NA,2025-04-04,"Monthly","%",4.47020408163266,"PAYEMS"
"552",1984-12-01,"PAYEMS",96107,2025-04-21,2025-04-21,96107,"Total Nonfarm Employment",NA,NA,NA,NA,2025-04-04,"Monthly","%",4.20362138132928,"PAYEMS"
"553",1985-01-01,"PAYEMS",96372,2025-04-21,2025-04-21,96372,"Total Nonfarm Employment",NA,NA,NA,NA,2025-04-04,"Monthly","%",3.99145382150141,"PAYEMS"
"554",1985-02-01,"PAYEMS",96503,2025-04-21,2025-04-21,96503,"Total Nonfarm Employment",NA,NA,NA,NA,2025-04-04,"Monthly","%",3.59178590980818,"PAYEMS"
"555",1985-03-01,"PAYEMS",96842,2025-04-21,2025-04-21,96842,"Total Nonfarm Employment",NA,NA,NA,NA,2025-04-04,"Monthly","%",3.65304134690514,"PAYEMS"
"556",1985-04-01,"PAYEMS",97038,2025-04-21,2025-04-21,97038,"Total Nonfarm Employment",NA,NA,NA,NA,2025-04-04,"Monthly","%",3.46084953940635,"PAYEMS"
"557",1985-05-01,"PAYEMS",97312,2025-04-21,2025-04-21,97312,"Total Nonfarm Employment",NA,NA,NA,NA,2025-04-04,"Monthly","%",3.41558800399584,"PAYEMS"
"558",1985-06-01,"PAYEMS",97459,2025-04-21,2025-04-21,97459,"Total Nonfarm Employment",NA,NA,NA,NA,2025-04-04,"Monthly","%",3.15414007345547,"PAYEMS"
"559",1985-07-01,"PAYEMS",97648,2025-04-21,2025-04-21,97648,"Total Nonfarm Employment",NA,NA,NA,NA,2025-04-04,"Monthly","%",3.01617276266233,"PAYEMS"
"560",1985-08-01,"PAYEMS",97840,2025-04-21,2025-04-21,97840,"Total Nonfarm Employment",NA,NA,NA,NA,2025-04-04,"Monthly","%",2.95479417459381,"PAYEMS"
"561",1985-09-01,"PAYEMS",98045,2025-04-21,2025-04-21,98045,"Total Nonfarm Employment",NA,NA,NA,NA,2025-04-04,"Monthly","%",2.83289981540527,"PAYEMS"
"562",1985-10-01,"PAYEMS",98233,2025-04-21,2025-04-21,98233,"Total Nonfarm Employment",NA,NA,NA,NA,2025-04-04,"Monthly","%",2.72302335065722,"PAYEMS"
"563",1985-11-01,"PAYEMS",98443,2025-04-21,2025-04-21,98443,"Total Nonfarm Employment",NA,NA,NA,NA,2025-04-04,"Monthly","%",2.56402242087057,"PAYEMS"
"564",1985-12-01,"PAYEMS",98609,2025-04-21,2025-04-21,98609,"Total Nonfarm Employment",NA,NA,NA,NA,2025-04-04,"Monthly","%",2.60334835131677,"PAYEMS"
"565",1986-01-01,"PAYEMS",98732,2025-04-21,2025-04-21,98732,"Total Nonfarm Employment",NA,NA,NA,NA,2025-04-04,"Monthly","%",2.4488440625908,"PAYEMS"
"566",1986-02-01,"PAYEMS",98847,2025-04-21,2025-04-21,98847,"Total Nonfarm Employment",NA,NA,NA,NA,2025-04-04,"Monthly","%",2.42894003295235,"PAYEMS"
"567",1986-03-01,"PAYEMS",98934,2025-04-21,2025-04-21,98934,"Total Nonfarm Employment",NA,NA,NA,NA,2025-04-04,"Monthly","%",2.16021973936928,"PAYEMS"
"568",1986-04-01,"PAYEMS",99121,2025-04-21,2025-04-21,99121,"Total Nonfarm Employment",NA,NA,NA,NA,2025-04-04,"Monthly","%",2.14658175147879,"PAYEMS"
"569",1986-05-01,"PAYEMS",99248,2025-04-21,2025-04-21,99248,"Total Nonfarm Employment",NA,NA,NA,NA,2025-04-04,"Monthly","%",1.98947714567577,"PAYEMS"
"570",1986-06-01,"PAYEMS",99155,2025-04-21,2025-04-21,99155,"Total Nonfarm Employment",NA,NA,NA,NA,2025-04-04,"Monthly","%",1.740218963872,"PAYEMS"
"571",1986-07-01,"PAYEMS",99473,2025-04-21,2025-04-21,99473,"Total Nonfarm Employment",NA,NA,NA,NA,2025-04-04,"Monthly","%",1.86895788956252,"PAYEMS"
"572",1986-08-01,"PAYEMS",99588,2025-04-21,2025-04-21,99588,"Total Nonfarm Employment",NA,NA,NA,NA,2025-04-04,"Monthly","%",1.78659035159443,"PAYEMS"
"573",1986-09-01,"PAYEMS",99934,2025-04-21,2025-04-21,99934,"Total Nonfarm Employment",NA,NA,NA,NA,2025-04-04,"Monthly","%",1.92666632668672,"PAYEMS"
"574",1986-10-01,"PAYEMS",100121,2025-04-21,2025-04-21,100121,"Total Nonfarm Employment",NA,NA,NA,NA,2025-04-04,"Monthly","%",1.92196105178504,"PAYEMS"
"575",1986-11-01,"PAYEMS",100308,2025-04-21,2025-04-21,100308,"Total Nonfarm Employment",NA,NA,NA,NA,2025-04-04,"Monthly","%",1.89449732332416,"PAYEMS"
"576",1986-12-01,"PAYEMS",100509,2025-04-21,2025-04-21,100509,"Total Nonfarm Employment",NA,NA,NA,NA,2025-04-04,"Monthly","%",1.92680181322191,"PAYEMS"
"577",1987-01-01,"PAYEMS",100678,2025-04-21,2025-04-21,100678,"Total Nonfarm Employment",NA,NA,NA,NA,2025-04-04,"Monthly","%",1.97099218085321,"PAYEMS"
"578",1987-02-01,"PAYEMS",100919,2025-04-21,2025-04-21,100919,"Total Nonfarm Employment",NA,NA,NA,NA,2025-04-04,"Monthly","%",2.09616882657035,"PAYEMS"
"579",1987-03-01,"PAYEMS",101164,2025-04-21,2025-04-21,101164,"Total Nonfarm Employment",NA,NA,NA,NA,2025-04-04,"Monthly","%",2.25402793781713,"PAYEMS"
"580",1987-04-01,"PAYEMS",101499,2025-04-21,2025-04-21,101499,"Total Nonfarm Employment",NA,NA,NA,NA,2025-04-04,"Monthly","%",2.39908798337385,"PAYEMS"
"581",1987-05-01,"PAYEMS",101728,2025-04-21,2025-04-21,101728,"Total Nonfarm Employment",NA,NA,NA,NA,2025-04-04,"Monthly","%",2.49879090762535,"PAYEMS"
"582",1987-06-01,"PAYEMS",101900,2025-04-21,2025-04-21,101900,"Total Nonfarm Employment",NA,NA,NA,NA,2025-04-04,"Monthly","%",2.76839292017548,"PAYEMS"
"583",1987-07-01,"PAYEMS",102247,2025-04-21,2025-04-21,102247,"Total Nonfarm Employment",NA,NA,NA,NA,2025-04-04,"Monthly","%",2.78869643018709,"PAYEMS"
"584",1987-08-01,"PAYEMS",102420,2025-04-21,2025-04-21,102420,"Total Nonfarm Employment",NA,NA,NA,NA,2025-04-04,"Monthly","%",2.84371611037475,"PAYEMS"
"585",1987-09-01,"PAYEMS",102647,2025-04-21,2025-04-21,102647,"Total Nonfarm Employment",NA,NA,NA,NA,2025-04-04,"Monthly","%",2.71479176256328,"PAYEMS"
"586",1987-10-01,"PAYEMS",103138,2025-04-21,2025-04-21,103138,"Total Nonfarm Employment",NA,NA,NA,NA,2025-04-04,"Monthly","%",3.01335384185135,"PAYEMS"
"587",1987-11-01,"PAYEMS",103372,2025-04-21,2025-04-21,103372,"Total Nonfarm Employment",NA,NA,NA,NA,2025-04-04,"Monthly","%",3.05459185708019,"PAYEMS"
"588",1987-12-01,"PAYEMS",103661,2025-04-21,2025-04-21,103661,"Total Nonfarm Employment",NA,NA,NA,NA,2025-04-04,"Monthly","%",3.13603756877494,"PAYEMS"
"589",1988-01-01,"PAYEMS",103753,2025-04-21,2025-04-21,103753,"Total Nonfarm Employment",NA,NA,NA,NA,2025-04-04,"Monthly","%",3.05429190091182,"PAYEMS"
"590",1988-02-01,"PAYEMS",104214,2025-04-21,2025-04-21,104214,"Total Nonfarm Employment",NA,NA,NA,NA,2025-04-04,"Monthly","%",3.26499469871877,"PAYEMS"
"591",1988-03-01,"PAYEMS",104489,2025-04-21,2025-04-21,104489,"Total Nonfarm Employment",NA,NA,NA,NA,2025-04-04,"Monthly","%",3.28674231940216,"PAYEMS"
"592",1988-04-01,"PAYEMS",104732,2025-04-21,2025-04-21,104732,"Total Nonfarm Employment",NA,NA,NA,NA,2025-04-04,"Monthly","%",3.18525305668036,"PAYEMS"
"593",1988-05-01,"PAYEMS",104962,2025-04-21,2025-04-21,104962,"Total Nonfarm Employment",NA,NA,NA,NA,2025-04-04,"Monthly","%",3.17906574394464,"PAYEMS"
"594",1988-06-01,"PAYEMS",105326,2025-04-21,2025-04-21,105326,"Total Nonfarm Employment",NA,NA,NA,NA,2025-04-04,"Monthly","%",3.3621197252208,"PAYEMS"
"595",1988-07-01,"PAYEMS",105550,2025-04-21,2025-04-21,105550,"Total Nonfarm Employment",NA,NA,NA,NA,2025-04-04,"Monthly","%",3.23041262824337,"PAYEMS"
"596",1988-08-01,"PAYEMS",105674,2025-04-21,2025-04-21,105674,"Total Nonfarm Employment",NA,NA,NA,NA,2025-04-04,"Monthly","%",3.17711384495216,"PAYEMS"
"597",1988-09-01,"PAYEMS",106013,2025-04-21,2025-04-21,106013,"Total Nonfarm Employment",NA,NA,NA,NA,2025-04-04,"Monthly","%",3.27919958693386,"PAYEMS"
"598",1988-10-01,"PAYEMS",106276,2025-04-21,2025-04-21,106276,"Total Nonfarm Employment",NA,NA,NA,NA,2025-04-04,"Monthly","%",3.04252554829452,"PAYEMS"
"599",1988-11-01,"PAYEMS",106617,2025-04-21,2025-04-21,106617,"Total Nonfarm Employment",NA,NA,NA,NA,2025-04-04,"Monthly","%",3.13914793174168,"PAYEMS"
"600",1988-12-01,"PAYEMS",106898,2025-04-21,2025-04-21,106898,"Total Nonfarm Employment",NA,NA,NA,NA,2025-04-04,"Monthly","%",3.12267873163485,"PAYEMS"
"601",1989-01-01,"PAYEMS",107161,2025-04-21,2025-04-21,107161,"Total Nonfarm Employment",NA,NA,NA,NA,2025-04-04,"Monthly","%",3.28472429712876,"PAYEMS"
"602",1989-02-01,"PAYEMS",107427,2025-04-21,2025-04-21,107427,"Total Nonfarm Employment",NA,NA,NA,NA,2025-04-04,"Monthly","%",3.08307904888019,"PAYEMS"
"603",1989-03-01,"PAYEMS",107621,2025-04-21,2025-04-21,107621,"Total Nonfarm Employment",NA,NA,NA,NA,2025-04-04,"Monthly","%",2.99744470709835,"PAYEMS"
"604",1989-04-01,"PAYEMS",107791,2025-04-21,2025-04-21,107791,"Total Nonfarm Employment",NA,NA,NA,NA,2025-04-04,"Monthly","%",2.92078829775044,"PAYEMS"
"605",1989-05-01,"PAYEMS",107913,2025-04-21,2025-04-21,107913,"Total Nonfarm Employment",NA,NA,NA,NA,2025-04-04,"Monthly","%",2.81149368342828,"PAYEMS"
"606",1989-06-01,"PAYEMS",108027,2025-04-21,2025-04-21,108027,"Total Nonfarm Employment",NA,NA,NA,NA,2025-04-04,"Monthly","%",2.56441904183202,"PAYEMS"
"607",1989-07-01,"PAYEMS",108069,2025-04-21,2025-04-21,108069,"Total Nonfarm Employment",NA,NA,NA,NA,2025-04-04,"Monthly","%",2.38654666035054,"PAYEMS"
"608",1989-08-01,"PAYEMS",108120,2025-04-21,2025-04-21,108120,"Total Nonfarm Employment",NA,NA,NA,NA,2025-04-04,"Monthly","%",2.31466585915172,"PAYEMS"
"609",1989-09-01,"PAYEMS",108369,2025-04-21,2025-04-21,108369,"Total Nonfarm Employment",NA,NA,NA,NA,2025-04-04,"Monthly","%",2.22236895475083,"PAYEMS"
"610",1989-10-01,"PAYEMS",108476,2025-04-21,2025-04-21,108476,"Total Nonfarm Employment",NA,NA,NA,NA,2025-04-04,"Monthly","%",2.0700816741315,"PAYEMS"
"611",1989-11-01,"PAYEMS",108752,2025-04-21,2025-04-21,108752,"Total Nonfarm Employment",NA,NA,NA,NA,2025-04-04,"Monthly","%",2.00249491169326,"PAYEMS"
"612",1989-12-01,"PAYEMS",108836,2025-04-21,2025-04-21,108836,"Total Nonfarm Employment",NA,NA,NA,NA,2025-04-04,"Monthly","%",1.81294317947951,"PAYEMS"
"613",1990-01-01,"PAYEMS",109196,2025-04-21,2025-04-21,109196,"Total Nonfarm Employment",NA,NA,NA,NA,2025-04-04,"Monthly","%",1.89901176734073,"PAYEMS"
"614",1990-02-01,"PAYEMS",109436,2025-04-21,2025-04-21,109436,"Total Nonfarm Employment",NA,NA,NA,NA,2025-04-04,"Monthly","%",1.87010714252469,"PAYEMS"
"615",1990-03-01,"PAYEMS",109640,2025-04-21,2025-04-21,109640,"Total Nonfarm Employment",NA,NA,NA,NA,2025-04-04,"Monthly","%",1.87602791276795,"PAYEMS"
"616",1990-04-01,"PAYEMS",109674,2025-04-21,2025-04-21,109674,"Total Nonfarm Employment",NA,NA,NA,NA,2025-04-04,"Monthly","%",1.74689909176091,"PAYEMS"
"617",1990-05-01,"PAYEMS",109828,2025-04-21,2025-04-21,109828,"Total Nonfarm Employment",NA,NA,NA,NA,2025-04-04,"Monthly","%",1.77457766904821,"PAYEMS"
"618",1990-06-01,"PAYEMS",109850,2025-04-21,2025-04-21,109850,"Total Nonfarm Employment",NA,NA,NA,NA,2025-04-04,"Monthly","%",1.68754107769353,"PAYEMS"
"619",1990-07-01,"PAYEMS",109815,2025-04-21,2025-04-21,109815,"Total Nonfarm Employment",NA,NA,NA,NA,2025-04-04,"Monthly","%",1.61563445576438,"PAYEMS"
"620",1990-08-01,"PAYEMS",109606,2025-04-21,2025-04-21,109606,"Total Nonfarm Employment",NA,NA,NA,NA,2025-04-04,"Monthly","%",1.37439881613022,"PAYEMS"
"621",1990-09-01,"PAYEMS",109523,2025-04-21,2025-04-21,109523,"Total Nonfarm Employment",NA,NA,NA,NA,2025-04-04,"Monthly","%",1.06488017791067,"PAYEMS"
"622",1990-10-01,"PAYEMS",109377,2025-04-21,2025-04-21,109377,"Total Nonfarm Employment",NA,NA,NA,NA,2025-04-04,"Monthly","%",0.830598473395039,"PAYEMS"
"623",1990-11-01,"PAYEMS",109222,2025-04-21,2025-04-21,109222,"Total Nonfarm Employment",NA,NA,NA,NA,2025-04-04,"Monthly","%",0.43217595998235,"PAYEMS"
"624",1990-12-01,"PAYEMS",109168,2025-04-21,2025-04-21,109168,"Total Nonfarm Employment",NA,NA,NA,NA,2025-04-04,"Monthly","%",0.305046124444108,"PAYEMS"
"625",1991-01-01,"PAYEMS",109058,2025-04-21,2025-04-21,109058,"Total Nonfarm Employment",NA,NA,NA,NA,2025-04-04,"Monthly","%",-0.126378255613757,"PAYEMS"
"626",1991-02-01,"PAYEMS",108735,2025-04-21,2025-04-21,108735,"Total Nonfarm Employment",NA,NA,NA,NA,2025-04-04,"Monthly","%",-0.640557037903433,"PAYEMS"
"627",1991-03-01,"PAYEMS",108568,2025-04-21,2025-04-21,108568,"Total Nonfarm Employment",NA,NA,NA,NA,2025-04-04,"Monthly","%",-0.977745348412984,"PAYEMS"
"628",1991-04-01,"PAYEMS",108350,2025-04-21,2025-04-21,108350,"Total Nonfarm Employment",NA,NA,NA,NA,2025-04-04,"Monthly","%",-1.20721410726334,"PAYEMS"
"629",1991-05-01,"PAYEMS",108253,2025-04-21,2025-04-21,108253,"Total Nonfarm Employment",NA,NA,NA,NA,2025-04-04,"Monthly","%",-1.43406053101213,"PAYEMS"
"630",1991-06-01,"PAYEMS",108330,2025-04-21,2025-04-21,108330,"Total Nonfarm Employment",NA,NA,NA,NA,2025-04-04,"Monthly","%",-1.38370505234411,"PAYEMS"
"631",1991-07-01,"PAYEMS",108290,2025-04-21,2025-04-21,108290,"Total Nonfarm Employment",NA,NA,NA,NA,2025-04-04,"Monthly","%",-1.38869917588672,"PAYEMS"
"632",1991-08-01,"PAYEMS",108299,2025-04-21,2025-04-21,108299,"Total Nonfarm Employment",NA,NA,NA,NA,2025-04-04,"Monthly","%",-1.19245296790321,"PAYEMS"
"633",1991-09-01,"PAYEMS",108335,2025-04-21,2025-04-21,108335,"Total Nonfarm Employment",NA,NA,NA,NA,2025-04-04,"Monthly","%",-1.08470366954886,"PAYEMS"
"634",1991-10-01,"PAYEMS",108361,2025-04-21,2025-04-21,108361,"Total Nonfarm Employment",NA,NA,NA,NA,2025-04-04,"Monthly","%",-0.928897300163656,"PAYEMS"
"635",1991-11-01,"PAYEMS",108300,2025-04-21,2025-04-21,108300,"Total Nonfarm Employment",NA,NA,NA,NA,2025-04-04,"Monthly","%",-0.844152277013788,"PAYEMS"
"636",1991-12-01,"PAYEMS",108330,2025-04-21,2025-04-21,108330,"Total Nonfarm Employment",NA,NA,NA,NA,2025-04-04,"Monthly","%",-0.767624212223361,"PAYEMS"
"637",1992-01-01,"PAYEMS",108365,2025-04-21,2025-04-21,108365,"Total Nonfarm Employment",NA,NA,NA,NA,2025-04-04,"Monthly","%",-0.635441691576955,"PAYEMS"
"638",1992-02-01,"PAYEMS",108313,2025-04-21,2025-04-21,108313,"Total Nonfarm Employment",NA,NA,NA,NA,2025-04-04,"Monthly","%",-0.388099507978112,"PAYEMS"
"639",1992-03-01,"PAYEMS",108367,2025-04-21,2025-04-21,108367,"Total Nonfarm Employment",NA,NA,NA,NA,2025-04-04,"Monthly","%",-0.185137425392379,"PAYEMS"
"640",1992-04-01,"PAYEMS",108517,2025-04-21,2025-04-21,108517,"Total Nonfarm Employment",NA,NA,NA,NA,2025-04-04,"Monthly","%",0.15413013382557,"PAYEMS"
"641",1992-05-01,"PAYEMS",108647,2025-04-21,2025-04-21,108647,"Total Nonfarm Employment",NA,NA,NA,NA,2025-04-04,"Monthly","%",0.363962199661905,"PAYEMS"
"642",1992-06-01,"PAYEMS",108707,2025-04-21,2025-04-21,108707,"Total Nonfarm Employment",NA,NA,NA,NA,2025-04-04,"Monthly","%",0.348010708021795,"PAYEMS"
"643",1992-07-01,"PAYEMS",108792,2025-04-21,2025-04-21,108792,"Total Nonfarm Employment",NA,NA,NA,NA,2025-04-04,"Monthly","%",0.463570043401984,"PAYEMS"
"644",1992-08-01,"PAYEMS",108916,2025-04-21,2025-04-21,108916,"Total Nonfarm Employment",NA,NA,NA,NA,2025-04-04,"Monthly","%",0.569719018642822,"PAYEMS"
"645",1992-09-01,"PAYEMS",108952,2025-04-21,2025-04-21,108952,"Total Nonfarm Employment",NA,NA,NA,NA,2025-04-04,"Monthly","%",0.569529699543092,"PAYEMS"
"646",1992-10-01,"PAYEMS",109138,2025-04-21,2025-04-21,109138,"Total Nonfarm Employment",NA,NA,NA,NA,2025-04-04,"Monthly","%",0.717047646293412,"PAYEMS"
"647",1992-11-01,"PAYEMS",109283,2025-04-21,2025-04-21,109283,"Total Nonfarm Employment",NA,NA,NA,NA,2025-04-04,"Monthly","%",0.907663896583566,"PAYEMS"
"648",1992-12-01,"PAYEMS",109502,2025-04-21,2025-04-21,109502,"Total Nonfarm Employment",NA,NA,NA,NA,2025-04-04,"Monthly","%",1.08187944244438,"PAYEMS"
"649",1993-01-01,"PAYEMS",109790,2025-04-21,2025-04-21,109790,"Total Nonfarm Employment",NA,NA,NA,NA,2025-04-04,"Monthly","%",1.31500023070179,"PAYEMS"
"650",1993-02-01,"PAYEMS",110048,2025-04-21,2025-04-21,110048,"Total Nonfarm Employment",NA,NA,NA,NA,2025-04-04,"Monthly","%",1.6018391144184,"PAYEMS"
"651",1993-03-01,"PAYEMS",110004,2025-04-21,2025-04-21,110004,"Total Nonfarm Employment",NA,NA,NA,NA,2025-04-04,"Monthly","%",1.51060747275462,"PAYEMS"
"652",1993-04-01,"PAYEMS",110300,2025-04-21,2025-04-21,110300,"Total Nonfarm Employment",NA,NA,NA,NA,2025-04-04,"Monthly","%",1.64306053429417,"PAYEMS"
"653",1993-05-01,"PAYEMS",110571,2025-04-21,2025-04-21,110571,"Total Nonfarm Employment",NA,NA,NA,NA,2025-04-04,"Monthly","%",1.77087264259483,"PAYEMS"
"654",1993-06-01,"PAYEMS",110742,2025-04-21,2025-04-21,110742,"Total Nonfarm Employment",NA,NA,NA,NA,2025-04-04,"Monthly","%",1.87200456272365,"PAYEMS"
"655",1993-07-01,"PAYEMS",111054,2025-04-21,2025-04-21,111054,"Total Nonfarm Employment",NA,NA,NA,NA,2025-04-04,"Monthly","%",2.07919699977939,"PAYEMS"
"656",1993-08-01,"PAYEMS",111200,2025-04-21,2025-04-21,111200,"Total Nonfarm Employment",NA,NA,NA,NA,2025-04-04,"Monthly","%",2.09702890300782,"PAYEMS"
"657",1993-09-01,"PAYEMS",111449,2025-04-21,2025-04-21,111449,"Total Nonfarm Employment",NA,NA,NA,NA,2025-04-04,"Monthly","%",2.29183493648579,"PAYEMS"
"658",1993-10-01,"PAYEMS",111734,2025-04-21,2025-04-21,111734,"Total Nonfarm Employment",NA,NA,NA,NA,2025-04-04,"Monthly","%",2.3786398871154,"PAYEMS"
"659",1993-11-01,"PAYEMS",111988,2025-04-21,2025-04-21,111988,"Total Nonfarm Employment",NA,NA,NA,NA,2025-04-04,"Monthly","%",2.47522487486618,"PAYEMS"
"660",1993-12-01,"PAYEMS",112324,2025-04-21,2025-04-21,112324,"Total Nonfarm Employment",NA,NA,NA,NA,2025-04-04,"Monthly","%",2.57712187905244,"PAYEMS"
"661",1994-01-01,"PAYEMS",112601,2025-04-21,2025-04-21,112601,"Total Nonfarm Employment",NA,NA,NA,NA,2025-04-04,"Monthly","%",2.56034247199199,"PAYEMS"
"662",1994-02-01,"PAYEMS",112782,2025-04-21,2025-04-21,112782,"Total Nonfarm Employment",NA,NA,NA,NA,2025-04-04,"Monthly","%",2.48437045652805,"PAYEMS"
"663",1994-03-01,"PAYEMS",113245,2025-04-21,2025-04-21,113245,"Total Nonfarm Employment",NA,NA,NA,NA,2025-04-04,"Monthly","%",2.94625649976366,"PAYEMS"
"664",1994-04-01,"PAYEMS",113589,2025-04-21,2025-04-21,113589,"Total Nonfarm Employment",NA,NA,NA,NA,2025-04-04,"Monthly","%",2.98186763372621,"PAYEMS"
"665",1994-05-01,"PAYEMS",113922,2025-04-21,2025-04-21,113922,"Total Nonfarm Employment",NA,NA,NA,NA,2025-04-04,"Monthly","%",3.03063190167403,"PAYEMS"
"666",1994-06-01,"PAYEMS",114239,2025-04-21,2025-04-21,114239,"Total Nonfarm Employment",NA,NA,NA,NA,2025-04-04,"Monthly","%",3.15779017897455,"PAYEMS"
"667",1994-07-01,"PAYEMS",114608,2025-04-21,2025-04-21,114608,"Total Nonfarm Employment",NA,NA,NA,NA,2025-04-04,"Monthly","%",3.2002449258919,"PAYEMS"
"668",1994-08-01,"PAYEMS",114903,2025-04-21,2025-04-21,114903,"Total Nonfarm Employment",NA,NA,NA,NA,2025-04-04,"Monthly","%",3.33003597122301,"PAYEMS"
"669",1994-09-01,"PAYEMS",115247,2025-04-21,2025-04-21,115247,"Total Nonfarm Employment",NA,NA,NA,NA,2025-04-04,"Monthly","%",3.40783676838734,"PAYEMS"
"670",1994-10-01,"PAYEMS",115457,2025-04-21,2025-04-21,115457,"Total Nonfarm Employment",NA,NA,NA,NA,2025-04-04,"Monthly","%",3.33202069200065,"PAYEMS"
"671",1994-11-01,"PAYEMS",115868,2025-04-21,2025-04-21,115868,"Total Nonfarm Employment",NA,NA,NA,NA,2025-04-04,"Monthly","%",3.46465692752795,"PAYEMS"
"672",1994-12-01,"PAYEMS",116173,2025-04-21,2025-04-21,116173,"Total Nonfarm Employment",NA,NA,NA,NA,2025-04-04,"Monthly","%",3.4266942060468,"PAYEMS"
"673",1995-01-01,"PAYEMS",116505,2025-04-21,2025-04-21,116505,"Total Nonfarm Employment",NA,NA,NA,NA,2025-04-04,"Monthly","%",3.46710952833456,"PAYEMS"
"674",1995-02-01,"PAYEMS",116694,2025-04-21,2025-04-21,116694,"Total Nonfarm Employment",NA,NA,NA,NA,2025-04-04,"Monthly","%",3.46863861254456,"PAYEMS"
"675",1995-03-01,"PAYEMS",116908,2025-04-21,2025-04-21,116908,"Total Nonfarm Employment",NA,NA,NA,NA,2025-04-04,"Monthly","%",3.23457989315201,"PAYEMS"
"676",1995-04-01,"PAYEMS",117065,2025-04-21,2025-04-21,117065,"Total Nonfarm Employment",NA,NA,NA,NA,2025-04-04,"Monthly","%",3.06015547280107,"PAYEMS"
"677",1995-05-01,"PAYEMS",117047,2025-04-21,2025-04-21,117047,"Total Nonfarm Employment",NA,NA,NA,NA,2025-04-04,"Monthly","%",2.74310493144432,"PAYEMS"
"678",1995-06-01,"PAYEMS",117291,2025-04-21,2025-04-21,117291,"Total Nonfarm Employment",NA,NA,NA,NA,2025-04-04,"Monthly","%",2.67159201323541,"PAYEMS"
"679",1995-07-01,"PAYEMS",117382,2025-04-21,2025-04-21,117382,"Total Nonfarm Employment",NA,NA,NA,NA,2025-04-04,"Monthly","%",2.42042440318302,"PAYEMS"
"680",1995-08-01,"PAYEMS",117646,2025-04-21,2025-04-21,117646,"Total Nonfarm Employment",NA,NA,NA,NA,2025-04-04,"Monthly","%",2.38723096873015,"PAYEMS"
"681",1995-09-01,"PAYEMS",117873,2025-04-21,2025-04-21,117873,"Total Nonfarm Employment",NA,NA,NA,NA,2025-04-04,"Monthly","%",2.27858425815857,"PAYEMS"
"682",1995-10-01,"PAYEMS",118026,2025-04-21,2025-04-21,118026,"Total Nonfarm Employment",NA,NA,NA,NA,2025-04-04,"Monthly","%",2.2250708055813,"PAYEMS"
"683",1995-11-01,"PAYEMS",118165,2025-04-21,2025-04-21,118165,"Total Nonfarm Employment",NA,NA,NA,NA,2025-04-04,"Monthly","%",1.98242828045707,"PAYEMS"
"684",1995-12-01,"PAYEMS",118325,2025-04-21,2025-04-21,118325,"Total Nonfarm Employment",NA,NA,NA,NA,2025-04-04,"Monthly","%",1.85240976819054,"PAYEMS"
"685",1996-01-01,"PAYEMS",118317,2025-04-21,2025-04-21,118317,"Total Nonfarm Employment",NA,NA,NA,NA,2025-04-04,"Monthly","%",1.55529805587744,"PAYEMS"
"686",1996-02-01,"PAYEMS",118737,2025-04-21,2025-04-21,118737,"Total Nonfarm Employment",NA,NA,NA,NA,2025-04-04,"Monthly","%",1.75073268548511,"PAYEMS"
"687",1996-03-01,"PAYEMS",118992,2025-04-21,2025-04-21,118992,"Total Nonfarm Employment",NA,NA,NA,NA,2025-04-04,"Monthly","%",1.7825982824101,"PAYEMS"
"688",1996-04-01,"PAYEMS",119158,2025-04-21,2025-04-21,119158,"Total Nonfarm Employment",NA,NA,NA,NA,2025-04-04,"Monthly","%",1.78789561354802,"PAYEMS"
"689",1996-05-01,"PAYEMS",119496,2025-04-21,2025-04-21,119496,"Total Nonfarm Employment",NA,NA,NA,NA,2025-04-04,"Monthly","%",2.09232188778867,"PAYEMS"
"690",1996-06-01,"PAYEMS",119770,2025-04-21,2025-04-21,119770,"Total Nonfarm Employment",NA,NA,NA,NA,2025-04-04,"Monthly","%",2.113546648933,"PAYEMS"
"691",1996-07-01,"PAYEMS",120019,2025-04-21,2025-04-21,120019,"Total Nonfarm Employment",NA,NA,NA,NA,2025-04-04,"Monthly","%",2.24651139016203,"PAYEMS"
"692",1996-08-01,"PAYEMS",120198,2025-04-21,2025-04-21,120198,"Total Nonfarm Employment",NA,NA,NA,NA,2025-04-04,"Monthly","%",2.16921952297571,"PAYEMS"
"693",1996-09-01,"PAYEMS",120400,2025-04-21,2025-04-21,120400,"Total Nonfarm Employment",NA,NA,NA,NA,2025-04-04,"Monthly","%",2.14383276916681,"PAYEMS"
"694",1996-10-01,"PAYEMS",120665,2025-04-21,2025-04-21,120665,"Total Nonfarm Employment",NA,NA,NA,NA,2025-04-04,"Monthly","%",2.2359480114551,"PAYEMS"
"695",1996-11-01,"PAYEMS",120947,2025-04-21,2025-04-21,120947,"Total Nonfarm Employment",NA,NA,NA,NA,2025-04-04,"Monthly","%",2.35433503998645,"PAYEMS"
"696",1996-12-01,"PAYEMS",121143,2025-04-21,2025-04-21,121143,"Total Nonfarm Employment",NA,NA,NA,NA,2025-04-04,"Monthly","%",2.38157616733572,"PAYEMS"
"697",1997-01-01,"PAYEMS",121357,2025-04-21,2025-04-21,121357,"Total Nonfarm Employment",NA,NA,NA,NA,2025-04-04,"Monthly","%",2.56936872976834,"PAYEMS"
"698",1997-02-01,"PAYEMS",121674,2025-04-21,2025-04-21,121674,"Total Nonfarm Employment",NA,NA,NA,NA,2025-04-04,"Monthly","%",2.47353394476868,"PAYEMS"
"699",1997-03-01,"PAYEMS",121991,2025-04-21,2025-04-21,121991,"Total Nonfarm Employment",NA,NA,NA,NA,2025-04-04,"Monthly","%",2.52033750168079,"PAYEMS"
"700",1997-04-01,"PAYEMS",122288,2025-04-21,2025-04-21,122288,"Total Nonfarm Employment",NA,NA,NA,NA,2025-04-04,"Monthly","%",2.626764463989,"PAYEMS"
"701",1997-05-01,"PAYEMS",122560,2025-04-21,2025-04-21,122560,"Total Nonfarm Employment",NA,NA,NA,NA,2025-04-04,"Monthly","%",2.56410256410255,"PAYEMS"
"702",1997-06-01,"PAYEMS",122816,2025-04-21,2025-04-21,122816,"Total Nonfarm Employment",NA,NA,NA,NA,2025-04-04,"Monthly","%",2.5432078149787,"PAYEMS"
"703",1997-07-01,"PAYEMS",123114,2025-04-21,2025-04-21,123114,"Total Nonfarm Employment",NA,NA,NA,NA,2025-04-04,"Monthly","%",2.57875836325916,"PAYEMS"
"704",1997-08-01,"PAYEMS",123086,2025-04-21,2025-04-21,123086,"Total Nonfarm Employment",NA,NA,NA,NA,2025-04-04,"Monthly","%",2.40270220802343,"PAYEMS"
"705",1997-09-01,"PAYEMS",123575,2025-04-21,2025-04-21,123575,"Total Nonfarm Employment",NA,NA,NA,NA,2025-04-04,"Monthly","%",2.63704318936877,"PAYEMS"
"706",1997-10-01,"PAYEMS",123924,2025-04-21,2025-04-21,123924,"Total Nonfarm Employment",NA,NA,NA,NA,2025-04-04,"Monthly","%",2.70086603406123,"PAYEMS"
"707",1997-11-01,"PAYEMS",124226,2025-04-21,2025-04-21,124226,"Total Nonfarm Employment",NA,NA,NA,NA,2025-04-04,"Monthly","%",2.71110486411403,"PAYEMS"
"708",1997-12-01,"PAYEMS",124549,2025-04-21,2025-04-21,124549,"Total Nonfarm Employment",NA,NA,NA,NA,2025-04-04,"Monthly","%",2.81155328826264,"PAYEMS"
"709",1998-01-01,"PAYEMS",124806,2025-04-21,2025-04-21,124806,"Total Nonfarm Employment",NA,NA,NA,NA,2025-04-04,"Monthly","%",2.84202806595417,"PAYEMS"
"710",1998-02-01,"PAYEMS",125017,2025-04-21,2025-04-21,125017,"Total Nonfarm Employment",NA,NA,NA,NA,2025-04-04,"Monthly","%",2.74750562979766,"PAYEMS"
"711",1998-03-01,"PAYEMS",125165,2025-04-21,2025-04-21,125165,"Total Nonfarm Employment",NA,NA,NA,NA,2025-04-04,"Monthly","%",2.6018312826356,"PAYEMS"
"712",1998-04-01,"PAYEMS",125446,2025-04-21,2025-04-21,125446,"Total Nonfarm Employment",NA,NA,NA,NA,2025-04-04,"Monthly","%",2.58242836582494,"PAYEMS"
"713",1998-05-01,"PAYEMS",125846,2025-04-21,2025-04-21,125846,"Total Nonfarm Employment",NA,NA,NA,NA,2025-04-04,"Monthly","%",2.68113577023499,"PAYEMS"
"714",1998-06-01,"PAYEMS",126076,2025-04-21,2025-04-21,126076,"Total Nonfarm Employment",NA,NA,NA,NA,2025-04-04,"Monthly","%",2.65437727983324,"PAYEMS"
"715",1998-07-01,"PAYEMS",126211,2025-04-21,2025-04-21,126211,"Total Nonfarm Employment",NA,NA,NA,NA,2025-04-04,"Monthly","%",2.5155546891499,"PAYEMS"
"716",1998-08-01,"PAYEMS",126546,2025-04-21,2025-04-21,126546,"Total Nonfarm Employment",NA,NA,NA,NA,2025-04-04,"Monthly","%",2.81104268560193,"PAYEMS"
"717",1998-09-01,"PAYEMS",126744,2025-04-21,2025-04-21,126744,"Total Nonfarm Employment",NA,NA,NA,NA,2025-04-04,"Monthly","%",2.56443455391462,"PAYEMS"
"718",1998-10-01,"PAYEMS",126948,2025-04-21,2025-04-21,126948,"Total Nonfarm Employment",NA,NA,NA,NA,2025-04-04,"Monthly","%",2.44020528711146,"PAYEMS"
"719",1998-11-01,"PAYEMS",127223,2025-04-21,2025-04-21,127223,"Total Nonfarm Employment",NA,NA,NA,NA,2025-04-04,"Monthly","%",2.41253843800815,"PAYEMS"
"720",1998-12-01,"PAYEMS",127595,2025-04-21,2025-04-21,127595,"Total Nonfarm Employment",NA,NA,NA,NA,2025-04-04,"Monthly","%",2.44562381070903,"PAYEMS"
"721",1999-01-01,"PAYEMS",127699,2025-04-21,2025-04-21,127699,"Total Nonfarm Employment",NA,NA,NA,NA,2025-04-04,"Monthly","%",2.31799753216992,"PAYEMS"
"722",1999-02-01,"PAYEMS",128118,2025-04-21,2025-04-21,128118,"Total Nonfarm Employment",NA,NA,NA,NA,2025-04-04,"Monthly","%",2.48046265707864,"PAYEMS"
"723",1999-03-01,"PAYEMS",128234,2025-04-21,2025-04-21,128234,"Total Nonfarm Employment",NA,NA,NA,NA,2025-04-04,"Monthly","%",2.45196340830105,"PAYEMS"
"724",1999-04-01,"PAYEMS",128596,2025-04-21,2025-04-21,128596,"Total Nonfarm Employment",NA,NA,NA,NA,2025-04-04,"Monthly","%",2.51104060711382,"PAYEMS"
"725",1999-05-01,"PAYEMS",128813,2025-04-21,2025-04-21,128813,"Total Nonfarm Employment",NA,NA,NA,NA,2025-04-04,"Monthly","%",2.3576434690018,"PAYEMS"
"726",1999-06-01,"PAYEMS",129084,2025-04-21,2025-04-21,129084,"Total Nonfarm Employment",NA,NA,NA,NA,2025-04-04,"Monthly","%",2.38586249563755,"PAYEMS"
"727",1999-07-01,"PAYEMS",129421,2025-04-21,2025-04-21,129421,"Total Nonfarm Employment",NA,NA,NA,NA,2025-04-04,"Monthly","%",2.54335992900778,"PAYEMS"
"728",1999-08-01,"PAYEMS",129572,2025-04-21,2025-04-21,129572,"Total Nonfarm Employment",NA,NA,NA,NA,2025-04-04,"Monthly","%",2.39122532517819,"PAYEMS"
"729",1999-09-01,"PAYEMS",129772,2025-04-21,2025-04-21,129772,"Total Nonfarm Employment",NA,NA,NA,NA,2025-04-04,"Monthly","%",2.3890677270719,"PAYEMS"
"730",1999-10-01,"PAYEMS",130178,2025-04-21,2025-04-21,130178,"Total Nonfarm Employment",NA,NA,NA,NA,2025-04-04,"Monthly","%",2.54434886725274,"PAYEMS"
"731",1999-11-01,"PAYEMS",130467,2025-04-21,2025-04-21,130467,"Total Nonfarm Employment",NA,NA,NA,NA,2025-04-04,"Monthly","%",2.54985340700973,"PAYEMS"
"732",1999-12-01,"PAYEMS",130783,2025-04-21,2025-04-21,130783,"Total Nonfarm Employment",NA,NA,NA,NA,2025-04-04,"Monthly","%",2.4985305066813,"PAYEMS"
"733",2000-01-01,"PAYEMS",131011,2025-04-21,2025-04-21,131011,"Total Nonfarm Employment",NA,NA,NA,NA,2025-04-04,"Monthly","%",2.59359901017235,"PAYEMS"
"734",2000-02-01,"PAYEMS",131121,2025-04-21,2025-04-21,131121,"Total Nonfarm Employment",NA,NA,NA,NA,2025-04-04,"Monthly","%",2.34393293682387,"PAYEMS"
"735",2000-03-01,"PAYEMS",131604,2025-04-21,2025-04-21,131604,"Total Nonfarm Employment",NA,NA,NA,NA,2025-04-04,"Monthly","%",2.62800817255955,"PAYEMS"
"736",2000-04-01,"PAYEMS",131883,2025-04-21,2025-04-21,131883,"Total Nonfarm Employment",NA,NA,NA,NA,2025-04-04,"Monthly","%",2.55606706273912,"PAYEMS"
"737",2000-05-01,"PAYEMS",132105,2025-04-21,2025-04-21,132105,"Total Nonfarm Employment",NA,NA,NA,NA,2025-04-04,"Monthly","%",2.55564267581687,"PAYEMS"
"738",2000-06-01,"PAYEMS",132062,2025-04-21,2025-04-21,132062,"Total Nonfarm Employment",NA,NA,NA,NA,2025-04-04,"Monthly","%",2.3070248830219,"PAYEMS"
"739",2000-07-01,"PAYEMS",132228,2025-04-21,2025-04-21,132228,"Total Nonfarm Employment",NA,NA,NA,NA,2025-04-04,"Monthly","%",2.16889067462003,"PAYEMS"
"740",2000-08-01,"PAYEMS",132234,2025-04-21,2025-04-21,132234,"Total Nonfarm Employment",NA,NA,NA,NA,2025-04-04,"Monthly","%",2.05445620967493,"PAYEMS"
"741",2000-09-01,"PAYEMS",132338,2025-04-21,2025-04-21,132338,"Total Nonfarm Employment",NA,NA,NA,NA,2025-04-04,"Monthly","%",1.97731405850261,"PAYEMS"
"742",2000-10-01,"PAYEMS",132352,2025-04-21,2025-04-21,132352,"Total Nonfarm Employment",NA,NA,NA,NA,2025-04-04,"Monthly","%",1.67002104810337,"PAYEMS"
"743",2000-11-01,"PAYEMS",132556,2025-04-21,2025-04-21,132556,"Total Nonfarm Employment",NA,NA,NA,NA,2025-04-04,"Monthly","%",1.60117117738585,"PAYEMS"
"744",2000-12-01,"PAYEMS",132716,2025-04-21,2025-04-21,132716,"Total Nonfarm Employment",NA,NA,NA,NA,2025-04-04,"Monthly","%",1.47802084368764,"PAYEMS"
"745",2001-01-01,"PAYEMS",132703,2025-04-21,2025-04-21,132703,"Total Nonfarm Employment",NA,NA,NA,NA,2025-04-04,"Monthly","%",1.29149460732305,"PAYEMS"
"746",2001-02-01,"PAYEMS",132788,2025-04-21,2025-04-21,132788,"Total Nonfarm Employment",NA,NA,NA,NA,2025-04-04,"Monthly","%",1.27134478840156,"PAYEMS"
"747",2001-03-01,"PAYEMS",132751,2025-04-21,2025-04-21,132751,"Total Nonfarm Employment",NA,NA,NA,NA,2025-04-04,"Monthly","%",0.871554056107726,"PAYEMS"
"748",2001-04-01,"PAYEMS",132457,2025-04-21,2025-04-21,132457,"Total Nonfarm Employment",NA,NA,NA,NA,2025-04-04,"Monthly","%",0.435234260670447,"PAYEMS"
"749",2001-05-01,"PAYEMS",132409,2025-04-21,2025-04-21,132409,"Total Nonfarm Employment",NA,NA,NA,NA,2025-04-04,"Monthly","%",0.230119980318677,"PAYEMS"
"750",2001-06-01,"PAYEMS",132299,2025-04-21,2025-04-21,132299,"Total Nonfarm Employment",NA,NA,NA,NA,2025-04-04,"Monthly","%",0.179461162181394,"PAYEMS"
"751",2001-07-01,"PAYEMS",132171,2025-04-21,2025-04-21,132171,"Total Nonfarm Employment",NA,NA,NA,NA,2025-04-04,"Monthly","%",-0.043107360014516,"PAYEMS"
"752",2001-08-01,"PAYEMS",132021,2025-04-21,2025-04-21,132021,"Total Nonfarm Employment",NA,NA,NA,NA,2025-04-04,"Monthly","%",-0.161078088842503,"PAYEMS"
"753",2001-09-01,"PAYEMS",131763,2025-04-21,2025-04-21,131763,"Total Nonfarm Employment",NA,NA,NA,NA,2025-04-04,"Monthly","%",-0.434493493932209,"PAYEMS"
"754",2001-10-01,"PAYEMS",131452,2025-04-21,2025-04-21,131452,"Total Nonfarm Employment",NA,NA,NA,NA,2025-04-04,"Monthly","%",-0.680004835589942,"PAYEMS"
"755",2001-11-01,"PAYEMS",131144,2025-04-21,2025-04-21,131144,"Total Nonfarm Employment",NA,NA,NA,NA,2025-04-04,"Monthly","%",-1.06521017532213,"PAYEMS"
"756",2001-12-01,"PAYEMS",130983,2025-04-21,2025-04-21,130983,"Total Nonfarm Employment",NA,NA,NA,NA,2025-04-04,"Monthly","%",-1.30579583471473,"PAYEMS"
"757",2002-01-01,"PAYEMS",130859,2025-04-21,2025-04-21,130859,"Total Nonfarm Employment",NA,NA,NA,NA,2025-04-04,"Monthly","%",-1.38956918833787,"PAYEMS"
"758",2002-02-01,"PAYEMS",130736,2025-04-21,2025-04-21,130736,"Total Nonfarm Employment",NA,NA,NA,NA,2025-04-04,"Monthly","%",-1.54532036027352,"PAYEMS"
"759",2002-03-01,"PAYEMS",130722,2025-04-21,2025-04-21,130722,"Total Nonfarm Employment",NA,NA,NA,NA,2025-04-04,"Monthly","%",-1.52842539792544,"PAYEMS"
"760",2002-04-01,"PAYEMS",130615,2025-04-21,2025-04-21,130615,"Total Nonfarm Employment",NA,NA,NA,NA,2025-04-04,"Monthly","%",-1.39063998127694,"PAYEMS"
"761",2002-05-01,"PAYEMS",130632,2025-04-21,2025-04-21,130632,"Total Nonfarm Employment",NA,NA,NA,NA,2025-04-04,"Monthly","%",-1.34205378788451,"PAYEMS"
"762",2002-06-01,"PAYEMS",130673,2025-04-21,2025-04-21,130673,"Total Nonfarm Employment",NA,NA,NA,NA,2025-04-04,"Monthly","%",-1.22903423306299,"PAYEMS"
"763",2002-07-01,"PAYEMS",130583,2025-04-21,2025-04-21,130583,"Total Nonfarm Employment",NA,NA,NA,NA,2025-04-04,"Monthly","%",-1.20147384827232,"PAYEMS"
"764",2002-08-01,"PAYEMS",130582,2025-04-21,2025-04-21,130582,"Total Nonfarm Employment",NA,NA,NA,NA,2025-04-04,"Monthly","%",-1.08997810954318,"PAYEMS"
"765",2002-09-01,"PAYEMS",130503,2025-04-21,2025-04-21,130503,"Total Nonfarm Employment",NA,NA,NA,NA,2025-04-04,"Monthly","%",-0.956262380182604,"PAYEMS"
"766",2002-10-01,"PAYEMS",130617,2025-04-21,2025-04-21,130617,"Total Nonfarm Employment",NA,NA,NA,NA,2025-04-04,"Monthly","%",-0.635212853360922,"PAYEMS"
"767",2002-11-01,"PAYEMS",130616,2025-04-21,2025-04-21,130616,"Total Nonfarm Employment",NA,NA,NA,NA,2025-04-04,"Monthly","%",-0.402610870493503,"PAYEMS"
"768",2002-12-01,"PAYEMS",130465,2025-04-21,2025-04-21,130465,"Total Nonfarm Employment",NA,NA,NA,NA,2025-04-04,"Monthly","%",-0.395471168014172,"PAYEMS"
"769",2003-01-01,"PAYEMS",130573,2025-04-21,2025-04-21,130573,"Total Nonfarm Employment",NA,NA,NA,NA,2025-04-04,"Monthly","%",-0.218555850189894,"PAYEMS"
"770",2003-02-01,"PAYEMS",130441,2025-04-21,2025-04-21,130441,"Total Nonfarm Employment",NA,NA,NA,NA,2025-04-04,"Monthly","%",-0.225645575816913,"PAYEMS"
"771",2003-03-01,"PAYEMS",130235,2025-04-21,2025-04-21,130235,"Total Nonfarm Employment",NA,NA,NA,NA,2025-04-04,"Monthly","%",-0.372546319670752,"PAYEMS"
"772",2003-04-01,"PAYEMS",130172,2025-04-21,2025-04-21,130172,"Total Nonfarm Employment",NA,NA,NA,NA,2025-04-04,"Monthly","%",-0.339164720744167,"PAYEMS"
"773",2003-05-01,"PAYEMS",130196,2025-04-21,2025-04-21,130196,"Total Nonfarm Employment",NA,NA,NA,NA,2025-04-04,"Monthly","%",-0.333762018494699,"PAYEMS"
"774",2003-06-01,"PAYEMS",130185,2025-04-21,2025-04-21,130185,"Total Nonfarm Employment",NA,NA,NA,NA,2025-04-04,"Monthly","%",-0.373451286799875,"PAYEMS"
"775",2003-07-01,"PAYEMS",130184,2025-04-21,2025-04-21,130184,"Total Nonfarm Employment",NA,NA,NA,NA,2025-04-04,"Monthly","%",-0.305552790179431,"PAYEMS"
"776",2003-08-01,"PAYEMS",130153,2025-04-21,2025-04-21,130153,"Total Nonfarm Employment",NA,NA,NA,NA,2025-04-04,"Monthly","%",-0.328529200042882,"PAYEMS"
"777",2003-09-01,"PAYEMS",130253,2025-04-21,2025-04-21,130253,"Total Nonfarm Employment",NA,NA,NA,NA,2025-04-04,"Monthly","%",-0.191566477398986,"PAYEMS"
"778",2003-10-01,"PAYEMS",130440,2025-04-21,2025-04-21,130440,"Total Nonfarm Employment",NA,NA,NA,NA,2025-04-04,"Monthly","%",-0.135510691563889,"PAYEMS"
"779",2003-11-01,"PAYEMS",130481,2025-04-21,2025-04-21,130481,"Total Nonfarm Employment",NA,NA,NA,NA,2025-04-04,"Monthly","%",-0.103356403503396,"PAYEMS"
"780",2003-12-01,"PAYEMS",130589,2025-04-21,2025-04-21,130589,"Total Nonfarm Employment",NA,NA,NA,NA,2025-04-04,"Monthly","%",0.0950446479898837,"PAYEMS"
"781",2004-01-01,"PAYEMS",130756,2025-04-21,2025-04-21,130756,"Total Nonfarm Employment",NA,NA,NA,NA,2025-04-04,"Monthly","%",0.14015148614186,"PAYEMS"
"782",2004-02-01,"PAYEMS",130820,2025-04-21,2025-04-21,130820,"Total Nonfarm Employment",NA,NA,NA,NA,2025-04-04,"Monthly","%",0.290552816982381,"PAYEMS"
"783",2004-03-01,"PAYEMS",131139,2025-04-21,2025-04-21,131139,"Total Nonfarm Employment",NA,NA,NA,NA,2025-04-04,"Monthly","%",0.694129842208313,"PAYEMS"
"784",2004-04-01,"PAYEMS",131412,2025-04-21,2025-04-21,131412,"Total Nonfarm Employment",NA,NA,NA,NA,2025-04-04,"Monthly","%",0.952585809544293,"PAYEMS"
"785",2004-05-01,"PAYEMS",131697,2025-04-21,2025-04-21,131697,"Total Nonfarm Employment",NA,NA,NA,NA,2025-04-04,"Monthly","%",1.15287720052843,"PAYEMS"
"786",2004-06-01,"PAYEMS",131794,2025-04-21,2025-04-21,131794,"Total Nonfarm Employment",NA,NA,NA,NA,2025-04-04,"Monthly","%",1.23593347927948,"PAYEMS"
"787",2004-07-01,"PAYEMS",131853,2025-04-21,2025-04-21,131853,"Total Nonfarm Employment",NA,NA,NA,NA,2025-04-04,"Monthly","%",1.28203158606279,"PAYEMS"
"788",2004-08-01,"PAYEMS",131940,2025-04-21,2025-04-21,131940,"Total Nonfarm Employment",NA,NA,NA,NA,2025-04-04,"Monthly","%",1.37299946985472,"PAYEMS"
"789",2004-09-01,"PAYEMS",132091,2025-04-21,2025-04-21,132091,"Total Nonfarm Employment",NA,NA,NA,NA,2025-04-04,"Monthly","%",1.41109993627786,"PAYEMS"
"790",2004-10-01,"PAYEMS",132431,2025-04-21,2025-04-21,132431,"Total Nonfarm Employment",NA,NA,NA,NA,2025-04-04,"Monthly","%",1.52637227844219,"PAYEMS"
"791",2004-11-01,"PAYEMS",132504,2025-04-21,2025-04-21,132504,"Total Nonfarm Employment",NA,NA,NA,NA,2025-04-04,"Monthly","%",1.55041730213594,"PAYEMS"
"792",2004-12-01,"PAYEMS",132629,2025-04-21,2025-04-21,132629,"Total Nonfarm Employment",NA,NA,NA,NA,2025-04-04,"Monthly","%",1.56215301441929,"PAYEMS"
"793",2005-01-01,"PAYEMS",132781,2025-04-21,2025-04-21,132781,"Total Nonfarm Employment",NA,NA,NA,NA,2025-04-04,"Monthly","%",1.54868610235859,"PAYEMS"
"794",2005-02-01,"PAYEMS",133033,2025-04-21,2025-04-21,133033,"Total Nonfarm Employment",NA,NA,NA,NA,2025-04-04,"Monthly","%",1.69163736431739,"PAYEMS"
"795",2005-03-01,"PAYEMS",133152,2025-04-21,2025-04-21,133152,"Total Nonfarm Employment",NA,NA,NA,NA,2025-04-04,"Monthly","%",1.53501246768697,"PAYEMS"
"796",2005-04-01,"PAYEMS",133519,2025-04-21,2025-04-21,133519,"Total Nonfarm Employment",NA,NA,NA,NA,2025-04-04,"Monthly","%",1.60335433598149,"PAYEMS"
"797",2005-05-01,"PAYEMS",133689,2025-04-21,2025-04-21,133689,"Total Nonfarm Employment",NA,NA,NA,NA,2025-04-04,"Monthly","%",1.51256292854052,"PAYEMS"
"798",2005-06-01,"PAYEMS",133947,2025-04-21,2025-04-21,133947,"Total Nonfarm Employment",NA,NA,NA,NA,2025-04-04,"Monthly","%",1.6336100277706,"PAYEMS"
"799",2005-07-01,"PAYEMS",134300,2025-04-21,2025-04-21,134300,"Total Nonfarm Employment",NA,NA,NA,NA,2025-04-04,"Monthly","%",1.85585462598501,"PAYEMS"
"800",2005-08-01,"PAYEMS",134503,2025-04-21,2025-04-21,134503,"Total Nonfarm Employment",NA,NA,NA,NA,2025-04-04,"Monthly","%",1.94254964377747,"PAYEMS"
"801",2005-09-01,"PAYEMS",134554,2025-04-21,2025-04-21,134554,"Total Nonfarm Employment",NA,NA,NA,NA,2025-04-04,"Monthly","%",1.86462363067885,"PAYEMS"
"802",2005-10-01,"PAYEMS",134643,2025-04-21,2025-04-21,134643,"Total Nonfarm Employment",NA,NA,NA,NA,2025-04-04,"Monthly","%",1.67030378083681,"PAYEMS"
"803",2005-11-01,"PAYEMS",134999,2025-04-21,2025-04-21,134999,"Total Nonfarm Employment",NA,NA,NA,NA,2025-04-04,"Monthly","%",1.88296202378797,"PAYEMS"
"804",2005-12-01,"PAYEMS",135158,2025-04-21,2025-04-21,135158,"Total Nonfarm Employment",NA,NA,NA,NA,2025-04-04,"Monthly","%",1.90682279139556,"PAYEMS"
"805",2006-01-01,"PAYEMS",135426,2025-04-21,2025-04-21,135426,"Total Nonfarm Employment",NA,NA,NA,NA,2025-04-04,"Monthly","%",1.99200186773709,"PAYEMS"
"806",2006-02-01,"PAYEMS",135731,2025-04-21,2025-04-21,135731,"Total Nonfarm Employment",NA,NA,NA,NA,2025-04-04,"Monthly","%",2.02806822367383,"PAYEMS"
"807",2006-03-01,"PAYEMS",136036,2025-04-21,2025-04-21,136036,"Total Nonfarm Employment",NA,NA,NA,NA,2025-04-04,"Monthly","%",2.16594568613313,"PAYEMS"
"808",2006-04-01,"PAYEMS",136208,2025-04-21,2025-04-21,136208,"Total Nonfarm Employment",NA,NA,NA,NA,2025-04-04,"Monthly","%",2.01394558077876,"PAYEMS"
"809",2006-05-01,"PAYEMS",136249,2025-04-21,2025-04-21,136249,"Total Nonfarm Employment",NA,NA,NA,NA,2025-04-04,"Monthly","%",1.91489202552193,"PAYEMS"
"810",2006-06-01,"PAYEMS",136335,2025-04-21,2025-04-21,136335,"Total Nonfarm Employment",NA,NA,NA,NA,2025-04-04,"Monthly","%",1.78279468745102,"PAYEMS"
"811",2006-07-01,"PAYEMS",136529,2025-04-21,2025-04-21,136529,"Total Nonfarm Employment",NA,NA,NA,NA,2025-04-04,"Monthly","%",1.65971705137751,"PAYEMS"
"812",2006-08-01,"PAYEMS",136693,2025-04-21,2025-04-21,136693,"Total Nonfarm Employment",NA,NA,NA,NA,2025-04-04,"Monthly","%",1.62821647100808,"PAYEMS"
"813",2006-09-01,"PAYEMS",136829,2025-04-21,2025-04-21,136829,"Total Nonfarm Employment",NA,NA,NA,NA,2025-04-04,"Monthly","%",1.69077099157215,"PAYEMS"
"814",2006-10-01,"PAYEMS",136846,2025-04-21,2025-04-21,136846,"Total Nonfarm Employment",NA,NA,NA,NA,2025-04-04,"Monthly","%",1.63617863535424,"PAYEMS"
"815",2006-11-01,"PAYEMS",137061,2025-04-21,2025-04-21,137061,"Total Nonfarm Employment",NA,NA,NA,NA,2025-04-04,"Monthly","%",1.52741872162017,"PAYEMS"
"816",2006-12-01,"PAYEMS",137249,2025-04-21,2025-04-21,137249,"Total Nonfarm Employment",NA,NA,NA,NA,2025-04-04,"Monthly","%",1.54707823436275,"PAYEMS"
"817",2007-01-01,"PAYEMS",137472,2025-04-21,2025-04-21,137472,"Total Nonfarm Employment",NA,NA,NA,NA,2025-04-04,"Monthly","%",1.51078817952239,"PAYEMS"
"818",2007-02-01,"PAYEMS",137558,2025-04-21,2025-04-21,137558,"Total Nonfarm Employment",NA,NA,NA,NA,2025-04-04,"Monthly","%",1.34604475027813,"PAYEMS"
"819",2007-03-01,"PAYEMS",137782,2025-04-21,2025-04-21,137782,"Total Nonfarm Employment",NA,NA,NA,NA,2025-04-04,"Monthly","%",1.28348378370431,"PAYEMS"
"820",2007-04-01,"PAYEMS",137845,2025-04-21,2025-04-21,137845,"Total Nonfarm Employment",NA,NA,NA,NA,2025-04-04,"Monthly","%",1.20183836485375,"PAYEMS"
"821",2007-05-01,"PAYEMS",137993,2025-04-21,2025-04-21,137993,"Total Nonfarm Employment",NA,NA,NA,NA,2025-04-04,"Monthly","%",1.28000939456436,"PAYEMS"
"822",2007-06-01,"PAYEMS",138069,2025-04-21,2025-04-21,138069,"Total Nonfarm Employment",NA,NA,NA,NA,2025-04-04,"Monthly","%",1.27186709208933,"PAYEMS"
"823",2007-07-01,"PAYEMS",138044,2025-04-21,2025-04-21,138044,"Total Nonfarm Employment",NA,NA,NA,NA,2025-04-04,"Monthly","%",1.10965435914714,"PAYEMS"
"824",2007-08-01,"PAYEMS",138013,2025-04-21,2025-04-21,138013,"Total Nonfarm Employment",NA,NA,NA,NA,2025-04-04,"Monthly","%",0.965667590878838,"PAYEMS"
"825",2007-09-01,"PAYEMS",138101,2025-04-21,2025-04-21,138101,"Total Nonfarm Employment",NA,NA,NA,NA,2025-04-04,"Monthly","%",0.929627491248208,"PAYEMS"
"826",2007-10-01,"PAYEMS",138177,2025-04-21,2025-04-21,138177,"Total Nonfarm Employment",NA,NA,NA,NA,2025-04-04,"Monthly","%",0.972626163716872,"PAYEMS"
"827",2007-11-01,"PAYEMS",138291,2025-04-21,2025-04-21,138291,"Total Nonfarm Employment",NA,NA,NA,NA,2025-04-04,"Monthly","%",0.897410641976926,"PAYEMS"
"828",2007-12-01,"PAYEMS",138395,2025-04-21,2025-04-21,138395,"Total Nonfarm Employment",NA,NA,NA,NA,2025-04-04,"Monthly","%",0.834978761229599,"PAYEMS"
"829",2008-01-01,"PAYEMS",138391,2025-04-21,2025-04-21,138391,"Total Nonfarm Employment",NA,NA,NA,NA,2025-04-04,"Monthly","%",0.668499767225317,"PAYEMS"
"830",2008-02-01,"PAYEMS",138327,2025-04-21,2025-04-21,138327,"Total Nonfarm Employment",NA,NA,NA,NA,2025-04-04,"Monthly","%",0.559036915337541,"PAYEMS"
"831",2008-03-01,"PAYEMS",138257,2025-04-21,2025-04-21,138257,"Total Nonfarm Employment",NA,NA,NA,NA,2025-04-04,"Monthly","%",0.344747499673392,"PAYEMS"
"832",2008-04-01,"PAYEMS",138038,2025-04-21,2025-04-21,138038,"Total Nonfarm Employment",NA,NA,NA,NA,2025-04-04,"Monthly","%",0.140012332692518,"PAYEMS"
"833",2008-05-01,"PAYEMS",137851,2025-04-21,2025-04-21,137851,"Total Nonfarm Employment",NA,NA,NA,NA,2025-04-04,"Monthly","%",-0.102903770481111,"PAYEMS"
"834",2008-06-01,"PAYEMS",137698,2025-04-21,2025-04-21,137698,"Total Nonfarm Employment",NA,NA,NA,NA,2025-04-04,"Monthly","%",-0.268706226596849,"PAYEMS"
"835",2008-07-01,"PAYEMS",137498,2025-04-21,2025-04-21,137498,"Total Nonfarm Employment",NA,NA,NA,NA,2025-04-04,"Monthly","%",-0.395526064153462,"PAYEMS"
"836",2008-08-01,"PAYEMS",137211,2025-04-21,2025-04-21,137211,"Total Nonfarm Employment",NA,NA,NA,NA,2025-04-04,"Monthly","%",-0.581104678544775,"PAYEMS"
"837",2008-09-01,"PAYEMS",136762,2025-04-21,2025-04-21,136762,"Total Nonfarm Employment",NA,NA,NA,NA,2025-04-04,"Monthly","%",-0.969580234755718,"PAYEMS"
"838",2008-10-01,"PAYEMS",136293,2025-04-21,2025-04-21,136293,"Total Nonfarm Employment",NA,NA,NA,NA,2025-04-04,"Monthly","%",-1.36346859462863,"PAYEMS"
"839",2008-11-01,"PAYEMS",135543,2025-04-21,2025-04-21,135543,"Total Nonfarm Employment",NA,NA,NA,NA,2025-04-04,"Monthly","%",-1.9871141289021,"PAYEMS"
"840",2008-12-01,"PAYEMS",134847,2025-04-21,2025-04-21,134847,"Total Nonfarm Employment",NA,NA,NA,NA,2025-04-04,"Monthly","%",-2.56367643339716,"PAYEMS"
"841",2009-01-01,"PAYEMS",134078,2025-04-21,2025-04-21,134078,"Total Nonfarm Employment",NA,NA,NA,NA,2025-04-04,"Monthly","%",-3.11653214443136,"PAYEMS"
"842",2009-02-01,"PAYEMS",133317,2025-04-21,2025-04-21,133317,"Total Nonfarm Employment",NA,NA,NA,NA,2025-04-04,"Monthly","%",-3.62185256674402,"PAYEMS"
"843",2009-03-01,"PAYEMS",132492,2025-04-21,2025-04-21,132492,"Total Nonfarm Employment",NA,NA,NA,NA,2025-04-04,"Monthly","%",-4.16977078918247,"PAYEMS"
"844",2009-04-01,"PAYEMS",131821,2025-04-21,2025-04-21,131821,"Total Nonfarm Employment",NA,NA,NA,NA,2025-04-04,"Monthly","%",-4.50383227806835,"PAYEMS"
"845",2009-05-01,"PAYEMS",131468,2025-04-21,2025-04-21,131468,"Total Nonfarm Employment",NA,NA,NA,NA,2025-04-04,"Monthly","%",-4.63036176741555,"PAYEMS"
"846",2009-06-01,"PAYEMS",131007,2025-04-21,2025-04-21,131007,"Total Nonfarm Employment",NA,NA,NA,NA,2025-04-04,"Monthly","%",-4.8591845923688,"PAYEMS"
"847",2009-07-01,"PAYEMS",130662,2025-04-21,2025-04-21,130662,"Total Nonfarm Employment",NA,NA,NA,NA,2025-04-04,"Monthly","%",-4.97170867939898,"PAYEMS"
"848",2009-08-01,"PAYEMS",130472,2025-04-21,2025-04-21,130472,"Total Nonfarm Employment",NA,NA,NA,NA,2025-04-04,"Monthly","%",-4.91141380793085,"PAYEMS"
"849",2009-09-01,"PAYEMS",130247,2025-04-21,2025-04-21,130247,"Total Nonfarm Employment",NA,NA,NA,NA,2025-04-04,"Monthly","%",-4.76375016451939,"PAYEMS"
"850",2009-10-01,"PAYEMS",130062,2025-04-21,2025-04-21,130062,"Total Nonfarm Employment",NA,NA,NA,NA,2025-04-04,"Monthly","%",-4.57176817591512,"PAYEMS"
"851",2009-11-01,"PAYEMS",130058,2025-04-21,2025-04-21,130058,"Total Nonfarm Employment",NA,NA,NA,NA,2025-04-04,"Monthly","%",-4.04668629143519,"PAYEMS"
"852",2009-12-01,"PAYEMS",129808,2025-04-21,2025-04-21,129808,"Total Nonfarm Employment",NA,NA,NA,NA,2025-04-04,"Monthly","%",-3.73682766394506,"PAYEMS"
"853",2010-01-01,"PAYEMS",129802,2025-04-21,2025-04-21,129802,"Total Nonfarm Employment",NA,NA,NA,NA,2025-04-04,"Monthly","%",-3.1891883828816,"PAYEMS"
"854",2010-02-01,"PAYEMS",129705,2025-04-21,2025-04-21,129705,"Total Nonfarm Employment",NA,NA,NA,NA,2025-04-04,"Monthly","%",-2.70933189315691,"PAYEMS"
"855",2010-03-01,"PAYEMS",129865,2025-04-21,2025-04-21,129865,"Total Nonfarm Employment",NA,NA,NA,NA,2025-04-04,"Monthly","%",-1.98276122331914,"PAYEMS"
"856",2010-04-01,"PAYEMS",130120,2025-04-21,2025-04-21,130120,"Total Nonfarm Employment",NA,NA,NA,NA,2025-04-04,"Monthly","%",-1.2903862055363,"PAYEMS"
"857",2010-05-01,"PAYEMS",130643,2025-04-21,2025-04-21,130643,"Total Nonfarm Employment",NA,NA,NA,NA,2025-04-04,"Monthly","%",-0.627529132564575,"PAYEMS"
"858",2010-06-01,"PAYEMS",130509,2025-04-21,2025-04-21,130509,"Total Nonfarm Employment",NA,NA,NA,NA,2025-04-04,"Monthly","%",-0.38013235933958,"PAYEMS"
"859",2010-07-01,"PAYEMS",130415,2025-04-21,2025-04-21,130415,"Total Nonfarm Employment",NA,NA,NA,NA,2025-04-04,"Monthly","%",-0.189037363579314,"PAYEMS"
"860",2010-08-01,"PAYEMS",130416,2025-04-21,2025-04-21,130416,"Total Nonfarm Employment",NA,NA,NA,NA,2025-04-04,"Monthly","%",-0.0429210865166452,"PAYEMS"
"861",2010-09-01,"PAYEMS",130342,2025-04-21,2025-04-21,130342,"Total Nonfarm Employment",NA,NA,NA,NA,2025-04-04,"Monthly","%",0.0729383402304773,"PAYEMS"
"862",2010-10-01,"PAYEMS",130621,2025-04-21,2025-04-21,130621,"Total Nonfarm Employment",NA,NA,NA,NA,2025-04-04,"Monthly","%",0.429795020836221,"PAYEMS"
"863",2010-11-01,"PAYEMS",130749,2025-04-21,2025-04-21,130749,"Total Nonfarm Employment",NA,NA,NA,NA,2025-04-04,"Monthly","%",0.531301419366748,"PAYEMS"
"864",2010-12-01,"PAYEMS",130830,2025-04-21,2025-04-21,130830,"Total Nonfarm Employment",NA,NA,NA,NA,2025-04-04,"Monthly","%",0.787316652286463,"PAYEMS"
"865",2011-01-01,"PAYEMS",130837,2025-04-21,2025-04-21,130837,"Total Nonfarm Employment",NA,NA,NA,NA,2025-04-04,"Monthly","%",0.797368299409862,"PAYEMS"
"866",2011-02-01,"PAYEMS",131056,2025-04-21,2025-04-21,131056,"Total Nonfarm Employment",NA,NA,NA,NA,2025-04-04,"Monthly","%",1.04159438726341,"PAYEMS"
"867",2011-03-01,"PAYEMS",131282,2025-04-21,2025-04-21,131282,"Total Nonfarm Employment",NA,NA,NA,NA,2025-04-04,"Monthly","%",1.09113309975744,"PAYEMS"
"868",2011-04-01,"PAYEMS",131597,2025-04-21,2025-04-21,131597,"Total Nonfarm Employment",NA,NA,NA,NA,2025-04-04,"Monthly","%",1.13510605594835,"PAYEMS"
"869",2011-05-01,"PAYEMS",131704,2025-04-21,2025-04-21,131704,"Total Nonfarm Employment",NA,NA,NA,NA,2025-04-04,"Monthly","%",0.812136892141169,"PAYEMS"
"870",2011-06-01,"PAYEMS",131931,2025-04-21,2025-04-21,131931,"Total Nonfarm Employment",NA,NA,NA,NA,2025-04-04,"Monthly","%",1.08958002896351,"PAYEMS"
"871",2011-07-01,"PAYEMS",131993,2025-04-21,2025-04-21,131993,"Total Nonfarm Employment",NA,NA,NA,NA,2025-04-04,"Monthly","%",1.20998351416632,"PAYEMS"
"872",2011-08-01,"PAYEMS",132125,2025-04-21,2025-04-21,132125,"Total Nonfarm Employment",NA,NA,NA,NA,2025-04-04,"Monthly","%",1.31042203410625,"PAYEMS"
"873",2011-09-01,"PAYEMS",132344,2025-04-21,2025-04-21,132344,"Total Nonfarm Employment",NA,NA,NA,NA,2025-04-04,"Monthly","%",1.53595924567675,"PAYEMS"
"874",2011-10-01,"PAYEMS",132553,2025-04-21,2025-04-21,132553,"Total Nonfarm Employment",NA,NA,NA,NA,2025-04-04,"Monthly","%",1.4790883548587,"PAYEMS"
"875",2011-11-01,"PAYEMS",132690,2025-04-21,2025-04-21,132690,"Total Nonfarm Employment",NA,NA,NA,NA,2025-04-04,"Monthly","%",1.48452378220867,"PAYEMS"
"876",2011-12-01,"PAYEMS",132888,2025-04-21,2025-04-21,132888,"Total Nonfarm Employment",NA,NA,NA,NA,2025-04-04,"Monthly","%",1.57303370786517,"PAYEMS"
"877",2012-01-01,"PAYEMS",133245,2025-04-21,2025-04-21,133245,"Total Nonfarm Employment",NA,NA,NA,NA,2025-04-04,"Monthly","%",1.8404579744262,"PAYEMS"
"878",2012-02-01,"PAYEMS",133508,2025-04-21,2025-04-21,133508,"Total Nonfarm Employment",NA,NA,NA,NA,2025-04-04,"Monthly","%",1.87095592723721,"PAYEMS"
"879",2012-03-01,"PAYEMS",133748,2025-04-21,2025-04-21,133748,"Total Nonfarm Employment",NA,NA,NA,NA,2025-04-04,"Monthly","%",1.87839917124968,"PAYEMS"
"880",2012-04-01,"PAYEMS",133825,2025-04-21,2025-04-21,133825,"Total Nonfarm Employment",NA,NA,NA,NA,2025-04-04,"Monthly","%",1.69304771385366,"PAYEMS"
"881",2012-05-01,"PAYEMS",133933,2025-04-21,2025-04-21,133933,"Total Nonfarm Employment",NA,NA,NA,NA,2025-04-04,"Monthly","%",1.69243151308995,"PAYEMS"
"882",2012-06-01,"PAYEMS",134012,2025-04-21,2025-04-21,134012,"Total Nonfarm Employment",NA,NA,NA,NA,2025-04-04,"Monthly","%",1.57733966997899,"PAYEMS"
"883",2012-07-01,"PAYEMS",134157,2025-04-21,2025-04-21,134157,"Total Nonfarm Employment",NA,NA,NA,NA,2025-04-04,"Monthly","%",1.63948088156189,"PAYEMS"
"884",2012-08-01,"PAYEMS",134338,2025-04-21,2025-04-21,134338,"Total Nonfarm Employment",NA,NA,NA,NA,2025-04-04,"Monthly","%",1.67492904446547,"PAYEMS"
"885",2012-09-01,"PAYEMS",134517,2025-04-21,2025-04-21,134517,"Total Nonfarm Employment",NA,NA,NA,NA,2025-04-04,"Monthly","%",1.64193314392795,"PAYEMS"
"886",2012-10-01,"PAYEMS",134668,2025-04-21,2025-04-21,134668,"Total Nonfarm Employment",NA,NA,NA,NA,2025-04-04,"Monthly","%",1.59558817982242,"PAYEMS"
"887",2012-11-01,"PAYEMS",134825,2025-04-21,2025-04-21,134825,"Total Nonfarm Employment",NA,NA,NA,NA,2025-04-04,"Monthly","%",1.60901349008968,"PAYEMS"
"888",2012-12-01,"PAYEMS",135074,2025-04-21,2025-04-21,135074,"Total Nonfarm Employment",NA,NA,NA,NA,2025-04-04,"Monthly","%",1.64499428089819,"PAYEMS"
"889",2013-01-01,"PAYEMS",135257,2025-04-21,2025-04-21,135257,"Total Nonfarm Employment",NA,NA,NA,NA,2025-04-04,"Monthly","%",1.5100003752486,"PAYEMS"
"890",2013-02-01,"PAYEMS",135545,2025-04-21,2025-04-21,135545,"Total Nonfarm Employment",NA,NA,NA,NA,2025-04-04,"Monthly","%",1.52575126584176,"PAYEMS"
"891",2013-03-01,"PAYEMS",135689,2025-04-21,2025-04-21,135689,"Total Nonfarm Employment",NA,NA,NA,NA,2025-04-04,"Monthly","%",1.45123665400604,"PAYEMS"
"892",2013-04-01,"PAYEMS",135873,2025-04-21,2025-04-21,135873,"Total Nonfarm Employment",NA,NA,NA,NA,2025-04-04,"Monthly","%",1.53035680926583,"PAYEMS"
"893",2013-05-01,"PAYEMS",136095,2025-04-21,2025-04-21,136095,"Total Nonfarm Employment",NA,NA,NA,NA,2025-04-04,"Monthly","%",1.61423995579879,"PAYEMS"
"894",2013-06-01,"PAYEMS",136279,2025-04-21,2025-04-21,136279,"Total Nonfarm Employment",NA,NA,NA,NA,2025-04-04,"Monthly","%",1.69163955466676,"PAYEMS"
"895",2013-07-01,"PAYEMS",136391,2025-04-21,2025-04-21,136391,"Total Nonfarm Employment",NA,NA,NA,NA,2025-04-04,"Monthly","%",1.66521314579187,"PAYEMS"
"896",2013-08-01,"PAYEMS",136646,2025-04-21,2025-04-21,136646,"Total Nonfarm Employment",NA,NA,NA,NA,2025-04-04,"Monthly","%",1.71805445964657,"PAYEMS"
"897",2013-09-01,"PAYEMS",136821,2025-04-21,2025-04-21,136821,"Total Nonfarm Employment",NA,NA,NA,NA,2025-04-04,"Monthly","%",1.71279466535827,"PAYEMS"
"898",2013-10-01,"PAYEMS",137041,2025-04-21,2025-04-21,137041,"Total Nonfarm Employment",NA,NA,NA,NA,2025-04-04,"Monthly","%",1.7621112662251,"PAYEMS"
"899",2013-11-01,"PAYEMS",137316,2025-04-21,2025-04-21,137316,"Total Nonfarm Employment",NA,NA,NA,NA,2025-04-04,"Monthly","%",1.84758019655109,"PAYEMS"
"900",2013-12-01,"PAYEMS",137373,2025-04-21,2025-04-21,137373,"Total Nonfarm Employment",NA,NA,NA,NA,2025-04-04,"Monthly","%",1.70202999837126,"PAYEMS"
"901",2014-01-01,"PAYEMS",137561,2025-04-21,2025-04-21,137561,"Total Nonfarm Employment",NA,NA,NA,NA,2025-04-04,"Monthly","%",1.70342385236992,"PAYEMS"
"902",2014-02-01,"PAYEMS",137712,2025-04-21,2025-04-21,137712,"Total Nonfarm Employment",NA,NA,NA,NA,2025-04-04,"Monthly","%",1.59873104872921,"PAYEMS"
"903",2014-03-01,"PAYEMS",137985,2025-04-21,2025-04-21,137985,"Total Nonfarm Employment",NA,NA,NA,NA,2025-04-04,"Monthly","%",1.69210473951462,"PAYEMS"
"904",2014-04-01,"PAYEMS",138297,2025-04-21,2025-04-21,138297,"Total Nonfarm Employment",NA,NA,NA,NA,2025-04-04,"Monthly","%",1.78401890000222,"PAYEMS"
"905",2014-05-01,"PAYEMS",138512,2025-04-21,2025-04-21,138512,"Total Nonfarm Employment",NA,NA,NA,NA,2025-04-04,"Monthly","%",1.77596531834381,"PAYEMS"
"906",2014-06-01,"PAYEMS",138849,2025-04-21,2025-04-21,138849,"Total Nonfarm Employment",NA,NA,NA,NA,2025-04-04,"Monthly","%",1.88583714292003,"PAYEMS"
"907",2014-07-01,"PAYEMS",139073,2025-04-21,2025-04-21,139073,"Total Nonfarm Employment",NA,NA,NA,NA,2025-04-04,"Monthly","%",1.96640540798148,"PAYEMS"
"908",2014-08-01,"PAYEMS",139269,2025-04-21,2025-04-21,139269,"Total Nonfarm Employment",NA,NA,NA,NA,2025-04-04,"Monthly","%",1.91955856739312,"PAYEMS"
"909",2014-09-01,"PAYEMS",139563,2025-04-21,2025-04-21,139563,"Total Nonfarm Employment",NA,NA,NA,NA,2025-04-04,"Monthly","%",2.00407832131033,"PAYEMS"
"910",2014-10-01,"PAYEMS",139797,2025-04-21,2025-04-21,139797,"Total Nonfarm Employment",NA,NA,NA,NA,2025-04-04,"Monthly","%",2.0110769769631,"PAYEMS"
"911",2014-11-01,"PAYEMS",140090,2025-04-21,2025-04-21,140090,"Total Nonfarm Employment",NA,NA,NA,NA,2025-04-04,"Monthly","%",2.02015788400478,"PAYEMS"
"912",2014-12-01,"PAYEMS",140364,2025-04-21,2025-04-21,140364,"Total Nonfarm Employment",NA,NA,NA,NA,2025-04-04,"Monthly","%",2.17728374571422,"PAYEMS"
"913",2015-01-01,"PAYEMS",140568,2025-04-21,2025-04-21,140568,"Total Nonfarm Employment",NA,NA,NA,NA,2025-04-04,"Monthly","%",2.18593932873417,"PAYEMS"
"914",2015-02-01,"PAYEMS",140827,2025-04-21,2025-04-21,140827,"Total Nonfarm Employment",NA,NA,NA,NA,2025-04-04,"Monthly","%",2.26196700360173,"PAYEMS"
"915",2015-03-01,"PAYEMS",140923,2025-04-21,2025-04-21,140923,"Total Nonfarm Employment",NA,NA,NA,NA,2025-04-04,"Monthly","%",2.12921694387072,"PAYEMS"
"916",2015-04-01,"PAYEMS",141196,2025-04-21,2025-04-21,141196,"Total Nonfarm Employment",NA,NA,NA,NA,2025-04-04,"Monthly","%",2.09621322226801,"PAYEMS"
"917",2015-05-01,"PAYEMS",141538,2025-04-21,2025-04-21,141538,"Total Nonfarm Employment",NA,NA,NA,NA,2025-04-04,"Monthly","%",2.18464826152247,"PAYEMS"
"918",2015-06-01,"PAYEMS",141709,2025-04-21,2025-04-21,141709,"Total Nonfarm Employment",NA,NA,NA,NA,2025-04-04,"Monthly","%",2.05979157213951,"PAYEMS"
"919",2015-07-01,"PAYEMS",141991,2025-04-21,2025-04-21,141991,"Total Nonfarm Employment",NA,NA,NA,NA,2025-04-04,"Monthly","%",2.09817865437576,"PAYEMS"
"920",2015-08-01,"PAYEMS",142125,2025-04-21,2025-04-21,142125,"Total Nonfarm Employment",NA,NA,NA,NA,2025-04-04,"Monthly","%",2.05070762337634,"PAYEMS"
"921",2015-09-01,"PAYEMS",142275,2025-04-21,2025-04-21,142275,"Total Nonfarm Employment",NA,NA,NA,NA,2025-04-04,"Monthly","%",1.94320844349865,"PAYEMS"
"922",2015-10-01,"PAYEMS",142579,2025-04-21,2025-04-21,142579,"Total Nonfarm Employment",NA,NA,NA,NA,2025-04-04,"Monthly","%",1.99002839832043,"PAYEMS"
"923",2015-11-01,"PAYEMS",142808,2025-04-21,2025-04-21,142808,"Total Nonfarm Employment",NA,NA,NA,NA,2025-04-04,"Monthly","%",1.9401813120137,"PAYEMS"
"924",2015-12-01,"PAYEMS",143077,2025-04-21,2025-04-21,143077,"Total Nonfarm Employment",NA,NA,NA,NA,2025-04-04,"Monthly","%",1.93283178022854,"PAYEMS"
"925",2016-01-01,"PAYEMS",143210,2025-04-21,2025-04-21,143210,"Total Nonfarm Employment",NA,NA,NA,NA,2025-04-04,"Monthly","%",1.87951738660292,"PAYEMS"
"926",2016-02-01,"PAYEMS",143407,2025-04-21,2025-04-21,143407,"Total Nonfarm Employment",NA,NA,NA,NA,2025-04-04,"Monthly","%",1.83203505009693,"PAYEMS"
"927",2016-03-01,"PAYEMS",143662,2025-04-21,2025-04-21,143662,"Total Nonfarm Employment",NA,NA,NA,NA,2025-04-04,"Monthly","%",1.94361459804291,"PAYEMS"
"928",2016-04-01,"PAYEMS",143855,2025-04-21,2025-04-21,143855,"Total Nonfarm Employment",NA,NA,NA,NA,2025-04-04,"Monthly","%",1.88319782430098,"PAYEMS"
"929",2016-05-01,"PAYEMS",143900,2025-04-21,2025-04-21,143900,"Total Nonfarm Employment",NA,NA,NA,NA,2025-04-04,"Monthly","%",1.66880978959714,"PAYEMS"
"930",2016-06-01,"PAYEMS",144146,2025-04-21,2025-04-21,144146,"Total Nonfarm Employment",NA,NA,NA,NA,2025-04-04,"Monthly","%",1.71972140089902,"PAYEMS"
"931",2016-07-01,"PAYEMS",144520,2025-04-21,2025-04-21,144520,"Total Nonfarm Employment",NA,NA,NA,NA,2025-04-04,"Monthly","%",1.78109880203674,"PAYEMS"
"932",2016-08-01,"PAYEMS",144662,2025-04-21,2025-04-21,144662,"Total Nonfarm Employment",NA,NA,NA,NA,2025-04-04,"Monthly","%",1.78504837291118,"PAYEMS"
"933",2016-09-01,"PAYEMS",144967,2025-04-21,2025-04-21,144967,"Total Nonfarm Employment",NA,NA,NA,NA,2025-04-04,"Monthly","%",1.89211034967494,"PAYEMS"
"934",2016-10-01,"PAYEMS",145066,2025-04-21,2025-04-21,145066,"Total Nonfarm Employment",NA,NA,NA,NA,2025-04-04,"Monthly","%",1.74429614459353,"PAYEMS"
"935",2016-11-01,"PAYEMS",145183,2025-04-21,2025-04-21,145183,"Total Nonfarm Employment",NA,NA,NA,NA,2025-04-04,"Monthly","%",1.6630720968013,"PAYEMS"
"936",2016-12-01,"PAYEMS",145408,2025-04-21,2025-04-21,145408,"Total Nonfarm Employment",NA,NA,NA,NA,2025-04-04,"Monthly","%",1.62919267247705,"PAYEMS"
"937",2017-01-01,"PAYEMS",145628,2025-04-21,2025-04-21,145628,"Total Nonfarm Employment",NA,NA,NA,NA,2025-04-04,"Monthly","%",1.68842957894002,"PAYEMS"
"938",2017-02-01,"PAYEMS",145848,2025-04-21,2025-04-21,145848,"Total Nonfarm Employment",NA,NA,NA,NA,2025-04-04,"Monthly","%",1.70214843069028,"PAYEMS"
"939",2017-03-01,"PAYEMS",145969,2025-04-21,2025-04-21,145969,"Total Nonfarm Employment",NA,NA,NA,NA,2025-04-04,"Monthly","%",1.60585262630342,"PAYEMS"
"940",2017-04-01,"PAYEMS",146174,2025-04-21,2025-04-21,146174,"Total Nonfarm Employment",NA,NA,NA,NA,2025-04-04,"Monthly","%",1.61203990128949,"PAYEMS"
"941",2017-05-01,"PAYEMS",146380,2025-04-21,2025-04-21,146380,"Total Nonfarm Employment",NA,NA,NA,NA,2025-04-04,"Monthly","%",1.72341904100068,"PAYEMS"
"942",2017-06-01,"PAYEMS",146583,2025-04-21,2025-04-21,146583,"Total Nonfarm Employment",NA,NA,NA,NA,2025-04-04,"Monthly","%",1.6906469829201,"PAYEMS"
"943",2017-07-01,"PAYEMS",146772,2025-04-21,2025-04-21,146772,"Total Nonfarm Employment",NA,NA,NA,NA,2025-04-04,"Monthly","%",1.55826183227235,"PAYEMS"
"944",2017-08-01,"PAYEMS",146919,2025-04-21,2025-04-21,146919,"Total Nonfarm Employment",NA,NA,NA,NA,2025-04-04,"Monthly","%",1.56018857751172,"PAYEMS"
"945",2017-09-01,"PAYEMS",147007,2025-04-21,2025-04-21,147007,"Total Nonfarm Employment",NA,NA,NA,NA,2025-04-04,"Monthly","%",1.40721681486131,"PAYEMS"
"946",2017-10-01,"PAYEMS",147150,2025-04-21,2025-04-21,147150,"Total Nonfarm Employment",NA,NA,NA,NA,2025-04-04,"Monthly","%",1.43658748431748,"PAYEMS"
"947",2017-11-01,"PAYEMS",147373,2025-04-21,2025-04-21,147373,"Total Nonfarm Employment",NA,NA,NA,NA,2025-04-04,"Monthly","%",1.50844107092427,"PAYEMS"
"948",2017-12-01,"PAYEMS",147523,2025-04-21,2025-04-21,147523,"Total Nonfarm Employment",NA,NA,NA,NA,2025-04-04,"Monthly","%",1.45452794894365,"PAYEMS"
"949",2018-01-01,"PAYEMS",147660,2025-04-21,2025-04-21,147660,"Total Nonfarm Employment",NA,NA,NA,NA,2025-04-04,"Monthly","%",1.39533606174638,"PAYEMS"
"950",2018-02-01,"PAYEMS",148054,2025-04-21,2025-04-21,148054,"Total Nonfarm Employment",NA,NA,NA,NA,2025-04-04,"Monthly","%",1.51253359662114,"PAYEMS"
"951",2018-03-01,"PAYEMS",148280,2025-04-21,2025-04-21,148280,"Total Nonfarm Employment",NA,NA,NA,NA,2025-04-04,"Monthly","%",1.58321287396639,"PAYEMS"
"952",2018-04-01,"PAYEMS",148422,2025-04-21,2025-04-21,148422,"Total Nonfarm Employment",NA,NA,NA,NA,2025-04-04,"Monthly","%",1.53789319578037,"PAYEMS"
"953",2018-05-01,"PAYEMS",148740,2025-04-21,2025-04-21,148740,"Total Nonfarm Employment",NA,NA,NA,NA,2025-04-04,"Monthly","%",1.61224210957782,"PAYEMS"
"954",2018-06-01,"PAYEMS",148959,2025-04-21,2025-04-21,148959,"Total Nonfarm Employment",NA,NA,NA,NA,2025-04-04,"Monthly","%",1.62092466384234,"PAYEMS"
"955",2018-07-01,"PAYEMS",149020,2025-04-21,2025-04-21,149020,"Total Nonfarm Employment",NA,NA,NA,NA,2025-04-04,"Monthly","%",1.53162728585834,"PAYEMS"
"956",2018-08-01,"PAYEMS",149279,2025-04-21,2025-04-21,149279,"Total Nonfarm Employment",NA,NA,NA,NA,2025-04-04,"Monthly","%",1.60632729599304,"PAYEMS"
"957",2018-09-01,"PAYEMS",149358,2025-04-21,2025-04-21,149358,"Total Nonfarm Employment",NA,NA,NA,NA,2025-04-04,"Monthly","%",1.59924357343528,"PAYEMS"
"958",2018-10-01,"PAYEMS",149526,2025-04-21,2025-04-21,149526,"Total Nonfarm Employment",NA,NA,NA,NA,2025-04-04,"Monthly","%",1.61467889908258,"PAYEMS"
"959",2018-11-01,"PAYEMS",149617,2025-04-21,2025-04-21,149617,"Total Nonfarm Employment",NA,NA,NA,NA,2025-04-04,"Monthly","%",1.52266697427617,"PAYEMS"
"960",2018-12-01,"PAYEMS",149809,2025-04-21,2025-04-21,149809,"Total Nonfarm Employment",NA,NA,NA,NA,2025-04-04,"Monthly","%",1.54958887766654,"PAYEMS"
"961",2019-01-01,"PAYEMS",150059,2025-04-21,2025-04-21,150059,"Total Nonfarm Employment",NA,NA,NA,NA,2025-04-04,"Monthly","%",1.62467831504809,"PAYEMS"
"962",2019-02-01,"PAYEMS",150065,2025-04-21,2025-04-21,150065,"Total Nonfarm Employment",NA,NA,NA,NA,2025-04-04,"Monthly","%",1.35828819214612,"PAYEMS"
"963",2019-03-01,"PAYEMS",150295,2025-04-21,2025-04-21,150295,"Total Nonfarm Employment",NA,NA,NA,NA,2025-04-04,"Monthly","%",1.35891556514702,"PAYEMS"
"964",2019-04-01,"PAYEMS",150593,2025-04-21,2025-04-21,150593,"Total Nonfarm Employment",NA,NA,NA,NA,2025-04-04,"Monthly","%",1.46272115993586,"PAYEMS"
"965",2019-05-01,"PAYEMS",150621,2025-04-21,2025-04-21,150621,"Total Nonfarm Employment",NA,NA,NA,NA,2025-04-04,"Monthly","%",1.26462283178701,"PAYEMS"
"966",2019-06-01,"PAYEMS",150839,2025-04-21,2025-04-21,150839,"Total Nonfarm Employment",NA,NA,NA,NA,2025-04-04,"Monthly","%",1.26209225357312,"PAYEMS"
"967",2019-07-01,"PAYEMS",150936,2025-04-21,2025-04-21,150936,"Total Nonfarm Employment",NA,NA,NA,NA,2025-04-04,"Monthly","%",1.28573345859617,"PAYEMS"
"968",2019-08-01,"PAYEMS",151171,2025-04-21,2025-04-21,151171,"Total Nonfarm Employment",NA,NA,NA,NA,2025-04-04,"Monthly","%",1.26742542487557,"PAYEMS"
"969",2019-09-01,"PAYEMS",151365,2025-04-21,2025-04-21,151365,"Total Nonfarm Employment",NA,NA,NA,NA,2025-04-04,"Monthly","%",1.343751255373,"PAYEMS"
"970",2019-10-01,"PAYEMS",151460,2025-04-21,2025-04-21,151460,"Total Nonfarm Employment",NA,NA,NA,NA,2025-04-04,"Monthly","%",1.29342054224684,"PAYEMS"
"971",2019-11-01,"PAYEMS",151668,2025-04-21,2025-04-21,151668,"Total Nonfarm Employment",NA,NA,NA,NA,2025-04-04,"Monthly","%",1.37083352827554,"PAYEMS"
"972",2019-12-01,"PAYEMS",151795,2025-04-21,2025-04-21,151795,"Total Nonfarm Employment",NA,NA,NA,NA,2025-04-04,"Monthly","%",1.32568804277446,"PAYEMS"
"973",2020-01-01,"PAYEMS",152031,2025-04-21,2025-04-21,152031,"Total Nonfarm Employment",NA,NA,NA,NA,2025-04-04,"Monthly","%",1.31414976775801,"PAYEMS"
"974",2020-02-01,"PAYEMS",152292,2025-04-21,2025-04-21,152292,"Total Nonfarm Employment",NA,NA,NA,NA,2025-04-04,"Monthly","%",1.48402358977777,"PAYEMS"
"975",2020-03-01,"PAYEMS",150895,2025-04-21,2025-04-21,150895,"Total Nonfarm Employment",NA,NA,NA,NA,2025-04-04,"Monthly","%",0.399214877407772,"PAYEMS"
"976",2020-04-01,"PAYEMS",130424,2025-04-21,2025-04-21,130424,"Total Nonfarm Employment",NA,NA,NA,NA,2025-04-04,"Monthly","%",-13.3930527979388,"PAYEMS"
"977",2020-05-01,"PAYEMS",133040,2025-04-21,2025-04-21,133040,"Total Nonfarm Employment",NA,NA,NA,NA,2025-04-04,"Monthly","%",-11.6723431659596,"PAYEMS"
"978",2020-06-01,"PAYEMS",137671,2025-04-21,2025-04-21,137671,"Total Nonfarm Employment",NA,NA,NA,NA,2025-04-04,"Monthly","%",-8.72983777405048,"PAYEMS"
"979",2020-07-01,"PAYEMS",139255,2025-04-21,2025-04-21,139255,"Total Nonfarm Employment",NA,NA,NA,NA,2025-04-04,"Monthly","%",-7.73904171304394,"PAYEMS"
"980",2020-08-01,"PAYEMS",140819,2025-04-21,2025-04-21,140819,"Total Nonfarm Employment",NA,NA,NA,NA,2025-04-04,"Monthly","%",-6.8478742615978,"PAYEMS"
"981",2020-09-01,"PAYEMS",141770,2025-04-21,2025-04-21,141770,"Total Nonfarm Employment",NA,NA,NA,NA,2025-04-04,"Monthly","%",-6.33898193109371,"PAYEMS"
"982",2020-10-01,"PAYEMS",142461,2025-04-21,2025-04-21,142461,"Total Nonfarm Employment",NA,NA,NA,NA,2025-04-04,"Monthly","%",-5.94150270698535,"PAYEMS"
"983",2020-11-01,"PAYEMS",142731,2025-04-21,2025-04-21,142731,"Total Nonfarm Employment",NA,NA,NA,NA,2025-04-04,"Monthly","%",-5.89247567054355,"PAYEMS"
"984",2020-12-01,"PAYEMS",142548,2025-04-21,2025-04-21,142548,"Total Nonfarm Employment",NA,NA,NA,NA,2025-04-04,"Monthly","%",-6.0917685035739,"PAYEMS"
"985",2021-01-01,"PAYEMS",142913,2025-04-21,2025-04-21,142913,"Total Nonfarm Employment",NA,NA,NA,NA,2025-04-04,"Monthly","%",-5.99746104412916,"PAYEMS"
"986",2021-02-01,"PAYEMS",143422,2025-04-21,2025-04-21,143422,"Total Nonfarm Employment",NA,NA,NA,NA,2025-04-04,"Monthly","%",-5.82433745699051,"PAYEMS"
"987",2021-03-01,"PAYEMS",144246,2025-04-21,2025-04-21,144246,"Total Nonfarm Employment",NA,NA,NA,NA,2025-04-04,"Monthly","%",-4.40637529407867,"PAYEMS"
"988",2021-04-01,"PAYEMS",144611,2025-04-21,2025-04-21,144611,"Total Nonfarm Employment",NA,NA,NA,NA,2025-04-04,"Monthly","%",10.8775992148684,"PAYEMS"
"989",2021-05-01,"PAYEMS",145032,2025-04-21,2025-04-21,145032,"Total Nonfarm Employment",NA,NA,NA,NA,2025-04-04,"Monthly","%",9.01383042693926,"PAYEMS"
"990",2021-06-01,"PAYEMS",145828,2025-04-21,2025-04-21,145828,"Total Nonfarm Employment",NA,NA,NA,NA,2025-04-04,"Monthly","%",5.92499509700664,"PAYEMS"
"991",2021-07-01,"PAYEMS",146759,2025-04-21,2025-04-21,146759,"Total Nonfarm Employment",NA,NA,NA,NA,2025-04-04,"Monthly","%",5.38867545150983,"PAYEMS"
"992",2021-08-01,"PAYEMS",147246,2025-04-21,2025-04-21,147246,"Total Nonfarm Employment",NA,NA,NA,NA,2025-04-04,"Monthly","%",4.56401479913933,"PAYEMS"
"993",2021-09-01,"PAYEMS",147712,2025-04-21,2025-04-21,147712,"Total Nonfarm Employment",NA,NA,NA,NA,2025-04-04,"Monthly","%",4.19129576073922,"PAYEMS"
"994",2021-10-01,"PAYEMS",148569,2025-04-21,2025-04-21,148569,"Total Nonfarm Employment",NA,NA,NA,NA,2025-04-04,"Monthly","%",4.2874892075726,"PAYEMS"
"995",2021-11-01,"PAYEMS",149206,2025-04-21,2025-04-21,149206,"Total Nonfarm Employment",NA,NA,NA,NA,2025-04-04,"Monthly","%",4.53650573456361,"PAYEMS"
"996",2021-12-01,"PAYEMS",149781,2025-04-21,2025-04-21,149781,"Total Nonfarm Employment",NA,NA,NA,NA,2025-04-04,"Monthly","%",5.0740803097904,"PAYEMS"
"997",2022-01-01,"PAYEMS",150006,2025-04-21,2025-04-21,150006,"Total Nonfarm Employment",NA,NA,NA,NA,2025-04-04,"Monthly","%",4.96315940467278,"PAYEMS"
"998",2022-02-01,"PAYEMS",150875,2025-04-21,2025-04-21,150875,"Total Nonfarm Employment",NA,NA,NA,NA,2025-04-04,"Monthly","%",5.19655283010974,"PAYEMS"
"999",2022-03-01,"PAYEMS",151346,2025-04-21,2025-04-21,151346,"Total Nonfarm Employment",NA,NA,NA,NA,2025-04-04,"Monthly","%",4.92214688795529,"PAYEMS"
"1000",2022-04-01,"PAYEMS",151651,2025-04-21,2025-04-21,151651,"Total Nonfarm Employment",NA,NA,NA,NA,2025-04-04,"Monthly","%",4.86823270705548,"PAYEMS"
"1001",2022-05-01,"PAYEMS",151892,2025-04-21,2025-04-21,151892,"Total Nonfarm Employment",NA,NA,NA,NA,2025-04-04,"Monthly","%",4.72999062275912,"PAYEMS"
"1002",2022-06-01,"PAYEMS",152353,2025-04-21,2025-04-21,152353,"Total Nonfarm Employment",NA,NA,NA,NA,2025-04-04,"Monthly","%",4.47444935129055,"PAYEMS"
"1003",2022-07-01,"PAYEMS",153049,2025-04-21,2025-04-21,153049,"Total Nonfarm Employment",NA,NA,NA,NA,2025-04-04,"Monthly","%",4.28593817074252,"PAYEMS"
"1004",2022-08-01,"PAYEMS",153286,2025-04-21,2025-04-21,153286,"Total Nonfarm Employment",NA,NA,NA,NA,2025-04-04,"Monthly","%",4.10197900112736,"PAYEMS"
"1005",2022-09-01,"PAYEMS",153513,2025-04-21,2025-04-21,153513,"Total Nonfarm Employment",NA,NA,NA,NA,2025-04-04,"Monthly","%",3.92723678509532,"PAYEMS"
"1006",2022-10-01,"PAYEMS",153913,2025-04-21,2025-04-21,153913,"Total Nonfarm Employment",NA,NA,NA,NA,2025-04-04,"Monthly","%",3.59698187374218,"PAYEMS"
"1007",2022-11-01,"PAYEMS",154210,2025-04-21,2025-04-21,154210,"Total Nonfarm Employment",NA,NA,NA,NA,2025-04-04,"Monthly","%",3.35375253005912,"PAYEMS"
"1008",2022-12-01,"PAYEMS",154336,2025-04-21,2025-04-21,154336,"Total Nonfarm Employment",NA,NA,NA,NA,2025-04-04,"Monthly","%",3.04110668242301,"PAYEMS"
"1009",2023-01-01,"PAYEMS",154780,2025-04-21,2025-04-21,154780,"Total Nonfarm Employment",NA,NA,NA,NA,2025-04-04,"Monthly","%",3.18253936509205,"PAYEMS"
"1010",2023-02-01,"PAYEMS",155086,2025-04-21,2025-04-21,155086,"Total Nonfarm Employment",NA,NA,NA,NA,2025-04-04,"Monthly","%",2.79105219552609,"PAYEMS"
"1011",2023-03-01,"PAYEMS",155171,2025-04-21,2025-04-21,155171,"Total Nonfarm Employment",NA,NA,NA,NA,2025-04-04,"Monthly","%",2.52732150172452,"PAYEMS"
"1012",2023-04-01,"PAYEMS",155387,2025-04-21,2025-04-21,155387,"Total Nonfarm Employment",NA,NA,NA,NA,2025-04-04,"Monthly","%",2.463551180012,"PAYEMS"
"1013",2023-05-01,"PAYEMS",155614,2025-04-21,2025-04-21,155614,"Total Nonfarm Employment",NA,NA,NA,NA,2025-04-04,"Monthly","%",2.4504253021884,"PAYEMS"
"1014",2023-06-01,"PAYEMS",155871,2025-04-21,2025-04-21,155871,"Total Nonfarm Employment",NA,NA,NA,NA,2025-04-04,"Monthly","%",2.30911107756329,"PAYEMS"
"1015",2023-07-01,"PAYEMS",156019,2025-04-21,2025-04-21,156019,"Total Nonfarm Employment",NA,NA,NA,NA,2025-04-04,"Monthly","%",1.94055498565819,"PAYEMS"
"1016",2023-08-01,"PAYEMS",156176,2025-04-21,2025-04-21,156176,"Total Nonfarm Employment",NA,NA,NA,NA,2025-04-04,"Monthly","%",1.88536461255431,"PAYEMS"
"1017",2023-09-01,"PAYEMS",156334,2025-04-21,2025-04-21,156334,"Total Nonfarm Employment",NA,NA,NA,NA,2025-04-04,"Monthly","%",1.83762938643632,"PAYEMS"
"1018",2023-10-01,"PAYEMS",156520,2025-04-21,2025-04-21,156520,"Total Nonfarm Employment",NA,NA,NA,NA,2025-04-04,"Monthly","%",1.69381403780058,"PAYEMS"
"1019",2023-11-01,"PAYEMS",156661,2025-04-21,2025-04-21,156661,"Total Nonfarm Employment",NA,NA,NA,NA,2025-04-04,"Monthly","%",1.58939109007199,"PAYEMS"
"1020",2023-12-01,"PAYEMS",156930,2025-04-21,2025-04-21,156930,"Total Nonfarm Employment",NA,NA,NA,NA,2025-04-04,"Monthly","%",1.68074849678623,"PAYEMS"
"1021",2024-01-01,"PAYEMS",157049,2025-04-21,2025-04-21,157049,"Total Nonfarm Employment",NA,NA,NA,NA,2025-04-04,"Monthly","%",1.4659516733428,"PAYEMS"
"1022",2024-02-01,"PAYEMS",157271,2025-04-21,2025-04-21,157271,"Total Nonfarm Employment",NA,NA,NA,NA,2025-04-04,"Monthly","%",1.40889570947733,"PAYEMS"
"1023",2024-03-01,"PAYEMS",157517,2025-04-21,2025-04-21,157517,"Total Nonfarm Employment",NA,NA,NA,NA,2025-04-04,"Monthly","%",1.51188044157735,"PAYEMS"
"1024",2024-04-01,"PAYEMS",157635,2025-04-21,2025-04-21,157635,"Total Nonfarm Employment",NA,NA,NA,NA,2025-04-04,"Monthly","%",1.44671047127494,"PAYEMS"
"1025",2024-05-01,"PAYEMS",157828,2025-04-21,2025-04-21,157828,"Total Nonfarm Employment",NA,NA,NA,NA,2025-04-04,"Monthly","%",1.42275116634749,"PAYEMS"
"1026",2024-06-01,"PAYEMS",157915,2025-04-21,2025-04-21,157915,"Total Nonfarm Employment",NA,NA,NA,NA,2025-04-04,"Monthly","%",1.31134078821589,"PAYEMS"
"1027",2024-07-01,"PAYEMS",158003,2025-04-21,2025-04-21,158003,"Total Nonfarm Employment",NA,NA,NA,NA,2025-04-04,"Monthly","%",1.27163999256501,"PAYEMS"
"1028",2024-08-01,"PAYEMS",158074,2025-04-21,2025-04-21,158074,"Total Nonfarm Employment",NA,NA,NA,NA,2025-04-04,"Monthly","%",1.2152955639791,"PAYEMS"
"1029",2024-09-01,"PAYEMS",158314,2025-04-21,2025-04-21,158314,"Total Nonfarm Employment",NA,NA,NA,NA,2025-04-04,"Monthly","%",1.26651911932145,"PAYEMS"
"1030",2024-10-01,"PAYEMS",158358,2025-04-21,2025-04-21,158358,"Total Nonfarm Employment",NA,NA,NA,NA,2025-04-04,"Monthly","%",1.17429082545362,"PAYEMS"
"1031",2024-11-01,"PAYEMS",158619,2025-04-21,2025-04-21,158619,"Total Nonfarm Employment",NA,NA,NA,NA,2025-04-04,"Monthly","%",1.24983244074786,"PAYEMS"
"1032",2024-12-01,"PAYEMS",158942,2025-04-21,2025-04-21,158942,"Total Nonfarm Employment",NA,NA,NA,NA,2025-04-04,"Monthly","%",1.28210029949658,"PAYEMS"
"1033",2025-01-01,"PAYEMS",159053,2025-04-21,2025-04-21,159053,"Total Nonfarm Employment",NA,NA,NA,NA,2025-04-04,"Monthly","%",1.27603486809849,"PAYEMS"
"1034",2025-02-01,"PAYEMS",159170,2025-04-21,2025-04-21,159170,"Total Nonfarm Employment",NA,NA,NA,NA,2025-04-04,"Monthly","%",1.20746990862906,"PAYEMS"
"1035",2025-03-01,"PAYEMS",159398,2025-04-21,2025-04-21,159398,"Total Nonfarm Employment",NA,NA,NA,NA,2025-04-04,"Monthly","%",1.1941568211685,"PAYEMS"
